duration,orig_bytes,resp_bytes,proto,conn_state,label,label_enc,label_clean,rf_pred
1.27e-11,0.0,0.0,1,4,Malicious,1,Malicious,1
3.8e-05,0.0,0.0,1,4,Malicious,1,Malicious,1
1.65e-07,2.75e-08,1.43e-07,2,8,Benign,0,Benign,0
6.38e-09,0.0,0.0,1,4,Malicious,1,Malicious,1
2.21e-08,2.75e-08,1.43e-07,2,8,Benign,0,Benign,0
6.34e-11,0.0,0.0,1,4,Malicious,1,Malicious,1
1.45e-06,2.75e-08,1.43e-07,2,8,Benign,0,Benign,0
1.29e-05,2.98e-08,3.68e-07,1,3,Benign,0,Benign,0
3.79e-05,0.0,0.0,1,4,Malicious,1,Malicious,1
3.21e-09,0.0,0.0,1,4,Malicious,1,Malicious,1
1.27e-11,0.0,0.0,1,4,Malicious,1,Malicious,1
1.28e-06,3.66e-07,0.0,2,4,Benign,0,Benign,0
1.27e-11,0.0,0.0,1,4,Malicious,1,Malicious,1
3.81e-11,0.0,0.0,1,4,Malicious,1,Malicious,1
1.27e-11,0.0,0.0,1,4,Malicious,1,Malicious,1
3.8e-05,0.0,0.0,1,4,Malicious,1,Malicious,1
3.95e-05,0.0,0.0,1,4,Malicious,1,Malicious,1
3.98e-05,0.0,0.0,1,4,Malicious,1,Malicious,1
3.99e-05,0.0,0.0,1,4,Benign,0,Benign,1
5.07e-11,0.0,0.0,1,4,Malicious,1,Malicious,1
0.000125968,1.65e-07,8.56e-07,2,8,Benign,0,Benign,0
3.8e-05,0.0,0.0,1,4,Malicious,1,Malicious,1
3.95e-05,0.0,0.0,1,4,Malicious,1,Malicious,1
1.27e-11,0.0,0.0,1,4,Malicious,1,Malicious,1
1.27e-11,0.0,0.0,1,4,Malicious,1,Malicious,1
2.2e-08,2.75e-08,1.43e-07,2,8,Benign,0,Benign,0
3.81e-11,0.0,0.0,1,4,Malicious,1,Malicious,1
1.08e-07,2.58e-08,1.34e-07,2,8,Benign,0,Benign,0
1.27e-11,0.0,0.0,1,4,Malicious,1,Malicious,1
3.82e-05,3.44e-08,0.0,2,4,Benign,0,Benign,0
3.16e-08,2.75e-08,1.43e-07,2,8,Benign,0,Benign,0
7.4e-05,3.38e-07,5.35e-06,1,8,Malicious,1,Malicious,1
5.07e-11,0.0,0.0,1,4,Malicious,1,Malicious,1
6.32e-09,1.66e-08,1.34e-07,2,8,Benign,0,Benign,0
1.27e-11,0.0,0.0,1,4,Malicious,1,Malicious,1
3.94e-05,0.0,0.0,1,4,Malicious,1,Malicious,1
1.27e-11,0.0,0.0,1,4,Malicious,1,Malicious,1
1.27e-11,0.0,0.0,1,4,Malicious,1,Malicious,1
3.22e-06,0.0,0.0,1,8,Benign,0,Benign,0
1.27e-11,0.0,0.0,1,4,Malicious,1,Malicious,1
3.8e-05,0.0,0.0,1,4,Malicious,1,Malicious,1
6.29e-09,1.66e-08,1.34e-07,2,8,Benign,0,Benign,0
6.24e-07,2.58e-08,1.34e-07,2,8,Benign,0,Benign,0
3.99e-05,0.0,0.0,1,4,Malicious,1,Malicious,1
1.27e-11,0.0,0.0,1,4,Malicious,1,Malicious,1
0.0,0.0,0.0,1,4,Malicious,1,Malicious,1
1.27e-11,0.0,0.0,1,4,Malicious,1,Malicious,1
3.23e-09,0.0,0.0,1,4,Malicious,1,Malicious,1
3.23e-09,0.0,0.0,1,4,Malicious,1,Malicious,1
1.27e-11,0.0,0.0,1,4,Malicious,1,Malicious,1
3.93e-05,0.0,0.0,1,4,Malicious,1,Malicious,1
4.01e-05,0.0,0.0,1,4,Malicious,1,Malicious,1
3.48e-08,2.75e-08,1.43e-07,2,8,Benign,0,Benign,0
3.23e-09,0.0,0.0,1,4,Malicious,1,Malicious,1
3.18e-06,0.0,0.0,1,1,Benign,0,Benign,0
1.27e-11,0.0,0.0,1,4,Malicious,1,Malicious,1
1.27e-11,0.0,0.0,1,4,Malicious,1,Malicious,1
1.27e-11,0.0,0.0,1,4,Malicious,1,Malicious,1
1.27e-11,0.0,0.0,1,4,Malicious,1,Malicious,1
3.96e-05,0.0,0.0,1,4,Malicious,1,Malicious,1
4.03e-05,9.06e-08,0.00040275,1,8,Malicious,1,Malicious,1
1.27e-11,0.0,0.0,1,4,Malicious,1,Malicious,1
1.27e-11,0.0,0.0,1,4,Malicious,1,Malicious,1
3.79e-05,0.0,0.0,1,4,Malicious,1,Malicious,1
3.8e-05,0.0,0.0,1,4,Malicious,1,Malicious,1
3.8e-05,0.0,0.0,1,4,Malicious,1,Malicious,1
1.27e-11,0.0,0.0,1,4,Malicious,1,Malicious,1
0.0,0.0,0.0,1,4,Malicious,1,Malicious,1
1.27e-11,0.0,0.0,1,4,Malicious,1,Malicious,1
3.8e-05,0.0,0.0,1,4,Malicious,1,Malicious,1
5.07e-11,0.0,0.0,1,4,Malicious,1,Malicious,1
5.07e-11,0.0,0.0,1,4,Malicious,1,Malicious,1
1.27e-11,0.0,0.0,1,4,Malicious,1,Malicious,1
5.07e-11,0.0,0.0,1,4,Malicious,1,Malicious,1
4.01e-05,0.0,0.0,1,4,Benign,0,Benign,1
1.27e-11,0.0,0.0,1,4,Malicious,1,Malicious,1
6.32e-09,1.66e-08,1.34e-07,2,8,Benign,0,Benign,0
3.97e-05,0.0,0.0,1,4,Malicious,1,Malicious,1
3.8e-05,0.0,0.0,1,4,Malicious,1,Malicious,1
1.27e-11,0.0,0.0,1,4,Malicious,1,Malicious,1
6.34e-11,0.0,0.0,1,4,Malicious,1,Malicious,1
3.8e-05,0.0,0.0,1,4,Malicious,1,Malicious,1
3.8e-05,0.0,0.0,1,4,Malicious,1,Malicious,1
1.27e-11,0.0,0.0,1,4,Malicious,1,Malicious,1
9.49e-09,1.66e-08,1.34e-07,2,8,Benign,0,Benign,0
1.27e-11,0.0,0.0,1,4,Malicious,1,Malicious,1
3.95e-05,0.0,0.0,1,4,Benign,0,Benign,1
3.21e-09,0.0,0.0,1,4,Malicious,1,Malicious,1
3.95e-05,0.0,0.0,1,4,Benign,0,Benign,1
3.8e-05,0.0,0.0,1,4,Malicious,1,Malicious,1
1.27e-11,0.0,0.0,1,4,Malicious,1,Malicious,1
3.8e-05,0.0,0.0,1,4,Malicious,1,Malicious,1
1.27e-11,0.0,0.0,1,4,Malicious,1,Malicious,1
3.13e-09,0.0,0.0,1,4,Malicious,1,Malicious,1
4.01e-05,0.0,0.0,1,4,Benign,0,Benign,1
3.8e-05,0.0,0.0,1,4,Malicious,1,Malicious,1
3.95e-05,0.0,0.0,1,4,Benign,0,Benign,1
6.34e-11,0.0,0.0,1,4,Malicious,1,Malicious,1
3.94e-05,0.0,0.0,1,4,Malicious,1,Malicious,1
1.01e-10,0.0,0.0,1,4,Malicious,1,Malicious,1
1.27e-11,0.0,0.0,1,4,Malicious,1,Malicious,1
5.07e-11,0.0,0.0,1,4,Malicious,1,Malicious,1
0.0,0.0,0.0,1,4,Malicious,1,Malicious,1
3.99e-05,0.0,0.0,1,4,Malicious,1,Malicious,1
6.32e-09,2.58e-08,1.34e-07,2,8,Benign,0,Benign,0
1.27e-11,0.0,0.0,1,4,Malicious,1,Malicious,1
1.27e-11,0.0,0.0,1,4,Malicious,1,Malicious,1
1.27e-11,0.0,0.0,1,4,Malicious,1,Malicious,1
3.8e-05,0.0,0.0,1,4,Malicious,1,Malicious,1
1.27e-11,0.0,0.0,1,4,Malicious,1,Malicious,1
3.96e-05,0.0,0.0,1,4,Malicious,1,Malicious,1
1.96e-06,2.58e-08,1.34e-07,2,8,Benign,0,Benign,0
3.91e-05,0.0,0.0,1,4,Malicious,1,Malicious,1
1.27e-11,0.0,0.0,1,4,Malicious,1,Malicious,1
3.8e-05,0.0,0.0,1,4,Malicious,1,Malicious,1
1.27e-11,0.0,0.0,1,4,Malicious,1,Malicious,1
1.31e-06,2.58e-08,1.34e-07,2,8,Benign,0,Benign,0
3.81e-11,0.0,0.0,1,4,Malicious,1,Malicious,1
0.0,0.0,0.0,1,4,Malicious,1,Malicious,1
3.94e-05,0.0,0.0,1,4,Malicious,1,Malicious,1
3.8e-05,0.0,0.0,1,4,Malicious,1,Malicious,1
3.95e-05,0.0,0.0,1,4,Malicious,1,Malicious,1
6.34e-11,0.0,0.0,1,4,Malicious,1,Malicious,1
1.27e-11,0.0,0.0,1,4,Malicious,1,Malicious,1
3.94e-05,0.0,0.0,1,4,Malicious,1,Malicious,1
1.26e-08,1.66e-08,1.34e-07,2,8,Benign,0,Benign,0
1.27e-11,0.0,0.0,1,4,Malicious,1,Malicious,1
2.22e-08,1.66e-08,1.34e-07,2,8,Benign,0,Benign,0
0.0,0.0,0.0,1,4,Malicious,1,Malicious,1
9.49e-09,2.58e-08,1.34e-07,2,8,Benign,0,Benign,0
3.93e-05,0.0,0.0,1,4,Benign,0,Benign,1
3.97e-05,0.0,0.0,1,4,Benign,0,Benign,1
1.04e-07,2.75e-08,1.43e-07,2,8,Benign,0,Benign,0
1.42e-05,4.3e-08,7.22e-07,1,7,Malicious,1,Malicious,1
3.95e-05,0.0,0.0,1,4,Benign,0,Benign,1
0.0,0.0,0.0,1,4,Malicious,1,Malicious,1
1.27e-11,0.0,0.0,1,4,Malicious,1,Malicious,1
1.27e-11,0.0,0.0,1,4,Malicious,1,Malicious,1
5.07e-11,0.0,0.0,1,4,Malicious,1,Malicious,1
3.91e-05,0.0,0.0,1,4,Malicious,1,Malicious,1
1.17e-09,2.84e-07,0.0,2,4,Benign,0,Benign,0
3.97e-05,0.0,0.0,1,4,Malicious,1,Malicious,1
3.94e-05,0.0,0.0,1,4,Malicious,1,Malicious,1
6.96e-08,2.75e-08,1.43e-07,2,8,Benign,0,Benign,0
1.27e-11,0.0,0.0,1,4,Malicious,1,Malicious,1
9.41e-09,1.66e-08,1.34e-07,2,8,Benign,0,Benign,0
5.07e-11,0.0,0.0,1,4,Malicious,1,Malicious,1
1.89e-08,2.75e-08,1.43e-07,2,8,Benign,0,Benign,0
5.23e-05,4.24e-08,7.19e-07,1,7,Malicious,1,Malicious,1
1.27e-11,0.0,0.0,1,4,Malicious,1,Malicious,1
1.27e-11,0.0,0.0,1,4,Malicious,1,Malicious,1
3.98e-05,0.0,0.0,1,4,Malicious,1,Malicious,1
1.27e-11,0.0,0.0,1,4,Malicious,1,Malicious,1
3.97e-05,0.0,0.0,1,4,Malicious,1,Malicious,1
2.53e-08,2.75e-08,1.43e-07,2,8,Benign,0,Benign,0
3.21e-09,0.0,0.0,1,4,Malicious,1,Malicious,1
1.27e-11,0.0,0.0,1,4,Malicious,1,Malicious,1
3.8e-05,0.0,0.0,1,4,Malicious,1,Malicious,1
1.27e-11,0.0,0.0,1,4,Malicious,1,Malicious,1
0.0,0.0,0.0,1,4,Malicious,1,Malicious,1
1.27e-11,0.0,0.0,1,4,Malicious,1,Malicious,1
5.07e-11,0.0,0.0,1,4,Malicious,1,Malicious,1
0.000419745,3.55e-08,7.99e-07,1,7,Malicious,1,Malicious,1
3.92e-06,0.0,0.0,1,1,Benign,0,Benign,0
3.8e-05,0.0,0.0,1,4,Malicious,1,Malicious,1
1.27e-11,0.0,0.0,1,4,Malicious,1,Malicious,1
1.27e-11,0.0,0.0,1,4,Malicious,1,Malicious,1
4e-05,0.0,0.0,1,4,Malicious,1,Malicious,1
1.27e-11,0.0,0.0,1,4,Malicious,1,Malicious,1
3.8e-05,1.03e-07,0.0,0,0,Benign,0,Benign,0
6.92e-05,3.38e-07,5.35e-06,1,8,Malicious,1,Malicious,1
3.96e-05,0.0,0.0,1,4,Benign,0,Benign,1
1.27e-11,0.0,0.0,1,4,Malicious,1,Malicious,1
5.07e-11,0.0,0.0,1,4,Malicious,1,Malicious,1
3.96e-05,0.0,0.0,1,4,Benign,0,Benign,1
1.27e-11,0.0,0.0,1,4,Malicious,1,Malicious,1
5.07e-11,0.0,0.0,1,4,Malicious,1,Malicious,1
7.92e-08,2.75e-08,1.43e-07,2,8,Benign,0,Benign,0
1.27e-11,0.0,0.0,1,4,Malicious,1,Malicious,1
1.27e-11,0.0,0.0,1,4,Malicious,1,Malicious,1
4e-05,0.0,0.0,1,4,Benign,0,Benign,1
1.27e-11,0.0,0.0,1,4,Malicious,1,Malicious,1
6.64e-08,2.75e-08,1.43e-07,2,8,Benign,0,Benign,0
5.07e-11,0.0,0.0,1,4,Malicious,1,Malicious,1
7.27e-08,2.75e-08,1.43e-07,2,8,Benign,0,Benign,0
1.27e-11,0.0,0.0,1,4,Malicious,1,Malicious,1
0.00012766,1.65e-07,7.13e-07,2,8,Benign,0,Benign,0
6.01e-08,2.75e-08,1.43e-07,2,8,Benign,0,Benign,0
6.24e-09,2.58e-08,1.34e-07,2,8,Benign,0,Benign,0
6.34e-11,0.0,0.0,1,4,Malicious,1,Malicious,1
1.27e-11,0.0,0.0,1,4,Malicious,1,Malicious,1
9.83e-08,5.5e-08,2.85e-07,2,8,Benign,0,Benign,0
1.27e-11,0.0,0.0,1,4,Malicious,1,Malicious,1
1.27e-11,0.0,0.0,1,4,Malicious,1,Malicious,1
6.3e-09,1.66e-08,1.34e-07,2,8,Benign,0,Benign,0
3.99e-05,0.0,0.0,1,4,Malicious,1,Malicious,1
5.71e-08,2.75e-08,1.43e-07,2,8,Benign,0,Benign,0
5.07e-11,0.0,0.0,1,4,Malicious,1,Malicious,1
3.99e-05,0.0,0.0,1,4,Benign,0,Benign,1
3.21e-09,0.0,0.0,1,4,Malicious,1,Malicious,1
3.81e-11,0.0,0.0,1,4,Malicious,1,Malicious,1
1.27e-11,0.0,0.0,1,4,Malicious,1,Malicious,1
1.35e-05,3.84e-08,6.92e-07,1,7,Benign,0,Benign,0
3.22e-09,0.0,0.0,1,4,Malicious,1,Malicious,1
3.95e-05,0.0,0.0,1,4,Benign,0,Benign,1
4e-05,0.0,0.0,1,4,Malicious,1,Malicious,1
4.01e-05,0.0,0.0,1,4,Malicious,1,Malicious,1
1.27e-11,0.0,0.0,1,4,Malicious,1,Malicious,1
1.27e-11,0.0,0.0,1,4,Malicious,1,Malicious,1
1.27e-11,0.0,0.0,1,4,Malicious,1,Malicious,1
6.34e-11,0.0,0.0,1,4,Malicious,1,Malicious,1
6.33e-09,2.58e-08,1.34e-07,2,8,Benign,0,Benign,0
1.27e-11,0.0,0.0,1,4,Malicious,1,Malicious,1
5.07e-11,0.0,0.0,1,4,Malicious,1,Malicious,1
1.27e-11,0.0,0.0,1,4,Malicious,1,Malicious,1
5.07e-11,0.0,0.0,1,4,Malicious,1,Malicious,1
5.07e-11,0.0,0.0,1,4,Malicious,1,Malicious,1
3.97e-05,0.0,0.0,1,4,Malicious,1,Malicious,1
3.92e-05,0.0,0.0,1,4,Benign,0,Benign,1
4e-05,0.0,0.0,1,4,Malicious,1,Malicious,1
6.34e-05,4.47e-08,0.0,2,4,Benign,0,Benign,0
5.07e-11,0.0,0.0,1,4,Malicious,1,Malicious,1
3.99e-05,0.0,0.0,1,4,Malicious,1,Malicious,1
9.6e-07,2.75e-08,1.43e-07,2,8,Benign,0,Benign,0
1.27e-11,0.0,0.0,1,4,Malicious,1,Malicious,1
3.8e-05,0.0,0.0,1,4,Malicious,1,Malicious,1
3.95e-05,0.0,0.0,1,4,Malicious,1,Malicious,1
6.34e-11,0.0,0.0,1,4,Malicious,1,Malicious,1
2.05e-07,3.21e-07,1.66e-06,0,0,Benign,0,Benign,0
3.93e-05,0.0,0.0,1,4,Malicious,1,Malicious,1
2.21e-08,2.75e-08,1.43e-07,2,8,Benign,0,Benign,0
3.98e-05,0.0,0.0,1,4,Benign,0,Benign,1
1.27e-11,0.0,0.0,1,4,Malicious,1,Malicious,1
6.34e-11,0.0,0.0,1,4,Malicious,1,Malicious,1
3.92e-05,0.0,0.0,1,4,Malicious,1,Malicious,1
5.33e-08,0.0,1.78e-06,2,9,Benign,0,Benign,0
3.22e-09,0.0,0.0,1,4,Malicious,1,Malicious,1
3.81e-11,0.0,0.0,1,4,Malicious,1,Malicious,1
3.92e-05,0.0,0.0,1,4,Benign,0,Benign,1
9.51e-08,2.75e-08,1.43e-07,2,8,Benign,0,Benign,0
1.27e-11,0.0,0.0,1,4,Malicious,1,Malicious,1
1.27e-11,0.0,0.0,1,4,Malicious,1,Malicious,1
1.27e-11,0.0,0.0,1,4,Malicious,1,Malicious,1
3.8e-05,0.0,0.0,1,4,Malicious,1,Malicious,1
3.81e-11,0.0,0.0,1,4,Malicious,1,Malicious,1
1.27e-11,0.0,0.0,1,4,Malicious,1,Malicious,1
0.0,0.0,0.0,1,4,Malicious,1,Malicious,1
3.99e-05,0.0,0.0,1,4,Benign,0,Benign,1
1.04e-07,2.75e-08,1.43e-07,2,8,Benign,0,Benign,0
3.22e-09,0.0,0.0,1,4,Malicious,1,Malicious,1
5.07e-11,0.0,0.0,1,4,Malicious,1,Malicious,1
3.8e-05,0.0,0.0,1,4,Malicious,1,Malicious,1
1.27e-11,0.0,0.0,1,4,Malicious,1,Malicious,1
5.07e-11,0.0,0.0,1,4,Malicious,1,Malicious,1
1.27e-11,0.0,0.0,1,4,Malicious,1,Malicious,1
5.17e-05,3.84e-08,6.92e-07,1,7,Benign,0,Benign,1
6.32e-09,1.66e-08,1.34e-07,2,8,Benign,0,Benign,0
6.75e-07,2.75e-08,1.43e-07,2,8,Benign,0,Benign,0
3.81e-11,0.0,0.0,1,4,Malicious,1,Malicious,1
0.0,0.0,0.0,1,4,Malicious,1,Malicious,1
1.27e-11,0.0,0.0,1,4,Malicious,1,Malicious,1
1.29e-05,3.44e-08,3.68e-07,1,3,Malicious,1,Malicious,0
1.27e-11,0.0,0.0,1,4,Malicious,1,Malicious,1
1.37e-05,3.84e-08,6.92e-07,1,7,Benign,0,Benign,0
6.35e-05,4.47e-08,0.0,2,4,Benign,0,Benign,0
1.27e-11,0.0,0.0,1,4,Malicious,1,Malicious,1
1.27e-11,0.0,0.0,1,4,Malicious,1,Malicious,1
6.34e-11,0.0,0.0,1,4,Malicious,1,Malicious,1
0.000748443,1.72e-06,0.0,2,4,Benign,0,Benign,0
1.27e-11,0.0,0.0,1,4,Malicious,1,Malicious,1
3.22e-09,0.0,0.0,1,4,Malicious,1,Malicious,1
3.21e-09,0.0,0.0,1,4,Malicious,1,Malicious,1
2.84e-08,2.75e-08,1.43e-07,2,8,Benign,0,Benign,0
1.27e-11,0.0,0.0,1,4,Malicious,1,Malicious,1
3.8e-05,0.0,0.0,1,4,Malicious,1,Malicious,1
3.27e-09,0.0,0.0,1,4,Malicious,1,Malicious,1
3.96e-05,0.0,0.0,1,4,Malicious,1,Malicious,1
3.94e-05,0.0,0.0,1,4,Malicious,1,Malicious,1
2.84e-06,2.24e-08,3.06e-07,2,8,Benign,0,Benign,0
4e-07,3.21e-07,1.66e-06,0,0,Benign,0,Benign,0
3.14e-06,7.74e-08,7.07e-07,1,8,Benign,0,Benign,0
3.8e-05,0.0,0.0,1,4,Malicious,1,Malicious,1
3.96e-05,0.0,0.0,1,4,Malicious,1,Malicious,1
0.0,0.0,0.0,1,4,Malicious,1,Malicious,1
1.27e-11,0.0,0.0,1,4,Malicious,1,Malicious,1
3.79e-05,0.0,0.0,1,4,Malicious,1,Malicious,1
5.07e-11,0.0,0.0,1,4,Malicious,1,Malicious,1
3.22e-09,0.0,0.0,1,4,Malicious,1,Malicious,1
1.27e-11,0.0,0.0,1,4,Malicious,1,Malicious,1
7.28e-08,2.75e-08,1.43e-07,2,8,Benign,0,Benign,0
3.8e-05,0.0,0.0,1,4,Malicious,1,Malicious,1
6.95e-08,2.75e-08,1.43e-07,2,8,Benign,0,Benign,0
1.27e-11,0.0,0.0,1,4,Malicious,1,Malicious,1
3.26e-09,0.0,0.0,1,4,Malicious,1,Malicious,1
6.3e-09,1.66e-08,1.34e-07,2,8,Benign,0,Benign,0
1.27e-11,0.0,0.0,1,4,Malicious,1,Malicious,1
3.81e-11,0.0,0.0,1,4,Malicious,1,Malicious,1
4.43e-08,0.0,0.0,1,8,Benign,0,Benign,0
3.92e-05,0.0,0.0,1,4,Malicious,1,Malicious,1
1.27e-11,0.0,0.0,1,4,Malicious,1,Malicious,1
3.8e-05,0.0,0.0,1,4,Malicious,1,Malicious,1
6.34e-08,1.83e-08,1.9e-07,2,8,Benign,0,Benign,0
6.34e-11,0.0,0.0,1,4,Malicious,1,Malicious,1
4e-05,0.0,0.0,1,4,Benign,0,Benign,1
1.27e-11,0.0,0.0,1,4,Malicious,1,Malicious,1
3.97e-05,0.0,0.0,1,4,Malicious,1,Malicious,1
0.0,0.0,0.0,1,4,Malicious,1,Malicious,1
1.27e-11,0.0,0.0,1,4,Malicious,1,Malicious,1
4e-05,0.0,0.0,1,4,Malicious,1,Malicious,1
1.27e-11,0.0,0.0,1,4,Malicious,1,Malicious,1
3.79e-05,0.0,0.0,1,4,Malicious,1,Malicious,1
3.8e-05,0.0,0.0,1,4,Malicious,1,Malicious,1
5.07e-11,0.0,0.0,1,4,Malicious,1,Malicious,1
3.95e-05,0.0,0.0,1,4,Malicious,1,Malicious,1
4.44e-07,2.24e-08,3.06e-07,2,8,Benign,0,Benign,0
3.8e-05,0.0,0.0,1,4,Malicious,1,Malicious,1
4e-05,0.0,0.0,1,4,Benign,0,Benign,1
1.47e-06,2.29e-08,1.66e-07,2,8,Benign,0,Benign,0
1.27e-11,0.0,0.0,1,4,Malicious,1,Malicious,1
1.58e-08,2.75e-08,1.43e-07,2,8,Benign,0,Benign,0
6.35e-05,4.47e-08,0.0,2,4,Benign,0,Benign,0
1.27e-11,0.0,0.0,1,4,Malicious,1,Malicious,1
1.27e-11,0.0,0.0,1,4,Malicious,1,Malicious,1
3.48e-08,2.75e-08,1.43e-07,2,8,Benign,0,Benign,0
3.8e-05,0.0,0.0,1,4,Malicious,1,Malicious,1
3.96e-05,0.0,0.0,1,4,Benign,0,Benign,1
3.15e-09,0.0,0.0,1,4,Malicious,1,Malicious,1
3.99e-05,0.0,0.0,1,4,Malicious,1,Malicious,1
1.27e-11,0.0,0.0,1,4,Malicious,1,Malicious,1
4e-05,0.0,0.0,1,4,Benign,0,Benign,1
1.41e-06,2.75e-08,1.43e-07,2,8,Benign,0,Benign,0
3.79e-05,0.0,0.0,1,4,Malicious,1,Malicious,1
5.92e-05,3.38e-07,5.35e-06,1,8,Malicious,1,Malicious,1
3.95e-05,0.0,0.0,1,4,Benign,0,Benign,1
1.27e-11,0.0,0.0,1,4,Malicious,1,Malicious,1
3.8e-05,0.0,0.0,1,4,Malicious,1,Malicious,1
3.81e-05,0.0,0.0,1,4,Malicious,1,Malicious,1
0.0,0.0,0.0,1,4,Malicious,1,Malicious,1
1.01e-10,0.0,0.0,1,4,Malicious,1,Malicious,1
3.8e-05,0.0,0.0,1,4,Malicious,1,Malicious,1
3.8e-05,0.0,0.0,1,4,Malicious,1,Malicious,1
0.0,0.0,0.0,1,4,Malicious,1,Malicious,1
0.0,0.0,0.0,1,4,Malicious,1,Malicious,1
3.15e-09,0.0,0.0,1,4,Malicious,1,Malicious,1
1.27e-11,0.0,0.0,1,4,Malicious,1,Malicious,1
5.07e-11,0.0,0.0,1,4,Malicious,1,Malicious,1
1.27e-11,0.0,0.0,1,4,Malicious,1,Malicious,1
3.93e-05,0.0,0.0,1,4,Malicious,1,Malicious,1
1.27e-11,0.0,0.0,1,4,Malicious,1,Malicious,1
3.92e-05,0.0,0.0,1,4,Benign,0,Benign,1
9.4e-09,2.58e-08,1.34e-07,2,8,Benign,0,Benign,0
1.25e-08,2.75e-08,1.43e-07,2,8,Benign,0,Benign,0
1.27e-11,0.0,0.0,1,4,Malicious,1,Malicious,1
5.07e-11,0.0,0.0,1,4,Malicious,1,Malicious,1
3.8e-05,0.0,0.0,1,4,Malicious,1,Malicious,1
5.07e-11,0.0,0.0,1,4,Malicious,1,Malicious,1
1.01e-10,0.0,0.0,1,4,Malicious,1,Malicious,1
3.22e-09,0.0,0.0,1,4,Malicious,1,Malicious,1
3.94e-05,0.0,0.0,1,4,Benign,0,Benign,1
1.27e-11,0.0,0.0,1,4,Malicious,1,Malicious,1
1.27e-11,0.0,0.0,1,4,Malicious,1,Malicious,1
5.07e-11,0.0,0.0,1,4,Malicious,1,Malicious,1
1.27e-11,0.0,0.0,1,4,Malicious,1,Malicious,1
1.27e-11,0.0,0.0,1,4,Malicious,1,Malicious,1
6.34e-11,0.0,0.0,1,4,Malicious,1,Malicious,1
1.39e-05,3.84e-08,6.92e-07,1,7,Benign,0,Benign,1
1.27e-11,0.0,0.0,1,4,Malicious,1,Malicious,1
3.95e-05,0.0,0.0,1,4,Benign,0,Benign,1
3.91e-05,0.0,0.0,1,4,Malicious,1,Malicious,1
0.0,0.0,0.0,1,4,Malicious,1,Malicious,1
3.8e-05,0.0,0.0,1,4,Malicious,1,Malicious,1
5.07e-11,0.0,0.0,1,4,Malicious,1,Malicious,1
5.07e-11,0.0,0.0,1,4,Malicious,1,Malicious,1
3.99e-05,0.0,0.0,1,4,Malicious,1,Malicious,1
1.27e-11,0.0,0.0,1,4,Malicious,1,Malicious,1
1.27e-11,0.0,0.0,1,4,Malicious,1,Malicious,1
3.99e-05,0.0,0.0,1,4,Benign,0,Benign,1
3.81e-05,0.0,0.0,1,4,Malicious,1,Malicious,1
2.21e-08,2.75e-08,1.43e-07,2,8,Benign,0,Benign,0
1.27e-11,0.0,0.0,1,4,Malicious,1,Malicious,1
3.94e-05,0.0,0.0,1,4,Benign,0,Benign,1
3.97e-05,0.0,0.0,1,4,Benign,0,Benign,1
6.34e-11,0.0,0.0,1,4,Malicious,1,Malicious,1
3.81e-11,0.0,0.0,1,4,Malicious,1,Malicious,1
1.27e-11,0.0,0.0,1,4,Malicious,1,Malicious,1
3.94e-05,0.0,0.0,1,4,Malicious,1,Malicious,1
0.0,0.0,0.0,1,4,Malicious,1,Malicious,1
1.27e-11,0.0,0.0,1,4,Malicious,1,Malicious,1
1.27e-11,0.0,0.0,1,4,Malicious,1,Malicious,1
3.93e-05,0.0,0.0,1,4,Malicious,1,Malicious,1
1.27e-11,0.0,0.0,1,4,Malicious,1,Malicious,1
1.27e-11,0.0,0.0,1,4,Malicious,1,Malicious,1
6.16e-09,2.58e-08,1.34e-07,2,8,Benign,0,Benign,0
3.22e-09,0.0,0.0,1,4,Malicious,1,Malicious,1
3.94e-05,0.0,0.0,1,4,Malicious,1,Malicious,1
1.27e-11,0.0,0.0,1,4,Malicious,1,Malicious,1
3.93e-05,0.0,0.0,1,4,Malicious,1,Malicious,1
3.94e-05,0.0,0.0,1,4,Benign,0,Benign,1
1.27e-11,0.0,0.0,1,4,Malicious,1,Malicious,1
1.27e-11,0.0,0.0,1,4,Malicious,1,Malicious,1
1.27e-11,0.0,0.0,1,4,Malicious,1,Malicious,1
3.8e-05,0.0,0.0,1,4,Malicious,1,Malicious,1
3.95e-05,0.0,0.0,1,4,Malicious,1,Malicious,1
3.8e-05,0.0,0.0,1,4,Malicious,1,Malicious,1
1.27e-11,0.0,0.0,1,4,Malicious,1,Malicious,1
3.93e-05,0.0,0.0,1,4,Benign,0,Benign,1
3.8e-05,0.0,0.0,1,4,Malicious,1,Malicious,1
6.29e-09,1.66e-08,1.34e-07,2,8,Benign,0,Benign,0
1.27e-11,0.0,0.0,1,4,Malicious,1,Malicious,1
3.8e-05,0.0,0.0,1,4,Malicious,1,Malicious,1
1.27e-11,0.0,0.0,1,4,Malicious,1,Malicious,1
3.97e-05,0.0,0.0,1,4,Benign,0,Benign,1
1.27e-11,0.0,0.0,1,4,Malicious,1,Malicious,1
3.81e-05,0.0,0.0,1,4,Malicious,1,Malicious,1
2.15e-07,2.75e-08,1.43e-07,2,8,Benign,0,Benign,0
1.89e-08,2.75e-08,1.43e-07,2,8,Benign,0,Benign,0
6.34e-11,0.0,0.0,1,4,Malicious,1,Malicious,1
1.27e-11,0.0,0.0,1,4,Malicious,1,Malicious,1
1.27e-11,0.0,0.0,1,4,Malicious,1,Malicious,1
1.01e-10,0.0,0.0,1,4,Malicious,1,Malicious,1
1.27e-11,0.0,0.0,1,4,Malicious,1,Malicious,1
1.27e-11,0.0,0.0,1,4,Malicious,1,Malicious,1
3.99e-05,0.0,0.0,1,4,Malicious,1,Malicious,1
1.24e-07,2.58e-08,1.34e-07,2,8,Benign,0,Benign,0
3.13e-09,0.0,0.0,1,4,Malicious,1,Malicious,1
1.27e-11,0.0,0.0,1,4,Malicious,1,Malicious,1
1.27e-11,0.0,0.0,1,4,Malicious,1,Malicious,1
3.93e-05,0.0,0.0,1,4,Benign,0,Benign,1
3.12e-09,0.0,0.0,1,4,Malicious,1,Malicious,1
0.000115161,1.93e-07,7.32e-06,1,3,Malicious,1,Malicious,0
2.82e-07,2.75e-08,1.43e-07,2,8,Benign,0,Benign,0
3.48e-08,2.75e-08,1.43e-07,2,8,Benign,0,Benign,0
6.35e-05,4.47e-08,0.0,2,4,Benign,0,Benign,0
1.27e-11,0.0,0.0,1,4,Malicious,1,Malicious,1
1.27e-11,0.0,0.0,1,4,Malicious,1,Malicious,1
6.38e-09,0.0,0.0,1,4,Malicious,1,Malicious,1
3.19e-06,0.0,0.0,1,1,Benign,0,Benign,0
3.96e-05,0.0,0.0,1,4,Benign,0,Benign,1
3.98e-05,0.0,0.0,1,4,Malicious,1,Malicious,1
1.27e-11,0.0,0.0,1,4,Malicious,1,Malicious,1
1.27e-11,0.0,0.0,1,4,Malicious,1,Malicious,1
6.34e-11,0.0,0.0,1,4,Malicious,1,Malicious,1
1.27e-11,0.0,0.0,1,4,Malicious,1,Malicious,1
1.27e-11,0.0,0.0,1,4,Malicious,1,Malicious,1
5.07e-11,0.0,0.0,1,4,Malicious,1,Malicious,1
1.27e-11,0.0,0.0,1,4,Malicious,1,Malicious,1
3.8e-05,0.0,0.0,1,4,Malicious,1,Malicious,1
3.99e-05,0.0,0.0,1,4,Benign,0,Benign,1
6.3e-09,1.66e-08,1.34e-07,2,8,Benign,0,Benign,0
2.54e-11,5.5e-08,0.0,2,4,Benign,0,Benign,0
1.79e-06,0.0,0.0,1,1,Benign,0,Benign,0
0.003806659,1.67e-07,2.3e-06,1,8,Benign,0,Benign,0
1.48e-05,0.0,0.0,1,1,Benign,0,Benign,1
2.87e-09,0.0,0.0,1,4,Malicious,1,Malicious,1
6.3e-09,2.58e-08,1.34e-07,2,8,Benign,0,Benign,0
0.003804385,2.19e-06,1.45e-05,1,8,Benign,0,Benign,0
6.35e-05,4.47e-08,0.0,2,4,Benign,0,Benign,0
3.8e-05,0.0,0.0,1,4,Malicious,1,Malicious,1
3.8e-05,0.0,0.0,1,4,Malicious,1,Malicious,1
1.27e-11,0.0,0.0,1,4,Malicious,1,Malicious,1
1.35e-05,3.84e-08,6.92e-07,1,7,Benign,0,Benign,0
3.98e-05,0.0,0.0,1,4,Malicious,1,Malicious,1
3.93e-05,0.0,0.0,1,4,Malicious,1,Malicious,1
1.27e-11,0.0,0.0,1,4,Malicious,1,Malicious,1
1.27e-11,0.0,0.0,1,4,Malicious,1,Malicious,1
1.27e-11,0.0,0.0,1,4,Malicious,1,Malicious,1
5.39e-05,3.84e-08,6.92e-07,1,7,Benign,0,Benign,1
1.27e-11,0.0,0.0,1,4,Malicious,1,Malicious,1
3.98e-05,0.0,0.0,1,4,Malicious,1,Malicious,1
3.99e-05,0.0,0.0,1,4,Malicious,1,Malicious,1
3.97e-05,0.0,0.0,1,4,Benign,0,Benign,1
3.95e-05,0.0,0.0,1,4,Benign,0,Benign,1
3.99e-05,0.0,0.0,1,4,Malicious,1,Malicious,1
1.27e-11,0.0,0.0,1,4,Malicious,1,Malicious,1
3.99e-05,0.0,0.0,1,4,Malicious,1,Malicious,1
1.27e-11,0.0,0.0,1,4,Malicious,1,Malicious,1
3.8e-05,0.0,0.0,1,4,Malicious,1,Malicious,1
5.07e-11,0.0,0.0,1,4,Malicious,1,Malicious,1
1.27e-11,0.0,0.0,1,4,Malicious,1,Malicious,1
3.98e-05,0.0,0.0,1,4,Malicious,1,Malicious,1
6.34e-11,0.0,0.0,1,4,Malicious,1,Malicious,1
1.27e-11,0.0,0.0,1,4,Malicious,1,Malicious,1
0.000418132,3.55e-08,7.99e-07,1,7,Malicious,1,Malicious,1
1.27e-11,0.0,0.0,1,4,Malicious,1,Malicious,1
3.96e-05,0.0,0.0,1,4,Benign,0,Benign,1
1.27e-11,0.0,0.0,1,4,Malicious,1,Malicious,1
1.27e-11,0.0,0.0,1,4,Malicious,1,Malicious,1
3.21e-09,0.0,0.0,1,4,Malicious,1,Malicious,1
1.27e-11,0.0,0.0,1,4,Malicious,1,Malicious,1
3.81e-11,0.0,0.0,1,4,Malicious,1,Malicious,1
3.8e-05,0.0,0.0,1,4,Malicious,1,Malicious,1
1.39e-05,3.78e-08,6.89e-07,1,7,Benign,0,Benign,1
0.0,0.0,0.0,1,4,Malicious,1,Malicious,1
6.2e-05,3.38e-07,5.35e-06,1,8,Malicious,1,Malicious,1
9.8e-08,5.5e-08,2.85e-07,2,8,Benign,0,Benign,0
3.95e-05,0.0,0.0,1,4,Malicious,1,Malicious,1
5.07e-11,0.0,0.0,1,4,Malicious,1,Malicious,1
1.29e-05,2.98e-08,3.68e-07,1,3,Benign,0,Benign,0
3.99e-05,0.0,0.0,1,4,Malicious,1,Malicious,1
5.07e-11,0.0,0.0,1,4,Malicious,1,Malicious,1
1.27e-11,0.0,0.0,1,4,Malicious,1,Malicious,1
3.81e-11,5.5e-08,0.0,2,4,Benign,0,Benign,0
3.8e-05,0.0,0.0,1,4,Malicious,1,Malicious,1
2.54e-11,5.5e-08,0.0,2,4,Benign,0,Benign,0
3.8e-05,0.0,0.0,1,4,Malicious,1,Malicious,1
3.94e-05,0.0,0.0,1,4,Malicious,1,Malicious,1
6.35e-05,4.47e-08,0.0,2,4,Benign,0,Benign,0
0.0,0.0,0.0,1,4,Malicious,1,Malicious,1
1.27e-11,0.0,0.0,1,4,Malicious,1,Malicious,1
5.7e-08,5.5e-08,2.85e-07,2,8,Benign,0,Benign,0
5.07e-11,0.0,0.0,1,4,Malicious,1,Malicious,1
2.63e-07,2.58e-08,1.34e-07,2,8,Benign,0,Benign,0
1.27e-11,0.0,0.0,1,4,Malicious,1,Malicious,1
3.81e-11,5.5e-08,0.0,2,4,Benign,0,Benign,0
1.27e-11,0.0,0.0,1,4,Malicious,1,Malicious,1
1.27e-11,0.0,0.0,1,4,Malicious,1,Malicious,1
9.45e-09,1.66e-08,1.34e-07,2,8,Benign,0,Benign,0
1.27e-11,0.0,0.0,1,4,Malicious,1,Malicious,1
1.27e-11,0.0,0.0,1,4,Malicious,1,Malicious,1
1.27e-11,0.0,0.0,1,4,Malicious,1,Malicious,1
4e-05,0.0,0.0,1,4,Benign,0,Benign,1
1.88e-08,2.75e-08,1.43e-07,2,8,Benign,0,Benign,0
5.07e-11,0.0,0.0,1,4,Malicious,1,Malicious,1
3.92e-05,0.0,0.0,1,4,Benign,0,Benign,1
1.27e-11,0.0,0.0,1,4,Malicious,1,Malicious,1
1.27e-11,0.0,0.0,1,4,Malicious,1,Malicious,1
2.21e-08,2.75e-08,1.43e-07,2,8,Benign,0,Benign,0
3.92e-05,0.0,0.0,1,4,Malicious,1,Malicious,1
5.07e-11,0.0,0.0,1,4,Malicious,1,Malicious,1
1.27e-11,0.0,0.0,1,4,Malicious,1,Malicious,1
8.89e-05,7.15e-07,0.0,2,4,Benign,0,Benign,0
1.27e-11,0.0,0.0,1,4,Malicious,1,Malicious,1
3.99e-05,0.0,0.0,1,4,Benign,0,Benign,1
3.99e-05,0.0,0.0,1,4,Benign,0,Benign,1
1.27e-11,0.0,0.0,1,4,Malicious,1,Malicious,1
6.34e-11,0.0,0.0,1,4,Malicious,1,Malicious,1
1.39e-05,4.3e-08,7.22e-07,1,7,Malicious,1,Malicious,1
5.38e-08,2.75e-08,1.43e-07,2,8,Benign,0,Benign,0
1.27e-11,0.0,0.0,1,4,Malicious,1,Malicious,1
3.22e-09,0.0,0.0,1,4,Malicious,1,Malicious,1
1.27e-11,0.0,0.0,1,4,Malicious,1,Malicious,1
3.3e-09,0.0,0.0,1,4,Malicious,1,Malicious,1
1.27e-11,0.0,0.0,1,4,Malicious,1,Malicious,1
1.27e-11,0.0,0.0,1,4,Malicious,1,Malicious,1
3.8e-05,0.0,0.0,1,4,Malicious,1,Malicious,1
6.34e-11,0.0,0.0,1,4,Malicious,1,Malicious,1
4.74e-08,2.75e-08,1.43e-07,2,8,Benign,0,Benign,0
1.27e-11,0.0,0.0,1,4,Malicious,1,Malicious,1
6.21e-05,3.38e-07,5.35e-06,1,8,Malicious,1,Malicious,1
3.97e-05,0.0,0.0,1,4,Benign,0,Benign,1
3.48e-08,2.75e-08,1.43e-07,2,8,Benign,0,Benign,0
6.2e-09,1.66e-08,1.34e-07,2,8,Benign,0,Benign,0
3.92e-05,0.0,0.0,1,4,Malicious,1,Malicious,1
9.51e-08,5.5e-08,2.85e-07,2,8,Benign,0,Benign,0
2.22e-08,2.75e-08,1.43e-07,2,8,Benign,0,Benign,0
3.92e-05,0.0,0.0,1,4,Malicious,1,Malicious,1
3.96e-05,0.0,0.0,1,4,Malicious,1,Malicious,1
3.94e-05,0.0,0.0,1,4,Malicious,1,Malicious,1
1.9e-08,2.58e-08,1.34e-07,2,8,Benign,0,Benign,0
0.0,0.0,0.0,1,4,Malicious,1,Malicious,1
5.07e-11,0.0,0.0,1,4,Malicious,1,Malicious,1
6.34e-11,0.0,0.0,1,4,Malicious,1,Malicious,1
1.27e-11,0.0,0.0,1,4,Malicious,1,Malicious,1
1.27e-11,0.0,0.0,1,4,Malicious,1,Malicious,1
3.21e-09,0.0,0.0,1,4,Malicious,1,Malicious,1
1.27e-11,0.0,0.0,1,4,Malicious,1,Malicious,1
0.0,0.0,0.0,1,4,Malicious,1,Malicious,1
4.01e-05,0.0,0.0,1,4,Benign,0,Benign,1
3.95e-05,0.0,0.0,1,4,Malicious,1,Malicious,1
3.22e-09,0.0,0.0,1,4,Malicious,1,Malicious,1
3.98e-05,0.0,0.0,1,4,Malicious,1,Malicious,1
1.27e-11,0.0,0.0,1,4,Malicious,1,Malicious,1
1.98e-07,2.75e-08,1.43e-07,2,8,Benign,0,Benign,0
1.27e-11,0.0,0.0,1,4,Malicious,1,Malicious,1
3.8e-05,0.0,0.0,1,4,Malicious,1,Malicious,1
1.27e-11,0.0,0.0,1,4,Malicious,1,Malicious,1
3.22e-09,0.0,0.0,1,4,Malicious,1,Malicious,1
3.99e-05,0.0,0.0,1,4,Malicious,1,Malicious,1
1.27e-11,0.0,0.0,1,4,Malicious,1,Malicious,1
3.94e-05,0.0,0.0,1,4,Malicious,1,Malicious,1
1.84e-07,2.46e-08,3.3e-07,2,8,Benign,0,Benign,0
3.95e-05,0.0,0.0,1,4,Malicious,1,Malicious,1
3.8e-05,0.0,0.0,1,4,Malicious,1,Malicious,1
5.17e-05,4.3e-08,7.22e-07,1,7,Malicious,1,Malicious,1
1.27e-11,0.0,0.0,1,4,Malicious,1,Malicious,1
6.28e-09,2.58e-08,1.34e-07,2,8,Benign,0,Benign,0
3.92e-05,0.0,0.0,1,4,Malicious,1,Malicious,1
3.99e-05,0.0,0.0,1,4,Benign,0,Benign,1
5.07e-11,0.0,0.0,1,4,Malicious,1,Malicious,1
3.79e-05,0.0,0.0,1,4,Malicious,1,Malicious,1
3.91e-05,0.0,0.0,1,4,Malicious,1,Malicious,1
3.81e-11,0.0,0.0,1,4,Malicious,1,Malicious,1
5.07e-11,0.0,0.0,1,4,Malicious,1,Malicious,1
3.95e-05,0.0,0.0,1,4,Malicious,1,Malicious,1
5.07e-11,0.0,0.0,1,4,Malicious,1,Malicious,1
3.95e-05,0.0,0.0,1,4,Malicious,1,Malicious,1
3.92e-05,0.0,0.0,1,4,Malicious,1,Malicious,1
3.01e-06,0.0,0.0,1,8,Benign,0,Benign,0
2.54e-11,0.0,0.0,1,4,Malicious,1,Malicious,1
1.27e-11,0.0,0.0,1,4,Malicious,1,Malicious,1
3.8e-05,0.0,0.0,1,4,Malicious,1,Malicious,1
1.01e-07,2.75e-08,1.43e-07,2,8,Benign,0,Benign,0
4e-05,0.0,0.0,1,4,Benign,0,Benign,1
3.94e-05,0.0,0.0,1,4,Malicious,1,Malicious,1
3.8e-05,0.0,0.0,1,4,Malicious,1,Malicious,1
0.000109936,2.14e-06,1.45e-05,1,7,Benign,0,Benign,0
5.07e-11,0.0,0.0,1,4,Malicious,1,Malicious,1
2.92e-09,0.0,0.0,1,4,Malicious,1,Malicious,1
5.07e-11,0.0,0.0,1,4,Malicious,1,Malicious,1
2.57e-05,3.44e-08,3.68e-07,1,3,Malicious,1,Malicious,0
5.07e-11,0.0,0.0,1,4,Malicious,1,Malicious,1
2.22e-08,1.66e-08,1.34e-07,2,8,Benign,0,Benign,0
6.02e-08,2.75e-08,1.43e-07,2,8,Benign,0,Benign,0
1.27e-11,0.0,0.0,1,4,Malicious,1,Malicious,1
0.0,0.0,0.0,1,4,Malicious,1,Malicious,1
1.27e-11,0.0,0.0,1,4,Malicious,1,Malicious,1
2.98e-09,0.0,0.0,1,4,Malicious,1,Malicious,1
3.96e-05,0.0,0.0,1,4,Malicious,1,Malicious,1
3.42e-06,2.75e-08,1.43e-07,2,8,Benign,0,Benign,0
1.14e-10,0.0,0.0,1,4,Malicious,1,Malicious,1
1.27e-11,0.0,0.0,1,4,Malicious,1,Malicious,1
5.07e-11,0.0,0.0,1,4,Malicious,1,Malicious,1
1.27e-11,0.0,0.0,1,4,Malicious,1,Malicious,1
3.79e-05,0.0,0.0,1,4,Malicious,1,Malicious,1
1.27e-11,0.0,0.0,1,4,Malicious,1,Malicious,1
3.8e-05,0.0,0.0,1,4,Malicious,1,Malicious,1
6.39e-09,0.0,0.0,1,4,Malicious,1,Malicious,1
1.27e-11,0.0,0.0,1,4,Malicious,1,Malicious,1
5.18e-05,4.3e-08,7.22e-07,1,7,Malicious,1,Malicious,1
1.27e-11,0.0,0.0,1,4,Malicious,1,Malicious,1
3.99e-05,0.0,0.0,1,4,Malicious,1,Malicious,1
3.97e-05,0.0,0.0,1,4,Malicious,1,Malicious,1
1.27e-11,0.0,0.0,1,4,Malicious,1,Malicious,1
6.35e-05,4.47e-08,0.0,2,4,Benign,0,Benign,0
3.8e-05,0.0,0.0,1,4,Malicious,1,Malicious,1
1.27e-11,0.0,0.0,1,4,Malicious,1,Malicious,1
0.000747606,1.72e-06,0.0,2,4,Benign,0,Benign,0
2.2e-08,2.75e-08,1.43e-07,2,8,Benign,0,Benign,0
3.98e-06,0.0,0.0,1,1,Benign,0,Benign,0
3.97e-05,0.0,0.0,1,4,Malicious,1,Malicious,1
1.27e-11,0.0,0.0,1,4,Malicious,1,Malicious,1
1.27e-11,0.0,0.0,1,4,Malicious,1,Malicious,1
3.98e-05,0.0,0.0,1,4,Malicious,1,Malicious,1
1.27e-11,0.0,0.0,1,4,Malicious,1,Malicious,1
1.27e-11,0.0,0.0,1,4,Malicious,1,Malicious,1
1.27e-11,0.0,0.0,1,4,Malicious,1,Malicious,1
0.000469129,3.21e-08,0.0,0,0,Benign,0,Benign,0
3.98e-05,0.0,0.0,1,4,Benign,0,Benign,1
0.0,0.0,0.0,1,4,Malicious,1,Malicious,1
1.27e-11,0.0,0.0,1,4,Malicious,1,Malicious,1
9.51e-09,2.58e-08,1.34e-07,2,8,Benign,0,Benign,0
2.63e-05,4.3e-08,7.22e-07,1,7,Malicious,1,Malicious,1
3.22e-09,0.0,0.0,1,4,Malicious,1,Malicious,1
1.37e-07,2.12e-08,1.57e-07,2,8,Benign,0,Benign,0
1.27e-11,0.0,0.0,1,4,Malicious,1,Malicious,1
3.79e-05,0.0,0.0,1,4,Malicious,1,Malicious,1
3.98e-05,0.0,0.0,1,4,Malicious,1,Malicious,1
0.0,0.0,0.0,1,4,Malicious,1,Malicious,1
5.07e-11,0.0,0.0,1,4,Malicious,1,Malicious,1
3.13e-09,0.0,0.0,1,4,Malicious,1,Malicious,1
3.8e-05,0.0,0.0,1,4,Malicious,1,Malicious,1
3.92e-05,0.0,0.0,1,4,Malicious,1,Malicious,1
5.07e-11,0.0,0.0,1,4,Malicious,1,Malicious,1
1.27e-11,0.0,0.0,1,4,Malicious,1,Malicious,1
3.22e-09,0.0,0.0,1,4,Malicious,1,Malicious,1
3.93e-05,0.0,0.0,1,4,Malicious,1,Malicious,1
1.27e-11,0.0,0.0,1,4,Malicious,1,Malicious,1
1.27e-11,0.0,0.0,1,4,Malicious,1,Malicious,1
1.27e-11,0.0,0.0,1,4,Malicious,1,Malicious,1
1.46e-07,2.58e-08,1.34e-07,2,8,Benign,0,Benign,0
6.35e-05,4.47e-08,0.0,2,4,Benign,0,Benign,0
1.27e-11,0.0,0.0,1,4,Malicious,1,Malicious,1
3.22e-09,0.0,0.0,1,4,Malicious,1,Malicious,1
1.27e-11,0.0,0.0,1,4,Malicious,1,Malicious,1
1.27e-11,0.0,0.0,1,4,Malicious,1,Malicious,1
1.27e-11,0.0,0.0,1,4,Malicious,1,Malicious,1
1.27e-11,0.0,0.0,1,4,Malicious,1,Malicious,1
1.01e-10,0.0,0.0,1,4,Malicious,1,Malicious,1
1.27e-11,0.0,0.0,1,4,Malicious,1,Malicious,1
1.27e-11,0.0,0.0,1,4,Malicious,1,Malicious,1
0.000444018,1.82e-07,0.0,2,4,Benign,0,Benign,0
6.3e-09,1.66e-08,1.34e-07,2,8,Benign,0,Benign,0
6.32e-09,1.66e-08,1.34e-07,2,8,Benign,0,Benign,0
3.79e-05,0.0,0.0,1,4,Malicious,1,Malicious,1
5.24e-07,2.46e-08,3.3e-07,2,8,Benign,0,Benign,0
6.41e-09,0.0,0.0,1,4,Malicious,1,Malicious,1
6.32e-09,1.66e-08,1.34e-07,2,8,Benign,0,Benign,0
6.34e-05,4.47e-08,0.0,2,4,Benign,0,Benign,0
1.27e-11,0.0,0.0,1,4,Malicious,1,Malicious,1
1.27e-11,0.0,0.0,1,4,Malicious,1,Malicious,1
1.27e-11,0.0,0.0,1,4,Malicious,1,Malicious,1
1.27e-11,0.0,0.0,1,4,Malicious,1,Malicious,1
5.07e-11,0.0,0.0,1,4,Malicious,1,Malicious,1
6.35e-05,4.47e-08,0.0,2,4,Benign,0,Benign,0
1.27e-11,0.0,0.0,1,4,Malicious,1,Malicious,1
3.48e-08,2.75e-08,1.43e-07,2,8,Benign,0,Benign,0
0.0,0.0,0.0,1,4,Malicious,1,Malicious,1
3.79e-05,0.0,0.0,1,4,Malicious,1,Malicious,1
0.0,0.0,0.0,1,4,Malicious,1,Malicious,1
6.34e-11,0.0,0.0,1,4,Malicious,1,Malicious,1
3.94e-05,0.0,0.0,1,4,Malicious,1,Malicious,1
3.93e-05,0.0,0.0,1,4,Benign,0,Benign,1
1.27e-11,0.0,0.0,1,4,Malicious,1,Malicious,1
2.18e-07,2.12e-08,1.57e-07,2,8,Benign,0,Benign,0
3.92e-05,0.0,0.0,1,4,Benign,0,Benign,1
5.05e-05,5.02e-07,0.0,2,4,Benign,0,Benign,0
3.98e-05,0.0,0.0,1,4,Malicious,1,Malicious,1
3.95e-05,0.0,0.0,1,4,Malicious,1,Malicious,1
3.8e-05,0.0,0.0,1,4,Malicious,1,Malicious,1
1.84e-07,2.75e-08,1.43e-07,2,8,Benign,0,Benign,0
1.27e-11,0.0,0.0,1,4,Malicious,1,Malicious,1
5.89e-09,1.66e-08,1.34e-07,2,8,Benign,0,Benign,0
8.55e-08,2.75e-08,1.43e-07,2,8,Benign,0,Benign,0
1.27e-11,0.0,0.0,1,4,Malicious,1,Malicious,1
1.27e-11,0.0,0.0,1,4,Malicious,1,Malicious,1
6.34e-11,0.0,0.0,1,4,Malicious,1,Malicious,1
3.33e-07,1.66e-08,1.34e-07,2,8,Benign,0,Benign,0
1.27e-11,0.0,0.0,1,4,Malicious,1,Malicious,1
0.0,0.0,0.0,1,4,Malicious,1,Malicious,1
0.0,0.0,0.0,1,4,Malicious,1,Malicious,1
5.07e-11,0.0,0.0,1,4,Malicious,1,Malicious,1
4.43e-08,2.75e-08,1.43e-07,2,8,Benign,0,Benign,0
2.63e-09,0.0,0.0,1,4,Malicious,1,Malicious,1
5.07e-11,0.0,0.0,1,4,Malicious,1,Malicious,1
1.9e-08,2.75e-08,1.43e-07,2,8,Benign,0,Benign,0
1.27e-11,0.0,0.0,1,4,Malicious,1,Malicious,1
4.75e-07,2.58e-08,1.34e-07,2,8,Benign,0,Benign,0
4.95e-07,0.0,0.0,1,8,Benign,0,Benign,0
3.93e-05,0.0,0.0,1,4,Malicious,1,Malicious,1
5.25e-05,4.3e-08,7.22e-07,1,7,Malicious,1,Malicious,1
0.0,0.0,0.0,1,4,Malicious,1,Malicious,1
1.27e-11,0.0,0.0,1,4,Malicious,1,Malicious,1
3.23e-09,0.0,0.0,1,4,Malicious,1,Malicious,1
2.21e-08,2.75e-08,1.43e-07,2,8,Benign,0,Benign,0
3.94e-05,0.0,0.0,1,4,Malicious,1,Malicious,1
2.19e-08,2.75e-08,1.43e-07,2,8,Benign,0,Benign,0
9.49e-09,2.58e-08,1.34e-07,2,8,Benign,0,Benign,0
1.27e-11,0.0,0.0,1,4,Malicious,1,Malicious,1
3.94e-05,0.0,0.0,1,4,Malicious,1,Malicious,1
5.07e-11,0.0,0.0,1,4,Malicious,1,Malicious,1
3.81e-11,0.0,0.0,1,4,Malicious,1,Malicious,1
6.32e-09,1.66e-08,1.34e-07,2,8,Benign,0,Benign,0
0.0,0.0,0.0,1,4,Malicious,1,Malicious,1
0.000126459,1.65e-07,8.56e-07,2,8,Benign,0,Benign,0
6.33e-08,2.75e-08,1.43e-07,2,8,Benign,0,Benign,0
2.07e-07,2.64e-08,1.84e-07,2,8,Benign,0,Benign,0
1.27e-11,0.0,0.0,1,4,Malicious,1,Malicious,1
6.32e-09,1.66e-08,1.34e-07,2,8,Benign,0,Benign,0
3.96e-05,0.0,0.0,1,4,Benign,0,Benign,1
1.27e-11,0.0,0.0,1,4,Malicious,1,Malicious,1
3.8e-05,0.0,0.0,1,4,Malicious,1,Malicious,1
3.96e-05,0.0,0.0,1,4,Malicious,1,Malicious,1
3.79e-05,0.0,0.0,1,4,Malicious,1,Malicious,1
3.99e-05,0.0,0.0,1,4,Benign,0,Benign,1
1.27e-11,0.0,0.0,1,4,Malicious,1,Malicious,1
5.07e-11,0.0,0.0,1,4,Malicious,1,Malicious,1
6.33e-09,2.58e-08,1.34e-07,2,8,Benign,0,Benign,0
1.23e-06,2.24e-08,3.06e-07,2,8,Benign,0,Benign,0
3.8e-05,0.0,0.0,1,4,Malicious,1,Malicious,1
5.34e-05,4.3e-08,7.22e-07,1,7,Malicious,1,Malicious,1
4e-05,0.0,0.0,1,4,Malicious,1,Malicious,1
1.27e-11,0.0,0.0,1,4,Malicious,1,Malicious,1
0.0,0.0,0.0,1,4,Malicious,1,Malicious,1
6.1e-09,2.58e-08,1.34e-07,2,8,Benign,0,Benign,0
3.95e-05,0.0,0.0,1,4,Benign,0,Benign,1
0.0,0.0,0.0,1,4,Malicious,1,Malicious,1
0.000419343,3.55e-08,7.99e-07,1,7,Malicious,1,Malicious,1
3.5e-06,0.0,0.0,1,1,Benign,0,Benign,0
1.27e-11,0.0,0.0,1,4,Malicious,1,Malicious,1
1.27e-11,0.0,0.0,1,4,Malicious,1,Malicious,1
1.27e-11,0.0,0.0,1,4,Malicious,1,Malicious,1
3.92e-05,0.0,0.0,1,4,Malicious,1,Malicious,1
3.99e-05,0.0,0.0,1,4,Malicious,1,Malicious,1
3.93e-05,0.0,0.0,1,4,Malicious,1,Malicious,1
2.2e-08,2.75e-08,1.43e-07,2,8,Benign,0,Benign,0
3.94e-05,0.0,0.0,1,4,Benign,0,Benign,1
3.99e-05,0.0,0.0,1,4,Malicious,1,Malicious,1
3.93e-05,0.0,0.0,1,4,Benign,0,Benign,1
3.95e-05,0.0,0.0,1,4,Benign,0,Benign,1
0.001523527,1.09e-07,0.000562944,1,7,Benign,0,Benign,0
5.07e-11,0.0,0.0,1,4,Malicious,1,Malicious,1
1.27e-11,0.0,0.0,1,4,Malicious,1,Malicious,1
6.44e-09,0.0,0.0,1,4,Malicious,1,Malicious,1
0.0,0.0,0.0,1,4,Malicious,1,Malicious,1
0.0,0.0,0.0,1,4,Malicious,1,Malicious,1
2.21e-08,2.75e-08,1.43e-07,2,8,Benign,0,Benign,0
3.95e-05,0.0,0.0,1,4,Malicious,1,Malicious,1
6.35e-05,4.47e-08,0.0,2,4,Benign,0,Benign,0
6.39e-05,4.47e-08,3.06e-07,2,8,Benign,0,Benign,0
6.75e-07,4.47e-08,5.85e-07,2,8,Benign,0,Benign,0
9.66e-06,9e-08,0.000161374,1,8,Malicious,1,Malicious,1
1.27e-11,0.0,0.0,1,4,Malicious,1,Malicious,1
3.96e-05,0.0,0.0,1,4,Benign,0,Benign,1
3.93e-05,0.0,0.0,1,4,Malicious,1,Malicious,1
1.63e-06,2.75e-08,1.43e-07,2,8,Benign,0,Benign,0
5.07e-11,0.0,0.0,1,4,Malicious,1,Malicious,1
5.07e-11,0.0,0.0,1,4,Malicious,1,Malicious,1
3.8e-05,0.0,0.0,1,4,Malicious,1,Malicious,1
6.34e-11,0.0,0.0,1,4,Malicious,1,Malicious,1
1.27e-11,0.0,0.0,1,4,Malicious,1,Malicious,1
2.56e-09,0.0,0.0,1,4,Malicious,1,Malicious,1
3.98e-05,0.0,0.0,1,4,Malicious,1,Malicious,1
1.27e-11,0.0,0.0,1,4,Malicious,1,Malicious,1
4.01e-05,0.0,0.0,1,4,Malicious,1,Malicious,1
3.16e-09,0.0,0.0,1,4,Malicious,1,Malicious,1
3.93e-05,0.0,0.0,1,4,Malicious,1,Malicious,1
0.000748294,1.98e-07,0.0,2,4,Benign,0,Benign,0
3.99e-05,0.0,0.0,1,4,Benign,0,Benign,1
3.81e-11,0.0,0.0,1,4,Malicious,1,Malicious,1
3.98e-05,0.0,0.0,1,4,Malicious,1,Malicious,1
1.27e-11,0.0,0.0,1,4,Malicious,1,Malicious,1
4e-05,0.0,0.0,1,4,Malicious,1,Malicious,1
1.27e-11,0.0,0.0,1,4,Malicious,1,Malicious,1
1.27e-11,0.0,0.0,1,4,Malicious,1,Malicious,1
1.27e-11,0.0,0.0,1,4,Malicious,1,Malicious,1
1.27e-11,0.0,0.0,1,4,Malicious,1,Malicious,1
9.5e-09,2.58e-08,1.34e-07,2,8,Benign,0,Benign,0
3.95e-05,0.0,0.0,1,4,Benign,0,Benign,1
4e-05,0.0,0.0,1,4,Benign,0,Benign,1
5.07e-11,0.0,0.0,1,4,Malicious,1,Malicious,1
8.88e-11,0.0,0.0,1,4,Malicious,1,Malicious,1
3.95e-05,0.0,0.0,1,4,Malicious,1,Malicious,1
4.91e-07,2.75e-08,1.43e-07,2,8,Benign,0,Benign,0
3.95e-05,0.0,0.0,1,4,Benign,0,Benign,1
1.27e-11,0.0,0.0,1,4,Malicious,1,Malicious,1
3.98e-05,0.0,0.0,1,4,Benign,0,Benign,1
3.97e-05,0.0,0.0,1,4,Malicious,1,Malicious,1
6.34e-11,0.0,0.0,1,4,Malicious,1,Malicious,1
1.27e-11,0.0,0.0,1,4,Malicious,1,Malicious,1
3.14e-06,7.74e-08,7.07e-07,1,8,Benign,0,Benign,0
6.34e-11,0.0,0.0,1,4,Malicious,1,Malicious,1
3.22e-09,0.0,0.0,1,4,Malicious,1,Malicious,1
2.19e-08,2.75e-08,1.43e-07,2,8,Benign,0,Benign,0
1.27e-11,0.0,0.0,1,4,Malicious,1,Malicious,1
1.27e-11,0.0,0.0,1,4,Malicious,1,Malicious,1
3.92e-05,0.0,0.0,1,4,Malicious,1,Malicious,1
3.8e-05,0.0,0.0,1,4,Malicious,1,Malicious,1
1.27e-11,0.0,0.0,1,4,Malicious,1,Malicious,1
4e-05,0.0,0.0,1,4,Malicious,1,Malicious,1
3.29e-09,0.0,0.0,1,4,Malicious,1,Malicious,1
3.08e-09,0.0,0.0,1,4,Malicious,1,Malicious,1
1.89e-08,2.75e-08,1.43e-07,2,8,Benign,0,Benign,0
1.27e-11,0.0,0.0,1,4,Malicious,1,Malicious,1
6.35e-05,4.47e-08,0.0,2,4,Benign,0,Benign,0
3.79e-05,0.0,0.0,1,4,Malicious,1,Malicious,1
1.27e-11,0.0,0.0,1,4,Malicious,1,Malicious,1
3.99e-05,0.0,0.0,1,4,Malicious,1,Malicious,1
3.94e-05,0.0,0.0,1,4,Malicious,1,Malicious,1
3.27e-09,0.0,0.0,1,4,Malicious,1,Malicious,1
3.87e-06,0.0,0.0,1,1,Benign,0,Benign,0
4.01e-05,0.0,0.0,1,4,Malicious,1,Malicious,1
1.27e-11,0.0,0.0,1,4,Malicious,1,Malicious,1
1.27e-11,0.0,0.0,1,4,Malicious,1,Malicious,1
1.27e-11,0.0,0.0,1,4,Malicious,1,Malicious,1
3.8e-05,0.0,0.0,1,4,Malicious,1,Malicious,1
3.93e-05,0.0,0.0,1,4,Benign,0,Benign,1
0.0,0.0,0.0,1,4,Malicious,1,Malicious,1
5.07e-11,0.0,0.0,1,4,Malicious,1,Malicious,1
4e-05,0.0,0.0,1,4,Benign,0,Benign,1
1.27e-11,0.0,0.0,1,4,Malicious,1,Malicious,1
0.0,0.0,0.0,1,4,Malicious,1,Malicious,1
1.27e-11,0.0,0.0,1,4,Malicious,1,Malicious,1
1.27e-11,0.0,0.0,1,4,Malicious,1,Malicious,1
5.07e-11,0.0,0.0,1,4,Malicious,1,Malicious,1
1.27e-11,0.0,0.0,1,4,Malicious,1,Malicious,1
2.54e-11,0.0,0.0,1,4,Malicious,1,Malicious,1
0.0,0.0,0.0,1,4,Malicious,1,Malicious,1
1.27e-11,0.0,0.0,1,4,Malicious,1,Malicious,1
3.79e-05,0.0,0.0,1,4,Malicious,1,Malicious,1
1.27e-11,0.0,0.0,1,4,Malicious,1,Malicious,1
3.97e-05,0.0,0.0,1,4,Malicious,1,Malicious,1
7.61e-08,2.75e-08,1.43e-07,2,8,Benign,0,Benign,0
3.98e-05,0.0,0.0,1,4,Malicious,1,Malicious,1
1.38e-05,3.84e-08,6.92e-07,1,7,Benign,0,Benign,0
1.27e-11,0.0,0.0,1,4,Malicious,1,Malicious,1
2.41e-06,2.24e-08,2.79e-07,2,8,Benign,0,Benign,0
3.22e-09,0.0,0.0,1,4,Malicious,1,Malicious,1
3.93e-05,0.0,0.0,1,4,Malicious,1,Malicious,1
4.76e-08,2.75e-08,1.43e-07,2,8,Benign,0,Benign,0
1.27e-11,0.0,0.0,1,4,Malicious,1,Malicious,1
9.4e-09,2.58e-08,1.34e-07,2,8,Benign,0,Benign,0
1.27e-11,0.0,0.0,1,4,Malicious,1,Malicious,1
1.89e-08,2.75e-08,1.43e-07,2,8,Benign,0,Benign,0
3.93e-05,0.0,0.0,1,4,Benign,0,Benign,1
3.81e-11,0.0,0.0,1,4,Malicious,1,Malicious,1
5.07e-11,0.0,0.0,1,4,Malicious,1,Malicious,1
3.92e-05,0.0,0.0,1,4,Malicious,1,Malicious,1
3.97e-05,0.0,0.0,1,4,Malicious,1,Malicious,1
1.27e-11,0.0,0.0,1,4,Malicious,1,Malicious,1
3.8e-05,0.0,0.0,1,4,Malicious,1,Malicious,1
5.07e-11,0.0,0.0,1,4,Malicious,1,Malicious,1
1.27e-11,0.0,0.0,1,4,Malicious,1,Malicious,1
1.89e-08,2.75e-08,1.43e-07,2,8,Benign,0,Benign,0
3.94e-05,0.0,0.0,1,4,Benign,0,Benign,1
6.34e-11,0.0,0.0,1,4,Malicious,1,Malicious,1
7.54e-07,2.75e-08,1.43e-07,2,8,Benign,0,Benign,0
3.8e-05,0.0,0.0,1,4,Malicious,1,Malicious,1
0.0,0.0,0.0,1,4,Malicious,1,Malicious,1
4.36e-06,0.0,0.0,1,1,Benign,0,Benign,0
6.28e-09,0.0,0.0,1,4,Malicious,1,Malicious,1
6.34e-11,0.0,0.0,1,4,Malicious,1,Malicious,1
1.27e-11,0.0,0.0,1,4,Malicious,1,Malicious,1
3.9e-07,3.21e-08,4.25e-07,2,8,Benign,0,Benign,0
7.9e-08,2.75e-08,1.43e-07,2,8,Benign,0,Benign,0
1.27e-11,0.0,0.0,1,4,Malicious,1,Malicious,1
0.0,0.0,0.0,1,4,Malicious,1,Malicious,1
0.0,0.0,0.0,1,4,Malicious,1,Malicious,1
4.01e-05,0.0,0.0,1,4,Benign,0,Benign,1
5.07e-11,0.0,0.0,1,4,Malicious,1,Malicious,1
4.9e-06,0.0,0.0,1,1,Benign,0,Benign,0
3.98e-05,0.0,0.0,1,4,Benign,0,Benign,1
3.97e-05,0.0,0.0,1,4,Malicious,1,Malicious,1
4.43e-08,2.75e-08,1.43e-07,2,8,Benign,0,Benign,0
1.27e-11,0.0,0.0,1,4,Malicious,1,Malicious,1
6.34e-11,0.0,0.0,1,4,Malicious,1,Malicious,1
3.81e-11,0.0,0.0,1,4,Malicious,1,Malicious,1
2.2e-08,2.75e-08,1.43e-07,2,8,Benign,0,Benign,0
9.56e-09,0.0,0.0,1,4,Malicious,1,Malicious,1
3.79e-05,0.0,0.0,1,4,Malicious,1,Malicious,1
3.99e-05,0.0,0.0,1,4,Malicious,1,Malicious,1
3.99e-05,0.0,0.0,1,4,Malicious,1,Malicious,1
5.07e-11,0.0,0.0,1,4,Malicious,1,Malicious,1
1.27e-11,0.0,0.0,1,4,Malicious,1,Malicious,1
6.35e-05,4.47e-08,0.0,2,4,Benign,0,Benign,0
1.27e-11,0.0,0.0,1,4,Malicious,1,Malicious,1
1.27e-11,0.0,0.0,1,4,Malicious,1,Malicious,1
1.27e-11,0.0,0.0,1,4,Malicious,1,Malicious,1
1.27e-11,0.0,0.0,1,4,Malicious,1,Malicious,1
1.27e-11,0.0,0.0,1,4,Malicious,1,Malicious,1
3.92e-05,0.0,0.0,1,4,Malicious,1,Malicious,1
6.33e-09,2.58e-08,1.34e-07,2,8,Benign,0,Benign,0
3.8e-05,0.0,0.0,1,4,Malicious,1,Malicious,1
6.35e-05,4.47e-08,0.0,2,4,Benign,0,Benign,0
5.07e-11,0.0,0.0,1,4,Malicious,1,Malicious,1
4e-05,0.0,0.0,1,4,Benign,0,Benign,1
5.07e-11,0.0,0.0,1,4,Malicious,1,Malicious,1
1.36e-05,3.84e-08,6.92e-07,1,7,Benign,0,Benign,0
3.97e-05,0.0,0.0,1,4,Benign,0,Benign,1
1.27e-11,0.0,0.0,1,4,Malicious,1,Malicious,1
2.21e-08,2.75e-08,1.43e-07,2,8,Benign,0,Benign,0
2.66e-09,0.0,0.0,1,4,Malicious,1,Malicious,1
1.27e-11,0.0,0.0,1,4,Malicious,1,Malicious,1
3.8e-05,0.0,0.0,1,4,Malicious,1,Malicious,1
3.8e-05,0.0,0.0,1,4,Malicious,1,Malicious,1
3.8e-05,0.0,0.0,1,4,Malicious,1,Malicious,1
1.46e-05,4.3e-08,7.22e-07,1,7,Malicious,1,Malicious,1
4e-05,0.0,0.0,1,4,Benign,0,Benign,1
1.27e-11,0.0,0.0,1,4,Malicious,1,Malicious,1
1.27e-11,0.0,0.0,1,4,Malicious,1,Malicious,1
1.27e-11,0.0,0.0,1,4,Malicious,1,Malicious,1
1.27e-11,0.0,0.0,1,4,Malicious,1,Malicious,1
1.27e-11,0.0,0.0,1,4,Malicious,1,Malicious,1
3.26e-06,0.0,0.0,1,1,Benign,0,Benign,0
1.27e-11,0.0,0.0,1,4,Malicious,1,Malicious,1
3.95e-05,0.0,0.0,1,4,Benign,0,Benign,1
3.8e-05,0.0,0.0,1,4,Malicious,1,Malicious,1
4.74e-08,1.66e-08,1.34e-07,2,8,Benign,0,Benign,0
3.92e-05,0.0,0.0,1,4,Malicious,1,Malicious,1
1.27e-11,0.0,0.0,1,4,Malicious,1,Malicious,1
1.27e-11,0.0,0.0,1,4,Malicious,1,Malicious,1
1.14e-10,0.0,0.0,1,4,Malicious,1,Malicious,1
6.34e-11,0.0,0.0,1,4,Malicious,1,Malicious,1
1.27e-11,0.0,0.0,1,4,Malicious,1,Malicious,1
1.27e-11,0.0,0.0,1,4,Malicious,1,Malicious,1
1.27e-11,0.0,0.0,1,4,Malicious,1,Malicious,1
4.11e-06,0.0,0.0,1,1,Benign,0,Benign,0
3.91e-05,0.0,0.0,1,4,Malicious,1,Malicious,1
1.27e-11,0.0,0.0,1,4,Malicious,1,Malicious,1
3.97e-05,0.0,0.0,1,4,Malicious,1,Malicious,1
1.27e-11,0.0,0.0,1,4,Malicious,1,Malicious,1
3.99e-05,0.0,0.0,1,4,Malicious,1,Malicious,1
3.97e-05,0.0,0.0,1,4,Malicious,1,Malicious,1
1.27e-11,0.0,0.0,1,4,Malicious,1,Malicious,1
4.57e-06,0.0,0.0,1,1,Benign,0,Benign,0
1.15e-06,2.75e-08,1.43e-07,2,8,Benign,0,Benign,0
5.77e-06,2.24e-08,3.06e-07,2,8,Benign,0,Benign,0
3.93e-05,0.0,0.0,1,4,Malicious,1,Malicious,1
3.96e-05,0.0,0.0,1,4,Malicious,1,Malicious,1
1.27e-11,0.0,0.0,1,4,Malicious,1,Malicious,1
1.27e-11,0.0,0.0,1,4,Malicious,1,Malicious,1
3.59e-06,0.0,0.0,1,1,Benign,0,Benign,0
4.01e-05,0.0,0.0,1,4,Malicious,1,Malicious,1
1.27e-11,0.0,0.0,1,4,Malicious,1,Malicious,1
2.82e-05,1.56e-06,1.12e-05,1,8,Benign,0,Benign,0
5.07e-11,0.0,0.0,1,4,Malicious,1,Malicious,1
1.27e-11,0.0,0.0,1,4,Malicious,1,Malicious,1
1.27e-11,0.0,0.0,1,4,Malicious,1,Malicious,1
3.99e-05,0.0,0.0,1,4,Benign,0,Benign,1
1.27e-11,0.0,0.0,1,4,Malicious,1,Malicious,1
1.27e-11,0.0,0.0,1,4,Malicious,1,Malicious,1
1.27e-11,0.0,0.0,1,4,Malicious,1,Malicious,1
3.98e-05,0.0,0.0,1,4,Malicious,1,Malicious,1
1.27e-11,0.0,0.0,1,4,Malicious,1,Malicious,1
1.27e-11,0.0,0.0,1,4,Malicious,1,Malicious,1
1.27e-11,0.0,0.0,1,4,Malicious,1,Malicious,1
3.48e-08,1.66e-08,1.34e-07,2,8,Benign,0,Benign,0
4e-05,0.0,0.0,1,4,Benign,0,Benign,1
1.27e-11,0.0,0.0,1,4,Malicious,1,Malicious,1
3.99e-05,0.0,0.0,1,4,Malicious,1,Malicious,1
1.27e-11,0.0,0.0,1,4,Malicious,1,Malicious,1
1.01e-10,0.0,0.0,1,4,Malicious,1,Malicious,1
3.99e-05,0.0,0.0,1,4,Malicious,1,Malicious,1
3.15e-08,2.75e-08,1.43e-07,2,8,Benign,0,Benign,0
5.07e-11,0.0,0.0,1,4,Malicious,1,Malicious,1
1.27e-11,0.0,0.0,1,4,Malicious,1,Malicious,1
1.27e-11,0.0,0.0,1,4,Malicious,1,Malicious,1
3.8e-05,0.0,0.0,1,4,Malicious,1,Malicious,1
5.07e-11,0.0,0.0,1,4,Malicious,1,Malicious,1
1.27e-11,0.0,0.0,1,4,Malicious,1,Malicious,1
1.27e-11,0.0,0.0,1,4,Malicious,1,Malicious,1
2.64e-09,0.0,0.0,1,4,Malicious,1,Malicious,1
6.34e-11,0.0,0.0,1,4,Malicious,1,Malicious,1
3.8e-05,0.0,0.0,1,4,Malicious,1,Malicious,1
3.98e-05,0.0,0.0,1,4,Malicious,1,Malicious,1
1.27e-11,0.0,0.0,1,4,Malicious,1,Malicious,1
2.7e-09,0.0,0.0,1,4,Malicious,1,Malicious,1
3.97e-05,0.0,0.0,1,4,Malicious,1,Malicious,1
3.97e-05,0.0,0.0,1,4,Malicious,1,Malicious,1
0.000114096,4.07e-08,1.31e-06,1,8,Malicious,1,Malicious,1
1.89e-08,0.0,0.0,1,4,Malicious,1,Malicious,1
3.97e-05,0.0,0.0,1,4,Malicious,1,Malicious,1
3.95e-05,0.0,0.0,1,4,Malicious,1,Malicious,1
2.21e-08,2.75e-08,1.43e-07,2,8,Benign,0,Benign,0
4.88e-07,2.18e-08,1.6e-07,2,8,Benign,0,Benign,0
6.33e-08,2.75e-08,1.43e-07,2,8,Benign,0,Benign,0
7.61e-11,0.0,0.0,1,4,Malicious,1,Malicious,1
3.94e-05,0.0,0.0,1,4,Malicious,1,Malicious,1
2.2e-08,2.75e-08,1.43e-07,2,8,Benign,0,Benign,0
2.87e-09,0.0,0.0,1,4,Malicious,1,Malicious,1
1.39e-05,3.84e-08,6.92e-07,1,7,Benign,0,Benign,1
3.93e-05,0.0,0.0,1,4,Benign,0,Benign,1
3.93e-05,0.0,0.0,1,4,Benign,0,Benign,1
1.27e-11,0.0,0.0,1,4,Malicious,1,Malicious,1
3.99e-05,0.0,0.0,1,4,Benign,0,Benign,1
1.27e-11,0.0,0.0,1,4,Malicious,1,Malicious,1
3.99e-05,0.0,0.0,1,4,Malicious,1,Malicious,1
6.28e-09,1.66e-08,1.34e-07,2,8,Benign,0,Benign,0
6.34e-11,0.0,0.0,1,4,Malicious,1,Malicious,1
3.95e-05,0.0,0.0,1,4,Malicious,1,Malicious,1
3.8e-05,0.0,0.0,1,4,Malicious,1,Malicious,1
0.0,0.0,0.0,1,4,Malicious,1,Malicious,1
5.07e-11,0.0,0.0,1,4,Malicious,1,Malicious,1
3.98e-05,0.0,0.0,1,4,Malicious,1,Malicious,1
1.83e-06,2.75e-08,1.43e-07,2,8,Benign,0,Benign,0
5.07e-11,0.0,0.0,1,4,Malicious,1,Malicious,1
3.95e-05,0.0,0.0,1,4,Malicious,1,Malicious,1
3.8e-08,2.75e-08,1.43e-07,2,8,Benign,0,Benign,0
1.27e-11,0.0,0.0,1,4,Malicious,1,Malicious,1
3.94e-05,0.0,0.0,1,4,Malicious,1,Malicious,1
1.27e-11,0.0,0.0,1,4,Malicious,1,Malicious,1
5.07e-11,0.0,0.0,1,4,Malicious,1,Malicious,1
3.8e-05,0.0,0.0,1,4,Malicious,1,Malicious,1
1.27e-11,0.0,0.0,1,4,Malicious,1,Malicious,1
3.95e-05,0.0,0.0,1,4,Benign,0,Benign,1
1.27e-11,0.0,0.0,1,4,Malicious,1,Malicious,1
2.53e-08,2.75e-08,1.43e-07,2,8,Benign,0,Benign,0
5.64e-07,2.75e-08,1.43e-07,2,8,Benign,0,Benign,0
3.97e-05,0.0,0.0,1,4,Benign,0,Benign,1
4.01e-05,0.0,0.0,1,4,Malicious,1,Malicious,1
0.0,0.0,0.0,1,4,Malicious,1,Malicious,1
2.19e-08,2.75e-08,1.43e-07,2,8,Benign,0,Benign,0
2.54e-08,2.75e-08,1.43e-07,2,8,Benign,0,Benign,0
9.49e-09,2.58e-08,1.34e-07,2,8,Benign,0,Benign,0
3.97e-05,0.0,0.0,1,4,Malicious,1,Malicious,1
1.29e-05,3.44e-08,3.68e-07,1,3,Malicious,1,Malicious,0
3.98e-05,0.0,0.0,1,4,Malicious,1,Malicious,1
1.27e-11,0.0,0.0,1,4,Malicious,1,Malicious,1
0.00041625,3.55e-08,7.99e-07,1,7,Malicious,1,Malicious,1
1.27e-11,0.0,0.0,1,4,Malicious,1,Malicious,1
0.0,0.0,0.0,1,4,Malicious,1,Malicious,1
3.8e-05,0.0,0.0,1,4,Malicious,1,Malicious,1
1.27e-11,0.0,0.0,1,4,Malicious,1,Malicious,1
3.21e-09,0.0,0.0,1,4,Malicious,1,Malicious,1
1.27e-11,0.0,0.0,1,4,Malicious,1,Malicious,1
1.27e-11,0.0,0.0,1,4,Malicious,1,Malicious,1
5.07e-11,0.0,0.0,1,4,Malicious,1,Malicious,1
3.8e-05,0.0,0.0,1,4,Malicious,1,Malicious,1
6.34e-11,0.0,0.0,1,4,Malicious,1,Malicious,1
1.27e-11,0.0,0.0,1,4,Malicious,1,Malicious,1
3.8e-05,0.0,0.0,1,4,Malicious,1,Malicious,1
3.8e-05,0.0,0.0,1,4,Malicious,1,Malicious,1
1.27e-11,0.0,0.0,1,4,Malicious,1,Malicious,1
5.07e-11,0.0,0.0,1,4,Malicious,1,Malicious,1
1.27e-11,0.0,0.0,1,4,Malicious,1,Malicious,1
3.8e-05,0.0,0.0,1,4,Malicious,1,Malicious,1
3.81e-11,0.0,0.0,1,4,Malicious,1,Malicious,1
3.79e-05,0.0,0.0,1,4,Malicious,1,Malicious,1
3.99e-07,2.75e-08,1.43e-07,2,8,Benign,0,Benign,0
1.27e-11,0.0,0.0,1,4,Malicious,1,Malicious,1
2.73e-05,3.84e-08,6.92e-07,1,7,Benign,0,Benign,1
0.0,0.0,0.0,1,4,Malicious,1,Malicious,1
3.8e-05,0.0,0.0,1,4,Malicious,1,Malicious,1
2.53e-08,2.75e-08,1.43e-07,2,8,Benign,0,Benign,0
3.93e-05,0.0,0.0,1,4,Malicious,1,Malicious,1
1.27e-11,0.0,0.0,1,4,Malicious,1,Malicious,1
1.29e-05,2.98e-08,3.68e-07,1,3,Benign,0,Benign,0
6.34e-11,0.0,0.0,1,4,Malicious,1,Malicious,1
3.96e-05,0.0,0.0,1,4,Benign,0,Benign,1
2.2e-08,2.75e-08,1.43e-07,2,8,Benign,0,Benign,0
5.07e-11,0.0,0.0,1,4,Malicious,1,Malicious,1
5.07e-11,0.0,0.0,1,4,Malicious,1,Malicious,1
1.27e-11,0.0,0.0,1,4,Malicious,1,Malicious,1
1.27e-11,0.0,0.0,1,4,Malicious,1,Malicious,1
0.0,0.0,0.0,1,4,Malicious,1,Malicious,1
1.27e-11,0.0,0.0,1,4,Malicious,1,Malicious,1
4.7e-05,3.38e-07,5.35e-06,1,8,Malicious,1,Malicious,1
3.22e-09,0.0,0.0,1,4,Malicious,1,Malicious,1
5.19e-05,3.84e-08,6.92e-07,1,7,Benign,0,Benign,1
0.0,0.0,0.0,1,4,Malicious,1,Malicious,1
6.34e-11,0.0,0.0,1,4,Malicious,1,Malicious,1
6.34e-11,0.0,0.0,1,4,Malicious,1,Malicious,1
3.97e-05,0.0,0.0,1,4,Malicious,1,Malicious,1
1.27e-11,0.0,0.0,1,4,Malicious,1,Malicious,1
1.27e-11,0.0,0.0,1,4,Malicious,1,Malicious,1
1.27e-11,0.0,0.0,1,4,Malicious,1,Malicious,1
6.24e-09,2.58e-08,1.34e-07,2,8,Benign,0,Benign,0
1.27e-11,0.0,0.0,1,4,Malicious,1,Malicious,1
9.5e-09,2.58e-08,1.34e-07,2,8,Benign,0,Benign,0
3.97e-05,0.0,0.0,1,4,Malicious,1,Malicious,1
0.0,0.0,0.0,1,4,Malicious,1,Malicious,1
0.0,0.0,0.0,1,4,Malicious,1,Malicious,1
3.99e-05,0.0,0.0,1,4,Malicious,1,Malicious,1
1.27e-11,0.0,0.0,1,4,Malicious,1,Malicious,1
4e-05,0.0,0.0,1,4,Malicious,1,Malicious,1
5.07e-11,0.0,0.0,1,4,Malicious,1,Malicious,1
1.27e-11,0.0,0.0,1,4,Malicious,1,Malicious,1
9.47e-09,1.66e-08,1.34e-07,2,8,Benign,0,Benign,0
5.07e-11,0.0,0.0,1,4,Malicious,1,Malicious,1
5.07e-11,0.0,0.0,1,4,Malicious,1,Malicious,1
5.07e-11,0.0,0.0,1,4,Malicious,1,Malicious,1
1.27e-11,0.0,0.0,1,4,Malicious,1,Malicious,1
1.08e-07,2.75e-08,1.43e-07,2,8,Benign,0,Benign,0
1.27e-11,0.0,0.0,1,4,Malicious,1,Malicious,1
1.27e-11,0.0,0.0,1,4,Malicious,1,Malicious,1
3.24e-07,2.75e-08,1.43e-07,2,8,Benign,0,Benign,0
1.27e-11,0.0,0.0,1,4,Malicious,1,Malicious,1
3.97e-05,0.0,0.0,1,4,Benign,0,Benign,1
3.8e-05,0.0,0.0,1,4,Malicious,1,Malicious,1
3.8e-05,0.0,0.0,1,4,Malicious,1,Malicious,1
3.22e-09,0.0,0.0,1,4,Malicious,1,Malicious,1
3.8e-05,0.0,0.0,1,4,Malicious,1,Malicious,1
6.35e-05,4.47e-08,0.0,2,4,Benign,0,Benign,0
5.07e-11,0.0,0.0,1,4,Malicious,1,Malicious,1
0.000418884,1.18e-07,8.23e-07,2,8,Benign,0,Benign,0
0.0,0.0,0.0,1,4,Malicious,1,Malicious,1
5.07e-11,0.0,0.0,1,4,Malicious,1,Malicious,1
3.8e-05,0.0,0.0,1,4,Malicious,1,Malicious,1
3.94e-05,0.0,0.0,1,4,Malicious,1,Malicious,1
6.34e-11,0.0,0.0,1,4,Malicious,1,Malicious,1
5.07e-11,0.0,0.0,1,4,Malicious,1,Malicious,1
3.25e-09,0.0,0.0,1,4,Malicious,1,Malicious,1
3.95e-05,0.0,0.0,1,4,Benign,0,Benign,1
1.27e-11,0.0,0.0,1,4,Malicious,1,Malicious,1
3.81e-11,0.0,0.0,1,4,Malicious,1,Malicious,1
4.11e-08,1.66e-08,1.34e-07,2,8,Benign,0,Benign,0
3.21e-09,0.0,0.0,1,4,Malicious,1,Malicious,1
6.64e-08,2.75e-08,1.43e-07,2,8,Benign,0,Benign,0
3.95e-05,0.0,0.0,1,4,Benign,0,Benign,1
4.01e-05,0.0,0.0,1,4,Benign,0,Benign,1
3.99e-05,0.0,0.0,1,4,Malicious,1,Malicious,1
3.8e-05,0.0,0.0,1,4,Malicious,1,Malicious,1
3.91e-06,2.24e-08,3.06e-07,2,8,Benign,0,Benign,0
1.27e-11,0.0,0.0,1,4,Malicious,1,Malicious,1
1.58e-08,1.66e-08,1.34e-07,2,8,Benign,0,Benign,0
3.92e-05,0.0,0.0,1,4,Benign,0,Benign,1
6.35e-05,4.47e-08,0.0,2,4,Benign,0,Benign,0
1.27e-11,0.0,0.0,1,4,Malicious,1,Malicious,1
3.22e-09,0.0,0.0,1,4,Malicious,1,Malicious,1
6.35e-05,4.47e-08,0.0,2,4,Benign,0,Benign,0
3.95e-05,0.0,0.0,1,4,Benign,0,Benign,1
1.27e-11,0.0,0.0,1,4,Malicious,1,Malicious,1
1.27e-11,0.0,0.0,1,4,Malicious,1,Malicious,1
0.0,0.0,0.0,1,4,Malicious,1,Malicious,1
1.27e-11,0.0,0.0,1,4,Malicious,1,Malicious,1
5.07e-11,0.0,0.0,1,4,Malicious,1,Malicious,1
1.01e-10,0.0,0.0,1,4,Malicious,1,Malicious,1
1.27e-11,0.0,0.0,1,4,Malicious,1,Malicious,1
0.000472214,3.55e-08,7.99e-07,1,7,Malicious,1,Malicious,1
1.27e-11,0.0,0.0,1,4,Malicious,1,Malicious,1
1.82e-06,2.75e-08,1.43e-07,2,8,Benign,0,Benign,0
3.94e-05,0.0,0.0,1,4,Benign,0,Benign,1
3.8e-05,0.0,0.0,1,4,Malicious,1,Malicious,1
1.27e-11,0.0,0.0,1,4,Malicious,1,Malicious,1
4.43e-08,1.66e-08,1.34e-07,2,8,Benign,0,Benign,0
6.34e-11,0.0,0.0,1,4,Malicious,1,Malicious,1
6.35e-05,4.47e-08,0.0,2,4,Benign,0,Benign,0
5.07e-11,0.0,0.0,1,4,Malicious,1,Malicious,1
3.22e-09,0.0,0.0,1,4,Malicious,1,Malicious,1
3.93e-05,0.0,0.0,1,4,Benign,0,Benign,1
1.27e-11,0.0,0.0,1,4,Malicious,1,Malicious,1
1.8e-06,0.0,0.0,1,1,Malicious,1,Malicious,0
6.08e-09,1.66e-08,1.34e-07,2,8,Benign,0,Benign,0
3.99e-05,0.0,0.0,1,4,Malicious,1,Malicious,1
6.35e-05,4.47e-08,0.0,2,4,Benign,0,Benign,0
3.8e-05,0.0,0.0,1,4,Malicious,1,Malicious,1
5.07e-11,0.0,0.0,1,4,Malicious,1,Malicious,1
3.42e-06,2.75e-08,1.43e-07,2,8,Benign,0,Benign,0
3.81e-11,0.0,0.0,1,4,Malicious,1,Malicious,1
3.22e-09,0.0,0.0,1,4,Malicious,1,Malicious,1
2.21e-08,2.75e-08,1.43e-07,2,8,Benign,0,Benign,0
6.34e-05,4.47e-08,0.0,2,4,Benign,0,Benign,0
1.27e-11,0.0,0.0,1,4,Malicious,1,Malicious,1
3.99e-05,0.0,0.0,1,4,Malicious,1,Malicious,1
3.94e-05,0.0,0.0,1,4,Malicious,1,Malicious,1
3.94e-05,0.0,0.0,1,4,Malicious,1,Malicious,1
5.78e-05,3.38e-07,5.35e-06,1,8,Malicious,1,Malicious,1
3.92e-05,0.0,0.0,1,4,Malicious,1,Malicious,1
5.07e-11,0.0,0.0,1,4,Malicious,1,Malicious,1
5.07e-11,0.0,0.0,1,4,Malicious,1,Malicious,1
6.29e-09,1.66e-08,1.34e-07,2,8,Benign,0,Benign,0
5.07e-11,0.0,0.0,1,4,Malicious,1,Malicious,1
1.27e-11,0.0,0.0,1,4,Malicious,1,Malicious,1
3.99e-05,0.0,0.0,1,4,Malicious,1,Malicious,1
3.92e-05,0.0,0.0,1,4,Benign,0,Benign,1
3.95e-05,0.0,0.0,1,4,Benign,0,Benign,1
1.27e-11,0.0,0.0,1,4,Malicious,1,Malicious,1
1.27e-11,0.0,0.0,1,4,Malicious,1,Malicious,1
3.22e-09,0.0,0.0,1,4,Malicious,1,Malicious,1
5.38e-08,2.75e-08,1.43e-07,2,8,Benign,0,Benign,0
3.92e-05,0.0,0.0,1,4,Benign,0,Benign,1
3.94e-05,0.0,0.0,1,4,Malicious,1,Malicious,1
5.07e-11,0.0,0.0,1,4,Malicious,1,Malicious,1
5.07e-11,0.0,0.0,1,4,Malicious,1,Malicious,1
7.62e-08,2.75e-08,1.43e-07,2,8,Benign,0,Benign,0
3.97e-05,0.0,0.0,1,4,Benign,0,Benign,1
6.41e-09,0.0,0.0,1,4,Malicious,1,Malicious,1
3.8e-05,0.0,0.0,1,4,Malicious,1,Malicious,1
6.33e-09,1.66e-08,1.34e-07,2,8,Benign,0,Benign,0
3.96e-05,0.0,0.0,1,4,Benign,0,Benign,1
1.39e-05,3.84e-08,6.92e-07,1,7,Benign,0,Benign,1
5.7e-08,1.66e-08,1.34e-07,2,8,Benign,0,Benign,0
3.97e-05,0.0,0.0,1,4,Malicious,1,Malicious,1
6.34e-11,0.0,0.0,1,4,Malicious,1,Malicious,1
3.22e-09,0.0,0.0,1,4,Malicious,1,Malicious,1
3.96e-05,0.0,0.0,1,4,Benign,0,Benign,1
5.07e-11,0.0,0.0,1,4,Malicious,1,Malicious,1
6.33e-09,2.58e-08,1.34e-07,2,8,Benign,0,Benign,0
1.27e-11,0.0,0.0,1,4,Malicious,1,Malicious,1
3.91e-05,0.0,0.0,1,4,Malicious,1,Malicious,1
3.23e-09,0.0,0.0,1,4,Malicious,1,Malicious,1
3.8e-05,0.0,0.0,1,4,Malicious,1,Malicious,1
1.27e-11,0.0,0.0,1,4,Malicious,1,Malicious,1
2.53e-08,2.75e-08,1.43e-07,2,8,Benign,0,Benign,0
3.95e-05,0.0,0.0,1,4,Malicious,1,Malicious,1
3.22e-09,0.0,0.0,1,4,Malicious,1,Malicious,1
3.8e-05,0.0,0.0,1,4,Malicious,1,Malicious,1
5.07e-11,0.0,0.0,1,4,Malicious,1,Malicious,1
1.27e-11,0.0,0.0,1,4,Malicious,1,Malicious,1
3.99e-05,0.0,0.0,1,4,Malicious,1,Malicious,1
3.8e-05,0.0,0.0,1,4,Malicious,1,Malicious,1
3.95e-05,0.0,0.0,1,4,Malicious,1,Malicious,1
3.91e-05,0.0,0.0,1,4,Malicious,1,Malicious,1
6.32e-09,2.58e-08,1.34e-07,2,8,Benign,0,Benign,0
3.8e-05,0.0,0.0,1,4,Malicious,1,Malicious,1
6.34e-11,0.0,0.0,1,4,Malicious,1,Malicious,1
3.97e-05,0.0,0.0,1,4,Benign,0,Benign,1
3.95e-05,0.0,0.0,1,4,Malicious,1,Malicious,1
5.07e-11,0.0,0.0,1,4,Malicious,1,Malicious,1
3.48e-08,2.75e-08,1.43e-07,2,8,Benign,0,Benign,0
3.21e-09,0.0,0.0,1,4,Malicious,1,Malicious,1
1.27e-11,0.0,0.0,1,4,Malicious,1,Malicious,1
5.07e-11,0.0,0.0,1,4,Malicious,1,Malicious,1
1.27e-11,0.0,0.0,1,4,Malicious,1,Malicious,1
6.34e-11,0.0,0.0,1,4,Malicious,1,Malicious,1
1.27e-11,0.0,0.0,1,4,Malicious,1,Malicious,1
3.98e-05,0.0,0.0,1,4,Benign,0,Benign,1
1.27e-11,0.0,0.0,1,4,Malicious,1,Malicious,1
1.27e-11,0.0,0.0,1,4,Malicious,1,Malicious,1
3.96e-05,0.0,0.0,1,4,Malicious,1,Malicious,1
1.27e-11,0.0,0.0,1,4,Malicious,1,Malicious,1
1.27e-11,0.0,0.0,1,4,Malicious,1,Malicious,1
1.27e-11,0.0,0.0,1,4,Malicious,1,Malicious,1
3.95e-05,0.0,0.0,1,4,Benign,0,Benign,1
1.89e-08,2.75e-08,1.43e-07,2,8,Benign,0,Benign,0
5.07e-11,0.0,0.0,1,4,Malicious,1,Malicious,1
6.35e-05,4.47e-08,0.0,2,4,Benign,0,Benign,0
3.8e-05,0.0,0.0,1,4,Malicious,1,Malicious,1
3.94e-05,0.0,0.0,1,4,Malicious,1,Malicious,1
7.07e-05,3.38e-07,5.35e-06,1,8,Malicious,1,Malicious,1
1.27e-11,0.0,0.0,1,4,Malicious,1,Malicious,1
1.01e-07,2.75e-08,1.43e-07,2,8,Benign,0,Benign,0
6.34e-11,0.0,0.0,1,4,Malicious,1,Malicious,1
0.003806977,1.67e-07,2.3e-06,1,8,Benign,0,Benign,0
6.32e-09,1.66e-08,1.34e-07,2,8,Benign,0,Benign,0
1.27e-11,0.0,0.0,1,4,Malicious,1,Malicious,1
3.79e-05,0.0,0.0,1,4,Malicious,1,Malicious,1
6.97e-08,5.5e-08,2.85e-07,2,8,Benign,0,Benign,0
0.0,0.0,0.0,1,4,Malicious,1,Malicious,1
3.93e-05,0.0,0.0,1,4,Malicious,1,Malicious,1
1.27e-11,0.0,0.0,1,4,Malicious,1,Malicious,1
3.8e-05,0.0,0.0,1,4,Malicious,1,Malicious,1
6.32e-09,1.66e-08,1.34e-07,2,8,Benign,0,Benign,0
3.93e-05,0.0,0.0,1,4,Benign,0,Benign,1
1.27e-11,0.0,0.0,1,4,Malicious,1,Malicious,1
3.81e-05,3.44e-08,0.0,2,4,Benign,0,Benign,0
3.8e-05,0.0,0.0,1,4,Malicious,1,Malicious,1
1.27e-11,0.0,0.0,1,4,Malicious,1,Malicious,1
3.22e-09,0.0,0.0,1,4,Malicious,1,Malicious,1
1.27e-11,0.0,0.0,1,4,Malicious,1,Malicious,1
3.99e-05,0.0,0.0,1,4,Benign,0,Benign,1
1.27e-11,0.0,0.0,1,4,Malicious,1,Malicious,1
1.27e-11,0.0,0.0,1,4,Malicious,1,Malicious,1
0.0,0.0,0.0,1,4,Malicious,1,Malicious,1
1.27e-11,0.0,0.0,1,4,Malicious,1,Malicious,1
1.27e-11,0.0,0.0,1,4,Malicious,1,Malicious,1
1.27e-11,0.0,0.0,1,4,Malicious,1,Malicious,1
5.07e-11,0.0,0.0,1,4,Malicious,1,Malicious,1
9.56e-09,0.0,0.0,1,4,Malicious,1,Malicious,1
3.91e-05,0.0,0.0,1,4,Malicious,1,Malicious,1
1.27e-11,0.0,0.0,1,4,Malicious,1,Malicious,1
3.8e-05,0.0,0.0,1,4,Malicious,1,Malicious,1
1.27e-11,0.0,0.0,1,4,Malicious,1,Malicious,1
4.01e-05,0.0,0.0,1,4,Benign,0,Benign,1
9.32e-09,2.58e-08,1.34e-07,2,8,Benign,0,Benign,0
2.65e-05,4.3e-08,7.22e-07,1,7,Malicious,1,Malicious,1
3.94e-05,0.0,0.0,1,4,Malicious,1,Malicious,1
0.0,0.0,0.0,1,4,Malicious,1,Malicious,1
2.54e-11,0.0,0.0,1,4,Malicious,1,Malicious,1
3.8e-05,0.0,0.0,1,4,Malicious,1,Malicious,1
0.000741186,1.72e-06,0.0,2,4,Benign,0,Benign,0
3.8e-05,0.0,0.0,1,4,Malicious,1,Malicious,1
3.8e-05,0.0,0.0,1,4,Malicious,1,Malicious,1
1.27e-11,0.0,0.0,1,4,Malicious,1,Malicious,1
3.8e-05,0.0,0.0,1,4,Malicious,1,Malicious,1
3.93e-05,0.0,0.0,1,4,Malicious,1,Malicious,1
3.97e-05,0.0,0.0,1,4,Malicious,1,Malicious,1
1.27e-11,0.0,0.0,1,4,Malicious,1,Malicious,1
4e-05,0.0,0.0,1,4,Malicious,1,Malicious,1
3.13e-09,0.0,0.0,1,4,Malicious,1,Malicious,1
4.01e-05,0.0,0.0,1,4,Malicious,1,Malicious,1
0.0,0.0,0.0,1,4,Malicious,1,Malicious,1
1.27e-11,0.0,0.0,1,4,Malicious,1,Malicious,1
2.53e-08,2.75e-08,1.43e-07,2,8,Benign,0,Benign,0
6.34e-11,0.0,0.0,1,4,Malicious,1,Malicious,1
2.25e-07,2.75e-08,1.43e-07,2,8,Benign,0,Benign,0
0.000742563,1.72e-06,0.0,2,4,Benign,0,Benign,0
1.27e-11,0.0,0.0,1,4,Malicious,1,Malicious,1
1.27e-11,0.0,0.0,1,4,Malicious,1,Malicious,1
0.0,0.0,0.0,1,4,Malicious,1,Malicious,1
0.000520237,1.82e-07,0.0,2,4,Benign,0,Benign,0
3.93e-05,0.0,0.0,1,4,Malicious,1,Malicious,1
3.92e-05,0.0,0.0,1,4,Malicious,1,Malicious,1
1.27e-11,0.0,0.0,1,4,Malicious,1,Malicious,1
1.27e-11,0.0,0.0,1,4,Malicious,1,Malicious,1
1.27e-11,0.0,0.0,1,4,Malicious,1,Malicious,1
5.07e-11,0.0,0.0,1,4,Malicious,1,Malicious,1
3.94e-05,0.0,0.0,1,4,Malicious,1,Malicious,1
6.34e-11,0.0,0.0,1,4,Malicious,1,Malicious,1
4e-05,0.0,0.0,1,4,Benign,0,Benign,1
1.05e-07,2.75e-08,1.43e-07,2,8,Benign,0,Benign,0
3.96e-05,0.0,0.0,1,4,Malicious,1,Malicious,1
0.0,0.0,0.0,1,4,Malicious,1,Malicious,1
3.97e-05,0.0,0.0,1,4,Malicious,1,Malicious,1
5.97e-05,4.3e-07,0.0,2,4,Benign,0,Benign,0
3.8e-05,0.0,0.0,1,4,Malicious,1,Malicious,1
5.07e-11,0.0,0.0,1,4,Malicious,1,Malicious,1
3.96e-05,0.0,0.0,1,4,Malicious,1,Malicious,1
3.91e-05,0.0,0.0,1,4,Malicious,1,Malicious,1
6.35e-05,4.47e-08,0.0,2,4,Benign,0,Benign,0
3.93e-05,0.0,0.0,1,4,Malicious,1,Malicious,1
3.99e-05,0.0,0.0,1,4,Malicious,1,Malicious,1
3.17e-08,2.75e-08,1.43e-07,2,8,Benign,0,Benign,0
1.27e-11,0.0,0.0,1,4,Malicious,1,Malicious,1
1.27e-11,0.0,0.0,1,4,Malicious,1,Malicious,1
1.27e-11,0.0,0.0,1,4,Malicious,1,Malicious,1
0.0,0.0,0.0,1,4,Malicious,1,Malicious,1
3.81e-11,0.0,0.0,1,4,Malicious,1,Malicious,1
3.81e-11,0.0,0.0,1,4,Malicious,1,Malicious,1
4e-05,0.0,0.0,1,4,Malicious,1,Malicious,1
3.99e-05,0.0,0.0,1,4,Malicious,1,Malicious,1
5.07e-11,0.0,0.0,1,4,Malicious,1,Malicious,1
3.99e-05,0.0,0.0,1,4,Malicious,1,Malicious,1
1.27e-11,0.0,0.0,1,4,Malicious,1,Malicious,1
3.8e-05,0.0,0.0,1,4,Malicious,1,Malicious,1
6.34e-11,0.0,0.0,1,4,Malicious,1,Malicious,1
3.8e-05,0.0,0.0,1,4,Malicious,1,Malicious,1
0.0,0.0,0.0,1,4,Malicious,1,Malicious,1
3.97e-05,0.0,0.0,1,4,Benign,0,Benign,1
3.92e-05,0.0,0.0,1,4,Malicious,1,Malicious,1
1.27e-11,0.0,0.0,1,4,Malicious,1,Malicious,1
0.0,0.0,0.0,1,4,Malicious,1,Malicious,1
5.07e-11,0.0,0.0,1,4,Malicious,1,Malicious,1
1.27e-11,0.0,0.0,1,4,Malicious,1,Malicious,1
3.91e-05,0.0,0.0,1,4,Malicious,1,Malicious,1
1.27e-11,0.0,0.0,1,4,Malicious,1,Malicious,1
3.13e-09,0.0,0.0,1,4,Malicious,1,Malicious,1
1.27e-11,0.0,0.0,1,4,Malicious,1,Malicious,1
0.0,0.0,0.0,1,4,Malicious,1,Malicious,1
2.21e-08,2.75e-08,1.43e-07,2,8,Benign,0,Benign,0
6.72e-07,0.0,0.0,1,1,Benign,0,Benign,1
5.07e-11,0.0,0.0,1,4,Malicious,1,Malicious,1
1.27e-11,0.0,0.0,1,4,Malicious,1,Malicious,1
1.27e-11,0.0,0.0,1,4,Malicious,1,Malicious,1
9.51e-08,5.5e-08,2.85e-07,2,8,Benign,0,Benign,0
3.96e-05,0.0,0.0,1,4,Malicious,1,Malicious,1
3.96e-05,0.0,0.0,1,4,Malicious,1,Malicious,1
3.21e-09,0.0,0.0,1,4,Malicious,1,Malicious,1
3.95e-05,0.0,0.0,1,4,Malicious,1,Malicious,1
3.93e-05,0.0,0.0,1,4,Malicious,1,Malicious,1
1.3e-05,3.44e-08,3.68e-07,1,3,Malicious,1,Malicious,0
1.27e-11,0.0,0.0,1,4,Malicious,1,Malicious,1
6.33e-08,2.75e-08,1.43e-07,2,8,Benign,0,Benign,0
1.27e-11,0.0,0.0,1,4,Malicious,1,Malicious,1
3.97e-05,0.0,0.0,1,4,Malicious,1,Malicious,1
0.000127017,1.1e-07,3.8e-07,2,8,Benign,0,Benign,0
1.27e-11,0.0,0.0,1,4,Malicious,1,Malicious,1
6.34e-11,0.0,0.0,1,4,Malicious,1,Malicious,1
6.34e-11,0.0,0.0,1,4,Malicious,1,Malicious,1
3.91e-05,0.0,0.0,1,4,Malicious,1,Malicious,1
3.8e-05,0.0,0.0,1,4,Malicious,1,Malicious,1
6.35e-05,4.47e-08,0.0,2,4,Benign,0,Benign,0
3.92e-05,0.0,0.0,1,4,Malicious,1,Malicious,1
3.8e-05,0.0,0.0,1,4,Malicious,1,Malicious,1
0.0,0.0,0.0,1,4,Malicious,1,Malicious,1
3.93e-05,0.0,0.0,1,4,Malicious,1,Malicious,1
5.07e-11,0.0,0.0,1,4,Malicious,1,Malicious,1
3.97e-05,0.0,0.0,1,4,Benign,0,Benign,1
1.27e-11,0.0,0.0,1,4,Malicious,1,Malicious,1
3.8e-05,0.0,0.0,1,4,Malicious,1,Malicious,1
3.99e-05,0.0,0.0,1,4,Malicious,1,Malicious,1
3.79e-05,0.0,0.0,1,4,Malicious,1,Malicious,1
0.0,0.0,0.0,1,4,Malicious,1,Malicious,1
1.27e-11,0.0,0.0,1,4,Malicious,1,Malicious,1
3.48e-08,2.75e-08,1.43e-07,2,8,Benign,0,Benign,0
3.99e-05,0.0,0.0,1,4,Malicious,1,Malicious,1
3.8e-05,0.0,0.0,1,4,Malicious,1,Malicious,1
3.95e-05,0.0,0.0,1,4,Malicious,1,Malicious,1
2.64e-09,0.0,0.0,1,4,Malicious,1,Malicious,1
1.27e-11,0.0,0.0,1,4,Malicious,1,Malicious,1
5.07e-11,0.0,0.0,1,4,Malicious,1,Malicious,1
6.34e-11,0.0,0.0,1,4,Malicious,1,Malicious,1
1.13e-06,1.06e-06,4.57e-06,1,8,Benign,0,Benign,0
1.27e-11,0.0,0.0,1,4,Malicious,1,Malicious,1
1.27e-11,0.0,0.0,1,4,Malicious,1,Malicious,1
3.95e-05,0.0,0.0,1,4,Benign,0,Benign,1
6.02e-08,2.58e-08,1.34e-07,2,8,Benign,0,Benign,0
5.07e-11,0.0,0.0,1,4,Malicious,1,Malicious,1
3.8e-05,0.0,0.0,1,4,Malicious,1,Malicious,1
0.0,0.0,0.0,1,4,Malicious,1,Malicious,1
5.07e-11,0.0,0.0,1,4,Malicious,1,Malicious,1
6.38e-09,0.0,0.0,1,4,Malicious,1,Malicious,1
1.27e-11,0.0,0.0,1,4,Malicious,1,Malicious,1
1.27e-11,0.0,0.0,1,4,Malicious,1,Malicious,1
3.99e-05,0.0,0.0,1,4,Malicious,1,Malicious,1
6.38e-09,0.0,0.0,1,4,Malicious,1,Malicious,1
6.34e-11,0.0,0.0,1,4,Malicious,1,Malicious,1
7.93e-08,2.75e-08,1.43e-07,2,8,Benign,0,Benign,0
5.07e-11,0.0,0.0,1,4,Malicious,1,Malicious,1
7.29e-08,2.75e-08,1.43e-07,2,8,Benign,0,Benign,0
1.27e-11,0.0,0.0,1,4,Malicious,1,Malicious,1
1.27e-11,0.0,0.0,1,4,Malicious,1,Malicious,1
3.95e-05,0.0,0.0,1,4,Malicious,1,Malicious,1
3.79e-05,0.0,0.0,1,4,Malicious,1,Malicious,1
0.0,0.0,0.0,1,4,Malicious,1,Malicious,1
1.37e-05,3.84e-08,6.92e-07,1,7,Benign,0,Benign,0
3.78e-08,6.88e-08,0.0,0,0,Benign,0,Benign,0
1.27e-11,0.0,0.0,1,4,Malicious,1,Malicious,1
3.8e-05,0.0,0.0,1,4,Malicious,1,Malicious,1
3.23e-09,0.0,0.0,1,4,Malicious,1,Malicious,1
7.6e-08,1.66e-08,1.34e-07,2,8,Benign,0,Benign,0
3.81e-11,0.0,0.0,1,4,Malicious,1,Malicious,1
5.07e-11,0.0,0.0,1,4,Malicious,1,Malicious,1
6.34e-11,0.0,0.0,1,4,Malicious,1,Malicious,1
1.29e-05,2.98e-08,3.68e-07,1,3,Benign,0,Benign,0
3.79e-05,0.0,0.0,1,4,Malicious,1,Malicious,1
5.07e-11,0.0,0.0,1,4,Malicious,1,Malicious,1
6.02e-08,2.75e-08,1.43e-07,2,8,Benign,0,Benign,0
2.19e-08,2.75e-08,1.43e-07,2,8,Benign,0,Benign,0
4e-05,0.0,0.0,1,4,Benign,0,Benign,1
3.96e-05,0.0,0.0,1,4,Malicious,1,Malicious,1
6.35e-05,4.47e-08,0.0,2,4,Benign,0,Benign,0
4e-05,0.0,0.0,1,4,Malicious,1,Malicious,1
4e-05,0.0,0.0,1,4,Malicious,1,Malicious,1
3.15e-09,0.0,0.0,1,4,Malicious,1,Malicious,1
6.34e-11,0.0,0.0,1,4,Malicious,1,Malicious,1
6.34e-11,0.0,0.0,1,4,Malicious,1,Malicious,1
3.98e-05,0.0,0.0,1,4,Benign,0,Benign,1
3.95e-05,0.0,0.0,1,4,Benign,0,Benign,1
0.0,0.0,0.0,1,4,Malicious,1,Malicious,1
1.34e-05,4.24e-08,7.19e-07,1,7,Malicious,1,Malicious,0
3.96e-05,0.0,0.0,1,4,Malicious,1,Malicious,1
3.97e-05,0.0,0.0,1,4,Malicious,1,Malicious,1
6.43e-05,4.47e-08,3.06e-07,2,8,Benign,0,Benign,0
5.07e-11,0.0,0.0,1,4,Malicious,1,Malicious,1
0.001306499,3.04e-07,0.0,2,4,Benign,0,Benign,0
1.39e-06,2.75e-08,1.43e-07,2,8,Benign,0,Benign,0
1.27e-11,0.0,0.0,1,4,Malicious,1,Malicious,1
1.27e-11,0.0,0.0,1,4,Malicious,1,Malicious,1
1.27e-11,0.0,0.0,1,4,Malicious,1,Malicious,1
5.07e-11,0.0,0.0,1,4,Malicious,1,Malicious,1
3.8e-05,0.0,0.0,1,4,Malicious,1,Malicious,1
8.4e-07,2.75e-08,1.43e-07,2,8,Benign,0,Benign,0
3.79e-05,0.0,0.0,1,4,Malicious,1,Malicious,1
0.0,0.0,0.0,1,4,Malicious,1,Malicious,1
3.95e-05,0.0,0.0,1,4,Benign,0,Benign,1
3.99e-05,0.0,0.0,1,4,Malicious,1,Malicious,1
3.98e-05,0.0,0.0,1,4,Malicious,1,Malicious,1
2.21e-08,2.75e-08,1.43e-07,2,8,Benign,0,Benign,0
3.92e-05,0.0,0.0,1,4,Malicious,1,Malicious,1
3.97e-05,0.0,0.0,1,4,Benign,0,Benign,1
4.01e-05,0.0,0.0,1,4,Malicious,1,Malicious,1
3.97e-05,0.0,0.0,1,4,Malicious,1,Malicious,1
3.27e-09,0.0,0.0,1,4,Malicious,1,Malicious,1
3.93e-05,0.0,0.0,1,4,Malicious,1,Malicious,1
6.28e-09,2.58e-08,1.34e-07,2,8,Benign,0,Benign,0
2.21e-08,2.75e-08,1.43e-07,2,8,Benign,0,Benign,0
0.0,0.0,0.0,1,4,Malicious,1,Malicious,1
0.000913789,2.2e-07,1.14e-06,2,8,Benign,0,Benign,0
3.13e-09,0.0,0.0,1,4,Malicious,1,Malicious,1
6.35e-05,4.47e-08,0.0,2,4,Benign,0,Benign,0
9.36e-09,2.58e-08,1.34e-07,2,8,Benign,0,Benign,0
3.94e-05,0.0,0.0,1,4,Benign,0,Benign,1
3.27e-09,0.0,0.0,1,4,Malicious,1,Malicious,1
0.0,0.0,0.0,1,4,Malicious,1,Malicious,1
3.95e-05,0.0,0.0,1,4,Benign,0,Benign,1
1.27e-11,0.0,0.0,1,4,Malicious,1,Malicious,1
5.69e-08,5.5e-08,2.85e-07,2,8,Benign,0,Benign,0
5.07e-11,0.0,0.0,1,4,Malicious,1,Malicious,1
4.01e-05,0.0,0.0,1,4,Malicious,1,Malicious,1
3.8e-05,0.0,0.0,1,4,Malicious,1,Malicious,1
3.99e-05,0.0,0.0,1,4,Malicious,1,Malicious,1
1.27e-11,0.0,0.0,1,4,Malicious,1,Malicious,1
1.27e-11,0.0,0.0,1,4,Malicious,1,Malicious,1
3.93e-05,0.0,0.0,1,4,Malicious,1,Malicious,1
4e-05,0.0,0.0,1,4,Benign,0,Benign,1
3.95e-05,0.0,0.0,1,4,Malicious,1,Malicious,1
3.94e-05,0.0,0.0,1,4,Malicious,1,Malicious,1
6.35e-05,4.47e-08,0.0,2,4,Benign,0,Benign,0
3.8e-05,0.0,0.0,1,4,Malicious,1,Malicious,1
1.27e-11,0.0,0.0,1,4,Malicious,1,Malicious,1
3.8e-05,0.0,0.0,1,4,Malicious,1,Malicious,1
1.27e-11,0.0,0.0,1,4,Malicious,1,Malicious,1
3.81e-11,0.0,0.0,1,4,Malicious,1,Malicious,1
1.94e-06,0.0,0.0,1,1,Benign,0,Benign,0
4e-05,0.0,0.0,1,4,Benign,0,Benign,1
3.8e-05,0.0,0.0,1,4,Malicious,1,Malicious,1
3.8e-05,0.0,0.0,1,4,Malicious,1,Malicious,1
1.27e-11,0.0,0.0,1,4,Malicious,1,Malicious,1
1.27e-11,0.0,0.0,1,4,Malicious,1,Malicious,1
3.93e-05,0.0,0.0,1,4,Benign,0,Benign,1
1.01e-10,0.0,0.0,1,4,Malicious,1,Malicious,1
6.95e-08,2.75e-08,1.43e-07,2,8,Benign,0,Benign,0
1.27e-11,0.0,0.0,1,4,Malicious,1,Malicious,1
2.19e-07,6.08e-08,1.01e-06,2,8,Benign,0,Benign,0
0.0,0.0,0.0,1,4,Malicious,1,Malicious,1
1.27e-11,0.0,0.0,1,4,Malicious,1,Malicious,1
1.27e-11,0.0,0.0,1,4,Malicious,1,Malicious,1
3.8e-05,0.0,0.0,1,4,Malicious,1,Malicious,1
3.81e-11,0.0,0.0,1,4,Malicious,1,Malicious,1
1.53e-07,2.75e-08,1.43e-07,2,8,Benign,0,Benign,0
1.27e-11,0.0,0.0,1,4,Malicious,1,Malicious,1
3.98e-05,0.0,0.0,1,4,Benign,0,Benign,1
6.65e-08,5.5e-08,2.85e-07,2,8,Benign,0,Benign,0
3.22e-09,0.0,0.0,1,4,Malicious,1,Malicious,1
6.35e-05,4.47e-08,0.0,2,4,Benign,0,Benign,0
3.95e-05,0.0,0.0,1,4,Malicious,1,Malicious,1
1.27e-11,0.0,0.0,1,4,Malicious,1,Malicious,1
3.99e-05,0.0,0.0,1,4,Malicious,1,Malicious,1
5.07e-11,0.0,0.0,1,4,Malicious,1,Malicious,1
3.8e-05,0.0,0.0,1,4,Malicious,1,Malicious,1
1.27e-11,0.0,0.0,1,4,Malicious,1,Malicious,1
3.8e-05,0.0,0.0,1,4,Malicious,1,Malicious,1
5.07e-11,0.0,0.0,1,4,Malicious,1,Malicious,1
3.8e-08,1.66e-08,1.34e-07,2,8,Benign,0,Benign,0
1.35e-05,3.84e-08,6.92e-07,1,7,Benign,0,Benign,0
6.35e-05,4.47e-08,0.0,2,4,Benign,0,Benign,0
3.94e-05,0.0,0.0,1,4,Malicious,1,Malicious,1
1.27e-11,0.0,0.0,1,4,Malicious,1,Malicious,1
2.64e-05,4.3e-08,7.22e-07,1,7,Malicious,1,Malicious,1
3.94e-05,0.0,0.0,1,4,Benign,0,Benign,1
4e-05,0.0,0.0,1,4,Benign,0,Benign,1
3.48e-08,2.75e-08,1.43e-07,2,8,Benign,0,Benign,0
4e-05,0.0,0.0,1,4,Benign,0,Benign,1
3.23e-09,0.0,0.0,1,4,Malicious,1,Malicious,1
9.49e-09,1.66e-08,1.34e-07,2,8,Benign,0,Benign,0
3.93e-05,0.0,0.0,1,4,Malicious,1,Malicious,1
4.66e-07,2.24e-08,3.06e-07,2,8,Benign,0,Benign,0
1.08e-06,2.75e-08,1.43e-07,2,8,Benign,0,Benign,0
3.97e-05,0.0,0.0,1,4,Benign,0,Benign,1
3.93e-05,0.0,0.0,1,4,Benign,0,Benign,1
2.15e-07,2.75e-08,1.43e-07,2,8,Benign,0,Benign,0
3.48e-06,0.0,0.0,1,1,Benign,0,Benign,0
3.81e-11,0.0,0.0,1,4,Malicious,1,Malicious,1
1.27e-11,0.0,0.0,1,4,Malicious,1,Malicious,1
6.34e-11,0.0,0.0,1,4,Malicious,1,Malicious,1
1.27e-11,0.0,0.0,1,4,Malicious,1,Malicious,1
3.93e-05,0.0,0.0,1,4,Malicious,1,Malicious,1
3.93e-05,0.0,0.0,1,4,Malicious,1,Malicious,1
1.27e-11,0.0,0.0,1,4,Malicious,1,Malicious,1
5.07e-11,0.0,0.0,1,4,Malicious,1,Malicious,1
3.97e-05,0.0,0.0,1,4,Malicious,1,Malicious,1
3.98e-05,0.0,0.0,1,4,Benign,0,Benign,1
5.07e-11,0.0,0.0,1,4,Malicious,1,Malicious,1
1.27e-11,0.0,0.0,1,4,Malicious,1,Malicious,1
1.27e-11,0.0,0.0,1,4,Malicious,1,Malicious,1
3.8e-05,0.0,0.0,1,4,Malicious,1,Malicious,1
3.91e-05,0.0,0.0,1,4,Malicious,1,Malicious,1
3.46e-08,2.75e-08,1.43e-07,2,8,Benign,0,Benign,0
5.07e-11,0.0,0.0,1,4,Malicious,1,Malicious,1
1.27e-11,0.0,0.0,1,4,Malicious,1,Malicious,1
6.34e-11,0.0,0.0,1,4,Malicious,1,Malicious,1
3.92e-05,0.0,0.0,1,4,Malicious,1,Malicious,1
6.34e-11,0.0,0.0,1,4,Malicious,1,Malicious,1
1.27e-11,0.0,0.0,1,4,Malicious,1,Malicious,1
3.91e-05,0.0,0.0,1,4,Benign,0,Benign,1
1.27e-11,0.0,0.0,1,4,Malicious,1,Malicious,1
4.55e-06,0.0,0.0,1,1,Benign,0,Benign,0
4.01e-05,0.0,0.0,1,4,Malicious,1,Malicious,1
3.97e-05,0.0,0.0,1,4,Benign,0,Benign,1
5.24e-05,4.3e-08,6.95e-07,1,7,Malicious,1,Malicious,1
1.27e-11,0.0,0.0,1,4,Malicious,1,Malicious,1
1.39e-06,2.75e-08,1.43e-07,2,8,Benign,0,Benign,0
6.34e-11,0.0,0.0,1,4,Malicious,1,Malicious,1
2.21e-08,2.75e-08,1.43e-07,2,8,Benign,0,Benign,0
6.31e-08,2.75e-08,1.43e-07,2,8,Benign,0,Benign,0
3.98e-05,0.0,0.0,1,4,Malicious,1,Malicious,1
5.07e-11,0.0,0.0,1,4,Malicious,1,Malicious,1
3.79e-08,2.75e-08,1.43e-07,2,8,Benign,0,Benign,0
1.08e-06,2.75e-08,1.43e-07,2,8,Benign,0,Benign,0
6.98e-08,2.75e-08,1.43e-07,2,8,Benign,0,Benign,0
6.35e-05,4.47e-08,0.0,2,4,Benign,0,Benign,0
1.27e-11,0.0,0.0,1,4,Malicious,1,Malicious,1
3.98e-05,0.0,0.0,1,4,Malicious,1,Malicious,1
5.59e-05,3.38e-07,5.35e-06,1,8,Malicious,1,Malicious,1
2.85e-08,2.75e-08,1.43e-07,2,8,Benign,0,Benign,0
1.27e-11,0.0,0.0,1,4,Malicious,1,Malicious,1
1.39e-07,2.58e-08,1.34e-07,2,8,Benign,0,Benign,0
2.92e-09,0.0,0.0,1,4,Malicious,1,Malicious,1
1.27e-11,0.0,0.0,1,4,Malicious,1,Malicious,1
3.8e-05,0.0,0.0,1,4,Malicious,1,Malicious,1
3.81e-11,0.0,0.0,1,4,Malicious,1,Malicious,1
1.27e-11,0.0,0.0,1,4,Malicious,1,Malicious,1
3.47e-08,2.75e-08,1.43e-07,2,8,Benign,0,Benign,0
6.12e-07,1.95e-08,9.24e-07,2,8,Benign,0,Benign,0
1.27e-11,0.0,0.0,1,4,Malicious,1,Malicious,1
2.85e-08,1.66e-08,1.34e-07,2,8,Benign,0,Benign,0
5.07e-11,0.0,0.0,1,4,Malicious,1,Malicious,1
1.27e-11,0.0,0.0,1,4,Malicious,1,Malicious,1
0.000751159,1.72e-06,0.0,2,4,Benign,0,Benign,0
5.07e-11,0.0,0.0,1,4,Malicious,1,Malicious,1
5.07e-11,0.0,0.0,1,4,Malicious,1,Malicious,1
5.07e-11,0.0,0.0,1,4,Malicious,1,Malicious,1
5.7e-08,2.75e-08,1.43e-07,2,8,Benign,0,Benign,0
1.27e-11,0.0,0.0,1,4,Malicious,1,Malicious,1
1.27e-11,0.0,0.0,1,4,Malicious,1,Malicious,1
3.96e-05,0.0,0.0,1,4,Benign,0,Benign,1
1.27e-11,0.0,0.0,1,4,Malicious,1,Malicious,1
5.07e-11,0.0,0.0,1,4,Malicious,1,Malicious,1
3.8e-05,0.0,0.0,1,4,Malicious,1,Malicious,1
3.48e-08,2.75e-08,1.43e-07,2,8,Benign,0,Benign,0
3.16e-09,0.0,0.0,1,4,Malicious,1,Malicious,1
1.27e-11,0.0,0.0,1,4,Malicious,1,Malicious,1
6.35e-05,4.47e-08,0.0,2,4,Benign,0,Benign,0
3.95e-05,0.0,0.0,1,4,Malicious,1,Malicious,1
3.99e-05,0.0,0.0,1,4,Malicious,1,Malicious,1
6.34e-11,0.0,0.0,1,4,Malicious,1,Malicious,1
3.99e-05,0.0,0.0,1,4,Malicious,1,Malicious,1
1.27e-11,0.0,0.0,1,4,Malicious,1,Malicious,1
3.82e-05,3.44e-08,0.0,2,4,Benign,0,Benign,0
9.06e-07,2.75e-08,1.43e-07,2,8,Benign,0,Benign,0
3.95e-05,0.0,0.0,1,4,Malicious,1,Malicious,1
3.95e-05,0.0,0.0,1,4,Benign,0,Benign,1
3.22e-09,0.0,0.0,1,4,Malicious,1,Malicious,1
1.41e-05,4.3e-08,7.22e-07,1,7,Malicious,1,Malicious,1
5.07e-11,0.0,0.0,1,4,Malicious,1,Malicious,1
1.29e-05,4.3e-08,6.95e-07,1,7,Malicious,1,Malicious,1
6.34e-11,0.0,0.0,1,4,Malicious,1,Malicious,1
1.27e-11,0.0,0.0,1,4,Malicious,1,Malicious,1
0.000443793,3.55e-08,7.99e-07,1,7,Malicious,1,Malicious,1
3.8e-05,0.0,0.0,1,4,Malicious,1,Malicious,1
6.35e-05,4.47e-08,0.0,2,4,Benign,0,Benign,0
1.27e-11,0.0,0.0,1,4,Malicious,1,Malicious,1
1.27e-11,0.0,0.0,1,4,Malicious,1,Malicious,1
1.27e-11,0.0,0.0,1,4,Malicious,1,Malicious,1
1.89e-08,2.75e-08,1.43e-07,2,8,Benign,0,Benign,0
1.27e-11,0.0,0.0,1,4,Malicious,1,Malicious,1
1.27e-11,0.0,0.0,1,4,Malicious,1,Malicious,1
6.34e-11,0.0,0.0,1,4,Malicious,1,Malicious,1
1.27e-11,0.0,0.0,1,4,Malicious,1,Malicious,1
1.29e-05,2.98e-08,3.68e-07,1,3,Benign,0,Benign,0
3.93e-05,0.0,0.0,1,4,Benign,0,Benign,1
3.79e-05,0.0,0.0,1,4,Malicious,1,Malicious,1
1.27e-11,0.0,0.0,1,4,Malicious,1,Malicious,1
4e-05,0.0,0.0,1,4,Benign,0,Benign,1
9.5e-09,2.58e-08,1.34e-07,2,8,Benign,0,Benign,0
6.02e-08,2.75e-08,1.43e-07,2,8,Benign,0,Benign,0
5.07e-11,0.0,0.0,1,4,Malicious,1,Malicious,1
3.98e-05,0.0,0.0,1,4,Malicious,1,Malicious,1
3.58e-07,2.75e-08,1.43e-07,2,8,Benign,0,Benign,0
3.21e-09,0.0,0.0,1,4,Malicious,1,Malicious,1
1.27e-11,0.0,0.0,1,4,Malicious,1,Malicious,1
3.97e-05,0.0,0.0,1,4,Benign,0,Benign,1
1.27e-11,0.0,0.0,1,4,Malicious,1,Malicious,1
3.8e-05,0.0,0.0,1,4,Malicious,1,Malicious,1
3.8e-05,0.0,0.0,1,4,Malicious,1,Malicious,1
1.27e-11,0.0,0.0,1,4,Malicious,1,Malicious,1
3.23e-09,0.0,0.0,1,4,Malicious,1,Malicious,1
3.8e-05,0.0,0.0,1,4,Malicious,1,Malicious,1
3.95e-05,0.0,0.0,1,4,Benign,0,Benign,1
1.27e-11,0.0,0.0,1,4,Malicious,1,Malicious,1
3.95e-05,0.0,0.0,1,4,Malicious,1,Malicious,1
1.27e-11,0.0,0.0,1,4,Malicious,1,Malicious,1
3.99e-05,0.0,0.0,1,4,Malicious,1,Malicious,1
3.95e-05,0.0,0.0,1,4,Malicious,1,Malicious,1
3.8e-05,0.0,0.0,1,4,Malicious,1,Malicious,1
3.98e-05,0.0,0.0,1,4,Malicious,1,Malicious,1
1.27e-11,0.0,0.0,1,4,Malicious,1,Malicious,1
3.92e-05,0.0,0.0,1,4,Malicious,1,Malicious,1
4e-05,0.0,0.0,1,4,Malicious,1,Malicious,1
1.27e-11,0.0,0.0,1,4,Malicious,1,Malicious,1
2.65e-05,4.3e-08,7.22e-07,1,7,Malicious,1,Malicious,1
1.27e-11,0.0,0.0,1,4,Malicious,1,Malicious,1
2.65e-05,4.3e-08,7.22e-07,1,7,Malicious,1,Malicious,1
1.19e-06,1.06e-06,4.57e-06,1,8,Benign,0,Benign,0
5.38e-05,4.3e-08,6.95e-07,1,7,Malicious,1,Malicious,1
6.34e-11,0.0,0.0,1,4,Malicious,1,Malicious,1
1.27e-11,0.0,0.0,1,4,Malicious,1,Malicious,1
1.27e-11,0.0,0.0,1,4,Malicious,1,Malicious,1
3.79e-05,0.0,0.0,1,4,Malicious,1,Malicious,1
1.27e-11,0.0,0.0,1,4,Malicious,1,Malicious,1
0.0,0.0,0.0,1,4,Malicious,1,Malicious,1
1.27e-11,0.0,0.0,1,4,Malicious,1,Malicious,1
1.27e-11,0.0,0.0,1,4,Malicious,1,Malicious,1
2.63e-08,1.66e-08,1.34e-07,2,8,Benign,0,Benign,0
3.91e-05,0.0,0.0,1,4,Malicious,1,Malicious,1
1.27e-11,0.0,0.0,1,4,Malicious,1,Malicious,1
1.01e-06,2.58e-08,1.34e-07,2,8,Benign,0,Benign,0
6.34e-11,0.0,0.0,1,4,Malicious,1,Malicious,1
1.27e-11,0.0,0.0,1,4,Malicious,1,Malicious,1
1.27e-11,0.0,0.0,1,4,Malicious,1,Malicious,1
3.27e-09,0.0,0.0,1,4,Malicious,1,Malicious,1
5.07e-11,0.0,0.0,1,4,Malicious,1,Malicious,1
6.34e-11,0.0,0.0,1,4,Malicious,1,Malicious,1
2.2e-08,2.75e-08,1.43e-07,2,8,Benign,0,Benign,0
3.83e-05,3.44e-08,0.0,2,4,Benign,0,Benign,0
2.53e-08,2.75e-08,1.43e-07,2,8,Benign,0,Benign,0
1.27e-11,0.0,0.0,1,4,Malicious,1,Malicious,1
1.27e-11,0.0,0.0,1,4,Malicious,1,Malicious,1
3.98e-05,0.0,0.0,1,4,Benign,0,Benign,1
3.8e-05,0.0,0.0,1,4,Benign,0,Benign,1
3.98e-05,0.0,0.0,1,4,Malicious,1,Malicious,1
1.27e-11,0.0,0.0,1,4,Malicious,1,Malicious,1
3.8e-05,0.0,0.0,1,4,Malicious,1,Malicious,1
1.27e-11,0.0,0.0,1,4,Malicious,1,Malicious,1
0.0,0.0,0.0,1,4,Malicious,1,Malicious,1
6.65e-08,2.75e-08,1.43e-07,2,8,Benign,0,Benign,0
3.97e-05,0.0,0.0,1,4,Malicious,1,Malicious,1
1.27e-11,0.0,0.0,1,4,Malicious,1,Malicious,1
6.3e-09,1.66e-08,1.34e-07,2,8,Benign,0,Benign,0
6.35e-05,4.47e-08,0.0,2,4,Benign,0,Benign,0
1.27e-11,0.0,0.0,1,4,Malicious,1,Malicious,1
2.53e-08,2.75e-08,1.43e-07,2,8,Benign,0,Benign,0
3.98e-05,0.0,0.0,1,4,Benign,0,Benign,1
6.33e-08,2.75e-08,1.43e-07,2,8,Benign,0,Benign,0
0.0,0.0,0.0,1,4,Malicious,1,Malicious,1
1.9e-08,2.75e-08,1.43e-07,2,8,Benign,0,Benign,0
3.95e-05,0.0,0.0,1,4,Benign,0,Benign,1
3.95e-05,0.0,0.0,1,4,Malicious,1,Malicious,1
0.0,0.0,0.0,1,4,Malicious,1,Malicious,1
1.27e-11,0.0,0.0,1,4,Malicious,1,Malicious,1
3.97e-05,0.0,0.0,1,4,Benign,0,Benign,1
1.27e-11,0.0,0.0,1,4,Malicious,1,Malicious,1
9.87e-06,8.77e-08,0.000151675,1,8,Malicious,1,Malicious,1
9.42e-09,1.66e-08,1.34e-07,2,8,Benign,0,Benign,0
3.15e-08,2.75e-08,1.43e-07,2,8,Benign,0,Benign,0
3.99e-07,2.24e-08,3.06e-07,2,8,Benign,0,Benign,0
1.27e-11,0.0,0.0,1,4,Malicious,1,Malicious,1
1.27e-11,0.0,0.0,1,4,Malicious,1,Malicious,1
3.96e-05,0.0,0.0,1,4,Malicious,1,Malicious,1
0.0,0.0,0.0,1,4,Malicious,1,Malicious,1
3.8e-05,0.0,0.0,1,4,Malicious,1,Malicious,1
1.27e-11,0.0,0.0,1,4,Malicious,1,Malicious,1
3.48e-08,2.75e-08,1.43e-07,2,8,Benign,0,Benign,0
1.27e-11,0.0,0.0,1,4,Malicious,1,Malicious,1
2.64e-05,4.3e-08,7.22e-07,1,7,Malicious,1,Malicious,1
3.97e-05,0.0,0.0,1,4,Benign,0,Benign,1
0.0,0.0,0.0,1,4,Malicious,1,Malicious,1
3.92e-05,0.0,0.0,1,4,Malicious,1,Malicious,1
1.27e-11,0.0,0.0,1,4,Malicious,1,Malicious,1
3.81e-11,0.0,0.0,1,4,Malicious,1,Malicious,1
1.27e-11,0.0,0.0,1,4,Malicious,1,Malicious,1
2.38e-05,8.54e-08,0.000591347,1,8,Malicious,1,Malicious,1
6.38e-09,0.0,0.0,1,4,Malicious,1,Malicious,1
3.8e-05,0.0,0.0,1,4,Malicious,1,Malicious,1
5.07e-11,0.0,0.0,1,4,Malicious,1,Malicious,1
3.95e-05,0.0,0.0,1,4,Malicious,1,Malicious,1
3.8e-05,0.0,0.0,1,4,Malicious,1,Malicious,1
1.27e-11,0.0,0.0,1,4,Malicious,1,Malicious,1
3.8e-05,0.0,0.0,1,4,Benign,0,Benign,1
1.27e-11,0.0,0.0,1,4,Malicious,1,Malicious,1
3.92e-05,0.0,0.0,1,4,Malicious,1,Malicious,1
5.07e-11,0.0,0.0,1,4,Malicious,1,Malicious,1
3.8e-05,0.0,0.0,1,4,Malicious,1,Malicious,1
1.27e-11,0.0,0.0,1,4,Malicious,1,Malicious,1
1.27e-11,0.0,0.0,1,4,Malicious,1,Malicious,1
3.8e-05,0.0,0.0,1,4,Malicious,1,Malicious,1
3.93e-05,0.0,0.0,1,4,Benign,0,Benign,1
0.0,0.0,0.0,1,4,Malicious,1,Malicious,1
3.96e-05,0.0,0.0,1,4,Malicious,1,Malicious,1
1.27e-08,2.58e-08,1.34e-07,2,8,Benign,0,Benign,0
3.97e-05,0.0,0.0,1,4,Malicious,1,Malicious,1
5.38e-08,5.5e-08,2.85e-07,2,8,Benign,0,Benign,0
3.97e-05,0.0,0.0,1,4,Benign,0,Benign,1
3.98e-05,0.0,0.0,1,4,Benign,0,Benign,1
3.94e-05,0.0,0.0,1,4,Benign,0,Benign,1
3.98e-05,0.0,0.0,1,4,Benign,0,Benign,1
3.79e-05,0.0,0.0,1,4,Malicious,1,Malicious,1
1.27e-11,0.0,0.0,1,4,Malicious,1,Malicious,1
1.27e-11,0.0,0.0,1,4,Malicious,1,Malicious,1
3.96e-05,0.0,0.0,1,4,Benign,0,Benign,1
5.07e-11,0.0,0.0,1,4,Malicious,1,Malicious,1
1.27e-11,0.0,0.0,1,4,Malicious,1,Malicious,1
1.27e-11,0.0,0.0,1,4,Malicious,1,Malicious,1
1.27e-11,0.0,0.0,1,4,Malicious,1,Malicious,1
3.92e-05,0.0,0.0,1,4,Benign,0,Benign,1
3.97e-05,0.0,0.0,1,4,Benign,0,Benign,1
1.27e-11,0.0,0.0,1,4,Malicious,1,Malicious,1
2.53e-08,2.75e-08,1.43e-07,2,8,Benign,0,Benign,0
1.27e-11,0.0,0.0,1,4,Malicious,1,Malicious,1
6.35e-09,2.12e-08,3.92e-07,2,8,Benign,0,Benign,0
3.46e-08,2.75e-08,1.43e-07,2,8,Benign,0,Benign,0
1.25e-08,4.58e-08,4.99e-07,2,8,Benign,0,Benign,0
2.2e-08,2.75e-08,1.43e-07,2,8,Benign,0,Benign,0
3.13e-09,0.0,0.0,1,4,Malicious,1,Malicious,1
3.22e-09,0.0,0.0,1,4,Malicious,1,Malicious,1
3.96e-05,0.0,0.0,1,4,Malicious,1,Malicious,1
3.21e-09,0.0,0.0,1,4,Malicious,1,Malicious,1
3.8e-05,0.0,0.0,1,4,Malicious,1,Malicious,1
1.27e-11,0.0,0.0,1,4,Malicious,1,Malicious,1
1.27e-11,0.0,0.0,1,4,Malicious,1,Malicious,1
1.27e-11,0.0,0.0,1,4,Malicious,1,Malicious,1
3.8e-05,0.0,0.0,1,4,Malicious,1,Malicious,1
3.93e-05,0.0,0.0,1,4,Malicious,1,Malicious,1
1.27e-11,0.0,0.0,1,4,Malicious,1,Malicious,1
2.21e-08,2.75e-08,1.43e-07,2,8,Benign,0,Benign,0
1.27e-11,0.0,0.0,1,4,Malicious,1,Malicious,1
1.27e-11,0.0,0.0,1,4,Malicious,1,Malicious,1
5.07e-11,0.0,0.0,1,4,Malicious,1,Malicious,1
4.01e-05,0.0,0.0,1,4,Benign,0,Benign,1
1.27e-11,0.0,0.0,1,4,Malicious,1,Malicious,1
0.0,0.0,0.0,1,4,Malicious,1,Malicious,1
3.98e-05,0.0,0.0,1,4,Malicious,1,Malicious,1
6.34e-11,0.0,0.0,1,4,Malicious,1,Malicious,1
1.27e-11,0.0,0.0,1,4,Malicious,1,Malicious,1
1.27e-11,0.0,0.0,1,4,Malicious,1,Malicious,1
3.95e-05,0.0,0.0,1,4,Malicious,1,Malicious,1
6.34e-11,0.0,0.0,1,4,Malicious,1,Malicious,1
1.27e-11,0.0,0.0,1,4,Malicious,1,Malicious,1
1.27e-11,0.0,0.0,1,4,Malicious,1,Malicious,1
3.79e-05,0.0,0.0,1,4,Malicious,1,Malicious,1
1.14e-05,4.24e-08,7.19e-07,1,7,Malicious,1,Malicious,1
3.22e-09,0.0,0.0,1,4,Malicious,1,Malicious,1
3.81e-05,0.0,0.0,1,4,Malicious,1,Malicious,1
1.27e-11,0.0,0.0,1,4,Malicious,1,Malicious,1
1.27e-11,0.0,0.0,1,4,Malicious,1,Malicious,1
0.0,0.0,0.0,1,4,Malicious,1,Malicious,1
3.81e-11,0.0,0.0,1,4,Malicious,1,Malicious,1
3.93e-05,0.0,0.0,1,4,Benign,0,Benign,1
2.66e-05,4.3e-08,7.22e-07,1,7,Malicious,1,Malicious,1
3.95e-05,0.0,0.0,1,4,Malicious,1,Malicious,1
3.97e-05,0.0,0.0,1,4,Benign,0,Benign,1
6.34e-11,0.0,0.0,1,4,Malicious,1,Malicious,1
3.86e-07,2.75e-08,1.43e-07,2,8,Benign,0,Benign,0
3.2e-06,9e-08,1.1e-06,1,8,Benign,0,Benign,0
0.0,0.0,0.0,1,4,Malicious,1,Malicious,1
3.81e-11,5.5e-08,0.0,2,4,Benign,0,Benign,0
0.0,0.0,0.0,1,4,Malicious,1,Malicious,1
3.91e-05,0.0,0.0,1,4,Malicious,1,Malicious,1
1.27e-11,0.0,0.0,1,4,Malicious,1,Malicious,1
1.27e-11,0.0,0.0,1,4,Malicious,1,Malicious,1
3.23e-09,0.0,0.0,1,4,Malicious,1,Malicious,1
3.98e-05,0.0,0.0,1,4,Malicious,1,Malicious,1
3.8e-05,1.03e-07,0.0,0,0,Benign,0,Benign,0
4.01e-05,0.0,0.0,1,4,Benign,0,Benign,1
2.47e-07,3.84e-08,2.38e-07,2,8,Benign,0,Benign,0
5.07e-11,0.0,0.0,1,4,Malicious,1,Malicious,1
3.94e-05,0.0,0.0,1,4,Malicious,1,Malicious,1
6.35e-05,4.47e-08,0.0,2,4,Benign,0,Benign,0
3.8e-05,0.0,0.0,1,4,Malicious,1,Malicious,1
6.01e-08,2.75e-08,1.43e-07,2,8,Benign,0,Benign,0
6.01e-08,2.75e-08,1.43e-07,2,8,Benign,0,Benign,0
5.18e-05,4.24e-08,7.19e-07,1,7,Malicious,1,Malicious,1
1.27e-11,0.0,0.0,1,4,Malicious,1,Malicious,1
6.32e-09,1.66e-08,1.34e-07,2,8,Benign,0,Benign,0
3.8e-05,0.0,0.0,1,4,Malicious,1,Malicious,1
1.27e-11,0.0,0.0,1,4,Malicious,1,Malicious,1
3.99e-05,0.0,0.0,1,4,Malicious,1,Malicious,1
1.27e-11,0.0,0.0,1,4,Malicious,1,Malicious,1
6.18e-06,0.0,0.0,1,1,Benign,0,Benign,0
5.07e-11,0.0,0.0,1,4,Malicious,1,Malicious,1
5.07e-11,0.0,0.0,1,4,Malicious,1,Malicious,1
3.91e-05,0.0,0.0,1,4,Malicious,1,Malicious,1
6.34e-11,0.0,0.0,1,4,Malicious,1,Malicious,1
1.27e-11,0.0,0.0,1,4,Malicious,1,Malicious,1
1.27e-11,0.0,0.0,1,4,Malicious,1,Malicious,1
2.64e-05,4.3e-08,7.22e-07,1,7,Malicious,1,Malicious,1
5.07e-11,0.0,0.0,1,4,Malicious,1,Malicious,1
1.27e-11,0.0,0.0,1,4,Malicious,1,Malicious,1
1.27e-11,0.0,0.0,1,4,Malicious,1,Malicious,1
0.000204047,1.22e-07,1.36e-06,2,8,Benign,0,Benign,0
3.81e-11,0.0,0.0,1,4,Malicious,1,Malicious,1
0.0,0.0,0.0,1,4,Malicious,1,Malicious,1
4e-05,0.0,0.0,1,4,Malicious,1,Malicious,1
1.27e-11,0.0,0.0,1,4,Malicious,1,Malicious,1
9.47e-09,1.66e-08,1.34e-07,2,8,Benign,0,Benign,0
3.21e-09,0.0,0.0,1,4,Malicious,1,Malicious,1
6.33e-09,1.66e-08,1.34e-07,2,8,Benign,0,Benign,0
1.27e-11,0.0,0.0,1,4,Malicious,1,Malicious,1
2.85e-09,0.0,0.0,1,4,Malicious,1,Malicious,1
9.83e-08,2.75e-08,1.43e-07,2,8,Benign,0,Benign,0
1.37e-05,3.84e-08,6.92e-07,1,7,Benign,0,Benign,0
6.34e-11,0.0,0.0,1,4,Malicious,1,Malicious,1
1.27e-11,0.0,0.0,1,4,Malicious,1,Malicious,1
6.35e-05,4.47e-08,0.0,2,4,Benign,0,Benign,0
3.97e-05,0.0,0.0,1,4,Malicious,1,Malicious,1
4.01e-05,0.0,0.0,1,4,Malicious,1,Malicious,1
1.05e-07,5.5e-08,2.85e-07,2,8,Benign,0,Benign,0
9.49e-09,0.0,0.0,1,4,Malicious,1,Malicious,1
5.07e-11,0.0,0.0,1,4,Malicious,1,Malicious,1
1.89e-08,2.75e-08,1.43e-07,2,8,Benign,0,Benign,0
6.35e-05,4.47e-08,0.0,2,4,Benign,0,Benign,0
1.27e-11,0.0,0.0,1,4,Malicious,1,Malicious,1
5.07e-11,0.0,0.0,1,4,Malicious,1,Malicious,1
3.8e-08,2.58e-08,1.34e-07,2,8,Benign,0,Benign,0
3.81e-11,0.0,0.0,1,4,Malicious,1,Malicious,1
3.95e-05,0.0,0.0,1,4,Benign,0,Benign,1
5.16e-07,2.75e-08,1.43e-07,2,8,Benign,0,Benign,0
6.34e-11,0.0,0.0,1,4,Malicious,1,Malicious,1
3.8e-05,0.0,0.0,1,4,Malicious,1,Malicious,1
2.15e-07,2.75e-08,1.43e-07,2,8,Benign,0,Benign,0
1.27e-11,0.0,0.0,1,4,Malicious,1,Malicious,1
1.27e-11,0.0,0.0,1,4,Malicious,1,Malicious,1
3.61e-06,0.0,0.0,1,1,Benign,0,Benign,0
6.33e-09,0.0,0.0,1,4,Malicious,1,Malicious,1
3.18e-08,2.12e-08,1.57e-07,2,8,Benign,0,Benign,0
6.33e-08,2.75e-08,1.43e-07,2,8,Benign,0,Benign,0
3.93e-05,0.0,0.0,1,4,Malicious,1,Malicious,1
0.000976196,1.82e-07,0.0,2,4,Benign,0,Benign,0
1.27e-11,0.0,0.0,1,4,Malicious,1,Malicious,1
1.27e-11,0.0,0.0,1,4,Malicious,1,Malicious,1
0.0,0.0,0.0,1,4,Malicious,1,Malicious,1
3.8e-05,0.0,0.0,1,4,Malicious,1,Malicious,1
3.96e-05,0.0,0.0,1,4,Malicious,1,Malicious,1
1.27e-11,0.0,0.0,1,4,Malicious,1,Malicious,1
1.17e-07,2.75e-08,1.43e-07,2,8,Benign,0,Benign,0
8.87e-08,2.75e-08,1.43e-07,2,8,Benign,0,Benign,0
1.01e-07,2.75e-08,1.43e-07,2,8,Benign,0,Benign,0
5.07e-11,0.0,0.0,1,4,Malicious,1,Malicious,1
3.95e-05,0.0,0.0,1,4,Malicious,1,Malicious,1
1.27e-11,0.0,0.0,1,4,Malicious,1,Malicious,1
6.34e-11,0.0,0.0,1,4,Malicious,1,Malicious,1
0.0,0.0,0.0,1,4,Malicious,1,Malicious,1
4.01e-05,0.0,0.0,1,4,Malicious,1,Malicious,1
0.0,0.0,0.0,1,4,Malicious,1,Malicious,1
1.9e-08,2.75e-08,1.43e-07,2,8,Benign,0,Benign,0
1.27e-11,0.0,0.0,1,4,Malicious,1,Malicious,1
1.93e-07,2.75e-08,1.43e-07,2,8,Benign,0,Benign,0
3.8e-05,0.0,0.0,1,4,Malicious,1,Malicious,1
3.8e-08,2.75e-08,1.43e-07,2,8,Benign,0,Benign,0
1.27e-11,0.0,0.0,1,4,Malicious,1,Malicious,1
1.27e-11,0.0,0.0,1,4,Malicious,1,Malicious,1
1.52e-10,0.0,0.0,1,4,Malicious,1,Malicious,1
6.19e-09,2.58e-08,1.34e-07,2,8,Benign,0,Benign,0
1.27e-11,0.0,0.0,1,4,Malicious,1,Malicious,1
3.96e-05,0.0,0.0,1,4,Benign,0,Benign,1
3.92e-05,0.0,0.0,1,4,Malicious,1,Malicious,1
3.8e-05,0.0,0.0,1,4,Malicious,1,Malicious,1
1.27e-11,0.0,0.0,1,4,Malicious,1,Malicious,1
1.27e-11,0.0,0.0,1,4,Malicious,1,Malicious,1
3.95e-05,0.0,0.0,1,4,Benign,0,Benign,1
1.89e-08,2.75e-08,1.43e-07,2,8,Benign,0,Benign,0
3.79e-05,0.0,0.0,1,4,Malicious,1,Malicious,1
9.5e-09,2.58e-08,1.34e-07,2,8,Benign,0,Benign,0
6.13e-05,3.38e-07,5.26e-06,1,8,Malicious,1,Malicious,1
3.81e-11,0.0,0.0,1,4,Malicious,1,Malicious,1
1.27e-11,0.0,0.0,1,4,Malicious,1,Malicious,1
3.98e-05,0.0,0.0,1,4,Malicious,1,Malicious,1
0.000437772,3.55e-08,7.99e-07,1,7,Malicious,1,Malicious,1
1.27e-11,0.0,0.0,1,4,Malicious,1,Malicious,1
0.0,0.0,0.0,1,4,Malicious,1,Malicious,1
0.0,0.0,0.0,1,4,Malicious,1,Malicious,1
0.000421964,3.55e-08,7.99e-07,1,7,Malicious,1,Malicious,1
6.22e-09,2.58e-08,1.34e-07,2,8,Benign,0,Benign,0
3.91e-05,0.0,0.0,1,4,Benign,0,Benign,1
1.27e-11,0.0,0.0,1,4,Malicious,1,Malicious,1
3.8e-05,0.0,0.0,1,4,Malicious,1,Malicious,1
0.0,0.0,0.0,1,4,Malicious,1,Malicious,1
4e-05,0.0,0.0,1,4,Benign,0,Benign,1
0.0,0.0,0.0,1,4,Malicious,1,Malicious,1
3.8e-05,0.0,0.0,1,4,Malicious,1,Malicious,1
3.8e-05,0.0,0.0,1,4,Malicious,1,Malicious,1
6.97e-08,5.5e-08,2.85e-07,2,8,Benign,0,Benign,0
0.0,0.0,0.0,1,4,Malicious,1,Malicious,1
3.8e-05,0.0,0.0,1,4,Malicious,1,Malicious,1
5.07e-11,0.0,0.0,1,4,Malicious,1,Malicious,1
3.95e-05,0.0,0.0,1,4,Benign,0,Benign,1
3.91e-05,0.0,0.0,1,4,Malicious,1,Malicious,1
1.37e-05,4.3e-08,7.22e-07,1,7,Malicious,1,Malicious,0
0.0,0.0,0.0,1,4,Malicious,1,Malicious,1
1.27e-11,0.0,0.0,1,4,Malicious,1,Malicious,1
3.94e-05,0.0,0.0,1,4,Benign,0,Benign,1
1.27e-11,0.0,0.0,1,4,Malicious,1,Malicious,1
6.09e-05,3.38e-07,5.35e-06,1,8,Malicious,1,Malicious,1
2.21e-08,2.75e-08,1.43e-07,2,8,Benign,0,Benign,0
1.01e-10,0.0,0.0,1,4,Malicious,1,Malicious,1
1.27e-11,0.0,0.0,1,4,Malicious,1,Malicious,1
0.0,0.0,0.0,1,4,Malicious,1,Malicious,1
1.01e-10,0.0,0.0,1,4,Malicious,1,Malicious,1
5.56e-05,4.3e-08,7.22e-07,1,7,Malicious,1,Malicious,1
1.39e-06,2.75e-08,1.43e-07,2,8,Benign,0,Benign,0
1.45e-06,2.75e-08,1.43e-07,2,8,Benign,0,Benign,0
1.27e-11,0.0,0.0,1,4,Malicious,1,Malicious,1
1.27e-11,0.0,0.0,1,4,Malicious,1,Malicious,1
3.92e-05,0.0,0.0,1,4,Malicious,1,Malicious,1
0.0,0.0,0.0,1,4,Malicious,1,Malicious,1
1.27e-11,0.0,0.0,1,4,Malicious,1,Malicious,1
3.91e-05,0.0,0.0,1,4,Malicious,1,Malicious,1
3.79e-05,0.0,0.0,1,4,Malicious,1,Malicious,1
5.07e-11,0.0,0.0,1,4,Malicious,1,Malicious,1
1.31e-05,4.3e-08,7.22e-07,1,7,Malicious,1,Malicious,0
3.99e-05,0.0,0.0,1,4,Benign,0,Benign,1
1.27e-11,0.0,0.0,1,4,Malicious,1,Malicious,1
5.07e-11,0.0,0.0,1,4,Malicious,1,Malicious,1
2.85e-08,2.75e-08,1.43e-07,2,8,Benign,0,Benign,0
1.36e-07,2.75e-08,1.43e-07,2,8,Benign,0,Benign,0
5.07e-11,0.0,0.0,1,4,Malicious,1,Malicious,1
5.07e-11,0.0,0.0,1,4,Malicious,1,Malicious,1
1.27e-11,0.0,0.0,1,4,Malicious,1,Malicious,1
6.39e-09,0.0,0.0,1,4,Malicious,1,Malicious,1
6.34e-11,0.0,0.0,1,4,Malicious,1,Malicious,1
6.33e-09,1.66e-08,1.34e-07,2,8,Benign,0,Benign,0
3.92e-05,0.0,0.0,1,4,Benign,0,Benign,1
0.0,0.0,0.0,1,4,Malicious,1,Malicious,1
1.27e-11,0.0,0.0,1,4,Malicious,1,Malicious,1
1.37e-05,3.84e-08,6.92e-07,1,7,Benign,0,Benign,0
1.27e-11,0.0,0.0,1,4,Malicious,1,Malicious,1
6.34e-11,0.0,0.0,1,4,Malicious,1,Malicious,1
1.01e-10,0.0,0.0,1,4,Malicious,1,Malicious,1
6.35e-05,4.47e-08,0.0,2,4,Benign,0,Benign,0
1.27e-11,0.0,0.0,1,4,Malicious,1,Malicious,1
4e-05,0.0,0.0,1,4,Malicious,1,Malicious,1
6.98e-08,2.75e-08,1.43e-07,2,8,Benign,0,Benign,0
1.27e-11,0.0,0.0,1,4,Malicious,1,Malicious,1
6.35e-05,4.47e-08,0.0,2,4,Benign,0,Benign,0
1.27e-11,0.0,0.0,1,4,Malicious,1,Malicious,1
1.27e-11,0.0,0.0,1,4,Malicious,1,Malicious,1
6.34e-11,0.0,0.0,1,4,Malicious,1,Malicious,1
2.54e-11,5.5e-08,0.0,2,4,Benign,0,Benign,0
0.0,0.0,0.0,1,4,Malicious,1,Malicious,1
1.27e-11,0.0,0.0,1,4,Malicious,1,Malicious,1
0.0,0.0,0.0,1,4,Malicious,1,Malicious,1
1.27e-11,0.0,0.0,1,4,Malicious,1,Malicious,1
3.91e-05,0.0,0.0,1,4,Malicious,1,Malicious,1
3.8e-05,0.0,0.0,1,4,Malicious,1,Malicious,1
5.07e-11,0.0,0.0,1,4,Malicious,1,Malicious,1
2.15e-07,2.75e-08,1.43e-07,2,8,Benign,0,Benign,0
3.99e-05,0.0,0.0,1,4,Malicious,1,Malicious,1
3.8e-05,0.0,0.0,1,4,Malicious,1,Malicious,1
1.27e-11,0.0,0.0,1,4,Malicious,1,Malicious,1
4e-05,0.0,0.0,1,4,Benign,0,Benign,1
3.97e-05,0.0,0.0,1,4,Malicious,1,Malicious,1
1.72e-07,2.18e-08,2.59e-07,2,8,Benign,0,Benign,0
3.99e-05,0.0,0.0,1,4,Malicious,1,Malicious,1
5.07e-11,0.0,0.0,1,4,Malicious,1,Malicious,1
3.94e-05,0.0,0.0,1,4,Benign,0,Benign,1
1.27e-11,0.0,0.0,1,4,Malicious,1,Malicious,1
3.95e-05,0.0,0.0,1,4,Benign,0,Benign,1
6.34e-11,0.0,0.0,1,4,Malicious,1,Malicious,1
0.0,0.0,0.0,1,4,Malicious,1,Malicious,1
0.000875417,2.2e-07,1.14e-06,2,8,Benign,0,Benign,0
1.27e-11,0.0,0.0,1,4,Malicious,1,Malicious,1
5.07e-11,0.0,0.0,1,4,Malicious,1,Malicious,1
1.27e-11,0.0,0.0,1,4,Malicious,1,Malicious,1
1.27e-11,0.0,0.0,1,4,Malicious,1,Malicious,1
4e-05,0.0,0.0,1,4,Benign,0,Benign,1
5.07e-11,0.0,0.0,1,4,Malicious,1,Malicious,1
1.62e-07,5.5e-08,2.85e-07,2,8,Benign,0,Benign,0
1.27e-11,0.0,0.0,1,4,Malicious,1,Malicious,1
1.27e-11,0.0,0.0,1,4,Malicious,1,Malicious,1
3.91e-05,0.0,0.0,1,4,Malicious,1,Malicious,1
0.0,0.0,0.0,1,4,Malicious,1,Malicious,1
1.27e-11,0.0,0.0,1,4,Malicious,1,Malicious,1
3.95e-05,0.0,0.0,1,4,Malicious,1,Malicious,1
1.9e-08,2.75e-08,1.43e-07,2,8,Benign,0,Benign,0
3.95e-05,0.0,0.0,1,4,Malicious,1,Malicious,1
3.97e-05,0.0,0.0,1,4,Benign,0,Benign,1
1.27e-11,0.0,0.0,1,4,Malicious,1,Malicious,1
3.93e-05,0.0,0.0,1,4,Benign,0,Benign,1
5.15e-05,3.38e-07,5.35e-06,1,8,Malicious,1,Malicious,1
1.27e-11,0.0,0.0,1,4,Malicious,1,Malicious,1
3.95e-05,0.0,0.0,1,4,Malicious,1,Malicious,1
3.94e-05,0.0,0.0,1,4,Benign,0,Benign,1
3.79e-05,0.0,0.0,1,4,Malicious,1,Malicious,1
1.27e-11,0.0,0.0,1,4,Malicious,1,Malicious,1
1.27e-11,0.0,0.0,1,4,Malicious,1,Malicious,1
3.93e-05,0.0,0.0,1,4,Benign,0,Benign,1
3.8e-05,0.0,0.0,1,4,Malicious,1,Malicious,1
4.43e-08,0.0,0.0,1,8,Benign,0,Benign,0
5.07e-11,0.0,0.0,1,4,Malicious,1,Malicious,1
6.34e-11,0.0,0.0,1,4,Malicious,1,Malicious,1
2.73e-07,0.0,0.0,1,8,Benign,0,Benign,0
2.91e-05,8.6e-08,0.000445684,1,8,Malicious,1,Malicious,1
1.27e-11,0.0,0.0,1,4,Malicious,1,Malicious,1
2.2e-08,2.75e-08,1.43e-07,2,8,Benign,0,Benign,0
3.15e-09,0.0,0.0,1,4,Malicious,1,Malicious,1
0.0,0.0,0.0,1,4,Malicious,1,Malicious,1
5.07e-11,0.0,0.0,1,4,Malicious,1,Malicious,1
0.0,0.0,0.0,1,4,Malicious,1,Malicious,1
1.37e-05,4.24e-08,7.19e-07,1,7,Malicious,1,Malicious,0
3.95e-05,0.0,0.0,1,4,Benign,0,Benign,1
1.27e-11,0.0,0.0,1,4,Malicious,1,Malicious,1
1.27e-11,0.0,0.0,1,4,Malicious,1,Malicious,1
6.34e-11,0.0,0.0,1,4,Malicious,1,Malicious,1
0.0,0.0,0.0,1,4,Malicious,1,Malicious,1
1.27e-11,0.0,0.0,1,4,Malicious,1,Malicious,1
3.48e-08,2.75e-08,1.43e-07,2,8,Benign,0,Benign,0
6.34e-11,0.0,0.0,1,4,Malicious,1,Malicious,1
9.37e-09,2.58e-08,1.34e-07,2,8,Benign,0,Benign,0
3.8e-05,0.0,0.0,1,4,Malicious,1,Malicious,1
0.0,0.0,0.0,1,4,Malicious,1,Malicious,1
1.27e-11,0.0,0.0,1,4,Malicious,1,Malicious,1
1.27e-11,0.0,0.0,1,4,Malicious,1,Malicious,1
1.27e-11,0.0,0.0,1,4,Malicious,1,Malicious,1
3.81e-11,0.0,0.0,1,4,Malicious,1,Malicious,1
1.27e-11,0.0,0.0,1,4,Malicious,1,Malicious,1
3.91e-05,0.0,0.0,1,4,Malicious,1,Malicious,1
1.27e-11,0.0,0.0,1,4,Malicious,1,Malicious,1
3.79e-05,0.0,0.0,1,4,Malicious,1,Malicious,1
1.27e-11,0.0,0.0,1,4,Malicious,1,Malicious,1
5.07e-11,0.0,0.0,1,4,Malicious,1,Malicious,1
3.91e-05,0.0,0.0,1,4,Malicious,1,Malicious,1
6.35e-05,4.47e-08,0.0,2,4,Benign,0,Benign,0
6.34e-11,0.0,0.0,1,4,Malicious,1,Malicious,1
4.01e-05,0.0,0.0,1,4,Malicious,1,Malicious,1
1.27e-11,0.0,0.0,1,4,Malicious,1,Malicious,1
5.07e-11,0.0,0.0,1,4,Malicious,1,Malicious,1
2.22e-08,2.75e-08,1.43e-07,2,8,Benign,0,Benign,0
1.27e-11,0.0,0.0,1,4,Malicious,1,Malicious,1
1.27e-11,0.0,0.0,1,4,Malicious,1,Malicious,1
3.93e-05,0.0,0.0,1,4,Benign,0,Benign,1
9.51e-09,2.58e-08,1.34e-07,2,8,Benign,0,Benign,0
6.34e-11,0.0,0.0,1,4,Malicious,1,Malicious,1
3.81e-05,0.0,0.0,1,4,Malicious,1,Malicious,1
1.27e-11,0.0,0.0,1,4,Malicious,1,Malicious,1
3.8e-05,0.0,0.0,1,4,Malicious,1,Malicious,1
3.97e-05,0.0,0.0,1,4,Malicious,1,Malicious,1
3.95e-05,0.0,0.0,1,4,Malicious,1,Malicious,1
3.97e-05,0.0,0.0,1,4,Benign,0,Benign,1
1.69e-07,2.75e-08,1.43e-07,2,8,Benign,0,Benign,0
3.98e-05,0.0,0.0,1,4,Benign,0,Benign,1
3.12e-09,0.0,0.0,1,4,Malicious,1,Malicious,1
3.27e-09,0.0,0.0,1,4,Malicious,1,Malicious,1
3.99e-05,0.0,0.0,1,4,Malicious,1,Malicious,1
5.07e-11,0.0,0.0,1,4,Malicious,1,Malicious,1
1.27e-11,0.0,0.0,1,4,Malicious,1,Malicious,1
2.54e-08,1.66e-08,1.34e-07,2,8,Benign,0,Benign,0
1.27e-11,0.0,0.0,1,4,Malicious,1,Malicious,1
3.96e-05,0.0,0.0,1,4,Malicious,1,Malicious,1
3.81e-11,0.0,0.0,1,4,Malicious,1,Malicious,1
3.8e-05,0.0,0.0,1,4,Malicious,1,Malicious,1
1.27e-11,0.0,0.0,1,4,Malicious,1,Malicious,1
1.01e-10,0.0,0.0,1,4,Malicious,1,Malicious,1
3.98e-05,0.0,0.0,1,4,Benign,0,Benign,1
1.59e-06,2.75e-08,1.43e-07,2,8,Benign,0,Benign,0
0.0,0.0,0.0,1,4,Malicious,1,Malicious,1
0.0,0.0,0.0,1,4,Malicious,1,Malicious,1
5.07e-11,0.0,0.0,1,4,Malicious,1,Malicious,1
3.99e-05,0.0,0.0,1,4,Malicious,1,Malicious,1
1.27e-11,0.0,0.0,1,4,Malicious,1,Malicious,1
1.27e-11,0.0,0.0,1,4,Malicious,1,Malicious,1
4e-05,0.0,0.0,1,4,Benign,0,Benign,1
3.18e-05,4.93e-08,2.56e-07,2,8,Benign,0,Benign,0
1.27e-11,0.0,0.0,1,4,Malicious,1,Malicious,1
3.8e-05,0.0,0.0,1,4,Malicious,1,Malicious,1
1.27e-11,0.0,0.0,1,4,Malicious,1,Malicious,1
3.22e-09,0.0,0.0,1,4,Malicious,1,Malicious,1
6.33e-09,1.66e-08,1.34e-07,2,8,Benign,0,Benign,0
3.8e-05,0.0,0.0,1,4,Malicious,1,Malicious,1
1.27e-11,0.0,0.0,1,4,Malicious,1,Malicious,1
0.0,0.0,0.0,1,4,Malicious,1,Malicious,1
3.99e-05,0.0,0.0,1,4,Malicious,1,Malicious,1
1.27e-11,0.0,0.0,1,4,Malicious,1,Malicious,1
0.0,0.0,0.0,1,4,Malicious,1,Malicious,1
3.8e-05,0.0,0.0,1,4,Malicious,1,Malicious,1
9.56e-09,0.0,0.0,1,4,Malicious,1,Malicious,1
1.27e-11,0.0,0.0,1,4,Malicious,1,Malicious,1
1.3e-07,2.46e-08,3.3e-07,2,8,Benign,0,Benign,0
1.27e-11,0.0,0.0,1,4,Malicious,1,Malicious,1
1.88e-08,2.75e-08,1.43e-07,2,8,Benign,0,Benign,0
1.27e-11,0.0,0.0,1,4,Malicious,1,Malicious,1
3.8e-05,0.0,0.0,1,4,Malicious,1,Malicious,1
0.0,0.0,0.0,1,4,Malicious,1,Malicious,1
3.8e-05,0.0,0.0,1,4,Malicious,1,Malicious,1
6.34e-11,0.0,0.0,1,4,Malicious,1,Malicious,1
1.27e-11,0.0,0.0,1,4,Malicious,1,Malicious,1
1.27e-11,0.0,0.0,1,4,Malicious,1,Malicious,1
5.07e-11,0.0,0.0,1,4,Malicious,1,Malicious,1
5.07e-11,0.0,0.0,1,4,Malicious,1,Malicious,1
6.34e-09,1.66e-08,1.34e-07,2,8,Benign,0,Benign,0
1.27e-11,0.0,0.0,1,4,Malicious,1,Malicious,1
1.27e-11,0.0,0.0,1,4,Malicious,1,Malicious,1
3.8e-05,0.0,0.0,1,4,Malicious,1,Malicious,1
4e-05,0.0,0.0,1,4,Benign,0,Benign,1
1.84e-07,2.75e-08,1.43e-07,2,8,Benign,0,Benign,0
3.92e-05,0.0,0.0,1,4,Malicious,1,Malicious,1
3.92e-05,0.0,0.0,1,4,Benign,0,Benign,1
1.27e-11,0.0,0.0,1,4,Malicious,1,Malicious,1
3.8e-05,0.0,0.0,1,4,Malicious,1,Malicious,1
9.19e-08,2.75e-08,1.43e-07,2,8,Benign,0,Benign,0
5.07e-11,0.0,0.0,1,4,Malicious,1,Malicious,1
4e-05,0.0,0.0,1,4,Benign,0,Benign,1
3.94e-05,0.0,0.0,1,4,Malicious,1,Malicious,1
7.76e-05,3.38e-07,5.35e-06,1,8,Malicious,1,Malicious,1
1.27e-11,0.0,0.0,1,4,Malicious,1,Malicious,1
1.27e-11,0.0,0.0,1,4,Malicious,1,Malicious,1
3.97e-05,0.0,0.0,1,4,Benign,0,Benign,1
5.07e-11,0.0,0.0,1,4,Malicious,1,Malicious,1
1.27e-11,0.0,0.0,1,4,Malicious,1,Malicious,1
4e-05,0.0,0.0,1,4,Malicious,1,Malicious,1
3.8e-05,0.0,0.0,1,4,Malicious,1,Malicious,1
3.8e-05,0.0,0.0,1,4,Malicious,1,Malicious,1
1.27e-11,0.0,0.0,1,4,Malicious,1,Malicious,1
3.94e-05,0.0,0.0,1,4,Benign,0,Benign,1
0.000748319,1.72e-06,0.0,2,4,Benign,0,Benign,0
3.92e-05,0.0,0.0,1,4,Malicious,1,Malicious,1
3.8e-05,0.0,0.0,1,4,Malicious,1,Malicious,1
1.25e-06,2.58e-08,1.34e-07,2,8,Benign,0,Benign,0
1.05e-06,2.75e-08,1.43e-07,2,8,Benign,0,Benign,0
3.92e-05,0.0,0.0,1,4,Malicious,1,Malicious,1
1.27e-11,0.0,0.0,1,4,Malicious,1,Malicious,1
3.22e-09,0.0,0.0,1,4,Malicious,1,Malicious,1
9.37e-09,2.58e-08,1.34e-07,2,8,Benign,0,Benign,0
3.93e-05,0.0,0.0,1,4,Malicious,1,Malicious,1
1.27e-11,0.0,0.0,1,4,Malicious,1,Malicious,1
1.27e-11,0.0,0.0,1,4,Malicious,1,Malicious,1
0.000253973,9.74e-08,0.0,2,4,Benign,0,Benign,0
6.24e-09,2.58e-08,1.34e-07,2,8,Benign,0,Benign,0
1.27e-11,0.0,0.0,1,4,Malicious,1,Malicious,1
3.23e-09,0.0,0.0,1,4,Malicious,1,Malicious,1
1.9e-07,2.06e-08,2.02e-07,2,8,Benign,0,Benign,0
1.88e-08,2.75e-08,1.43e-07,2,8,Benign,0,Benign,0
0.0,0.0,0.0,1,4,Malicious,1,Malicious,1
1.27e-11,0.0,0.0,1,4,Malicious,1,Malicious,1
3.97e-05,0.0,0.0,1,4,Benign,0,Benign,1
1.27e-11,0.0,0.0,1,4,Malicious,1,Malicious,1
1.27e-10,0.0,0.0,1,4,Malicious,1,Malicious,1
1.27e-11,0.0,0.0,1,4,Malicious,1,Malicious,1
6.34e-11,0.0,0.0,1,4,Malicious,1,Malicious,1
3.95e-05,0.0,0.0,1,4,Malicious,1,Malicious,1
1.29e-05,2.98e-08,3.68e-07,1,3,Benign,0,Benign,0
6.35e-05,4.47e-08,0.0,2,4,Benign,0,Benign,0
0.0,0.0,0.0,1,4,Malicious,1,Malicious,1
5.07e-11,0.0,0.0,1,4,Malicious,1,Malicious,1
1.27e-11,0.0,0.0,1,4,Malicious,1,Malicious,1
3.96e-05,0.0,0.0,1,4,Malicious,1,Malicious,1
6.34e-11,0.0,0.0,1,4,Malicious,1,Malicious,1
1.27e-11,0.0,0.0,1,4,Malicious,1,Malicious,1
1.27e-10,0.0,0.0,1,4,Malicious,1,Malicious,1
6.65e-08,5.5e-08,2.85e-07,2,8,Benign,0,Benign,0
3.81e-11,0.0,0.0,1,4,Malicious,1,Malicious,1
2.88e-07,2.75e-08,1.43e-07,2,8,Benign,0,Benign,0
1.27e-11,0.0,0.0,1,4,Malicious,1,Malicious,1
6.34e-11,0.0,0.0,1,4,Malicious,1,Malicious,1
1.27e-11,0.0,0.0,1,4,Malicious,1,Malicious,1
5.07e-11,0.0,0.0,1,4,Malicious,1,Malicious,1
3.97e-05,0.0,0.0,1,4,Benign,0,Benign,1
0.0,0.0,0.0,1,4,Malicious,1,Malicious,1
1.01e-07,2.75e-08,1.43e-07,2,8,Benign,0,Benign,0
5.07e-11,0.0,0.0,1,4,Malicious,1,Malicious,1
3.92e-05,0.0,0.0,1,4,Benign,0,Benign,1
6.3e-09,1.66e-08,1.34e-07,2,8,Benign,0,Benign,0
3.91e-05,0.0,0.0,1,4,Malicious,1,Malicious,1
1.52e-07,2.75e-08,1.9e-07,2,8,Benign,0,Benign,0
3.97e-05,0.0,0.0,1,4,Malicious,1,Malicious,1
5.07e-11,0.0,0.0,1,4,Malicious,1,Malicious,1
3.03e-06,0.0,0.0,1,8,Benign,0,Benign,0
3.94e-05,0.0,0.0,1,4,Benign,0,Benign,1
6.3e-09,1.66e-08,1.34e-07,2,8,Benign,0,Benign,0
3.8e-05,0.0,0.0,1,4,Malicious,1,Malicious,1
6.32e-08,2.75e-08,1.43e-07,2,8,Benign,0,Benign,0
4.77e-05,3.38e-07,5.35e-06,1,8,Malicious,1,Malicious,1
4.01e-05,0.0,0.0,1,4,Malicious,1,Malicious,1
3.21e-09,0.0,0.0,1,4,Malicious,1,Malicious,1
3.99e-05,0.0,0.0,1,4,Benign,0,Benign,1
6.32e-09,2.58e-08,1.34e-07,2,8,Benign,0,Benign,0
3.49e-08,1.66e-08,1.34e-07,2,8,Benign,0,Benign,0
1.27e-11,0.0,0.0,1,4,Malicious,1,Malicious,1
3.27e-09,0.0,0.0,1,4,Malicious,1,Malicious,1
3.98e-05,0.0,0.0,1,4,Benign,0,Benign,1
3.93e-05,0.0,0.0,1,4,Malicious,1,Malicious,1
0.0,0.0,0.0,1,4,Malicious,1,Malicious,1
5.07e-08,2.75e-08,1.43e-07,2,8,Benign,0,Benign,0
0.0,0.0,0.0,1,4,Malicious,1,Malicious,1
1.27e-11,0.0,0.0,1,4,Malicious,1,Malicious,1
1.88e-08,2.75e-08,1.43e-07,2,8,Benign,0,Benign,0
1.27e-11,0.0,0.0,1,4,Malicious,1,Malicious,1
4.01e-05,0.0,0.0,1,4,Malicious,1,Malicious,1
1.01e-10,0.0,0.0,1,4,Malicious,1,Malicious,1
2.38e-07,2.24e-08,1.63e-07,2,8,Benign,0,Benign,0
3.79e-05,0.0,0.0,1,4,Malicious,1,Malicious,1
3.22e-09,0.0,0.0,1,4,Malicious,1,Malicious,1
0.0,0.0,0.0,1,4,Malicious,1,Malicious,1
1.27e-11,0.0,0.0,1,4,Malicious,1,Malicious,1
2.17e-07,2.75e-08,1.43e-07,2,8,Benign,0,Benign,0
6.35e-05,4.47e-08,0.0,2,4,Benign,0,Benign,0
1.27e-11,0.0,0.0,1,4,Malicious,1,Malicious,1
3.94e-05,0.0,0.0,1,4,Benign,0,Benign,1
6.34e-11,0.0,0.0,1,4,Malicious,1,Malicious,1
1.27e-11,0.0,0.0,1,4,Malicious,1,Malicious,1
7.48e-07,2.75e-08,1.43e-07,2,8,Benign,0,Benign,0
1.27e-11,0.0,0.0,1,4,Malicious,1,Malicious,1
1.27e-11,0.0,0.0,1,4,Malicious,1,Malicious,1
0.0,0.0,0.0,1,4,Malicious,1,Malicious,1
1.27e-11,0.0,0.0,1,4,Malicious,1,Malicious,1
2.2e-08,2.75e-08,1.43e-07,2,8,Benign,0,Benign,0
2.98e-07,2.75e-08,1.43e-07,2,8,Benign,0,Benign,0
3.15e-09,0.0,0.0,1,4,Malicious,1,Malicious,1
3.98e-05,0.0,0.0,1,4,Malicious,1,Malicious,1
3.8e-05,0.0,0.0,1,4,Malicious,1,Malicious,1
5.7e-07,2.58e-08,1.34e-07,2,8,Benign,0,Benign,0
5.07e-11,0.0,0.0,1,4,Malicious,1,Malicious,1
1.27e-11,0.0,0.0,1,4,Malicious,1,Malicious,1
1.38e-05,4.3e-08,7.22e-07,1,7,Malicious,1,Malicious,0
2.85e-07,2.75e-08,1.43e-07,2,8,Benign,0,Benign,0
5.07e-11,0.0,0.0,1,4,Malicious,1,Malicious,1
3.8e-05,0.0,0.0,1,4,Malicious,1,Malicious,1
0.0,0.0,0.0,1,4,Malicious,1,Malicious,1
3.95e-05,0.0,0.0,1,4,Malicious,1,Malicious,1
4.69e-10,0.0,0.0,1,4,Malicious,1,Malicious,1
0.0,0.0,0.0,1,4,Malicious,1,Malicious,1
2.92e-09,0.0,0.0,1,4,Malicious,1,Malicious,1
1.74e-06,2.75e-08,1.43e-07,2,8,Benign,0,Benign,0
3.8e-05,0.0,0.0,1,4,Malicious,1,Malicious,1
2.85e-08,1.66e-08,1.34e-07,2,8,Benign,0,Benign,0
9.47e-09,1.66e-08,1.34e-07,2,8,Benign,0,Benign,0
2.74e-09,0.0,0.0,1,4,Malicious,1,Malicious,1
3.94e-05,0.0,0.0,1,4,Malicious,1,Malicious,1
3.91e-05,0.0,0.0,1,4,Malicious,1,Malicious,1
1.27e-11,0.0,0.0,1,4,Malicious,1,Malicious,1
6.34e-11,0.0,0.0,1,4,Malicious,1,Malicious,1
9.47e-09,2.58e-08,1.34e-07,2,8,Benign,0,Benign,0
1.18e-06,0.0,0.0,1,1,Malicious,1,Malicious,1
6.35e-05,4.47e-08,0.0,2,4,Benign,0,Benign,0
3.79e-05,0.0,0.0,1,4,Malicious,1,Malicious,1
9.82e-08,2.75e-08,1.43e-07,2,8,Benign,0,Benign,0
1.27e-11,0.0,0.0,1,4,Malicious,1,Malicious,1
4e-05,0.0,0.0,1,4,Benign,0,Benign,1
5.07e-11,0.0,0.0,1,4,Malicious,1,Malicious,1
3.92e-05,0.0,0.0,1,4,Malicious,1,Malicious,1
1.27e-11,0.0,0.0,1,4,Malicious,1,Malicious,1
1.27e-11,0.0,0.0,1,4,Malicious,1,Malicious,1
4e-05,0.0,0.0,1,4,Malicious,1,Malicious,1
6.82e-05,3.38e-07,5.26e-06,1,8,Malicious,1,Malicious,1
5.07e-11,0.0,0.0,1,4,Malicious,1,Malicious,1
6.65e-08,2.75e-08,1.43e-07,2,8,Benign,0,Benign,0
3.91e-05,0.0,0.0,1,4,Malicious,1,Malicious,1
0.00076954,1.72e-06,0.0,2,4,Benign,0,Benign,0
3.8e-05,0.0,0.0,1,4,Malicious,1,Malicious,1
6.29e-09,1.66e-08,1.34e-07,2,8,Benign,0,Benign,0
6.34e-11,0.0,0.0,1,4,Malicious,1,Malicious,1
3.8e-05,0.0,0.0,1,4,Benign,0,Benign,1
6.34e-11,0.0,0.0,1,4,Malicious,1,Malicious,1
2.2e-08,2.75e-08,1.43e-07,2,8,Benign,0,Benign,0
3.98e-05,0.0,0.0,1,4,Malicious,1,Malicious,1
5.07e-11,0.0,0.0,1,4,Malicious,1,Malicious,1
1.27e-11,0.0,0.0,1,4,Malicious,1,Malicious,1
1.27e-11,0.0,0.0,1,4,Malicious,1,Malicious,1
3.8e-05,0.0,0.0,1,4,Malicious,1,Malicious,1
1.46e-06,3.04e-08,0.0,1,3,Benign,0,Benign,0
3.98e-05,0.0,0.0,1,4,Malicious,1,Malicious,1
3.94e-05,0.0,0.0,1,4,Benign,0,Benign,1
1.27e-11,0.0,0.0,1,4,Malicious,1,Malicious,1
1.27e-11,0.0,0.0,1,4,Malicious,1,Malicious,1
2.86e-06,2.75e-08,1.43e-07,2,8,Benign,0,Benign,0
6.34e-11,0.0,0.0,1,4,Malicious,1,Malicious,1
1.27e-11,0.0,0.0,1,4,Malicious,1,Malicious,1
1.27e-11,0.0,0.0,1,4,Malicious,1,Malicious,1
3.8e-05,0.0,0.0,1,4,Malicious,1,Malicious,1
1.08e-06,2.75e-08,1.43e-07,2,8,Benign,0,Benign,0
3.8e-05,0.0,0.0,1,4,Malicious,1,Malicious,1
0.0,0.0,0.0,1,4,Malicious,1,Malicious,1
1.27e-11,0.0,0.0,1,4,Malicious,1,Malicious,1
4e-05,0.0,0.0,1,4,Benign,0,Benign,1
3.96e-05,0.0,0.0,1,4,Benign,0,Benign,1
1.27e-11,0.0,0.0,1,4,Malicious,1,Malicious,1
1.08e-05,4.3e-08,7.22e-07,1,7,Malicious,1,Malicious,1
3.8e-05,0.0,0.0,1,4,Malicious,1,Malicious,1
1.27e-11,0.0,0.0,1,4,Malicious,1,Malicious,1
3.8e-05,0.0,0.0,1,4,Malicious,1,Malicious,1
6.3e-09,1.66e-08,1.34e-07,2,8,Benign,0,Benign,0
6.65e-08,1.03e-07,0.0,0,0,Benign,0,Benign,0
3.81e-06,0.0,0.0,1,1,Benign,0,Benign,0
0.0,0.0,0.0,1,4,Malicious,1,Malicious,1
1.37e-05,4.3e-08,7.22e-07,1,7,Malicious,1,Malicious,0
3.93e-05,0.0,0.0,1,4,Benign,0,Benign,1
3.99e-05,0.0,0.0,1,4,Malicious,1,Malicious,1
1.27e-11,0.0,0.0,1,4,Malicious,1,Malicious,1
3.98e-05,0.0,0.0,1,4,Benign,0,Benign,1
3.8e-05,0.0,0.0,1,4,Malicious,1,Malicious,1
3.92e-05,0.0,0.0,1,4,Malicious,1,Malicious,1
3.8e-05,0.0,0.0,1,4,Malicious,1,Malicious,1
0.0,0.0,0.0,1,4,Malicious,1,Malicious,1
2e-07,2.75e-08,1.43e-07,2,8,Benign,0,Benign,0
3.96e-05,0.0,0.0,1,4,Benign,0,Benign,1
3.79e-05,0.0,0.0,1,4,Malicious,1,Malicious,1
1.27e-11,0.0,0.0,1,4,Malicious,1,Malicious,1
1.89e-08,4.58e-08,4.99e-07,2,8,Benign,0,Benign,0
3.98e-05,0.0,0.0,1,4,Benign,0,Benign,1
1.27e-11,0.0,0.0,1,4,Malicious,1,Malicious,1
1.27e-11,0.0,0.0,1,4,Malicious,1,Malicious,1
0.0,0.0,0.0,1,4,Malicious,1,Malicious,1
1.27e-11,0.0,0.0,1,4,Malicious,1,Malicious,1
3.8e-05,0.0,0.0,1,4,Malicious,1,Malicious,1
1.27e-11,0.0,0.0,1,4,Malicious,1,Malicious,1
2.2e-08,1.66e-08,1.34e-07,2,8,Benign,0,Benign,0
3.97e-05,0.0,0.0,1,4,Benign,0,Benign,1
1.27e-11,0.0,0.0,1,4,Malicious,1,Malicious,1
0.00040943,3.55e-08,7.99e-07,1,7,Malicious,1,Malicious,1
5.07e-11,0.0,0.0,1,4,Malicious,1,Malicious,1
3.8e-05,0.0,0.0,1,4,Malicious,1,Malicious,1
3.8e-05,0.0,0.0,1,4,Malicious,1,Malicious,1
2.21e-08,2.75e-08,1.43e-07,2,8,Benign,0,Benign,0
1.27e-11,0.0,0.0,1,4,Malicious,1,Malicious,1
3.97e-05,0.0,0.0,1,4,Malicious,1,Malicious,1
5.07e-11,0.0,0.0,1,4,Malicious,1,Malicious,1
1.27e-11,0.0,0.0,1,4,Malicious,1,Malicious,1
0.0,0.0,0.0,1,4,Malicious,1,Malicious,1
6.28e-09,1.66e-08,1.34e-07,2,8,Benign,0,Benign,0
1.27e-11,0.0,0.0,1,4,Malicious,1,Malicious,1
3.92e-05,0.0,0.0,1,4,Malicious,1,Malicious,1
5.18e-05,3.38e-07,5.35e-06,1,8,Malicious,1,Malicious,1
2.6e-06,2.75e-08,1.43e-07,2,8,Benign,0,Benign,0
6.34e-11,0.0,0.0,1,4,Malicious,1,Malicious,1
1.27e-11,0.0,0.0,1,4,Malicious,1,Malicious,1
7.59e-08,2.75e-08,1.43e-07,2,8,Benign,0,Benign,0
5.07e-11,0.0,0.0,1,4,Malicious,1,Malicious,1
0.0,0.0,0.0,1,4,Malicious,1,Malicious,1
1.27e-11,0.0,0.0,1,4,Malicious,1,Malicious,1
3.83e-05,3.44e-08,0.0,2,4,Benign,0,Benign,0
3.8e-05,0.0,0.0,1,4,Malicious,1,Malicious,1
1.27e-11,0.0,0.0,1,4,Malicious,1,Malicious,1
1.01e-10,0.0,0.0,1,4,Malicious,1,Malicious,1
3.96e-05,0.0,0.0,1,4,Benign,0,Benign,1
2.68e-05,4.3e-08,7.22e-07,1,7,Malicious,1,Malicious,1
3.94e-05,0.0,0.0,1,4,Malicious,1,Malicious,1
2.63e-05,3.84e-08,6.92e-07,1,7,Benign,0,Benign,1
3.21e-09,0.0,0.0,1,4,Malicious,1,Malicious,1
1.27e-11,0.0,0.0,1,4,Malicious,1,Malicious,1
6.3e-09,1.66e-08,1.34e-07,2,8,Benign,0,Benign,0
3.97e-05,0.0,0.0,1,4,Malicious,1,Malicious,1
3.98e-05,0.0,0.0,1,4,Benign,0,Benign,1
3.8e-05,0.0,0.0,1,4,Malicious,1,Malicious,1
3.95e-05,0.0,0.0,1,4,Malicious,1,Malicious,1
1.27e-11,0.0,0.0,1,4,Malicious,1,Malicious,1
1.27e-11,0.0,0.0,1,4,Malicious,1,Malicious,1
5.07e-11,0.0,0.0,1,4,Malicious,1,Malicious,1
1.58e-08,2.58e-08,1.34e-07,2,8,Benign,0,Benign,0
9.51e-08,5.5e-08,2.85e-07,2,8,Benign,0,Benign,0
1.27e-11,0.0,0.0,1,4,Malicious,1,Malicious,1
1.27e-11,0.0,0.0,1,4,Malicious,1,Malicious,1
3.21e-09,0.0,0.0,1,4,Malicious,1,Malicious,1
5.07e-11,0.0,0.0,1,4,Malicious,1,Malicious,1
6.24e-07,2.75e-08,1.43e-07,2,8,Benign,0,Benign,0
3.8e-05,0.0,0.0,1,4,Malicious,1,Malicious,1
5.07e-11,0.0,0.0,1,4,Malicious,1,Malicious,1
4.01e-05,0.0,0.0,1,4,Malicious,1,Malicious,1
1.27e-11,0.0,0.0,1,4,Malicious,1,Malicious,1
3.97e-05,0.0,0.0,1,4,Malicious,1,Malicious,1
1.27e-11,0.0,0.0,1,4,Malicious,1,Malicious,1
3.98e-05,0.0,0.0,1,4,Malicious,1,Malicious,1
1.35e-06,2.75e-08,1.43e-07,2,8,Benign,0,Benign,0
6.32e-09,2.12e-08,3.92e-07,2,8,Benign,0,Benign,0
3.8e-05,0.0,0.0,1,4,Malicious,1,Malicious,1
9.47e-09,1.66e-08,1.34e-07,2,8,Benign,0,Benign,0
3.99e-05,0.0,0.0,1,4,Malicious,1,Malicious,1
3.8e-05,0.0,0.0,1,4,Malicious,1,Malicious,1
3.95e-05,0.0,0.0,1,4,Benign,0,Benign,1
3.22e-09,0.0,0.0,1,4,Malicious,1,Malicious,1
5.23e-05,3.84e-08,6.92e-07,1,7,Benign,0,Benign,1
5.07e-11,0.0,0.0,1,4,Malicious,1,Malicious,1
1.27e-11,0.0,0.0,1,4,Malicious,1,Malicious,1
5.07e-11,0.0,0.0,1,4,Malicious,1,Malicious,1
3.98e-05,0.0,0.0,1,4,Malicious,1,Malicious,1
0.0,0.0,0.0,1,4,Malicious,1,Malicious,1
1.27e-11,0.0,0.0,1,4,Malicious,1,Malicious,1
1.46e-07,3.21e-07,1.66e-06,0,0,Benign,0,Benign,0
5.07e-11,0.0,0.0,1,4,Malicious,1,Malicious,1
1.27e-11,0.0,0.0,1,4,Malicious,1,Malicious,1
3.98e-05,0.0,0.0,1,4,Malicious,1,Malicious,1
1.27e-11,0.0,0.0,1,4,Malicious,1,Malicious,1
1.27e-11,0.0,0.0,1,4,Malicious,1,Malicious,1
3.8e-05,0.0,0.0,1,4,Malicious,1,Malicious,1
3.98e-05,0.0,0.0,1,4,Malicious,1,Malicious,1
5.38e-08,2.75e-08,1.43e-07,2,8,Benign,0,Benign,0
3.99e-05,0.0,0.0,1,4,Malicious,1,Malicious,1
3.98e-05,0.0,0.0,1,4,Malicious,1,Malicious,1
5.07e-11,0.0,0.0,1,4,Malicious,1,Malicious,1
3.95e-05,0.0,0.0,1,4,Benign,0,Benign,1
1.27e-11,0.0,0.0,1,4,Malicious,1,Malicious,1
6e-08,2.75e-08,1.43e-07,2,8,Benign,0,Benign,0
6.65e-08,2.75e-08,1.43e-07,2,8,Benign,0,Benign,0
1.27e-11,0.0,0.0,1,4,Malicious,1,Malicious,1
1.27e-11,0.0,0.0,1,4,Malicious,1,Malicious,1
2.63e-05,3.84e-08,6.92e-07,1,7,Benign,0,Benign,1
1.27e-11,0.0,0.0,1,4,Malicious,1,Malicious,1
1.27e-11,0.0,0.0,1,4,Malicious,1,Malicious,1
3.94e-05,0.0,0.0,1,4,Malicious,1,Malicious,1
5.07e-11,0.0,0.0,1,4,Malicious,1,Malicious,1
3.94e-05,0.0,0.0,1,4,Benign,0,Benign,1
1.27e-11,0.0,0.0,1,4,Malicious,1,Malicious,1
3.97e-05,0.0,0.0,1,4,Benign,0,Benign,1
1.27e-11,0.0,0.0,1,4,Malicious,1,Malicious,1
5.07e-11,0.0,0.0,1,4,Malicious,1,Malicious,1
3.8e-05,0.0,0.0,1,4,Malicious,1,Malicious,1
5.07e-11,0.0,0.0,1,4,Malicious,1,Malicious,1
3.98e-05,0.0,0.0,1,4,Malicious,1,Malicious,1
6.34e-11,0.0,0.0,1,4,Malicious,1,Malicious,1
2.21e-08,2.75e-08,1.43e-07,2,8,Benign,0,Benign,0
1.27e-11,0.0,0.0,1,4,Malicious,1,Malicious,1
0.0,0.0,0.0,1,4,Malicious,1,Malicious,1
3.13e-09,0.0,0.0,1,4,Malicious,1,Malicious,1
1.27e-11,0.0,0.0,1,4,Malicious,1,Malicious,1
1.27e-11,0.0,0.0,1,4,Malicious,1,Malicious,1
3.98e-05,0.0,0.0,1,4,Malicious,1,Malicious,1
3.48e-08,2.75e-08,1.43e-07,2,8,Benign,0,Benign,0
3.92e-05,0.0,0.0,1,4,Malicious,1,Malicious,1
5.61e-05,3.38e-07,5.35e-06,1,8,Malicious,1,Malicious,1
1.01e-10,0.0,0.0,1,4,Malicious,1,Malicious,1
1.27e-11,0.0,0.0,1,4,Malicious,1,Malicious,1
3.8e-05,0.0,0.0,1,4,Malicious,1,Malicious,1
3.94e-05,0.0,0.0,1,4,Malicious,1,Malicious,1
1.27e-11,0.0,0.0,1,4,Malicious,1,Malicious,1
4.01e-05,0.0,0.0,1,4,Malicious,1,Malicious,1
6.35e-05,4.47e-08,0.0,2,4,Benign,0,Benign,0
0.0,0.0,0.0,1,4,Malicious,1,Malicious,1
9.49e-09,2.58e-08,1.34e-07,2,8,Benign,0,Benign,0
1.27e-11,0.0,0.0,1,4,Malicious,1,Malicious,1
0.000406641,3.55e-08,7.99e-07,1,7,Malicious,1,Malicious,1
1.27e-11,0.0,0.0,1,4,Malicious,1,Malicious,1
3.8e-05,0.0,0.0,1,4,Malicious,1,Malicious,1
4.5e-06,2.24e-08,3.06e-07,2,8,Benign,0,Benign,0
0.0,0.0,0.0,1,4,Malicious,1,Malicious,1
6.5e-05,4.47e-08,3.06e-07,2,8,Benign,0,Benign,0
1.27e-11,0.0,0.0,1,4,Malicious,1,Malicious,1
1.27e-11,0.0,0.0,1,4,Malicious,1,Malicious,1
6.33e-09,1.66e-08,1.34e-07,2,8,Benign,0,Benign,0
5.32e-07,2.58e-08,1.34e-07,2,8,Benign,0,Benign,0
3.8e-05,0.0,0.0,1,4,Malicious,1,Malicious,1
3.93e-05,0.0,0.0,1,4,Malicious,1,Malicious,1
3.8e-05,0.0,0.0,1,4,Malicious,1,Malicious,1
3.99e-05,0.0,0.0,1,4,Malicious,1,Malicious,1
2.92e-09,0.0,0.0,1,4,Malicious,1,Malicious,1
6.34e-11,0.0,0.0,1,4,Malicious,1,Malicious,1
3.66e-06,0.0,0.0,1,1,Benign,0,Benign,0
1.27e-11,0.0,0.0,1,4,Malicious,1,Malicious,1
6.34e-11,0.0,0.0,1,4,Malicious,1,Malicious,1
3.95e-05,0.0,0.0,1,4,Benign,0,Benign,1
0.0,0.0,0.0,1,4,Malicious,1,Malicious,1
1.27e-11,0.0,0.0,1,4,Malicious,1,Malicious,1
1.37e-05,3.84e-08,6.92e-07,1,7,Benign,0,Benign,0
1.27e-11,0.0,0.0,1,4,Malicious,1,Malicious,1
1.27e-11,0.0,0.0,1,4,Malicious,1,Malicious,1
2.62e-05,3.84e-08,6.92e-07,1,7,Benign,0,Benign,1
5.07e-11,0.0,0.0,1,4,Malicious,1,Malicious,1
6.33e-09,2.58e-08,1.34e-07,2,8,Benign,0,Benign,0
1.37e-05,3.84e-08,6.92e-07,1,7,Benign,0,Benign,0
6.34e-11,0.0,0.0,1,4,Malicious,1,Malicious,1
1.27e-11,0.0,0.0,1,4,Malicious,1,Malicious,1
5.17e-05,3.84e-08,6.92e-07,1,7,Benign,0,Benign,1
1.27e-11,0.0,0.0,1,4,Malicious,1,Malicious,1
1.24e-05,4.3e-08,7.22e-07,1,7,Malicious,1,Malicious,1
1.27e-11,0.0,0.0,1,4,Malicious,1,Malicious,1
3.48e-08,2.75e-08,1.43e-07,2,8,Benign,0,Benign,0
3.96e-05,0.0,0.0,1,4,Malicious,1,Malicious,1
1.27e-11,0.0,0.0,1,4,Malicious,1,Malicious,1
1.27e-11,0.0,0.0,1,4,Malicious,1,Malicious,1
1.27e-11,0.0,0.0,1,4,Malicious,1,Malicious,1
5.07e-11,0.0,0.0,1,4,Malicious,1,Malicious,1
6.3e-09,1.66e-08,1.34e-07,2,8,Benign,0,Benign,0
1.36e-07,2.75e-08,1.43e-07,2,8,Benign,0,Benign,0
3.98e-05,0.0,0.0,1,4,Benign,0,Benign,1
5.07e-11,0.0,0.0,1,4,Malicious,1,Malicious,1
3.8e-05,0.0,0.0,1,4,Malicious,1,Malicious,1
7.28e-08,2.75e-08,1.43e-07,2,8,Benign,0,Benign,0
3.98e-05,0.0,0.0,1,4,Malicious,1,Malicious,1
7.16e-07,1.95e-08,8.83e-07,2,8,Benign,0,Benign,0
6.34e-11,0.0,0.0,1,4,Malicious,1,Malicious,1
3.16e-08,2.75e-08,1.43e-07,2,8,Benign,0,Benign,0
0.0,0.0,0.0,1,4,Malicious,1,Malicious,1
6.34e-11,0.0,0.0,1,4,Malicious,1,Malicious,1
3.07e-09,0.0,0.0,1,4,Malicious,1,Malicious,1
5.93e-07,2.75e-08,1.43e-07,2,8,Benign,0,Benign,0
3.8e-05,0.0,0.0,1,4,Malicious,1,Malicious,1
0.0,0.0,0.0,1,4,Malicious,1,Malicious,1
0.000215788,7.68e-08,0.0,2,4,Benign,0,Benign,0
1.27e-11,0.0,0.0,1,4,Malicious,1,Malicious,1
1.27e-11,0.0,0.0,1,4,Malicious,1,Malicious,1
3.92e-05,0.0,0.0,1,4,Benign,0,Benign,1
3.94e-05,0.0,0.0,1,4,Malicious,1,Malicious,1
0.0,0.0,0.0,1,4,Malicious,1,Malicious,1
6.34e-11,0.0,0.0,1,4,Malicious,1,Malicious,1
2.54e-11,5.5e-08,0.0,2,4,Benign,0,Benign,0
6.34e-11,0.0,0.0,1,4,Malicious,1,Malicious,1
3.8e-05,0.0,0.0,1,4,Malicious,1,Malicious,1
3.12e-09,0.0,0.0,1,4,Malicious,1,Malicious,1
3.97e-05,0.0,0.0,1,4,Malicious,1,Malicious,1
5.28e-05,4.3e-08,7.22e-07,1,7,Malicious,1,Malicious,1
1.27e-11,0.0,0.0,1,4,Malicious,1,Malicious,1
3.91e-05,0.0,0.0,1,4,Malicious,1,Malicious,1
1.38e-05,3.84e-08,6.92e-07,1,7,Benign,0,Benign,0
1.27e-11,0.0,0.0,1,4,Malicious,1,Malicious,1
1.27e-11,0.0,0.0,1,4,Malicious,1,Malicious,1
3.95e-05,0.0,0.0,1,4,Malicious,1,Malicious,1
3.8e-05,0.0,0.0,1,4,Malicious,1,Malicious,1
1.27e-11,0.0,0.0,1,4,Malicious,1,Malicious,1
1.27e-11,0.0,0.0,1,4,Malicious,1,Malicious,1
1.27e-11,0.0,0.0,1,4,Malicious,1,Malicious,1
0.0,0.0,0.0,1,4,Malicious,1,Malicious,1
5.07e-11,0.0,0.0,1,4,Malicious,1,Malicious,1
4e-05,0.0,0.0,1,4,Benign,0,Benign,1
3.96e-05,0.0,0.0,1,4,Benign,0,Benign,1
4e-05,0.0,0.0,1,4,Malicious,1,Malicious,1
6.32e-08,2.75e-08,1.43e-07,2,8,Benign,0,Benign,0
5.07e-11,0.0,0.0,1,4,Malicious,1,Malicious,1
6.35e-05,4.47e-08,0.0,2,4,Benign,0,Benign,0
1.27e-11,0.0,0.0,1,4,Malicious,1,Malicious,1
1.27e-11,0.0,0.0,1,4,Malicious,1,Malicious,1
9.25e-09,2.58e-08,1.34e-07,2,8,Benign,0,Benign,0
0.0,0.0,0.0,1,4,Malicious,1,Malicious,1
1.27e-11,0.0,0.0,1,4,Malicious,1,Malicious,1
1.27e-11,0.0,0.0,1,4,Malicious,1,Malicious,1
6.34e-11,0.0,0.0,1,4,Malicious,1,Malicious,1
2.21e-08,2.75e-08,1.43e-07,2,8,Benign,0,Benign,0
1.9e-08,2.75e-08,1.43e-07,2,8,Benign,0,Benign,0
2.42e-09,0.0,0.0,1,4,Malicious,1,Malicious,1
6.32e-09,2.12e-08,2.97e-07,2,8,Benign,0,Benign,0
2.52e-08,2.75e-08,1.43e-07,2,8,Benign,0,Benign,0
3.8e-05,0.0,0.0,1,4,Malicious,1,Malicious,1
3.48e-08,2.75e-08,1.43e-07,2,8,Benign,0,Benign,0
1.27e-11,0.0,0.0,1,4,Malicious,1,Malicious,1
3.97e-05,0.0,0.0,1,4,Malicious,1,Malicious,1
1.27e-11,0.0,0.0,1,4,Malicious,1,Malicious,1
2.82e-07,2.75e-08,1.43e-07,2,8,Benign,0,Benign,0
4e-05,0.0,0.0,1,4,Malicious,1,Malicious,1
3.98e-05,0.0,0.0,1,4,Benign,0,Benign,1
3.81e-11,0.0,0.0,1,4,Malicious,1,Malicious,1
0.0,0.0,0.0,1,4,Malicious,1,Malicious,1
1.27e-11,0.0,0.0,1,4,Malicious,1,Malicious,1
5.07e-11,0.0,0.0,1,4,Malicious,1,Malicious,1
5.36e-08,2.75e-08,1.43e-07,2,8,Benign,0,Benign,0
3.8e-05,0.0,0.0,1,4,Malicious,1,Malicious,1
4.75e-08,2.75e-08,1.43e-07,2,8,Benign,0,Benign,0
1.27e-11,0.0,0.0,1,4,Malicious,1,Malicious,1
3.94e-05,0.0,0.0,1,4,Malicious,1,Malicious,1
5.07e-11,0.0,0.0,1,4,Malicious,1,Malicious,1
1.27e-11,0.0,0.0,1,4,Malicious,1,Malicious,1
3.94e-05,0.0,0.0,1,4,Malicious,1,Malicious,1
1.58e-08,2.75e-08,1.43e-07,2,8,Benign,0,Benign,0
1.27e-11,0.0,0.0,1,4,Malicious,1,Malicious,1
2.53e-08,1.66e-08,1.34e-07,2,8,Benign,0,Benign,0
3.99e-05,0.0,0.0,1,4,Malicious,1,Malicious,1
1.27e-11,0.0,0.0,1,4,Malicious,1,Malicious,1
3.13e-09,0.0,0.0,1,4,Malicious,1,Malicious,1
1.29e-06,2.75e-08,1.43e-07,2,8,Benign,0,Benign,0
6.33e-09,1.66e-08,1.34e-07,2,8,Benign,0,Benign,0
3.22e-09,0.0,0.0,1,4,Malicious,1,Malicious,1
3.8e-05,0.0,0.0,1,4,Malicious,1,Malicious,1
0.0,0.0,0.0,1,4,Malicious,1,Malicious,1
6.34e-11,0.0,0.0,1,4,Malicious,1,Malicious,1
1.27e-11,0.0,0.0,1,4,Malicious,1,Malicious,1
5.07e-11,0.0,0.0,1,4,Malicious,1,Malicious,1
6.35e-05,4.47e-08,0.0,2,4,Benign,0,Benign,0
3.49e-08,2.75e-08,1.43e-07,2,8,Benign,0,Benign,0
1.27e-11,0.0,0.0,1,4,Malicious,1,Malicious,1
3.98e-05,0.0,0.0,1,4,Benign,0,Benign,1
3.96e-05,0.0,0.0,1,4,Malicious,1,Malicious,1
2.77e-05,3.73e-08,6.86e-07,1,7,Benign,0,Benign,1
3.97e-05,0.0,0.0,1,4,Malicious,1,Malicious,1
6.35e-05,4.47e-08,0.0,2,4,Benign,0,Benign,0
3.97e-05,0.0,0.0,1,4,Malicious,1,Malicious,1
3.92e-05,0.0,0.0,1,4,Malicious,1,Malicious,1
3.8e-05,0.0,0.0,1,4,Malicious,1,Malicious,1
1.27e-11,0.0,0.0,1,4,Malicious,1,Malicious,1
3.13e-09,0.0,0.0,1,4,Malicious,1,Malicious,1
5.07e-11,0.0,0.0,1,4,Malicious,1,Malicious,1
6.34e-09,2.58e-08,1.34e-07,2,8,Benign,0,Benign,0
3.81e-11,0.0,0.0,1,4,Malicious,1,Malicious,1
1.27e-11,0.0,0.0,1,4,Malicious,1,Malicious,1
3.81e-11,0.0,0.0,1,4,Malicious,1,Malicious,1
3.97e-05,0.0,0.0,1,4,Malicious,1,Malicious,1
1.27e-11,0.0,0.0,1,4,Malicious,1,Malicious,1
3.95e-05,0.0,0.0,1,4,Malicious,1,Malicious,1
3.99e-05,0.0,0.0,1,4,Benign,0,Benign,1
1.27e-11,0.0,0.0,1,4,Malicious,1,Malicious,1
3.15e-09,0.0,0.0,1,4,Malicious,1,Malicious,1
1.27e-11,0.0,0.0,1,4,Malicious,1,Malicious,1
3.97e-05,0.0,0.0,1,4,Benign,0,Benign,1
6.34e-11,0.0,0.0,1,4,Malicious,1,Malicious,1
3.8e-05,0.0,0.0,1,4,Malicious,1,Malicious,1
1.46e-07,2.64e-08,1.84e-07,2,8,Benign,0,Benign,0
3.48e-08,2.75e-08,1.43e-07,2,8,Benign,0,Benign,0
9.4e-09,2.58e-08,1.34e-07,2,8,Benign,0,Benign,0
3.94e-05,0.0,0.0,1,4,Malicious,1,Malicious,1
3.48e-08,2.75e-08,1.43e-07,2,8,Benign,0,Benign,0
3.93e-05,0.0,0.0,1,4,Malicious,1,Malicious,1
3.81e-05,0.0,0.0,1,4,Malicious,1,Malicious,1
1.27e-11,0.0,0.0,1,4,Malicious,1,Malicious,1
6.34e-11,0.0,0.0,1,4,Malicious,1,Malicious,1
3.94e-05,0.0,0.0,1,4,Benign,0,Benign,1
1.27e-11,0.0,0.0,1,4,Malicious,1,Malicious,1
3.8e-05,0.0,0.0,1,4,Malicious,1,Malicious,1
4.11e-08,2.75e-08,1.43e-07,2,8,Benign,0,Benign,0
5.07e-11,0.0,0.0,1,4,Malicious,1,Malicious,1
1.37e-05,3.84e-08,6.92e-07,1,7,Benign,0,Benign,0
5.07e-11,0.0,0.0,1,4,Malicious,1,Malicious,1
0.0,0.0,0.0,1,4,Malicious,1,Malicious,1
3.93e-05,0.0,0.0,1,4,Malicious,1,Malicious,1
1.27e-11,0.0,0.0,1,4,Malicious,1,Malicious,1
3.96e-05,0.0,0.0,1,4,Malicious,1,Malicious,1
1.51e-07,2.12e-08,2.29e-07,2,8,Benign,0,Benign,0
0.0,0.0,0.0,1,4,Malicious,1,Malicious,1
6.35e-05,4.47e-08,0.0,2,4,Benign,0,Benign,0
6.34e-11,0.0,0.0,1,4,Malicious,1,Malicious,1
1.27e-11,0.0,0.0,1,4,Malicious,1,Malicious,1
0.0,0.0,0.0,1,4,Malicious,1,Malicious,1
1.27e-11,0.0,0.0,1,4,Malicious,1,Malicious,1
2.2e-08,2.75e-08,1.43e-07,2,8,Benign,0,Benign,0
4e-05,0.0,0.0,1,4,Benign,0,Benign,1
1.27e-11,0.0,0.0,1,4,Malicious,1,Malicious,1
3.91e-05,0.0,0.0,1,4,Malicious,1,Malicious,1
3.81e-05,1.03e-07,0.0,0,0,Benign,0,Benign,0
3.94e-05,0.0,0.0,1,4,Malicious,1,Malicious,1
2.65e-09,0.0,0.0,1,4,Malicious,1,Malicious,1
0.000754317,1.72e-06,0.0,2,4,Benign,0,Benign,0
3.98e-05,0.0,0.0,1,4,Malicious,1,Malicious,1
1.27e-11,0.0,0.0,1,4,Malicious,1,Malicious,1
3.92e-05,0.0,0.0,1,4,Benign,0,Benign,1
5.07e-11,0.0,0.0,1,4,Malicious,1,Malicious,1
0.0,0.0,0.0,1,4,Malicious,1,Malicious,1
3.98e-05,0.0,0.0,1,4,Benign,0,Benign,1
1.01e-10,0.0,0.0,1,4,Malicious,1,Malicious,1
3.94e-05,0.0,0.0,1,4,Benign,0,Benign,1
3.91e-05,0.0,0.0,1,4,Malicious,1,Malicious,1
2.97e-06,2.24e-08,3.06e-07,2,8,Benign,0,Benign,0
6.34e-11,0.0,0.0,1,4,Malicious,1,Malicious,1
2.69e-05,3.84e-08,6.92e-07,1,7,Benign,0,Benign,1
2.56e-05,2.98e-08,3.68e-07,1,3,Benign,0,Benign,0
3.95e-05,0.0,0.0,1,4,Malicious,1,Malicious,1
5.07e-11,0.0,0.0,1,4,Malicious,1,Malicious,1
6.33e-09,2.58e-08,1.34e-07,2,8,Benign,0,Benign,0
3.8e-05,0.0,0.0,1,4,Malicious,1,Malicious,1
3.91e-05,0.0,0.0,1,4,Benign,0,Benign,1
3.81e-11,0.0,0.0,1,4,Malicious,1,Malicious,1
1.27e-11,0.0,0.0,1,4,Malicious,1,Malicious,1
1.27e-11,0.0,0.0,1,4,Malicious,1,Malicious,1
0.0,0.0,0.0,1,4,Malicious,1,Malicious,1
5.33e-07,2.75e-08,1.43e-07,2,8,Benign,0,Benign,0
3.98e-05,0.0,0.0,1,4,Malicious,1,Malicious,1
3.8e-05,0.0,0.0,1,4,Malicious,1,Malicious,1
2.87e-09,0.0,0.0,1,4,Malicious,1,Malicious,1
1.27e-11,0.0,0.0,1,4,Malicious,1,Malicious,1
4.01e-05,0.0,0.0,1,4,Benign,0,Benign,1
3.91e-05,0.0,0.0,1,4,Benign,0,Benign,1
3.96e-05,0.0,0.0,1,4,Malicious,1,Malicious,1
3.81e-11,0.0,0.0,1,4,Malicious,1,Malicious,1
1.27e-11,0.0,0.0,1,4,Malicious,1,Malicious,1
2.54e-11,5.5e-08,0.0,2,4,Benign,0,Benign,0
1.27e-11,0.0,0.0,1,4,Malicious,1,Malicious,1
3.95e-05,0.0,0.0,1,4,Malicious,1,Malicious,1
1.27e-11,0.0,0.0,1,4,Malicious,1,Malicious,1
1.27e-11,0.0,0.0,1,4,Malicious,1,Malicious,1
2.24e-07,2.46e-08,3.3e-07,2,8,Benign,0,Benign,0
3.95e-05,0.0,0.0,1,4,Benign,0,Benign,1
6.44e-09,0.0,0.0,1,4,Malicious,1,Malicious,1
1.27e-11,0.0,0.0,1,4,Malicious,1,Malicious,1
1.27e-11,0.0,0.0,1,4,Malicious,1,Malicious,1
2.21e-08,2.75e-08,1.43e-07,2,8,Benign,0,Benign,0
1.27e-11,0.0,0.0,1,4,Malicious,1,Malicious,1
6.35e-05,4.47e-08,0.0,2,4,Benign,0,Benign,0
4e-05,0.0,0.0,1,4,Benign,0,Benign,1
5.07e-11,0.0,0.0,1,4,Malicious,1,Malicious,1
5.31e-06,0.0,0.0,1,1,Malicious,1,Malicious,0
3.27e-09,0.0,0.0,1,4,Malicious,1,Malicious,1
1.89e-08,1.66e-08,1.34e-07,2,8,Benign,0,Benign,0
3.94e-05,0.0,0.0,1,4,Malicious,1,Malicious,1
5.07e-11,0.0,0.0,1,4,Malicious,1,Malicious,1
6.39e-09,0.0,0.0,1,4,Malicious,1,Malicious,1
2.61e-09,0.0,0.0,1,4,Malicious,1,Malicious,1
3.79e-05,0.0,0.0,1,4,Malicious,1,Malicious,1
9.37e-09,2.12e-08,2.97e-07,2,8,Benign,0,Benign,0
9.5e-09,2.58e-08,1.34e-07,2,8,Benign,0,Benign,0
3.13e-09,0.0,0.0,1,4,Malicious,1,Malicious,1
6.49e-05,4.47e-08,3.06e-07,2,8,Benign,0,Benign,0
1.27e-11,0.0,0.0,1,4,Malicious,1,Malicious,1
2.56e-05,2.98e-08,3.68e-07,1,3,Benign,0,Benign,0
1.27e-11,0.0,0.0,1,4,Malicious,1,Malicious,1
3.99e-05,0.0,0.0,1,4,Malicious,1,Malicious,1
1.27e-11,0.0,0.0,1,4,Malicious,1,Malicious,1
3.8e-05,0.0,0.0,1,4,Malicious,1,Malicious,1
5.07e-11,0.0,0.0,1,4,Malicious,1,Malicious,1
3.99e-05,0.0,0.0,1,4,Malicious,1,Malicious,1
3.96e-05,0.0,0.0,1,4,Malicious,1,Malicious,1
5.07e-11,0.0,0.0,1,4,Malicious,1,Malicious,1
2.64e-09,0.0,0.0,1,4,Malicious,1,Malicious,1
1.27e-11,0.0,0.0,1,4,Malicious,1,Malicious,1
1.89e-08,2.75e-08,1.43e-07,2,8,Benign,0,Benign,0
6.3e-09,1.66e-08,1.34e-07,2,8,Benign,0,Benign,0
1.27e-11,0.0,0.0,1,4,Malicious,1,Malicious,1
6.34e-11,0.0,0.0,1,4,Malicious,1,Malicious,1
3.99e-05,0.0,0.0,1,4,Malicious,1,Malicious,1
5.7e-08,2.75e-08,1.43e-07,2,8,Benign,0,Benign,0
1.27e-11,0.0,0.0,1,4,Malicious,1,Malicious,1
4e-05,0.0,0.0,1,4,Malicious,1,Malicious,1
1.27e-11,0.0,0.0,1,4,Malicious,1,Malicious,1
2.85e-08,2.24e-08,1.63e-07,2,8,Benign,0,Benign,0
3.99e-05,0.0,0.0,1,4,Benign,0,Benign,1
4.28e-07,2.75e-08,1.43e-07,2,8,Benign,0,Benign,0
3.97e-05,0.0,0.0,1,4,Benign,0,Benign,1
3.23e-09,0.0,0.0,1,4,Malicious,1,Malicious,1
6.35e-05,4.47e-08,0.0,2,4,Benign,0,Benign,0
6.35e-05,4.47e-08,0.0,2,4,Benign,0,Benign,0
1.27e-11,0.0,0.0,1,4,Malicious,1,Malicious,1
0.0,0.0,0.0,1,4,Malicious,1,Malicious,1
1.27e-11,0.0,0.0,1,4,Malicious,1,Malicious,1
3.23e-09,0.0,0.0,1,4,Malicious,1,Malicious,1
1.27e-11,0.0,0.0,1,4,Malicious,1,Malicious,1
3.8e-05,0.0,0.0,1,4,Malicious,1,Malicious,1
0.0,0.0,0.0,1,4,Malicious,1,Malicious,1
0.000768079,1.72e-06,0.0,2,4,Benign,0,Benign,0
3.8e-05,0.0,0.0,1,4,Malicious,1,Malicious,1
6.34e-11,0.0,0.0,1,4,Malicious,1,Malicious,1
3.98e-05,0.0,0.0,1,4,Malicious,1,Malicious,1
1.27e-11,0.0,0.0,1,4,Malicious,1,Malicious,1
1.18e-06,0.0,0.0,1,1,Malicious,1,Malicious,1
3.95e-05,0.0,0.0,1,4,Benign,0,Benign,1
1.27e-11,0.0,0.0,1,4,Malicious,1,Malicious,1
9.27e-09,2.58e-08,1.34e-07,2,8,Benign,0,Benign,0
3.93e-05,0.0,0.0,1,4,Benign,0,Benign,1
0.0,0.0,0.0,1,4,Malicious,1,Malicious,1
1.9e-08,2.75e-08,1.43e-07,2,8,Benign,0,Benign,0
5.07e-11,0.0,0.0,1,4,Malicious,1,Malicious,1
5.07e-11,0.0,0.0,1,4,Malicious,1,Malicious,1
0.0,0.0,0.0,1,4,Malicious,1,Malicious,1
3.97e-05,0.0,0.0,1,4,Malicious,1,Malicious,1
1.36e-07,1.66e-08,1.34e-07,2,8,Benign,0,Benign,0
1.22e-05,4.3e-08,7.22e-07,1,7,Malicious,1,Malicious,1
5.07e-11,0.0,0.0,1,4,Malicious,1,Malicious,1
1.27e-11,0.0,0.0,1,4,Malicious,1,Malicious,1
3.94e-05,0.0,0.0,1,4,Benign,0,Benign,1
2.55e-09,0.0,0.0,1,4,Malicious,1,Malicious,1
2.2e-08,2.75e-08,1.43e-07,2,8,Benign,0,Benign,0
3.99e-05,0.0,0.0,1,4,Malicious,1,Malicious,1
3.23e-09,0.0,0.0,1,4,Malicious,1,Malicious,1
3.96e-05,0.0,0.0,1,4,Malicious,1,Malicious,1
3.8e-05,0.0,0.0,1,4,Malicious,1,Malicious,1
4.21e-07,2.75e-08,1.43e-07,2,8,Benign,0,Benign,0
3.91e-05,0.0,0.0,1,4,Benign,0,Benign,1
3.97e-05,0.0,0.0,1,4,Malicious,1,Malicious,1
3.94e-05,0.0,0.0,1,4,Benign,0,Benign,1
6.35e-05,4.47e-08,0.0,2,4,Benign,0,Benign,0
5.07e-11,0.0,0.0,1,4,Malicious,1,Malicious,1
5.07e-11,0.0,0.0,1,4,Malicious,1,Malicious,1
5.07e-11,0.0,0.0,1,4,Malicious,1,Malicious,1
1.27e-11,0.0,0.0,1,4,Malicious,1,Malicious,1
1.27e-11,0.0,0.0,1,4,Malicious,1,Malicious,1
3.8e-05,0.0,0.0,1,4,Malicious,1,Malicious,1
3.8e-05,0.0,0.0,1,4,Malicious,1,Malicious,1
1.46e-07,0.0,0.0,1,8,Benign,0,Benign,0
2.48e-05,4.93e-08,0.000151675,1,8,Malicious,1,Malicious,1
1.14e-10,0.0,0.0,1,4,Malicious,1,Malicious,1
1.88e-08,2.75e-08,1.43e-07,2,8,Benign,0,Benign,0
3.8e-05,0.0,0.0,1,4,Malicious,1,Malicious,1
6.34e-11,0.0,0.0,1,4,Malicious,1,Malicious,1
2.68e-05,3.84e-08,6.92e-07,1,7,Benign,0,Benign,1
1.27e-11,0.0,0.0,1,4,Malicious,1,Malicious,1
1.27e-11,0.0,0.0,1,4,Malicious,1,Malicious,1
5.27e-05,4.3e-08,7.22e-07,1,7,Malicious,1,Malicious,1
3.8e-05,0.0,0.0,1,4,Malicious,1,Malicious,1
0.0,0.0,0.0,1,4,Malicious,1,Malicious,1
6.34e-11,0.0,0.0,1,4,Malicious,1,Malicious,1
1.27e-11,0.0,0.0,1,4,Malicious,1,Malicious,1
3.96e-05,0.0,0.0,1,4,Benign,0,Benign,1
1.4e-05,4.3e-08,7.22e-07,1,7,Malicious,1,Malicious,1
4.1e-08,2.75e-08,1.43e-07,2,8,Benign,0,Benign,0
3.98e-05,0.0,0.0,1,4,Benign,0,Benign,1
6.34e-11,0.0,0.0,1,4,Malicious,1,Malicious,1
1.27e-11,0.0,0.0,1,4,Malicious,1,Malicious,1
3.8e-05,0.0,0.0,1,4,Malicious,1,Malicious,1
3.93e-05,0.0,0.0,1,4,Malicious,1,Malicious,1
1.27e-11,0.0,0.0,1,4,Malicious,1,Malicious,1
3.99e-05,0.0,0.0,1,4,Malicious,1,Malicious,1
9.47e-09,1.66e-08,1.34e-07,2,8,Benign,0,Benign,0
5.07e-11,0.0,0.0,1,4,Malicious,1,Malicious,1
1.27e-11,0.0,0.0,1,4,Malicious,1,Malicious,1
9.67e-07,2.75e-08,1.43e-07,2,8,Benign,0,Benign,0
1.27e-11,0.0,0.0,1,4,Malicious,1,Malicious,1
4e-05,0.0,0.0,1,4,Benign,0,Benign,1
3.79e-05,0.0,0.0,1,4,Malicious,1,Malicious,1
1.27e-11,0.0,0.0,1,4,Malicious,1,Malicious,1
4e-05,0.0,0.0,1,4,Benign,0,Benign,1
6.38e-09,0.0,0.0,1,4,Malicious,1,Malicious,1
5.07e-11,0.0,0.0,1,4,Malicious,1,Malicious,1
2.19e-08,2.75e-08,1.43e-07,2,8,Benign,0,Benign,0
3.93e-10,0.0,0.0,1,4,Malicious,1,Malicious,1
6.35e-05,4.47e-08,0.0,2,4,Benign,0,Benign,0
1.08e-07,2.75e-08,1.43e-07,2,8,Benign,0,Benign,0
3.12e-09,0.0,0.0,1,4,Malicious,1,Malicious,1
1.27e-11,0.0,0.0,1,4,Malicious,1,Malicious,1
3.8e-05,0.0,0.0,1,4,Malicious,1,Malicious,1
1.27e-11,0.0,0.0,1,4,Malicious,1,Malicious,1
5.07e-11,0.0,0.0,1,4,Malicious,1,Malicious,1
3.92e-05,0.0,0.0,1,4,Malicious,1,Malicious,1
0.0,0.0,0.0,1,4,Malicious,1,Malicious,1
3.94e-05,0.0,0.0,1,4,Malicious,1,Malicious,1
1.27e-11,0.0,0.0,1,4,Malicious,1,Malicious,1
3.99e-05,0.0,0.0,1,4,Malicious,1,Malicious,1
1.27e-11,0.0,0.0,1,4,Malicious,1,Malicious,1
6.78e-05,3.38e-07,5.35e-06,1,8,Malicious,1,Malicious,1
1.27e-11,0.0,0.0,1,4,Malicious,1,Malicious,1
1.27e-11,0.0,0.0,1,4,Malicious,1,Malicious,1
3.95e-05,0.0,0.0,1,4,Benign,0,Benign,1
6.34e-11,0.0,0.0,1,4,Malicious,1,Malicious,1
3.8e-05,0.0,0.0,1,4,Malicious,1,Malicious,1
1.27e-11,0.0,0.0,1,4,Malicious,1,Malicious,1
6.02e-08,2.75e-08,1.43e-07,2,8,Benign,0,Benign,0
3.92e-05,0.0,0.0,1,4,Malicious,1,Malicious,1
5.07e-11,0.0,0.0,1,4,Malicious,1,Malicious,1
2.19e-08,2.75e-08,1.43e-07,2,8,Benign,0,Benign,0
6.35e-05,4.47e-08,0.0,2,4,Benign,0,Benign,0
1.27e-11,0.0,0.0,1,4,Malicious,1,Malicious,1
1.27e-11,0.0,0.0,1,4,Malicious,1,Malicious,1
1.39e-06,2.75e-08,1.43e-07,2,8,Benign,0,Benign,0
1.01e-10,0.0,0.0,1,4,Malicious,1,Malicious,1
3.8e-05,0.0,0.0,1,4,Malicious,1,Malicious,1
1.27e-11,0.0,0.0,1,4,Malicious,1,Malicious,1
1.27e-11,0.0,0.0,1,4,Malicious,1,Malicious,1
3.97e-05,0.0,0.0,1,4,Benign,0,Benign,1
3.99e-05,0.0,0.0,1,4,Malicious,1,Malicious,1
3.8e-05,0.0,0.0,1,4,Malicious,1,Malicious,1
3.97e-05,0.0,0.0,1,4,Benign,0,Benign,1
3.99e-05,0.0,0.0,1,4,Malicious,1,Malicious,1
3.91e-05,0.0,0.0,1,4,Malicious,1,Malicious,1
1.27e-11,0.0,0.0,1,4,Malicious,1,Malicious,1
6.56e-07,2.75e-08,1.43e-07,2,8,Benign,0,Benign,0
1.27e-11,0.0,0.0,1,4,Malicious,1,Malicious,1
5.53e-07,2.75e-08,1.43e-07,2,8,Benign,0,Benign,0
6.34e-11,0.0,0.0,1,4,Malicious,1,Malicious,1
3.22e-09,0.0,0.0,1,4,Malicious,1,Malicious,1
3.8e-05,0.0,0.0,1,4,Malicious,1,Malicious,1
5.07e-11,0.0,0.0,1,4,Malicious,1,Malicious,1
5.07e-11,0.0,0.0,1,4,Malicious,1,Malicious,1
1.27e-11,0.0,0.0,1,4,Malicious,1,Malicious,1
6.34e-11,0.0,0.0,1,4,Malicious,1,Malicious,1
1.27e-11,0.0,0.0,1,4,Malicious,1,Malicious,1
1.27e-11,0.0,0.0,1,4,Malicious,1,Malicious,1
8.85e-08,2.75e-08,1.43e-07,2,8,Benign,0,Benign,0
6.39e-09,0.0,0.0,1,4,Malicious,1,Malicious,1
1.27e-11,0.0,0.0,1,4,Malicious,1,Malicious,1
1.27e-11,0.0,0.0,1,4,Malicious,1,Malicious,1
1.27e-11,0.0,0.0,1,4,Malicious,1,Malicious,1
5.07e-11,0.0,0.0,1,4,Malicious,1,Malicious,1
3.8e-05,0.0,0.0,1,4,Malicious,1,Malicious,1
1.27e-11,0.0,0.0,1,4,Malicious,1,Malicious,1
3.99e-05,0.0,0.0,1,4,Benign,0,Benign,1
3.26e-09,0.0,0.0,1,4,Malicious,1,Malicious,1
1.27e-11,0.0,0.0,1,4,Malicious,1,Malicious,1
1.27e-11,0.0,0.0,1,4,Malicious,1,Malicious,1
6.35e-05,4.47e-08,0.0,2,4,Benign,0,Benign,0
3.95e-05,0.0,0.0,1,4,Malicious,1,Malicious,1
9.49e-09,2.58e-08,1.34e-07,2,8,Benign,0,Benign,0
1.27e-11,0.0,0.0,1,4,Malicious,1,Malicious,1
4e-05,0.0,0.0,1,4,Benign,0,Benign,1
3.99e-05,0.0,0.0,1,4,Malicious,1,Malicious,1
3.21e-09,0.0,0.0,1,4,Malicious,1,Malicious,1
3.95e-05,0.0,0.0,1,4,Benign,0,Benign,1
5.07e-11,0.0,0.0,1,4,Malicious,1,Malicious,1
1.36e-07,2.58e-08,1.34e-07,2,8,Benign,0,Benign,0
1.95e-06,2.75e-08,1.43e-07,2,8,Benign,0,Benign,0
3.81e-11,0.0,0.0,1,4,Malicious,1,Malicious,1
1.27e-11,0.0,0.0,1,4,Malicious,1,Malicious,1
3.94e-05,0.0,0.0,1,4,Benign,0,Benign,1
3.93e-05,0.0,0.0,1,4,Benign,0,Benign,1
3.22e-09,0.0,0.0,1,4,Malicious,1,Malicious,1
3.93e-05,0.0,0.0,1,4,Benign,0,Benign,1
5.07e-11,0.0,0.0,1,4,Malicious,1,Malicious,1
5.07e-11,0.0,0.0,1,4,Malicious,1,Malicious,1
5.07e-11,0.0,0.0,1,4,Malicious,1,Malicious,1
1.27e-11,0.0,0.0,1,4,Malicious,1,Malicious,1
3.95e-05,0.0,0.0,1,4,Benign,0,Benign,1
1.01e-10,0.0,0.0,1,4,Malicious,1,Malicious,1
1.27e-11,0.0,0.0,1,4,Malicious,1,Malicious,1
1.27e-11,0.0,0.0,1,4,Malicious,1,Malicious,1
3.92e-05,0.0,0.0,1,4,Benign,0,Benign,1
3.95e-05,0.0,0.0,1,4,Malicious,1,Malicious,1
1.27e-11,0.0,0.0,1,4,Malicious,1,Malicious,1
1.27e-11,0.0,0.0,1,4,Malicious,1,Malicious,1
9.55e-09,0.0,0.0,1,4,Malicious,1,Malicious,1
6.33e-09,0.0,0.0,1,4,Malicious,1,Malicious,1
0.0,0.0,0.0,1,4,Malicious,1,Malicious,1
1.27e-11,0.0,0.0,1,4,Malicious,1,Malicious,1
3.91e-05,0.0,0.0,1,4,Malicious,1,Malicious,1
3.8e-05,0.0,0.0,1,4,Malicious,1,Malicious,1
1.27e-11,0.0,0.0,1,4,Malicious,1,Malicious,1
3.8e-05,0.0,0.0,1,4,Malicious,1,Malicious,1
1.27e-11,0.0,0.0,1,4,Malicious,1,Malicious,1
1.01e-07,5.5e-08,2.85e-07,2,8,Benign,0,Benign,0
3.22e-09,0.0,0.0,1,4,Malicious,1,Malicious,1
1.39e-07,2.69e-08,3.3e-07,2,8,Benign,0,Benign,0
3.13e-09,0.0,0.0,1,4,Malicious,1,Malicious,1
1.01e-07,2.12e-08,1.31e-06,2,8,Benign,0,Benign,0
3.22e-09,0.0,0.0,1,4,Malicious,1,Malicious,1
3.99e-05,0.0,0.0,1,4,Benign,0,Benign,1
1.27e-11,0.0,0.0,1,4,Malicious,1,Malicious,1
1.27e-11,0.0,0.0,1,4,Malicious,1,Malicious,1
3.22e-09,0.0,0.0,1,4,Malicious,1,Malicious,1
1.27e-11,0.0,0.0,1,4,Malicious,1,Malicious,1
1.94e-07,3.21e-07,1.66e-06,0,0,Benign,0,Benign,0
3.97e-05,0.0,0.0,1,4,Malicious,1,Malicious,1
3.22e-09,0.0,0.0,1,4,Malicious,1,Malicious,1
4.01e-05,0.0,0.0,1,4,Malicious,1,Malicious,1
0.0,0.0,0.0,1,4,Malicious,1,Malicious,1
5.07e-11,0.0,0.0,1,4,Malicious,1,Malicious,1
6.02e-08,2.75e-08,1.43e-07,2,8,Benign,0,Benign,0
1.27e-11,0.0,0.0,1,4,Malicious,1,Malicious,1
3.8e-05,0.0,0.0,1,4,Malicious,1,Malicious,1
0.0,0.0,0.0,1,4,Malicious,1,Malicious,1
3.94e-05,0.0,0.0,1,4,Malicious,1,Malicious,1
3.8e-05,0.0,0.0,1,4,Malicious,1,Malicious,1
8.24e-08,2.75e-08,1.43e-07,2,8,Benign,0,Benign,0
4.48e-06,9e-08,1.1e-06,1,8,Benign,0,Benign,0
5.06e-09,1.03e-07,0.0,0,0,Benign,0,Benign,0
3.92e-05,0.0,0.0,1,4,Benign,0,Benign,1
6.33e-09,2.58e-08,1.34e-07,2,8,Benign,0,Benign,0
3.29e-09,0.0,0.0,1,4,Malicious,1,Malicious,1
1.27e-11,0.0,0.0,1,4,Malicious,1,Malicious,1
1.27e-11,0.0,0.0,1,4,Malicious,1,Malicious,1
4.76e-08,1.66e-08,1.34e-07,2,8,Benign,0,Benign,0
3.95e-05,0.0,0.0,1,4,Benign,0,Benign,1
4e-05,0.0,0.0,1,4,Malicious,1,Malicious,1
3.93e-05,0.0,0.0,1,4,Benign,0,Benign,1
3.92e-05,0.0,0.0,1,4,Malicious,1,Malicious,1
5.07e-11,0.0,0.0,1,4,Malicious,1,Malicious,1
3.94e-05,0.0,0.0,1,4,Benign,0,Benign,1
1.27e-11,0.0,0.0,1,4,Malicious,1,Malicious,1
1.27e-08,2.58e-08,1.34e-07,2,8,Benign,0,Benign,0
6.34e-11,0.0,0.0,1,4,Malicious,1,Malicious,1
1.27e-11,0.0,0.0,1,4,Malicious,1,Malicious,1
6.34e-11,0.0,0.0,1,4,Malicious,1,Malicious,1
1.27e-11,0.0,0.0,1,4,Malicious,1,Malicious,1
1.27e-11,0.0,0.0,1,4,Malicious,1,Malicious,1
3.95e-05,0.0,0.0,1,4,Benign,0,Benign,1
2.87e-09,0.0,0.0,1,4,Malicious,1,Malicious,1
0.0,0.0,0.0,1,4,Malicious,1,Malicious,1
0.0,0.0,0.0,1,4,Malicious,1,Malicious,1
3.99e-05,0.0,0.0,1,4,Malicious,1,Malicious,1
1.27e-11,0.0,0.0,1,4,Malicious,1,Malicious,1
3.91e-05,0.0,0.0,1,4,Benign,0,Benign,1
2.21e-08,2.75e-08,1.43e-07,2,8,Benign,0,Benign,0
1.27e-11,0.0,0.0,1,4,Malicious,1,Malicious,1
6.34e-11,0.0,0.0,1,4,Malicious,1,Malicious,1
1.27e-11,0.0,0.0,1,4,Malicious,1,Malicious,1
3.99e-05,0.0,0.0,1,4,Malicious,1,Malicious,1
3.8e-05,0.0,0.0,1,4,Malicious,1,Malicious,1
1.27e-11,0.0,0.0,1,4,Malicious,1,Malicious,1
6.34e-11,0.0,0.0,1,4,Malicious,1,Malicious,1
1.27e-11,0.0,0.0,1,4,Malicious,1,Malicious,1
1.27e-11,0.0,0.0,1,4,Malicious,1,Malicious,1
1.37e-07,2.75e-08,1.43e-07,2,8,Benign,0,Benign,0
3.93e-05,0.0,0.0,1,4,Malicious,1,Malicious,1
3.8e-05,0.0,0.0,1,4,Malicious,1,Malicious,1
3.81e-05,0.0,0.0,1,4,Malicious,1,Malicious,1
8.89e-05,4.61e-07,0.0,2,4,Benign,0,Benign,0
0.0,0.0,0.0,1,4,Malicious,1,Malicious,1
3.8e-05,0.0,0.0,1,4,Malicious,1,Malicious,1
8.88e-11,0.0,0.0,1,4,Malicious,1,Malicious,1
1.27e-11,0.0,0.0,1,4,Malicious,1,Malicious,1
5.07e-11,0.0,0.0,1,4,Malicious,1,Malicious,1
1.27e-11,0.0,0.0,1,4,Malicious,1,Malicious,1
1.27e-11,0.0,0.0,1,4,Malicious,1,Malicious,1
3.95e-05,0.0,0.0,1,4,Benign,0,Benign,1
1.58e-08,2.75e-08,1.43e-07,2,8,Benign,0,Benign,0
2.85e-08,2.75e-08,1.43e-07,2,8,Benign,0,Benign,0
5.07e-11,0.0,0.0,1,4,Malicious,1,Malicious,1
1.27e-11,0.0,0.0,1,4,Malicious,1,Malicious,1
5.07e-11,0.0,0.0,1,4,Malicious,1,Malicious,1
6.35e-05,4.47e-08,0.0,2,4,Benign,0,Benign,0
3.95e-05,0.0,0.0,1,4,Benign,0,Benign,1
3.48e-08,2.75e-08,1.43e-07,2,8,Benign,0,Benign,0
6.32e-09,1.66e-08,1.34e-07,2,8,Benign,0,Benign,0
1.27e-11,0.0,0.0,1,4,Malicious,1,Malicious,1
6.35e-05,4.47e-08,0.0,2,4,Benign,0,Benign,0
3.98e-05,0.0,0.0,1,4,Malicious,1,Malicious,1
3.94e-05,0.0,0.0,1,4,Malicious,1,Malicious,1
3.96e-05,0.0,0.0,1,4,Benign,0,Benign,1
1.27e-11,0.0,0.0,1,4,Malicious,1,Malicious,1
3.95e-05,0.0,0.0,1,4,Benign,0,Benign,1
1.27e-11,0.0,0.0,1,4,Malicious,1,Malicious,1
3.98e-05,0.0,0.0,1,4,Benign,0,Benign,1
1.19e-06,0.0,0.0,1,1,Malicious,1,Malicious,1
1.27e-11,0.0,0.0,1,4,Malicious,1,Malicious,1
1.27e-11,0.0,0.0,1,4,Malicious,1,Malicious,1
4e-05,0.0,0.0,1,4,Benign,0,Benign,1
4e-05,0.0,0.0,1,4,Benign,0,Benign,1
6.34e-11,0.0,0.0,1,4,Malicious,1,Malicious,1
1.27e-11,0.0,0.0,1,4,Malicious,1,Malicious,1
9.27e-09,2.58e-08,1.34e-07,2,8,Benign,0,Benign,0
6.34e-11,0.0,0.0,1,4,Malicious,1,Malicious,1
3.8e-05,0.0,0.0,1,4,Malicious,1,Malicious,1
3.8e-05,0.0,0.0,1,4,Malicious,1,Malicious,1
2.3e-09,0.0,0.0,1,4,Malicious,1,Malicious,1
1.27e-11,0.0,0.0,1,4,Malicious,1,Malicious,1
1.35e-06,2.75e-08,1.43e-07,2,8,Benign,0,Benign,0
5.07e-11,0.0,0.0,1,4,Malicious,1,Malicious,1
1.14e-05,0.0,3.57e-08,1,8,Malicious,1,Malicious,1
2.21e-08,2.75e-08,1.43e-07,2,8,Benign,0,Benign,0
3.8e-05,0.0,0.0,1,4,Malicious,1,Malicious,1
3.25e-09,0.0,0.0,1,4,Malicious,1,Malicious,1
3.8e-05,0.0,0.0,1,4,Malicious,1,Malicious,1
1.27e-11,0.0,0.0,1,4,Malicious,1,Malicious,1
0.0,0.0,0.0,1,4,Malicious,1,Malicious,1
1.27e-11,0.0,0.0,1,4,Malicious,1,Malicious,1
3.95e-05,0.0,0.0,1,4,Benign,0,Benign,1
1.27e-11,0.0,0.0,1,4,Malicious,1,Malicious,1
1.63e-06,2.75e-08,1.43e-07,2,8,Benign,0,Benign,0
1.27e-11,0.0,0.0,1,4,Malicious,1,Malicious,1
0.0,0.0,0.0,1,4,Malicious,1,Malicious,1
3.97e-05,0.0,0.0,1,4,Benign,0,Benign,1
3.07e-06,0.0,0.0,1,1,Benign,0,Benign,0
3.8e-05,0.0,0.0,1,4,Malicious,1,Malicious,1
6.34e-11,0.0,0.0,1,4,Malicious,1,Malicious,1
1.27e-11,0.0,0.0,1,4,Malicious,1,Malicious,1
9.44e-09,2.58e-08,1.34e-07,2,8,Benign,0,Benign,0
1.9e-08,2.75e-08,1.43e-07,2,8,Benign,0,Benign,0
1.27e-11,0.0,0.0,1,4,Malicious,1,Malicious,1
3.8e-05,0.0,0.0,1,4,Malicious,1,Malicious,1
3.99e-05,0.0,0.0,1,4,Benign,0,Benign,1
3.96e-05,0.0,0.0,1,4,Benign,0,Benign,1
5.4e-05,0.0,0.0,1,4,Malicious,1,Malicious,1
3.96e-05,0.0,0.0,1,4,Malicious,1,Malicious,1
5.07e-11,0.0,0.0,1,4,Malicious,1,Malicious,1
3.97e-05,0.0,0.0,1,4,Benign,0,Benign,1
0.0,0.0,0.0,1,4,Malicious,1,Malicious,1
3.95e-05,0.0,0.0,1,4,Benign,0,Benign,1
1.27e-11,0.0,0.0,1,4,Malicious,1,Malicious,1
1.27e-11,0.0,0.0,1,4,Malicious,1,Malicious,1
3.8e-05,0.0,0.0,1,4,Malicious,1,Malicious,1
6.16e-09,2.58e-08,1.34e-07,2,8,Benign,0,Benign,0
4e-05,0.0,0.0,1,4,Malicious,1,Malicious,1
1.27e-11,0.0,0.0,1,4,Malicious,1,Malicious,1
3.8e-05,0.0,0.0,1,4,Malicious,1,Malicious,1
1.27e-11,0.0,0.0,1,4,Malicious,1,Malicious,1
0.0,0.0,0.0,1,4,Malicious,1,Malicious,1
3.98e-05,0.0,0.0,1,4,Benign,0,Benign,1
3.22e-09,0.0,0.0,1,4,Malicious,1,Malicious,1
1.27e-11,0.0,0.0,1,4,Malicious,1,Malicious,1
3.92e-05,0.0,0.0,1,4,Benign,0,Benign,1
1.27e-11,0.0,0.0,1,4,Malicious,1,Malicious,1
3.8e-05,0.0,0.0,1,4,Malicious,1,Malicious,1
5.07e-11,0.0,0.0,1,4,Malicious,1,Malicious,1
3.97e-05,0.0,0.0,1,4,Malicious,1,Malicious,1
3.8e-05,0.0,0.0,1,4,Malicious,1,Malicious,1
2.51e-08,2.75e-08,1.43e-07,2,8,Benign,0,Benign,0
2.44e-07,2.75e-08,1.43e-07,2,8,Benign,0,Benign,0
3.93e-05,0.0,0.0,1,4,Malicious,1,Malicious,1
1.31e-05,3.84e-08,6.92e-07,1,7,Benign,0,Benign,0
2.54e-11,0.0,0.0,1,4,Malicious,1,Malicious,1
6.23e-09,2.58e-08,1.34e-07,2,8,Benign,0,Benign,0
1.27e-11,0.0,0.0,1,4,Malicious,1,Malicious,1
2.21e-08,2.75e-08,1.43e-07,2,8,Benign,0,Benign,0
5.07e-11,0.0,0.0,1,4,Malicious,1,Malicious,1
1.27e-11,0.0,0.0,1,4,Malicious,1,Malicious,1
1.01e-10,0.0,0.0,1,4,Malicious,1,Malicious,1
5.07e-11,0.0,0.0,1,4,Malicious,1,Malicious,1
3.8e-05,0.0,0.0,1,4,Malicious,1,Malicious,1
0.0,0.0,0.0,1,4,Malicious,1,Malicious,1
1.27e-11,0.0,0.0,1,4,Malicious,1,Malicious,1
2.69e-09,0.0,0.0,1,4,Malicious,1,Malicious,1
1.27e-11,0.0,0.0,1,4,Malicious,1,Malicious,1
3.94e-05,0.0,0.0,1,4,Malicious,1,Malicious,1
3.61e-07,2.75e-08,1.43e-07,2,8,Benign,0,Benign,0
3.95e-05,0.0,0.0,1,4,Benign,0,Benign,1
3.96e-05,0.0,0.0,1,4,Malicious,1,Malicious,1
6.3e-09,0.0,0.0,1,4,Malicious,1,Malicious,1
3.8e-05,0.0,0.0,1,4,Malicious,1,Malicious,1
3.8e-05,0.0,0.0,1,4,Malicious,1,Malicious,1
4.88e-07,2.75e-08,1.43e-07,2,8,Benign,0,Benign,0
5.07e-11,0.0,0.0,1,4,Malicious,1,Malicious,1
9.39e-09,2.58e-08,1.34e-07,2,8,Benign,0,Benign,0
0.0,0.0,0.0,1,4,Malicious,1,Malicious,1
0.0,0.0,0.0,1,4,Malicious,1,Malicious,1
1.27e-11,0.0,0.0,1,4,Malicious,1,Malicious,1
3.21e-09,0.0,0.0,1,4,Malicious,1,Malicious,1
4.01e-05,0.0,0.0,1,4,Malicious,1,Malicious,1
0.000483886,3.55e-08,7.99e-07,1,7,Malicious,1,Malicious,1
3.8e-05,0.0,0.0,1,4,Malicious,1,Malicious,1
3.97e-05,0.0,0.0,1,4,Malicious,1,Malicious,1
1.23e-06,2.75e-08,1.43e-07,2,8,Benign,0,Benign,0
1.27e-11,0.0,0.0,1,4,Malicious,1,Malicious,1
3.98e-05,0.0,0.0,1,4,Benign,0,Benign,1
1.01e-10,0.0,0.0,1,4,Malicious,1,Malicious,1
1.9e-06,1.38e-07,2.73e-07,1,0,Benign,0,Benign,0
1.27e-11,0.0,0.0,1,4,Malicious,1,Malicious,1
1.27e-11,0.0,0.0,1,4,Malicious,1,Malicious,1
5.07e-11,0.0,0.0,1,4,Malicious,1,Malicious,1
1.62e-07,2.58e-08,1.34e-07,2,8,Benign,0,Benign,0
1.27e-11,0.0,0.0,1,4,Malicious,1,Malicious,1
3.97e-05,0.0,0.0,1,4,Benign,0,Benign,1
1.27e-11,0.0,0.0,1,4,Malicious,1,Malicious,1
1.27e-11,0.0,0.0,1,4,Malicious,1,Malicious,1
1.37e-05,3.84e-08,6.92e-07,1,7,Benign,0,Benign,0
7.29e-08,2.75e-08,1.43e-07,2,8,Benign,0,Benign,0
6.33e-09,2.58e-08,1.34e-07,2,8,Benign,0,Benign,0
5.07e-11,0.0,0.0,1,4,Malicious,1,Malicious,1
5.07e-08,2.12e-08,1.31e-06,2,8,Benign,0,Benign,0
1.27e-11,0.0,0.0,1,4,Malicious,1,Malicious,1
3.93e-05,0.0,0.0,1,4,Benign,0,Benign,1
1.27e-11,0.0,0.0,1,4,Malicious,1,Malicious,1
5.07e-11,0.0,0.0,1,4,Malicious,1,Malicious,1
3.97e-05,0.0,0.0,1,4,Benign,0,Benign,1
3.8e-05,0.0,0.0,1,4,Malicious,1,Malicious,1
3.8e-05,0.0,0.0,1,4,Malicious,1,Malicious,1
1.27e-11,0.0,0.0,1,4,Malicious,1,Malicious,1
3.95e-05,0.0,0.0,1,4,Malicious,1,Malicious,1
3.16e-08,2.75e-08,1.43e-07,2,8,Benign,0,Benign,0
3.79e-05,0.0,0.0,1,4,Malicious,1,Malicious,1
0.0,0.0,0.0,1,4,Malicious,1,Malicious,1
0.0,0.0,0.0,1,4,Malicious,1,Malicious,1
1.27e-11,0.0,0.0,1,4,Malicious,1,Malicious,1
3.8e-05,0.0,0.0,1,4,Malicious,1,Malicious,1
1.27e-11,0.0,0.0,1,4,Malicious,1,Malicious,1
3.98e-05,0.0,0.0,1,4,Benign,0,Benign,1
0.0,0.0,0.0,1,4,Malicious,1,Malicious,1
4.86e-06,0.0,0.0,1,1,Benign,0,Benign,0
3.81e-11,0.0,0.0,1,4,Malicious,1,Malicious,1
1.89e-08,2.75e-08,1.43e-07,2,8,Benign,0,Benign,0
1.27e-11,0.0,0.0,1,4,Malicious,1,Malicious,1
5.07e-11,0.0,0.0,1,4,Malicious,1,Malicious,1
1.27e-11,0.0,0.0,1,4,Malicious,1,Malicious,1
1.27e-11,0.0,0.0,1,4,Malicious,1,Malicious,1
1.27e-11,0.0,0.0,1,4,Malicious,1,Malicious,1
3.98e-05,0.0,0.0,1,4,Malicious,1,Malicious,1
6.39e-09,0.0,0.0,1,4,Malicious,1,Malicious,1
0.0,0.0,0.0,1,4,Malicious,1,Malicious,1
5.07e-11,0.0,0.0,1,4,Malicious,1,Malicious,1
5.07e-11,0.0,0.0,1,4,Malicious,1,Malicious,1
1.36e-07,2.46e-08,3.3e-07,2,8,Benign,0,Benign,0
5.07e-11,0.0,0.0,1,4,Malicious,1,Malicious,1
5.07e-11,0.0,0.0,1,4,Malicious,1,Malicious,1
3.93e-05,0.0,0.0,1,4,Malicious,1,Malicious,1
1.27e-11,0.0,0.0,1,4,Malicious,1,Malicious,1
3.8e-05,0.0,0.0,1,4,Malicious,1,Malicious,1
6.34e-11,0.0,0.0,1,4,Malicious,1,Malicious,1
3.8e-05,0.0,0.0,1,4,Malicious,1,Malicious,1
3.21e-09,0.0,0.0,1,4,Malicious,1,Malicious,1
1.27e-11,0.0,0.0,1,4,Malicious,1,Malicious,1
3.8e-05,0.0,0.0,1,4,Malicious,1,Malicious,1
3.79e-05,0.0,0.0,1,4,Malicious,1,Malicious,1
1.27e-11,0.0,0.0,1,4,Malicious,1,Malicious,1
3.95e-05,0.0,0.0,1,4,Malicious,1,Malicious,1
5.07e-08,2.75e-08,1.43e-07,2,8,Benign,0,Benign,0
1.27e-11,0.0,0.0,1,4,Malicious,1,Malicious,1
1.93e-07,2.75e-08,1.43e-07,2,8,Benign,0,Benign,0
1.27e-11,0.0,0.0,1,4,Malicious,1,Malicious,1
5.07e-11,0.0,0.0,1,4,Malicious,1,Malicious,1
5.07e-11,0.0,0.0,1,4,Malicious,1,Malicious,1
4e-05,0.0,0.0,1,4,Malicious,1,Malicious,1
6.34e-11,0.0,0.0,1,4,Malicious,1,Malicious,1
5.07e-11,0.0,0.0,1,4,Malicious,1,Malicious,1
5.07e-11,0.0,0.0,1,4,Malicious,1,Malicious,1
3.99e-05,0.0,0.0,1,4,Benign,0,Benign,1
1.27e-11,0.0,0.0,1,4,Malicious,1,Malicious,1
1.93e-07,2.75e-08,1.43e-07,2,8,Benign,0,Benign,0
1.27e-11,0.0,0.0,1,4,Malicious,1,Malicious,1
1.27e-11,0.0,0.0,1,4,Malicious,1,Malicious,1
6.34e-11,0.0,0.0,1,4,Malicious,1,Malicious,1
3.22e-09,0.0,0.0,1,4,Malicious,1,Malicious,1
1.27e-11,0.0,0.0,1,4,Malicious,1,Malicious,1
1.27e-11,0.0,0.0,1,4,Malicious,1,Malicious,1
6.34e-11,0.0,0.0,1,4,Malicious,1,Malicious,1
1.27e-11,0.0,0.0,1,4,Malicious,1,Malicious,1
3.49e-06,2.75e-08,1.43e-07,2,8,Benign,0,Benign,0
3.04e-06,9e-08,1.1e-06,1,8,Benign,0,Benign,0
1.27e-11,0.0,0.0,1,4,Malicious,1,Malicious,1
1.27e-11,0.0,0.0,1,4,Malicious,1,Malicious,1
2.21e-08,2.75e-08,1.43e-07,2,8,Benign,0,Benign,0
6.34e-11,0.0,0.0,1,4,Malicious,1,Malicious,1
3.81e-11,0.0,0.0,1,4,Malicious,1,Malicious,1
6.35e-05,4.47e-08,0.0,2,4,Benign,0,Benign,0
3.91e-05,0.0,0.0,1,4,Malicious,1,Malicious,1
1.81e-06,0.0,0.0,1,1,Malicious,1,Malicious,0
6.01e-08,2.75e-08,1.43e-07,2,8,Benign,0,Benign,0
1.27e-11,0.0,0.0,1,4,Malicious,1,Malicious,1
3.95e-05,0.0,0.0,1,4,Benign,0,Benign,1
3.79e-05,0.0,0.0,1,4,Malicious,1,Malicious,1
3.94e-05,0.0,0.0,1,4,Malicious,1,Malicious,1
3.95e-05,0.0,0.0,1,4,Malicious,1,Malicious,1
3.91e-05,0.0,0.0,1,4,Malicious,1,Malicious,1
3.8e-05,0.0,0.0,1,4,Malicious,1,Malicious,1
2.97e-09,0.0,0.0,1,4,Malicious,1,Malicious,1
2.37e-08,1.03e-07,0.0,0,0,Benign,0,Benign,0
3.82e-05,3.44e-08,0.0,2,4,Benign,0,Benign,0
4e-05,0.0,0.0,1,4,Malicious,1,Malicious,1
3.8e-05,0.0,0.0,1,4,Malicious,1,Malicious,1
3.98e-05,0.0,0.0,1,4,Benign,0,Benign,1
1.65e-07,2.29e-08,1.66e-07,2,8,Benign,0,Benign,0
4e-05,0.0,0.0,1,4,Malicious,1,Malicious,1
2.21e-07,2.64e-08,1.84e-07,2,8,Benign,0,Benign,0
5.07e-11,0.0,0.0,1,4,Malicious,1,Malicious,1
6.33e-08,2.75e-08,1.43e-07,2,8,Benign,0,Benign,0
3.22e-09,0.0,0.0,1,4,Malicious,1,Malicious,1
3.96e-05,0.0,0.0,1,4,Benign,0,Benign,1
4e-05,0.0,0.0,1,4,Benign,0,Benign,1
6.34e-11,0.0,0.0,1,4,Malicious,1,Malicious,1
3.98e-05,0.0,0.0,1,4,Benign,0,Benign,1
6.33e-09,1.66e-08,1.34e-07,2,8,Benign,0,Benign,0
5.07e-11,0.0,0.0,1,4,Malicious,1,Malicious,1
9.45e-09,1.66e-08,1.34e-07,2,8,Benign,0,Benign,0
3.92e-05,0.0,0.0,1,4,Malicious,1,Malicious,1
3.99e-05,0.0,0.0,1,4,Malicious,1,Malicious,1
0.0,0.0,0.0,1,4,Malicious,1,Malicious,1
1.27e-11,0.0,0.0,1,4,Malicious,1,Malicious,1
0.0,0.0,0.0,1,4,Malicious,1,Malicious,1
3.96e-05,0.0,0.0,1,4,Malicious,1,Malicious,1
1.27e-11,0.0,0.0,1,4,Malicious,1,Malicious,1
3.91e-05,0.0,0.0,1,4,Malicious,1,Malicious,1
0.003811239,8.37e-08,2.3e-06,1,8,Benign,0,Benign,0
7.28e-08,2.75e-08,1.43e-07,2,8,Benign,0,Benign,0
1.27e-11,0.0,0.0,1,4,Malicious,1,Malicious,1
4.49e-06,0.0,0.0,1,1,Malicious,1,Malicious,0
1.27e-11,0.0,0.0,1,4,Malicious,1,Malicious,1
0.0,0.0,0.0,1,4,Malicious,1,Malicious,1
0.0,0.0,0.0,1,4,Malicious,1,Malicious,1
3.99e-05,0.0,0.0,1,4,Benign,0,Benign,1
3.94e-05,0.0,0.0,1,4,Malicious,1,Malicious,1
1.27e-11,0.0,0.0,1,4,Malicious,1,Malicious,1
1.4e-05,4.3e-08,7.22e-07,1,7,Malicious,1,Malicious,1
1.9e-08,2.58e-08,1.34e-07,2,8,Benign,0,Benign,0
3.8e-05,0.0,0.0,1,4,Malicious,1,Malicious,1
1.27e-11,0.0,0.0,1,4,Malicious,1,Malicious,1
0.0,0.0,0.0,1,4,Malicious,1,Malicious,1
1.27e-11,0.0,0.0,1,4,Malicious,1,Malicious,1
3.8e-05,0.0,0.0,1,4,Malicious,1,Malicious,1
9.49e-09,2.58e-08,1.34e-07,2,8,Benign,0,Benign,0
1.37e-05,3.84e-08,6.92e-07,1,7,Benign,0,Benign,0
3.8e-05,0.0,0.0,1,4,Malicious,1,Malicious,1
3.95e-05,0.0,0.0,1,4,Malicious,1,Malicious,1
3.8e-05,0.0,0.0,1,4,Malicious,1,Malicious,1
1.27e-11,0.0,0.0,1,4,Malicious,1,Malicious,1
1.27e-11,0.0,0.0,1,4,Malicious,1,Malicious,1
1.14e-10,0.0,0.0,1,4,Malicious,1,Malicious,1
1.27e-11,0.0,0.0,1,4,Malicious,1,Malicious,1
3.27e-09,0.0,0.0,1,4,Malicious,1,Malicious,1
1.27e-11,0.0,0.0,1,4,Malicious,1,Malicious,1
4.12e-08,2.75e-08,1.43e-07,2,8,Benign,0,Benign,0
3.97e-05,0.0,0.0,1,4,Malicious,1,Malicious,1
5.07e-11,0.0,0.0,1,4,Malicious,1,Malicious,1
5.07e-11,0.0,0.0,1,4,Malicious,1,Malicious,1
1.27e-11,0.0,0.0,1,4,Malicious,1,Malicious,1
3.81e-11,0.0,0.0,1,4,Malicious,1,Malicious,1
1.27e-11,0.0,0.0,1,4,Malicious,1,Malicious,1
3.79e-05,0.0,0.0,1,4,Malicious,1,Malicious,1
1.27e-11,0.0,0.0,1,4,Malicious,1,Malicious,1
1.27e-11,0.0,0.0,1,4,Malicious,1,Malicious,1
5.07e-11,0.0,0.0,1,4,Malicious,1,Malicious,1
3.97e-05,0.0,0.0,1,4,Benign,0,Benign,1
3.92e-05,0.0,0.0,1,4,Malicious,1,Malicious,1
1.27e-11,0.0,0.0,1,4,Malicious,1,Malicious,1
3.8e-05,0.0,0.0,1,4,Malicious,1,Malicious,1
3.79e-05,0.0,0.0,1,4,Malicious,1,Malicious,1
3.99e-05,0.0,0.0,1,4,Malicious,1,Malicious,1
5.07e-11,0.0,0.0,1,4,Malicious,1,Malicious,1
3.97e-05,0.0,0.0,1,4,Malicious,1,Malicious,1
5.07e-11,0.0,0.0,1,4,Malicious,1,Malicious,1
4.11e-08,2.12e-08,1.57e-07,2,8,Benign,0,Benign,0
3.98e-05,0.0,0.0,1,4,Malicious,1,Malicious,1
6.3e-09,1.66e-08,1.34e-07,2,8,Benign,0,Benign,0
3.98e-05,0.0,0.0,1,4,Benign,0,Benign,1
1.27e-11,0.0,0.0,1,4,Malicious,1,Malicious,1
4e-05,0.0,0.0,1,4,Benign,0,Benign,1
3.17e-09,0.0,0.0,1,4,Malicious,1,Malicious,1
1.27e-11,0.0,0.0,1,4,Malicious,1,Malicious,1
5.07e-11,0.0,0.0,1,4,Malicious,1,Malicious,1
3.8e-05,0.0,0.0,1,4,Malicious,1,Malicious,1
1.27e-11,0.0,0.0,1,4,Malicious,1,Malicious,1
3.98e-05,0.0,0.0,1,4,Malicious,1,Malicious,1
9.55e-09,0.0,0.0,1,4,Malicious,1,Malicious,1
1.27e-11,0.0,0.0,1,4,Malicious,1,Malicious,1
6.29e-09,1.66e-08,1.34e-07,2,8,Benign,0,Benign,0
2.54e-11,0.0,0.0,1,4,Malicious,1,Malicious,1
6.39e-09,0.0,0.0,1,4,Malicious,1,Malicious,1
6.34e-05,4.47e-08,0.0,2,4,Benign,0,Benign,0
6.34e-11,0.0,0.0,1,4,Malicious,1,Malicious,1
3.93e-05,0.0,0.0,1,4,Benign,0,Benign,1
1.27e-11,0.0,0.0,1,4,Malicious,1,Malicious,1
3.8e-05,0.0,0.0,1,4,Malicious,1,Malicious,1
1.27e-11,0.0,0.0,1,4,Malicious,1,Malicious,1
6.02e-08,2.75e-08,1.43e-07,2,8,Benign,0,Benign,0
1.27e-11,0.0,0.0,1,4,Malicious,1,Malicious,1
7.61e-11,0.0,0.0,1,4,Malicious,1,Malicious,1
4e-05,0.0,0.0,1,4,Benign,0,Benign,1
3.92e-05,0.0,0.0,1,4,Malicious,1,Malicious,1
3.22e-09,0.0,0.0,1,4,Malicious,1,Malicious,1
1.27e-11,0.0,0.0,1,4,Malicious,1,Malicious,1
3.16e-08,2.75e-08,1.43e-07,2,8,Benign,0,Benign,0
2.21e-08,2.75e-08,1.43e-07,2,8,Benign,0,Benign,0
1.27e-11,0.0,0.0,1,4,Malicious,1,Malicious,1
1.27e-11,0.0,0.0,1,4,Malicious,1,Malicious,1
3.06e-09,0.0,0.0,1,4,Malicious,1,Malicious,1
5.07e-11,0.0,0.0,1,4,Malicious,1,Malicious,1
1.27e-11,0.0,0.0,1,4,Malicious,1,Malicious,1
3.81e-11,0.0,0.0,1,4,Malicious,1,Malicious,1
5.37e-08,5.5e-08,2.85e-07,2,8,Benign,0,Benign,0
0.0,0.0,0.0,1,4,Malicious,1,Malicious,1
3.8e-05,0.0,0.0,1,4,Malicious,1,Malicious,1
0.0,0.0,0.0,1,4,Malicious,1,Malicious,1
1.27e-11,0.0,0.0,1,4,Malicious,1,Malicious,1
0.0,0.0,0.0,1,4,Malicious,1,Malicious,1
1.27e-11,0.0,0.0,1,4,Malicious,1,Malicious,1
1.27e-11,0.0,0.0,1,4,Malicious,1,Malicious,1
3.8e-05,0.0,0.0,1,4,Malicious,1,Malicious,1
1.27e-11,0.0,0.0,1,4,Malicious,1,Malicious,1
1.27e-11,0.0,0.0,1,4,Malicious,1,Malicious,1
3.96e-05,0.0,0.0,1,4,Benign,0,Benign,1
1.27e-11,0.0,0.0,1,4,Malicious,1,Malicious,1
5.07e-11,0.0,0.0,1,4,Malicious,1,Malicious,1
1.27e-11,0.0,0.0,1,4,Malicious,1,Malicious,1
1.27e-11,0.0,0.0,1,4,Malicious,1,Malicious,1
5.07e-11,0.0,0.0,1,4,Malicious,1,Malicious,1
3.22e-09,0.0,0.0,1,4,Malicious,1,Malicious,1
7.99e-09,2.29e-08,1.66e-07,2,8,Benign,0,Benign,0
1.27e-11,0.0,0.0,1,4,Malicious,1,Malicious,1
1.27e-11,0.0,0.0,1,4,Malicious,1,Malicious,1
3.8e-05,0.0,0.0,1,4,Malicious,1,Malicious,1
4.3e-05,0.0,0.0,1,1,Benign,0,Benign,0
3.98e-05,0.0,0.0,1,4,Malicious,1,Malicious,1
3.79e-05,0.0,0.0,1,4,Malicious,1,Malicious,1
6e-08,2.75e-08,1.43e-07,2,8,Benign,0,Benign,0
1.14e-10,0.0,0.0,1,4,Malicious,1,Malicious,1
4.05e-07,6.08e-08,8.47e-07,2,8,Benign,0,Benign,0
3.22e-09,0.0,0.0,1,4,Malicious,1,Malicious,1
1.9e-08,2.58e-08,1.34e-07,2,8,Benign,0,Benign,0
1.27e-11,0.0,0.0,1,4,Malicious,1,Malicious,1
1.27e-11,0.0,0.0,1,4,Malicious,1,Malicious,1
3.8e-05,0.0,0.0,1,4,Malicious,1,Malicious,1
1.27e-11,0.0,0.0,1,4,Malicious,1,Malicious,1
1.27e-11,0.0,0.0,1,4,Malicious,1,Malicious,1
2.85e-09,0.0,0.0,1,4,Malicious,1,Malicious,1
1.27e-11,0.0,0.0,1,4,Malicious,1,Malicious,1
5.17e-05,4.3e-08,7.22e-07,1,7,Malicious,1,Malicious,1
2.87e-09,0.0,0.0,1,4,Malicious,1,Malicious,1
1.27e-11,0.0,0.0,1,4,Malicious,1,Malicious,1
3.95e-05,0.0,0.0,1,4,Benign,0,Benign,1
1.27e-11,0.0,0.0,1,4,Malicious,1,Malicious,1
9.51e-09,1.66e-08,1.34e-07,2,8,Benign,0,Benign,0
5.07e-11,0.0,0.0,1,4,Malicious,1,Malicious,1
2.54e-09,0.0,0.0,1,4,Malicious,1,Malicious,1
1.27e-11,0.0,0.0,1,4,Malicious,1,Malicious,1
2.54e-11,0.0,0.0,1,4,Malicious,1,Malicious,1
5.07e-11,0.0,0.0,1,4,Malicious,1,Malicious,1
2.54e-11,0.0,0.0,1,4,Malicious,1,Malicious,1
1.12e-06,2.75e-08,1.43e-07,2,8,Benign,0,Benign,0
1.57e-08,1.66e-08,1.34e-07,2,8,Benign,0,Benign,0
9.54e-07,2.75e-08,1.43e-07,2,8,Benign,0,Benign,0
3.15e-06,0.0,0.0,1,1,Benign,0,Benign,0
5.07e-11,0.0,0.0,1,4,Malicious,1,Malicious,1
3.96e-05,0.0,0.0,1,4,Benign,0,Benign,1
1.27e-11,0.0,0.0,1,4,Malicious,1,Malicious,1
3.8e-05,0.0,0.0,1,4,Malicious,1,Malicious,1
5.07e-11,0.0,0.0,1,4,Malicious,1,Malicious,1
0.0,0.0,0.0,1,4,Malicious,1,Malicious,1
3.99e-05,0.0,0.0,1,4,Benign,0,Benign,1
3.91e-05,0.0,0.0,1,4,Malicious,1,Malicious,1
1.27e-11,0.0,0.0,1,4,Malicious,1,Malicious,1
3.8e-05,0.0,0.0,1,4,Malicious,1,Malicious,1
1.38e-06,2.75e-08,1.43e-07,2,8,Benign,0,Benign,0
1.27e-11,0.0,0.0,1,4,Malicious,1,Malicious,1
6.39e-05,4.47e-08,3.06e-07,2,8,Benign,0,Benign,0
3.15e-08,2.75e-08,1.43e-07,2,8,Benign,0,Benign,0
3.94e-05,0.0,0.0,1,4,Benign,0,Benign,1
2.47e-09,0.0,0.0,1,4,Malicious,1,Malicious,1
2.72e-05,3.84e-08,6.92e-07,1,7,Benign,0,Benign,1
0.0,0.0,0.0,1,4,Malicious,1,Malicious,1
5.07e-11,0.0,0.0,1,4,Malicious,1,Malicious,1
1.27e-11,0.0,0.0,1,4,Malicious,1,Malicious,1
2.21e-08,2.75e-08,1.43e-07,2,8,Benign,0,Benign,0
1.27e-11,0.0,0.0,1,4,Malicious,1,Malicious,1
3.94e-05,0.0,0.0,1,4,Malicious,1,Malicious,1
5.07e-11,0.0,0.0,1,4,Malicious,1,Malicious,1
3.98e-05,0.0,0.0,1,4,Benign,0,Benign,1
3.8e-05,0.0,0.0,1,4,Malicious,1,Malicious,1
0.0,0.0,0.0,1,4,Malicious,1,Malicious,1
3.8e-05,0.0,0.0,1,4,Malicious,1,Malicious,1
1.27e-11,0.0,0.0,1,4,Malicious,1,Malicious,1
5.07e-11,0.0,0.0,1,4,Malicious,1,Malicious,1
1.27e-11,0.0,0.0,1,4,Malicious,1,Malicious,1
3.93e-05,0.0,0.0,1,4,Malicious,1,Malicious,1
3.3e-07,2.75e-08,1.43e-07,2,8,Benign,0,Benign,0
2.49e-09,0.0,0.0,1,4,Malicious,1,Malicious,1
1.3e-06,2.75e-08,1.43e-07,2,8,Benign,0,Benign,0
1.27e-11,0.0,0.0,1,4,Malicious,1,Malicious,1
1.27e-11,0.0,0.0,1,4,Malicious,1,Malicious,1
3.92e-05,0.0,0.0,1,4,Malicious,1,Malicious,1
6.34e-11,0.0,0.0,1,4,Malicious,1,Malicious,1
1.27e-11,0.0,0.0,1,4,Malicious,1,Malicious,1
5.07e-11,0.0,0.0,1,4,Malicious,1,Malicious,1
3.95e-05,0.0,0.0,1,4,Benign,0,Benign,1
5.07e-11,0.0,0.0,1,4,Malicious,1,Malicious,1
5.07e-11,0.0,0.0,1,4,Malicious,1,Malicious,1
4.59e-06,0.0,0.0,1,1,Benign,0,Benign,0
1.27e-11,0.0,0.0,1,4,Malicious,1,Malicious,1
3.8e-05,0.0,0.0,1,4,Malicious,1,Malicious,1
2.65e-05,4.3e-08,7.22e-07,1,7,Malicious,1,Malicious,1
1.27e-11,0.0,0.0,1,4,Malicious,1,Malicious,1
0.0,0.0,0.0,1,4,Malicious,1,Malicious,1
5.07e-11,0.0,0.0,1,4,Malicious,1,Malicious,1
3.8e-05,0.0,0.0,1,4,Malicious,1,Malicious,1
3.58e-06,2.24e-08,3.06e-07,2,8,Benign,0,Benign,0
1.27e-11,0.0,0.0,1,4,Malicious,1,Malicious,1
2.12e-07,1.66e-08,1.34e-07,2,8,Benign,0,Benign,0
2.54e-11,0.0,0.0,1,4,Malicious,1,Malicious,1
6.34e-11,0.0,0.0,1,4,Malicious,1,Malicious,1
1.27e-11,0.0,0.0,1,4,Malicious,1,Malicious,1
3.99e-05,0.0,0.0,1,4,Malicious,1,Malicious,1
3.99e-05,0.0,0.0,1,4,Benign,0,Benign,1
0.000126919,1.65e-07,8.56e-07,2,8,Benign,0,Benign,0
3.97e-05,0.0,0.0,1,4,Malicious,1,Malicious,1
6.34e-11,0.0,0.0,1,4,Malicious,1,Malicious,1
0.0,0.0,0.0,1,4,Malicious,1,Malicious,1
1.27e-11,0.0,0.0,1,4,Malicious,1,Malicious,1
3.93e-05,0.0,0.0,1,4,Benign,0,Benign,1
1.27e-11,0.0,0.0,1,4,Malicious,1,Malicious,1
3.96e-05,0.0,0.0,1,4,Malicious,1,Malicious,1
1.27e-11,0.0,0.0,1,4,Malicious,1,Malicious,1
5.07e-11,0.0,0.0,1,4,Malicious,1,Malicious,1
0.0,0.0,0.0,1,4,Malicious,1,Malicious,1
1.27e-11,0.0,0.0,1,4,Malicious,1,Malicious,1
1.27e-11,0.0,0.0,1,4,Malicious,1,Malicious,1
0.0,0.0,0.0,1,4,Malicious,1,Malicious,1
5.07e-11,0.0,0.0,1,4,Malicious,1,Malicious,1
3.33e-06,9e-08,1.1e-06,1,8,Benign,0,Benign,0
5.07e-11,0.0,0.0,1,4,Malicious,1,Malicious,1
3.99e-05,0.0,0.0,1,4,Malicious,1,Malicious,1
1.27e-11,0.0,0.0,1,4,Malicious,1,Malicious,1
1.27e-11,0.0,0.0,1,4,Malicious,1,Malicious,1
6.28e-05,3.38e-07,5.35e-06,1,8,Malicious,1,Malicious,1
6.35e-05,4.47e-08,0.0,2,4,Benign,0,Benign,0
0.0,0.0,0.0,1,4,Malicious,1,Malicious,1
1.67e-07,2.75e-08,1.43e-07,2,8,Benign,0,Benign,0
3.8e-05,0.0,0.0,1,4,Benign,0,Benign,1
1.27e-11,0.0,0.0,1,4,Malicious,1,Malicious,1
5.07e-11,0.0,0.0,1,4,Malicious,1,Malicious,1
1.27e-11,0.0,0.0,1,4,Malicious,1,Malicious,1
1.27e-11,0.0,0.0,1,4,Malicious,1,Malicious,1
5.07e-11,0.0,0.0,1,4,Malicious,1,Malicious,1
3.94e-05,0.0,0.0,1,4,Malicious,1,Malicious,1
3.94e-05,0.0,0.0,1,4,Benign,0,Benign,1
3.95e-05,0.0,0.0,1,4,Benign,0,Benign,1
3.97e-05,0.0,0.0,1,4,Benign,0,Benign,1
3.81e-11,0.0,0.0,1,4,Malicious,1,Malicious,1
1.27e-11,0.0,0.0,1,4,Malicious,1,Malicious,1
2.2e-08,2.75e-08,1.43e-07,2,8,Benign,0,Benign,0
3.96e-05,0.0,0.0,1,4,Malicious,1,Malicious,1
1.27e-11,0.0,0.0,1,4,Malicious,1,Malicious,1
2.2e-08,2.75e-08,1.43e-07,2,8,Benign,0,Benign,0
0.000545646,1.15e-07,0.0,2,4,Benign,0,Benign,0
1.27e-11,0.0,0.0,1,4,Malicious,1,Malicious,1
3.8e-05,0.0,0.0,1,4,Malicious,1,Malicious,1
1.27e-11,0.0,0.0,1,4,Malicious,1,Malicious,1
3.99e-05,0.0,0.0,1,4,Malicious,1,Malicious,1
3.93e-05,0.0,0.0,1,4,Malicious,1,Malicious,1
3.98e-05,0.0,0.0,1,4,Benign,0,Benign,1
6.35e-05,4.47e-08,0.0,2,4,Benign,0,Benign,0
3.48e-08,2.75e-08,1.43e-07,2,8,Benign,0,Benign,0
5.07e-11,0.0,0.0,1,4,Malicious,1,Malicious,1
1.27e-11,0.0,0.0,1,4,Malicious,1,Malicious,1
3.8e-05,0.0,0.0,1,4,Malicious,1,Malicious,1
3.17e-08,1.66e-08,1.34e-07,2,8,Benign,0,Benign,0
2.21e-08,2.75e-08,1.43e-07,2,8,Benign,0,Benign,0
2.35e-07,2.75e-08,1.43e-07,2,8,Benign,0,Benign,0
2.2e-08,2.75e-08,1.43e-07,2,8,Benign,0,Benign,0
3.8e-05,0.0,0.0,1,4,Malicious,1,Malicious,1
1.59e-06,2.58e-08,1.34e-07,2,8,Benign,0,Benign,0
6.34e-11,0.0,0.0,1,4,Malicious,1,Malicious,1
2.54e-11,0.0,0.0,1,4,Malicious,1,Malicious,1
6.02e-08,2.75e-08,1.43e-07,2,8,Benign,0,Benign,0
0.0,0.0,0.0,1,4,Malicious,1,Malicious,1
3.22e-09,0.0,0.0,1,4,Malicious,1,Malicious,1
1.27e-11,0.0,0.0,1,4,Malicious,1,Malicious,1
3.99e-05,0.0,0.0,1,4,Benign,0,Benign,1
1.27e-11,0.0,0.0,1,4,Malicious,1,Malicious,1
1.27e-11,0.0,0.0,1,4,Malicious,1,Malicious,1
3.8e-05,0.0,0.0,1,4,Malicious,1,Malicious,1
1.87e-07,2.29e-08,1.66e-07,2,8,Benign,0,Benign,0
3.96e-05,0.0,0.0,1,4,Benign,0,Benign,1
1.27e-11,0.0,0.0,1,4,Malicious,1,Malicious,1
3.95e-05,0.0,0.0,1,4,Malicious,1,Malicious,1
1.27e-11,0.0,0.0,1,4,Malicious,1,Malicious,1
1.27e-11,0.0,0.0,1,4,Malicious,1,Malicious,1
1.27e-11,0.0,0.0,1,4,Malicious,1,Malicious,1
3.8e-05,0.0,0.0,1,4,Malicious,1,Malicious,1
6.34e-11,0.0,0.0,1,4,Malicious,1,Malicious,1
1.27e-11,0.0,0.0,1,4,Malicious,1,Malicious,1
3.94e-05,0.0,0.0,1,4,Malicious,1,Malicious,1
3.8e-05,0.0,0.0,1,4,Malicious,1,Malicious,1
3.97e-05,0.0,0.0,1,4,Malicious,1,Malicious,1
0.0,0.0,0.0,1,4,Malicious,1,Malicious,1
1.27e-11,0.0,0.0,1,4,Malicious,1,Malicious,1
5.07e-11,0.0,0.0,1,4,Malicious,1,Malicious,1
1.27e-11,0.0,0.0,1,4,Malicious,1,Malicious,1
5.07e-11,0.0,0.0,1,4,Malicious,1,Malicious,1
1.27e-11,0.0,0.0,1,4,Malicious,1,Malicious,1
1.39e-05,3.84e-08,6.92e-07,1,7,Benign,0,Benign,1
3.81e-11,0.0,0.0,1,4,Malicious,1,Malicious,1
5.07e-11,0.0,0.0,1,4,Malicious,1,Malicious,1
3.8e-05,0.0,0.0,1,4,Malicious,1,Malicious,1
6.39e-09,0.0,0.0,1,4,Malicious,1,Malicious,1
1.11e-05,3.84e-08,6.92e-07,1,7,Benign,0,Benign,1
6.93e-07,3.21e-07,1.66e-06,0,0,Benign,0,Benign,0
3.8e-05,0.0,0.0,1,4,Malicious,1,Malicious,1
3.8e-05,0.0,0.0,1,4,Malicious,1,Malicious,1
3.93e-05,0.0,0.0,1,4,Malicious,1,Malicious,1
4.43e-08,2.75e-08,1.43e-07,2,8,Benign,0,Benign,0
3.97e-05,0.0,0.0,1,4,Malicious,1,Malicious,1
0.0,0.0,0.0,1,4,Malicious,1,Malicious,1
3.99e-05,0.0,0.0,1,4,Malicious,1,Malicious,1
3.23e-09,0.0,0.0,1,4,Malicious,1,Malicious,1
4.11e-08,2.75e-08,1.43e-07,2,8,Benign,0,Benign,0
1.59e-08,1.66e-08,1.34e-07,2,8,Benign,0,Benign,0
3.94e-05,0.0,0.0,1,4,Malicious,1,Malicious,1
2.81e-06,2.75e-08,1.43e-07,2,8,Benign,0,Benign,0
3.8e-05,0.0,0.0,1,4,Malicious,1,Malicious,1
3.92e-05,0.0,0.0,1,4,Benign,0,Benign,1
2.19e-08,2.75e-08,1.43e-07,2,8,Benign,0,Benign,0
6.32e-09,1.66e-08,1.34e-07,2,8,Benign,0,Benign,0
1.27e-11,0.0,0.0,1,4,Malicious,1,Malicious,1
1.27e-11,0.0,0.0,1,4,Malicious,1,Malicious,1
3.93e-05,0.0,0.0,1,4,Benign,0,Benign,1
0.0,0.0,0.0,1,4,Malicious,1,Malicious,1
1.27e-11,0.0,0.0,1,4,Malicious,1,Malicious,1
3.8e-05,0.0,0.0,1,4,Malicious,1,Malicious,1
3.8e-05,0.0,0.0,1,4,Malicious,1,Malicious,1
5.07e-11,0.0,0.0,1,4,Malicious,1,Malicious,1
3.17e-09,0.0,0.0,1,4,Malicious,1,Malicious,1
1.27e-11,0.0,0.0,1,4,Malicious,1,Malicious,1
1.27e-11,0.0,0.0,1,4,Malicious,1,Malicious,1
6.02e-08,2.75e-08,1.43e-07,2,8,Benign,0,Benign,0
1.27e-11,0.0,0.0,1,4,Malicious,1,Malicious,1
1.27e-11,0.0,0.0,1,4,Malicious,1,Malicious,1
2.54e-11,0.0,0.0,1,4,Malicious,1,Malicious,1
9.46e-09,1.66e-08,1.34e-07,2,8,Benign,0,Benign,0
1.27e-11,0.0,0.0,1,4,Malicious,1,Malicious,1
1.27e-08,2.58e-08,1.34e-07,2,8,Benign,0,Benign,0
3.8e-05,0.0,0.0,1,4,Malicious,1,Malicious,1
3.8e-05,0.0,0.0,1,4,Malicious,1,Malicious,1
1.27e-11,0.0,0.0,1,4,Malicious,1,Malicious,1
3.91e-05,0.0,0.0,1,4,Benign,0,Benign,1
6.02e-08,2.58e-08,1.34e-07,2,8,Benign,0,Benign,0
1.27e-11,0.0,0.0,1,4,Malicious,1,Malicious,1
3.8e-05,0.0,0.0,1,4,Malicious,1,Malicious,1
1.27e-11,0.0,0.0,1,4,Malicious,1,Malicious,1
3.79e-05,0.0,0.0,1,4,Malicious,1,Malicious,1
3.97e-05,0.0,0.0,1,4,Benign,0,Benign,1
5.23e-07,2.75e-08,1.43e-07,2,8,Benign,0,Benign,0
3.23e-09,0.0,0.0,1,4,Malicious,1,Malicious,1
5.07e-11,0.0,0.0,1,4,Malicious,1,Malicious,1
3.98e-05,0.0,0.0,1,4,Malicious,1,Malicious,1
6.34e-11,0.0,0.0,1,4,Malicious,1,Malicious,1
9.46e-09,1.66e-08,1.34e-07,2,8,Benign,0,Benign,0
6.35e-05,4.47e-08,0.0,2,4,Benign,0,Benign,0
0.0,0.0,0.0,1,4,Malicious,1,Malicious,1
5.07e-11,0.0,0.0,1,4,Malicious,1,Malicious,1
0.000468557,3.55e-08,7.99e-07,1,7,Malicious,1,Malicious,1
1.27e-11,0.0,0.0,1,4,Malicious,1,Malicious,1
4.01e-05,0.0,0.0,1,4,Malicious,1,Malicious,1
6.34e-11,0.0,0.0,1,4,Malicious,1,Malicious,1
3.94e-05,0.0,0.0,1,4,Benign,0,Benign,1
3.8e-05,0.0,0.0,1,4,Malicious,1,Malicious,1
3.8e-05,0.0,0.0,1,4,Malicious,1,Malicious,1
4e-05,0.0,0.0,1,4,Benign,0,Benign,1
3.99e-05,0.0,0.0,1,4,Malicious,1,Malicious,1
6.33e-08,2.75e-08,1.43e-07,2,8,Benign,0,Benign,0
0.0,0.0,0.0,1,4,Malicious,1,Malicious,1
3.93e-05,0.0,0.0,1,4,Malicious,1,Malicious,1
3.97e-05,0.0,0.0,1,4,Malicious,1,Malicious,1
6.34e-11,0.0,0.0,1,4,Malicious,1,Malicious,1
2.84e-08,2.75e-08,1.43e-07,2,8,Benign,0,Benign,0
3.21e-09,0.0,0.0,1,4,Malicious,1,Malicious,1
6.02e-08,2.75e-08,1.43e-07,2,8,Benign,0,Benign,0
1.27e-11,0.0,0.0,1,4,Malicious,1,Malicious,1
3.98e-05,0.0,0.0,1,4,Benign,0,Benign,1
1.01e-10,0.0,0.0,1,4,Malicious,1,Malicious,1
1.77e-07,2.29e-08,1.66e-07,2,8,Benign,0,Benign,0
3.22e-09,0.0,0.0,1,4,Malicious,1,Malicious,1
1.27e-11,0.0,0.0,1,4,Malicious,1,Malicious,1
0.0,0.0,0.0,1,4,Malicious,1,Malicious,1
0.000362664,2.14e-06,1.45e-05,1,3,Benign,0,Benign,0
6.29e-09,1.66e-08,1.34e-07,2,8,Benign,0,Benign,0
3.8e-05,0.0,0.0,1,4,Malicious,1,Malicious,1
5.07e-11,0.0,0.0,1,4,Malicious,1,Malicious,1
1.27e-11,0.0,0.0,1,4,Malicious,1,Malicious,1
5.07e-11,0.0,0.0,1,4,Malicious,1,Malicious,1
3.8e-05,0.0,0.0,1,4,Malicious,1,Malicious,1
5.07e-11,0.0,0.0,1,4,Malicious,1,Malicious,1
3.18e-06,2.75e-08,1.43e-07,2,8,Benign,0,Benign,0
3.91e-05,0.0,0.0,1,4,Malicious,1,Malicious,1
1.39e-05,3.84e-08,6.92e-07,1,7,Benign,0,Benign,1
6.2e-09,2.58e-08,1.34e-07,2,8,Benign,0,Benign,0
3.94e-05,0.0,0.0,1,4,Malicious,1,Malicious,1
1.27e-11,0.0,0.0,1,4,Malicious,1,Malicious,1
1.27e-11,0.0,0.0,1,4,Malicious,1,Malicious,1
6.34e-11,0.0,0.0,1,4,Malicious,1,Malicious,1
3.48e-08,2.75e-08,1.43e-07,2,8,Benign,0,Benign,0
1.9e-08,2.75e-08,1.43e-07,2,8,Benign,0,Benign,0
0.0,0.0,0.0,1,4,Malicious,1,Malicious,1
3.92e-05,0.0,0.0,1,4,Benign,0,Benign,1
6.34e-11,0.0,0.0,1,4,Malicious,1,Malicious,1
9.82e-08,5.5e-08,2.85e-07,2,8,Benign,0,Benign,0
3.97e-05,0.0,0.0,1,4,Benign,0,Benign,1
3.8e-05,0.0,0.0,1,4,Malicious,1,Malicious,1
5.07e-11,0.0,0.0,1,4,Malicious,1,Malicious,1
1.27e-11,0.0,0.0,1,4,Malicious,1,Malicious,1
5.07e-11,0.0,0.0,1,4,Malicious,1,Malicious,1
3.81e-11,0.0,0.0,1,4,Malicious,1,Malicious,1
3.81e-11,0.0,0.0,1,4,Malicious,1,Malicious,1
1.27e-11,0.0,0.0,1,4,Malicious,1,Malicious,1
1.27e-11,0.0,0.0,1,4,Malicious,1,Malicious,1
6.34e-11,0.0,0.0,1,4,Malicious,1,Malicious,1
0.0,0.0,0.0,1,4,Malicious,1,Malicious,1
3.99e-05,0.0,0.0,1,4,Malicious,1,Malicious,1
3.8e-05,0.0,0.0,1,4,Malicious,1,Malicious,1
4e-05,0.0,0.0,1,4,Benign,0,Benign,1
3.8e-05,0.0,0.0,1,4,Malicious,1,Malicious,1
1.27e-11,0.0,0.0,1,4,Malicious,1,Malicious,1
3.93e-05,0.0,0.0,1,4,Benign,0,Benign,1
1.01e-10,0.0,0.0,1,4,Malicious,1,Malicious,1
0.0,0.0,0.0,1,4,Malicious,1,Malicious,1
5.42e-07,2.75e-08,1.43e-07,2,8,Benign,0,Benign,0
1.27e-11,0.0,0.0,1,4,Malicious,1,Malicious,1
6.32e-09,1.66e-08,1.34e-07,2,8,Benign,0,Benign,0
6.39e-09,0.0,0.0,1,4,Malicious,1,Malicious,1
5.07e-11,0.0,0.0,1,4,Malicious,1,Malicious,1
2.12e-07,2.75e-08,1.43e-07,2,8,Benign,0,Benign,0
3.73e-06,0.0,0.0,1,1,Malicious,1,Malicious,0
5.07e-11,0.0,0.0,1,4,Malicious,1,Malicious,1
5.07e-11,0.0,0.0,1,4,Malicious,1,Malicious,1
5.07e-11,0.0,0.0,1,4,Malicious,1,Malicious,1
0.0,0.0,0.0,1,4,Malicious,1,Malicious,1
1.27e-11,0.0,0.0,1,4,Malicious,1,Malicious,1
3.95e-05,0.0,0.0,1,4,Malicious,1,Malicious,1
1.27e-11,0.0,0.0,1,4,Malicious,1,Malicious,1
1.27e-11,0.0,0.0,1,4,Malicious,1,Malicious,1
3.99e-05,0.0,0.0,1,4,Malicious,1,Malicious,1
3.91e-05,0.0,0.0,1,4,Benign,0,Benign,1
1.27e-11,0.0,0.0,1,4,Malicious,1,Malicious,1
1.27e-11,0.0,0.0,1,4,Malicious,1,Malicious,1
5.18e-05,4.3e-08,7.22e-07,1,7,Malicious,1,Malicious,1
3.99e-05,0.0,0.0,1,4,Malicious,1,Malicious,1
6.34e-11,0.0,0.0,1,4,Malicious,1,Malicious,1
1.27e-11,0.0,0.0,1,4,Malicious,1,Malicious,1
2.84e-08,2.12e-08,1.57e-07,2,8,Benign,0,Benign,0
6.34e-11,0.0,0.0,1,4,Malicious,1,Malicious,1
3.99e-05,0.0,0.0,1,4,Malicious,1,Malicious,1
1.27e-11,0.0,0.0,1,4,Malicious,1,Malicious,1
1.27e-11,0.0,0.0,1,4,Malicious,1,Malicious,1
3.81e-11,0.0,0.0,1,4,Malicious,1,Malicious,1
6.32e-09,1.66e-08,1.34e-07,2,8,Benign,0,Benign,0
3.97e-05,0.0,0.0,1,4,Benign,0,Benign,1
1.27e-11,0.0,0.0,1,4,Malicious,1,Malicious,1
3.98e-05,0.0,0.0,1,4,Malicious,1,Malicious,1
3.81e-11,0.0,0.0,1,4,Malicious,1,Malicious,1
0.0,0.0,0.0,1,4,Malicious,1,Malicious,1
1.27e-11,0.0,0.0,1,4,Malicious,1,Malicious,1
5.07e-11,0.0,0.0,1,4,Malicious,1,Malicious,1
3.06e-09,0.0,0.0,1,4,Malicious,1,Malicious,1
3.8e-05,0.0,0.0,1,4,Malicious,1,Malicious,1
3.93e-05,0.0,0.0,1,4,Malicious,1,Malicious,1
2.42e-06,2.75e-08,1.43e-07,2,8,Benign,0,Benign,0
5.07e-11,0.0,0.0,1,4,Malicious,1,Malicious,1
6.35e-05,4.47e-08,0.0,2,4,Benign,0,Benign,0
0.0,0.0,0.0,1,4,Malicious,1,Malicious,1
0.000126763,1.18e-07,7.96e-07,2,8,Benign,0,Benign,0
3.81e-11,0.0,0.0,1,4,Malicious,1,Malicious,1
5.07e-11,0.0,0.0,1,4,Malicious,1,Malicious,1
3.99e-05,0.0,0.0,1,4,Benign,0,Benign,1
6.01e-08,2.75e-08,1.43e-07,2,8,Benign,0,Benign,0
1.27e-11,0.0,0.0,1,4,Malicious,1,Malicious,1
3.91e-05,0.0,0.0,1,4,Malicious,1,Malicious,1
3.99e-05,0.0,0.0,1,4,Malicious,1,Malicious,1
1.14e-10,0.0,0.0,1,4,Malicious,1,Malicious,1
6.33e-08,2.75e-08,1.43e-07,2,8,Benign,0,Benign,0
3.81e-11,0.0,0.0,1,4,Malicious,1,Malicious,1
0.000749934,1.72e-06,0.0,2,4,Benign,0,Benign,0
8.86e-08,1.66e-08,1.34e-07,2,8,Benign,0,Benign,0
0.0,0.0,0.0,1,4,Malicious,1,Malicious,1
9.53e-09,0.0,0.0,1,4,Malicious,1,Malicious,1
1.27e-11,0.0,0.0,1,4,Malicious,1,Malicious,1
6.34e-11,0.0,0.0,1,4,Malicious,1,Malicious,1
3.21e-09,0.0,0.0,1,4,Malicious,1,Malicious,1
5.07e-11,0.0,0.0,1,4,Malicious,1,Malicious,1
3.98e-05,0.0,0.0,1,4,Malicious,1,Malicious,1
6.34e-11,0.0,0.0,1,4,Malicious,1,Malicious,1
5.07e-11,0.0,0.0,1,4,Malicious,1,Malicious,1
2.65e-05,4.3e-08,7.22e-07,1,7,Malicious,1,Malicious,1
1.39e-05,4.3e-08,7.22e-07,1,7,Malicious,1,Malicious,1
3.96e-05,0.0,0.0,1,4,Malicious,1,Malicious,1
3.99e-05,0.0,0.0,1,4,Malicious,1,Malicious,1
1.27e-11,0.0,0.0,1,4,Malicious,1,Malicious,1
1.27e-11,0.0,0.0,1,4,Malicious,1,Malicious,1
5.07e-11,0.0,0.0,1,4,Malicious,1,Malicious,1
1.27e-11,0.0,0.0,1,4,Malicious,1,Malicious,1
3.91e-05,0.0,0.0,1,4,Malicious,1,Malicious,1
3.95e-05,0.0,0.0,1,4,Malicious,1,Malicious,1
1.27e-11,0.0,0.0,1,4,Malicious,1,Malicious,1
2.54e-11,0.0,0.0,1,4,Malicious,1,Malicious,1
1.27e-11,0.0,0.0,1,4,Malicious,1,Malicious,1
1.27e-11,0.0,0.0,1,4,Malicious,1,Malicious,1
1.27e-11,0.0,0.0,1,4,Malicious,1,Malicious,1
3.8e-05,0.0,0.0,1,4,Malicious,1,Malicious,1
0.0,0.0,0.0,1,4,Malicious,1,Malicious,1
1.27e-11,0.0,0.0,1,4,Malicious,1,Malicious,1
3.92e-05,0.0,0.0,1,4,Malicious,1,Malicious,1
6.95e-08,2.75e-08,1.43e-07,2,8,Benign,0,Benign,0
1.27e-11,0.0,0.0,1,4,Malicious,1,Malicious,1
0.0,0.0,0.0,1,4,Malicious,1,Malicious,1
1.27e-11,0.0,0.0,1,4,Malicious,1,Malicious,1
5.22e-05,4.3e-08,7.22e-07,1,7,Malicious,1,Malicious,1
1.27e-11,0.0,0.0,1,4,Malicious,1,Malicious,1
5.07e-11,0.0,0.0,1,4,Malicious,1,Malicious,1
3.8e-05,0.0,0.0,1,4,Malicious,1,Malicious,1
3.8e-05,0.0,0.0,1,4,Malicious,1,Malicious,1
2.2e-08,2.75e-08,1.43e-07,2,8,Benign,0,Benign,0
4.77e-05,3.38e-07,5.35e-06,1,8,Malicious,1,Malicious,1
0.0,0.0,0.0,1,4,Malicious,1,Malicious,1
6.35e-09,2.58e-08,1.34e-07,2,8,Benign,0,Benign,0
3.8e-05,0.0,0.0,1,4,Malicious,1,Malicious,1
1.27e-11,0.0,0.0,1,4,Malicious,1,Malicious,1
0.0,0.0,0.0,1,4,Malicious,1,Malicious,1
6.34e-11,0.0,0.0,1,4,Malicious,1,Malicious,1
6.34e-11,0.0,0.0,1,4,Malicious,1,Malicious,1
3.23e-09,0.0,0.0,1,4,Malicious,1,Malicious,1
3.79e-05,0.0,0.0,1,4,Malicious,1,Malicious,1
6.32e-09,2.58e-08,1.34e-07,2,8,Benign,0,Benign,0
0.0,0.0,0.0,1,4,Malicious,1,Malicious,1
3.93e-05,0.0,0.0,1,4,Malicious,1,Malicious,1
3.5e-08,2.75e-08,1.43e-07,2,8,Benign,0,Benign,0
3.93e-05,0.0,0.0,1,4,Benign,0,Benign,1
1.27e-11,0.0,0.0,1,4,Malicious,1,Malicious,1
1.27e-11,0.0,0.0,1,4,Malicious,1,Malicious,1
4e-05,0.0,0.0,1,4,Benign,0,Benign,1
1.27e-11,0.0,0.0,1,4,Malicious,1,Malicious,1
1.39e-05,4.3e-08,7.22e-07,1,7,Malicious,1,Malicious,1
3.95e-05,0.0,0.0,1,4,Benign,0,Benign,1
4e-05,0.0,0.0,1,4,Benign,0,Benign,1
1.27e-11,0.0,0.0,1,4,Malicious,1,Malicious,1
0.000608802,1.82e-07,0.0,2,4,Benign,0,Benign,0
6.78e-05,4.47e-08,3.06e-07,2,8,Benign,0,Benign,0
3.93e-05,0.0,0.0,1,4,Malicious,1,Malicious,1
5.83e-07,2.75e-08,1.43e-07,2,8,Benign,0,Benign,0
3.94e-05,0.0,0.0,1,4,Malicious,1,Malicious,1
6.32e-09,0.0,0.0,1,4,Malicious,1,Malicious,1
3.26e-09,0.0,0.0,1,4,Malicious,1,Malicious,1
1.27e-11,0.0,0.0,1,4,Malicious,1,Malicious,1
0.0,0.0,0.0,1,4,Malicious,1,Malicious,1
3.96e-05,0.0,0.0,1,4,Benign,0,Benign,1
6.34e-11,0.0,0.0,1,4,Malicious,1,Malicious,1
0.0,0.0,0.0,1,4,Malicious,1,Malicious,1
1.48e-07,2.64e-08,1.84e-07,2,8,Benign,0,Benign,0
1.27e-11,0.0,0.0,1,4,Malicious,1,Malicious,1
1.27e-11,0.0,0.0,1,4,Malicious,1,Malicious,1
1.27e-11,0.0,0.0,1,4,Malicious,1,Malicious,1
2.54e-11,5.5e-08,0.0,2,4,Benign,0,Benign,0
4e-05,0.0,0.0,1,4,Malicious,1,Malicious,1
3.46e-08,2.75e-08,1.43e-07,2,8,Benign,0,Benign,0
1.27e-11,0.0,0.0,1,4,Malicious,1,Malicious,1
1.27e-11,0.0,0.0,1,4,Malicious,1,Malicious,1
3.99e-05,0.0,0.0,1,4,Malicious,1,Malicious,1
0.013738691,0.005843398,0.0,2,4,Malicious,1,Malicious,1
3.81e-11,0.0,0.0,1,4,Malicious,1,Malicious,1
3.8e-05,0.0,0.0,1,4,Malicious,1,Malicious,1
1.27e-11,0.0,0.0,1,4,Malicious,1,Malicious,1
0.0,0.0,0.0,1,4,Malicious,1,Malicious,1
4e-05,0.0,0.0,1,4,Malicious,1,Malicious,1
1.27e-11,0.0,0.0,1,4,Malicious,1,Malicious,1
3.23e-09,0.0,0.0,1,4,Malicious,1,Malicious,1
3.8e-05,0.0,0.0,1,4,Malicious,1,Malicious,1
5.07e-11,0.0,0.0,1,4,Malicious,1,Malicious,1
3.97e-05,0.0,0.0,1,4,Malicious,1,Malicious,1
6.34e-11,0.0,0.0,1,4,Malicious,1,Malicious,1
3.96e-05,0.0,0.0,1,4,Benign,0,Benign,1
6.32e-08,2.75e-08,1.43e-07,2,8,Benign,0,Benign,0
1.27e-11,0.0,0.0,1,4,Malicious,1,Malicious,1
1.27e-11,0.0,0.0,1,4,Malicious,1,Malicious,1
1.27e-11,0.0,0.0,1,4,Malicious,1,Malicious,1
5.07e-11,0.0,0.0,1,4,Malicious,1,Malicious,1
0.0,0.0,0.0,1,4,Malicious,1,Malicious,1
6.34e-11,0.0,0.0,1,4,Malicious,1,Malicious,1
3.8e-05,0.0,0.0,1,4,Malicious,1,Malicious,1
1.27e-11,0.0,0.0,1,4,Malicious,1,Malicious,1
1.27e-11,0.0,0.0,1,4,Malicious,1,Malicious,1
1.27e-11,0.0,0.0,1,4,Malicious,1,Malicious,1
3.79e-05,0.0,0.0,1,4,Malicious,1,Malicious,1
5.07e-06,0.0,0.0,1,1,Benign,0,Benign,0
3.92e-05,0.0,0.0,1,4,Malicious,1,Malicious,1
3.94e-05,0.0,0.0,1,4,Malicious,1,Malicious,1
3.93e-05,0.0,0.0,1,4,Benign,0,Benign,1
1.27e-11,0.0,0.0,1,4,Malicious,1,Malicious,1
3.94e-05,0.0,0.0,1,4,Benign,0,Benign,1
6.63e-08,2.75e-08,1.43e-07,2,8,Benign,0,Benign,0
3.26e-09,0.0,0.0,1,4,Malicious,1,Malicious,1
1.27e-11,0.0,0.0,1,4,Malicious,1,Malicious,1
3.8e-05,0.0,0.0,1,4,Malicious,1,Malicious,1
1.01e-10,0.0,0.0,1,4,Malicious,1,Malicious,1
3.8e-05,0.0,0.0,1,4,Malicious,1,Malicious,1
3.25e-09,0.0,0.0,1,4,Malicious,1,Malicious,1
6.02e-08,2.75e-08,1.43e-07,2,8,Benign,0,Benign,0
3.94e-05,0.0,0.0,1,4,Benign,0,Benign,1
1.27e-11,0.0,0.0,1,4,Malicious,1,Malicious,1
1.36e-05,3.84e-08,6.92e-07,1,7,Benign,0,Benign,0
1.27e-11,0.0,0.0,1,4,Malicious,1,Malicious,1
1.27e-11,0.0,0.0,1,4,Malicious,1,Malicious,1
1.27e-11,0.0,0.0,1,4,Malicious,1,Malicious,1
3.22e-09,0.0,0.0,1,4,Malicious,1,Malicious,1
3.8e-05,0.0,0.0,1,4,Malicious,1,Malicious,1
1.27e-11,0.0,0.0,1,4,Malicious,1,Malicious,1
3.91e-05,0.0,0.0,1,4,Malicious,1,Malicious,1
0.000456993,3.55e-08,7.99e-07,1,7,Malicious,1,Malicious,1
1.27e-11,0.0,0.0,1,4,Malicious,1,Malicious,1
1.27e-11,0.0,0.0,1,4,Malicious,1,Malicious,1
9.49e-09,1.66e-08,1.34e-07,2,8,Benign,0,Benign,0
3.46e-08,2.75e-08,1.43e-07,2,8,Benign,0,Benign,0
1.27e-11,0.0,0.0,1,4,Malicious,1,Malicious,1
3.8e-05,0.0,0.0,1,4,Malicious,1,Malicious,1
2.21e-08,2.75e-08,1.43e-07,2,8,Benign,0,Benign,0
9.49e-09,1.66e-08,1.34e-07,2,8,Benign,0,Benign,0
6.34e-11,0.0,0.0,1,4,Malicious,1,Malicious,1
4e-05,0.0,0.0,1,4,Benign,0,Benign,1
0.0,0.0,0.0,1,4,Malicious,1,Malicious,1
3.8e-05,0.0,0.0,1,4,Malicious,1,Malicious,1
3.8e-05,0.0,0.0,1,4,Malicious,1,Malicious,1
3.97e-05,0.0,0.0,1,4,Benign,0,Benign,1
5.07e-11,0.0,0.0,1,4,Malicious,1,Malicious,1
1.37e-05,3.84e-08,6.92e-07,1,7,Benign,0,Benign,0
1.27e-11,0.0,0.0,1,4,Malicious,1,Malicious,1
1.27e-11,0.0,0.0,1,4,Malicious,1,Malicious,1
6e-08,2.75e-08,1.43e-07,2,8,Benign,0,Benign,0
6.34e-11,0.0,0.0,1,4,Malicious,1,Malicious,1
1.37e-05,3.84e-08,6.92e-07,1,7,Benign,0,Benign,0
6.35e-05,4.47e-08,0.0,2,4,Benign,0,Benign,0
2.21e-08,2.75e-08,1.43e-07,2,8,Benign,0,Benign,0
1.27e-11,0.0,0.0,1,4,Malicious,1,Malicious,1
1.27e-11,0.0,0.0,1,4,Malicious,1,Malicious,1
1.41e-05,4.24e-08,7.19e-07,1,7,Malicious,1,Malicious,1
1.27e-11,0.0,0.0,1,4,Malicious,1,Malicious,1
3.96e-05,0.0,0.0,1,4,Malicious,1,Malicious,1
6.34e-11,0.0,0.0,1,4,Malicious,1,Malicious,1
3.22e-09,0.0,0.0,1,4,Malicious,1,Malicious,1
6.34e-11,0.0,0.0,1,4,Malicious,1,Malicious,1
3.8e-05,0.0,0.0,1,4,Malicious,1,Malicious,1
4e-05,0.0,0.0,1,4,Benign,0,Benign,1
6.27e-09,1.66e-08,1.34e-07,2,8,Benign,0,Benign,0
5.07e-11,0.0,0.0,1,4,Malicious,1,Malicious,1
3.22e-09,0.0,0.0,1,4,Malicious,1,Malicious,1
3.9e-07,2.75e-08,1.43e-07,2,8,Benign,0,Benign,0
1.27e-11,0.0,0.0,1,4,Malicious,1,Malicious,1
0.0,0.0,0.0,1,4,Malicious,1,Malicious,1
3.8e-05,0.0,0.0,1,4,Malicious,1,Malicious,1
3.94e-05,0.0,0.0,1,4,Benign,0,Benign,1
6.33e-08,2.75e-08,1.43e-07,2,8,Benign,0,Benign,0
2.85e-08,2.75e-08,1.43e-07,2,8,Benign,0,Benign,0
3.92e-05,0.0,0.0,1,4,Benign,0,Benign,1
3.92e-05,0.0,0.0,1,4,Malicious,1,Malicious,1
0.0,0.0,0.0,1,4,Malicious,1,Malicious,1
0.0,0.0,0.0,1,4,Malicious,1,Malicious,1
6.98e-08,5.5e-08,2.85e-07,2,8,Benign,0,Benign,0
1.89e-08,1.66e-08,1.34e-07,2,8,Benign,0,Benign,0
6.34e-11,0.0,0.0,1,4,Malicious,1,Malicious,1
6.34e-11,0.0,0.0,1,4,Malicious,1,Malicious,1
3.95e-05,0.0,0.0,1,4,Malicious,1,Malicious,1
5.21e-05,4.3e-08,7.22e-07,1,7,Malicious,1,Malicious,1
1.27e-11,0.0,0.0,1,4,Malicious,1,Malicious,1
3.8e-05,0.0,0.0,1,4,Malicious,1,Malicious,1
1.27e-11,0.0,0.0,1,4,Malicious,1,Malicious,1
8.86e-08,2.75e-08,1.43e-07,2,8,Benign,0,Benign,0
3.49e-08,2.75e-08,1.43e-07,2,8,Benign,0,Benign,0
3.94e-05,0.0,0.0,1,4,Malicious,1,Malicious,1
3.92e-05,0.0,0.0,1,4,Malicious,1,Malicious,1
1.11e-06,2.75e-08,1.43e-07,2,8,Benign,0,Benign,0
6.35e-05,4.47e-08,0.0,2,4,Benign,0,Benign,0
3.21e-09,0.0,0.0,1,4,Malicious,1,Malicious,1
3.21e-09,0.0,0.0,1,4,Malicious,1,Malicious,1
6.33e-08,2.75e-08,1.43e-07,2,8,Benign,0,Benign,0
0.0,0.0,0.0,1,4,Malicious,1,Malicious,1
1.27e-11,0.0,0.0,1,4,Malicious,1,Malicious,1
3.99e-05,0.0,0.0,1,4,Malicious,1,Malicious,1
3.8e-05,0.0,0.0,1,4,Malicious,1,Malicious,1
3.96e-05,0.0,0.0,1,4,Malicious,1,Malicious,1
6.34e-11,0.0,0.0,1,4,Malicious,1,Malicious,1
5.07e-11,0.0,0.0,1,4,Malicious,1,Malicious,1
1.27e-11,0.0,0.0,1,4,Malicious,1,Malicious,1
3.78e-06,0.0,0.0,1,1,Benign,0,Benign,0
5.07e-11,0.0,0.0,1,4,Malicious,1,Malicious,1
1.27e-11,0.0,0.0,1,4,Malicious,1,Malicious,1
3.8e-05,0.0,0.0,1,4,Malicious,1,Malicious,1
3.8e-05,0.0,0.0,1,4,Malicious,1,Malicious,1
4.61e-07,3.21e-07,1.66e-06,0,0,Benign,0,Benign,0
1.27e-11,0.0,0.0,1,4,Malicious,1,Malicious,1
1.27e-11,0.0,0.0,1,4,Malicious,1,Malicious,1
5.45e-07,2.75e-08,1.43e-07,2,8,Benign,0,Benign,0
3.99e-05,0.0,0.0,1,4,Malicious,1,Malicious,1
1.27e-11,0.0,0.0,1,4,Malicious,1,Malicious,1
0.0,0.0,0.0,1,4,Malicious,1,Malicious,1
3.22e-09,0.0,0.0,1,4,Malicious,1,Malicious,1
1.27e-11,0.0,0.0,1,4,Malicious,1,Malicious,1
5.07e-11,0.0,0.0,1,4,Malicious,1,Malicious,1
2.87e-09,0.0,0.0,1,4,Malicious,1,Malicious,1
2.64e-09,0.0,0.0,1,4,Malicious,1,Malicious,1
5.07e-11,0.0,0.0,1,4,Malicious,1,Malicious,1
1.27e-11,0.0,0.0,1,4,Malicious,1,Malicious,1
3.79e-05,0.0,0.0,1,4,Malicious,1,Malicious,1
4e-05,0.0,0.0,1,4,Benign,0,Benign,1
3.8e-05,0.0,0.0,1,4,Malicious,1,Malicious,1
3.81e-11,0.0,0.0,1,4,Malicious,1,Malicious,1
1.27e-11,0.0,0.0,1,4,Malicious,1,Malicious,1
1.77e-07,2.75e-08,1.43e-07,2,8,Benign,0,Benign,0
1.27e-11,0.0,0.0,1,4,Malicious,1,Malicious,1
2.52e-08,2.75e-08,1.43e-07,2,8,Benign,0,Benign,0
3.93e-05,0.0,0.0,1,4,Malicious,1,Malicious,1
1.27e-11,0.0,0.0,1,4,Malicious,1,Malicious,1
1.27e-11,0.0,0.0,1,4,Malicious,1,Malicious,1
5.07e-11,0.0,0.0,1,4,Malicious,1,Malicious,1
1.27e-11,0.0,0.0,1,4,Malicious,1,Malicious,1
2.52e-08,2.75e-08,1.43e-07,2,8,Benign,0,Benign,0
1.09e-06,2.75e-08,1.43e-07,2,8,Benign,0,Benign,0
5.07e-11,0.0,0.0,1,4,Malicious,1,Malicious,1
6.35e-09,2.58e-08,1.34e-07,2,8,Benign,0,Benign,0
1.99e-07,2.75e-08,1.43e-07,2,8,Benign,0,Benign,0
2.2e-08,2.75e-08,1.43e-07,2,8,Benign,0,Benign,0
5.2e-05,4.3e-08,7.22e-07,1,7,Malicious,1,Malicious,1
3.8e-05,0.0,0.0,1,4,Malicious,1,Malicious,1
3.48e-08,2.75e-08,1.43e-07,2,8,Benign,0,Benign,0
3.95e-05,0.0,0.0,1,4,Malicious,1,Malicious,1
1.27e-11,0.0,0.0,1,4,Malicious,1,Malicious,1
1.27e-11,0.0,0.0,1,4,Malicious,1,Malicious,1
5.07e-11,0.0,0.0,1,4,Malicious,1,Malicious,1
1.27e-11,0.0,0.0,1,4,Malicious,1,Malicious,1
0.0,0.0,0.0,1,4,Malicious,1,Malicious,1
0.000758252,1.72e-06,0.0,2,4,Benign,0,Benign,0
3.97e-05,0.0,0.0,1,4,Malicious,1,Malicious,1
1.27e-11,0.0,0.0,1,4,Malicious,1,Malicious,1
3.96e-05,0.0,0.0,1,4,Benign,0,Benign,1
1.27e-11,0.0,0.0,1,4,Malicious,1,Malicious,1
6.33e-09,2.24e-08,1.16e-07,2,8,Benign,0,Benign,0
3.17e-08,2.75e-08,1.43e-07,2,8,Benign,0,Benign,0
4.01e-05,0.0,0.0,1,4,Benign,0,Benign,1
0.0,0.0,0.0,1,4,Malicious,1,Malicious,1
1.27e-11,0.0,0.0,1,4,Malicious,1,Malicious,1
1.27e-11,0.0,0.0,1,4,Malicious,1,Malicious,1
0.0,0.0,0.0,1,4,Malicious,1,Malicious,1
1.27e-11,0.0,0.0,1,4,Malicious,1,Malicious,1
3.8e-05,0.0,0.0,1,4,Malicious,1,Malicious,1
3.94e-05,0.0,0.0,1,4,Benign,0,Benign,1
3.95e-05,0.0,0.0,1,4,Malicious,1,Malicious,1
4e-05,0.0,0.0,1,4,Benign,0,Benign,1
3.99e-05,0.0,0.0,1,4,Malicious,1,Malicious,1
2.53e-08,2.75e-08,1.43e-07,2,8,Benign,0,Benign,0
6.32e-09,1.66e-08,1.34e-07,2,8,Benign,0,Benign,0
3.8e-05,0.0,0.0,1,4,Malicious,1,Malicious,1
1.27e-11,0.0,0.0,1,4,Malicious,1,Malicious,1
3.99e-05,0.0,0.0,1,4,Malicious,1,Malicious,1
3.17e-08,2.75e-08,1.43e-07,2,8,Benign,0,Benign,0
3.96e-05,0.0,0.0,1,4,Malicious,1,Malicious,1
1.27e-11,0.0,0.0,1,4,Malicious,1,Malicious,1
3.91e-05,0.0,0.0,1,4,Malicious,1,Malicious,1
3.8e-05,0.0,0.0,1,4,Malicious,1,Malicious,1
6.34e-11,0.0,0.0,1,4,Malicious,1,Malicious,1
1.27e-11,0.0,0.0,1,4,Malicious,1,Malicious,1
1.27e-11,0.0,0.0,1,4,Malicious,1,Malicious,1
3.99e-05,0.0,0.0,1,4,Benign,0,Benign,1
6.34e-11,0.0,0.0,1,4,Malicious,1,Malicious,1
3.8e-05,0.0,0.0,1,4,Malicious,1,Malicious,1
1.27e-11,0.0,0.0,1,4,Malicious,1,Malicious,1
2.87e-09,0.0,0.0,1,4,Malicious,1,Malicious,1
1.27e-11,0.0,0.0,1,4,Malicious,1,Malicious,1
3.97e-05,0.0,0.0,1,4,Malicious,1,Malicious,1
3.91e-05,0.0,0.0,1,4,Malicious,1,Malicious,1
3.22e-09,0.0,0.0,1,4,Malicious,1,Malicious,1
5.07e-11,0.0,0.0,1,4,Malicious,1,Malicious,1
2.68e-09,0.0,0.0,1,4,Malicious,1,Malicious,1
3.8e-05,0.0,0.0,1,4,Malicious,1,Malicious,1
1.27e-11,0.0,0.0,1,4,Malicious,1,Malicious,1
3.97e-05,0.0,0.0,1,4,Malicious,1,Malicious,1
5.07e-11,0.0,0.0,1,4,Malicious,1,Malicious,1
1.27e-11,0.0,0.0,1,4,Malicious,1,Malicious,1
3.92e-05,0.0,0.0,1,4,Malicious,1,Malicious,1
1.27e-11,0.0,0.0,1,4,Malicious,1,Malicious,1
0.0,0.0,0.0,1,4,Malicious,1,Malicious,1
0.0,0.0,0.0,1,4,Malicious,1,Malicious,1
3.95e-05,0.0,0.0,1,4,Malicious,1,Malicious,1
3.8e-05,0.0,0.0,1,4,Malicious,1,Malicious,1
5.07e-11,0.0,0.0,1,4,Malicious,1,Malicious,1
1.27e-11,0.0,0.0,1,4,Malicious,1,Malicious,1
1.27e-11,0.0,0.0,1,4,Malicious,1,Malicious,1
0.000862531,2.2e-07,1.14e-06,2,8,Benign,0,Benign,0
5.07e-11,0.0,0.0,1,4,Malicious,1,Malicious,1
6.34e-08,2.75e-08,1.43e-07,2,8,Benign,0,Benign,0
1.27e-11,0.0,0.0,1,4,Malicious,1,Malicious,1
0.0,0.0,0.0,1,4,Malicious,1,Malicious,1
1.27e-11,0.0,0.0,1,4,Malicious,1,Malicious,1
3.16e-09,0.0,0.0,1,4,Malicious,1,Malicious,1
2.93e-09,0.0,0.0,1,4,Malicious,1,Malicious,1
1.29e-05,3.44e-08,3.68e-07,1,3,Malicious,1,Malicious,0
1.27e-11,0.0,0.0,1,4,Malicious,1,Malicious,1
3.99e-05,0.0,0.0,1,4,Malicious,1,Malicious,1
5.07e-11,0.0,0.0,1,4,Malicious,1,Malicious,1
3.8e-05,0.0,0.0,1,4,Malicious,1,Malicious,1
5.07e-11,0.0,0.0,1,4,Malicious,1,Malicious,1
3.92e-05,0.0,0.0,1,4,Malicious,1,Malicious,1
1.27e-11,0.0,0.0,1,4,Malicious,1,Malicious,1
1.27e-11,0.0,0.0,1,4,Malicious,1,Malicious,1
1.25e-08,2.75e-08,1.43e-07,2,8,Benign,0,Benign,0
1.27e-11,0.0,0.0,1,4,Malicious,1,Malicious,1
3.96e-05,0.0,0.0,1,4,Benign,0,Benign,1
3.8e-05,0.0,0.0,1,4,Malicious,1,Malicious,1
3.94e-05,0.0,0.0,1,4,Benign,0,Benign,1
4.41e-06,0.0,0.0,1,1,Benign,0,Benign,0
0.0,0.0,0.0,1,4,Malicious,1,Malicious,1
1.27e-11,0.0,0.0,1,4,Malicious,1,Malicious,1
1.27e-11,0.0,0.0,1,4,Malicious,1,Malicious,1
5.07e-11,0.0,0.0,1,4,Malicious,1,Malicious,1
3.98e-05,0.0,0.0,1,4,Benign,0,Benign,1
0.0,0.0,0.0,1,4,Malicious,1,Malicious,1
3.22e-09,0.0,0.0,1,4,Malicious,1,Malicious,1
3.17e-08,2.75e-08,1.43e-07,2,8,Benign,0,Benign,0
4e-05,0.0,0.0,1,4,Malicious,1,Malicious,1
0.0,0.0,0.0,1,4,Malicious,1,Malicious,1
3.79e-05,0.0,0.0,1,4,Malicious,1,Malicious,1
3.81e-11,0.0,0.0,1,4,Malicious,1,Malicious,1
3.8e-05,0.0,0.0,1,4,Malicious,1,Malicious,1
3.8e-05,0.0,0.0,1,4,Malicious,1,Malicious,1
6.3e-09,1.66e-08,1.34e-07,2,8,Benign,0,Benign,0
1.01e-10,0.0,0.0,1,4,Malicious,1,Malicious,1
6.34e-11,0.0,0.0,1,4,Malicious,1,Malicious,1
1.27e-11,0.0,0.0,1,4,Malicious,1,Malicious,1
1.27e-11,0.0,0.0,1,4,Malicious,1,Malicious,1
1.08e-06,2.24e-08,3.06e-07,2,8,Benign,0,Benign,0
2.2e-08,2.75e-08,1.43e-07,2,8,Benign,0,Benign,0
3.98e-05,0.0,0.0,1,4,Benign,0,Benign,1
1.27e-11,0.0,0.0,1,4,Malicious,1,Malicious,1
9.51e-08,5.5e-08,2.85e-07,2,8,Benign,0,Benign,0
3.99e-05,0.0,0.0,1,4,Malicious,1,Malicious,1
1.27e-11,0.0,0.0,1,4,Malicious,1,Malicious,1
1.27e-11,0.0,0.0,1,4,Malicious,1,Malicious,1
3.8e-05,0.0,0.0,1,4,Malicious,1,Malicious,1
1.27e-11,0.0,0.0,1,4,Malicious,1,Malicious,1
6.34e-11,0.0,0.0,1,4,Malicious,1,Malicious,1
3.21e-09,0.0,0.0,1,4,Malicious,1,Malicious,1
3.91e-05,0.0,0.0,1,4,Malicious,1,Malicious,1
3.15e-09,0.0,0.0,1,4,Malicious,1,Malicious,1
3.8e-05,0.0,0.0,1,4,Malicious,1,Malicious,1
0.0,0.0,0.0,1,4,Malicious,1,Malicious,1
5.07e-11,0.0,0.0,1,4,Malicious,1,Malicious,1
3.92e-05,0.0,0.0,1,4,Benign,0,Benign,1
1.27e-11,0.0,0.0,1,4,Malicious,1,Malicious,1
3.97e-05,0.0,0.0,1,4,Malicious,1,Malicious,1
1.01e-10,0.0,0.0,1,4,Malicious,1,Malicious,1
6.3e-09,1.66e-08,1.34e-07,2,8,Benign,0,Benign,0
0.0,0.0,0.0,1,4,Malicious,1,Malicious,1
3.8e-05,0.0,0.0,1,4,Malicious,1,Malicious,1
3.8e-05,0.0,0.0,1,4,Malicious,1,Malicious,1
4e-05,0.0,0.0,1,4,Benign,0,Benign,1
4e-05,0.0,0.0,1,4,Malicious,1,Malicious,1
0.0,0.0,0.0,1,4,Malicious,1,Malicious,1
2.85e-08,2.75e-08,1.43e-07,2,8,Benign,0,Benign,0
6.34e-11,0.0,0.0,1,4,Malicious,1,Malicious,1
5.07e-11,0.0,0.0,1,4,Malicious,1,Malicious,1
8.9e-05,6.23e-07,0.0,2,4,Benign,0,Benign,0
2.34e-06,2.75e-08,1.43e-07,2,8,Benign,0,Benign,0
2.67e-05,3.84e-08,6.92e-07,1,7,Benign,0,Benign,1
6.34e-11,0.0,0.0,1,4,Malicious,1,Malicious,1
4e-05,0.0,0.0,1,4,Benign,0,Benign,1
5.19e-05,4.3e-08,7.22e-07,1,7,Malicious,1,Malicious,1
5.07e-11,0.0,0.0,1,4,Malicious,1,Malicious,1
3.8e-05,0.0,0.0,1,4,Malicious,1,Malicious,1
3.99e-05,0.0,0.0,1,4,Benign,0,Benign,1
1.27e-11,0.0,0.0,1,4,Malicious,1,Malicious,1
3.99e-05,0.0,0.0,1,4,Malicious,1,Malicious,1
0.0,0.0,0.0,1,4,Malicious,1,Malicious,1
3.79e-05,0.0,0.0,1,4,Malicious,1,Malicious,1
3.95e-05,0.0,0.0,1,4,Benign,0,Benign,1
5.07e-11,0.0,0.0,1,4,Malicious,1,Malicious,1
3.92e-05,0.0,0.0,1,4,Malicious,1,Malicious,1
3.81e-11,0.0,0.0,1,4,Malicious,1,Malicious,1
6.34e-11,0.0,0.0,1,4,Malicious,1,Malicious,1
1.27e-11,0.0,0.0,1,4,Malicious,1,Malicious,1
3.91e-05,0.0,0.0,1,4,Malicious,1,Malicious,1
5.07e-11,0.0,0.0,1,4,Malicious,1,Malicious,1
4.01e-05,0.0,0.0,1,4,Benign,0,Benign,1
1.27e-11,0.0,0.0,1,4,Malicious,1,Malicious,1
0.000745527,1.72e-06,0.0,2,4,Benign,0,Benign,0
3.99e-05,0.0,0.0,1,4,Benign,0,Benign,1
3.77e-06,9e-08,1.1e-06,1,8,Benign,0,Benign,0
1.27e-11,0.0,0.0,1,4,Malicious,1,Malicious,1
3.96e-05,0.0,0.0,1,4,Malicious,1,Malicious,1
3.99e-05,0.0,0.0,1,4,Malicious,1,Malicious,1
1.27e-11,0.0,0.0,1,4,Malicious,1,Malicious,1
3.27e-09,0.0,0.0,1,4,Malicious,1,Malicious,1
3.8e-05,0.0,0.0,1,4,Malicious,1,Malicious,1
1.27e-11,0.0,0.0,1,4,Malicious,1,Malicious,1
0.0,0.0,0.0,1,4,Malicious,1,Malicious,1
3.81e-11,0.0,0.0,1,4,Malicious,1,Malicious,1
1.27e-11,0.0,0.0,1,4,Malicious,1,Malicious,1
3.94e-05,0.0,0.0,1,4,Malicious,1,Malicious,1
5.07e-11,0.0,0.0,1,4,Malicious,1,Malicious,1
3.8e-05,0.0,0.0,1,4,Malicious,1,Malicious,1
2.87e-09,0.0,0.0,1,4,Malicious,1,Malicious,1
1.27e-11,0.0,0.0,1,4,Malicious,1,Malicious,1
2.21e-08,2.75e-08,1.43e-07,2,8,Benign,0,Benign,0
2.2e-08,2.75e-08,1.43e-07,2,8,Benign,0,Benign,0
3.06e-06,0.0,0.0,1,8,Benign,0,Benign,0
3.8e-05,0.0,0.0,1,4,Malicious,1,Malicious,1
5.77e-05,3.38e-07,5.35e-06,1,8,Malicious,1,Malicious,1
1.27e-11,0.0,0.0,1,4,Malicious,1,Malicious,1
4.01e-05,0.0,0.0,1,4,Benign,0,Benign,1
6.35e-05,4.47e-08,0.0,2,4,Benign,0,Benign,0
3.06e-09,0.0,0.0,1,4,Malicious,1,Malicious,1
3.91e-05,0.0,0.0,1,4,Malicious,1,Malicious,1
6.44e-09,0.0,0.0,1,4,Malicious,1,Malicious,1
1.27e-11,0.0,0.0,1,4,Malicious,1,Malicious,1
1.27e-11,0.0,0.0,1,4,Malicious,1,Malicious,1
1.27e-11,0.0,0.0,1,4,Malicious,1,Malicious,1
0.0,0.0,0.0,1,4,Malicious,1,Malicious,1
3.97e-05,0.0,0.0,1,4,Benign,0,Benign,1
1.43e-07,3.21e-07,1.66e-06,0,0,Benign,0,Benign,0
6.34e-11,0.0,0.0,1,4,Malicious,1,Malicious,1
5.07e-11,0.0,0.0,1,4,Malicious,1,Malicious,1
3.04e-06,0.0,0.0,1,8,Benign,0,Benign,0
9.5e-09,2.58e-08,1.34e-07,2,8,Benign,0,Benign,0
3.99e-05,0.0,0.0,1,4,Benign,0,Benign,1
4.75e-06,0.0,0.0,1,1,Benign,0,Benign,0
5.07e-11,0.0,0.0,1,4,Malicious,1,Malicious,1
3.8e-05,0.0,0.0,1,4,Malicious,1,Malicious,1
3.98e-05,0.0,0.0,1,4,Malicious,1,Malicious,1
6.34e-11,0.0,0.0,1,4,Malicious,1,Malicious,1
3.95e-05,0.0,0.0,1,4,Malicious,1,Malicious,1
2.64e-05,4.3e-08,7.22e-07,1,7,Malicious,1,Malicious,1
1.27e-11,0.0,0.0,1,4,Malicious,1,Malicious,1
3.8e-05,0.0,0.0,1,4,Malicious,1,Malicious,1
6.01e-08,2.75e-08,1.43e-07,2,8,Benign,0,Benign,0
3.8e-05,0.0,0.0,1,4,Malicious,1,Malicious,1
3.8e-05,0.0,0.0,1,4,Malicious,1,Malicious,1
1.27e-11,0.0,0.0,1,4,Malicious,1,Malicious,1
3.97e-05,0.0,0.0,1,4,Malicious,1,Malicious,1
4e-05,0.0,0.0,1,4,Malicious,1,Malicious,1
3.81e-11,0.0,0.0,1,4,Malicious,1,Malicious,1
1.27e-11,0.0,0.0,1,4,Malicious,1,Malicious,1
1.27e-11,0.0,0.0,1,4,Malicious,1,Malicious,1
6.05e-07,2.29e-08,1.66e-07,2,8,Benign,0,Benign,0
5.07e-11,0.0,0.0,1,4,Malicious,1,Malicious,1
6.65e-08,2.75e-08,1.43e-07,2,8,Benign,0,Benign,0
3.8e-05,0.0,0.0,1,4,Malicious,1,Malicious,1
1.27e-11,0.0,0.0,1,4,Malicious,1,Malicious,1
1.27e-11,0.0,0.0,1,4,Malicious,1,Malicious,1
6.34e-11,0.0,0.0,1,4,Malicious,1,Malicious,1
3.8e-05,0.0,0.0,1,4,Benign,0,Benign,1
1.27e-11,0.0,0.0,1,4,Malicious,1,Malicious,1
6.34e-11,0.0,0.0,1,4,Malicious,1,Malicious,1
3.98e-05,0.0,0.0,1,4,Malicious,1,Malicious,1
5.07e-11,0.0,0.0,1,4,Malicious,1,Malicious,1
1.27e-11,0.0,0.0,1,4,Malicious,1,Malicious,1
1.01e-10,0.0,0.0,1,4,Malicious,1,Malicious,1
9.19e-08,5.5e-08,2.85e-07,2,8,Benign,0,Benign,0
1.27e-11,0.0,0.0,1,4,Malicious,1,Malicious,1
5.07e-11,0.0,0.0,1,4,Malicious,1,Malicious,1
6.39e-05,6.71e-08,4.22e-07,2,8,Benign,0,Benign,0
6.05e-09,2.58e-08,1.34e-07,2,8,Benign,0,Benign,0
3.8e-05,0.0,0.0,1,4,Malicious,1,Malicious,1
6.34e-11,0.0,0.0,1,4,Malicious,1,Malicious,1
2.21e-08,2.75e-08,1.43e-07,2,8,Benign,0,Benign,0
1.27e-11,0.0,0.0,1,4,Malicious,1,Malicious,1
4e-05,0.0,0.0,1,4,Benign,0,Benign,1
0.0,0.0,0.0,1,4,Malicious,1,Malicious,1
1.27e-11,0.0,0.0,1,4,Malicious,1,Malicious,1
2.52e-06,2.75e-08,1.43e-07,2,8,Benign,0,Benign,0
2.21e-08,2.58e-08,1.34e-07,2,8,Benign,0,Benign,0
1.19e-06,0.0,0.0,1,1,Malicious,1,Malicious,1
5.07e-11,0.0,0.0,1,4,Malicious,1,Malicious,1
3.99e-05,0.0,0.0,1,4,Benign,0,Benign,1
3.94e-05,0.0,0.0,1,4,Benign,0,Benign,1
3.98e-05,0.0,0.0,1,4,Malicious,1,Malicious,1
0.0,0.0,0.0,1,4,Malicious,1,Malicious,1
1.27e-11,0.0,0.0,1,4,Malicious,1,Malicious,1
1.27e-11,0.0,0.0,1,4,Malicious,1,Malicious,1
1.27e-11,0.0,0.0,1,4,Malicious,1,Malicious,1
1.27e-11,0.0,0.0,1,4,Malicious,1,Malicious,1
1.27e-11,0.0,0.0,1,4,Malicious,1,Malicious,1
1.08e-07,2.75e-08,1.43e-07,2,8,Benign,0,Benign,0
3.94e-05,0.0,0.0,1,4,Malicious,1,Malicious,1
3.81e-11,0.0,0.0,1,4,Malicious,1,Malicious,1
3.99e-05,0.0,0.0,1,4,Malicious,1,Malicious,1
3.8e-05,0.0,0.0,1,4,Malicious,1,Malicious,1
3.79e-05,0.0,0.0,1,4,Malicious,1,Malicious,1
5.07e-11,0.0,0.0,1,4,Malicious,1,Malicious,1
0.0,0.0,0.0,1,4,Malicious,1,Malicious,1
5.07e-11,0.0,0.0,1,4,Malicious,1,Malicious,1
3.81e-11,0.0,0.0,1,4,Malicious,1,Malicious,1
1.27e-11,0.0,0.0,1,4,Malicious,1,Malicious,1
1.27e-11,0.0,0.0,1,4,Malicious,1,Malicious,1
3.8e-05,0.0,0.0,1,4,Malicious,1,Malicious,1
3.97e-05,0.0,0.0,1,4,Malicious,1,Malicious,1
1.27e-11,0.0,0.0,1,4,Malicious,1,Malicious,1
3.98e-05,0.0,0.0,1,4,Benign,0,Benign,1
1.27e-11,0.0,0.0,1,4,Malicious,1,Malicious,1
1.27e-11,0.0,0.0,1,4,Malicious,1,Malicious,1
5.07e-11,0.0,0.0,1,4,Malicious,1,Malicious,1
6.34e-11,0.0,0.0,1,4,Malicious,1,Malicious,1
1.27e-11,0.0,0.0,1,4,Malicious,1,Malicious,1
3.95e-05,0.0,0.0,1,4,Benign,0,Benign,1
1.27e-11,0.0,0.0,1,4,Malicious,1,Malicious,1
3.93e-05,0.0,0.0,1,4,Malicious,1,Malicious,1
5.07e-11,0.0,0.0,1,4,Malicious,1,Malicious,1
1.8e-06,2.75e-08,1.43e-07,2,8,Benign,0,Benign,0
3.98e-05,0.0,0.0,1,4,Benign,0,Benign,1
1.27e-11,0.0,0.0,1,4,Malicious,1,Malicious,1
3.22e-09,0.0,0.0,1,4,Malicious,1,Malicious,1
0.0,0.0,0.0,1,4,Malicious,1,Malicious,1
1.27e-11,0.0,0.0,1,4,Malicious,1,Malicious,1
5.07e-11,0.0,0.0,1,4,Malicious,1,Malicious,1
3.94e-05,0.0,0.0,1,4,Malicious,1,Malicious,1
3.8e-05,0.0,0.0,1,4,Malicious,1,Malicious,1
3.98e-05,0.0,0.0,1,4,Malicious,1,Malicious,1
5.07e-11,0.0,0.0,1,4,Malicious,1,Malicious,1
3.99e-05,0.0,0.0,1,4,Benign,0,Benign,1
5.07e-11,0.0,0.0,1,4,Malicious,1,Malicious,1
3.8e-05,0.0,0.0,1,4,Malicious,1,Malicious,1
3.95e-05,0.0,0.0,1,4,Benign,0,Benign,1
6.32e-09,0.0,0.0,1,4,Malicious,1,Malicious,1
5.07e-11,0.0,0.0,1,4,Malicious,1,Malicious,1
1.27e-11,0.0,0.0,1,4,Malicious,1,Malicious,1
3.97e-05,0.0,0.0,1,4,Malicious,1,Malicious,1
6.24e-09,1.66e-08,1.34e-07,2,8,Benign,0,Benign,0
5.07e-11,0.0,0.0,1,4,Malicious,1,Malicious,1
5.07e-11,0.0,0.0,1,4,Malicious,1,Malicious,1
0.000166252,1.73e-06,0.0,2,4,Benign,0,Benign,0
1.27e-11,0.0,0.0,1,4,Malicious,1,Malicious,1
1.27e-11,0.0,0.0,1,4,Malicious,1,Malicious,1
1.27e-11,0.0,0.0,1,4,Malicious,1,Malicious,1
1.27e-11,0.0,0.0,1,4,Malicious,1,Malicious,1
6.35e-05,4.47e-08,0.0,2,4,Benign,0,Benign,0
1.27e-11,0.0,0.0,1,4,Malicious,1,Malicious,1
6.35e-05,4.47e-08,0.0,2,4,Benign,0,Benign,0
1.46e-07,0.0,0.0,1,8,Benign,0,Benign,0
1.37e-05,4.3e-08,7.22e-07,1,7,Malicious,1,Malicious,0
9.36e-09,2.58e-08,1.34e-07,2,8,Benign,0,Benign,0
6.34e-11,0.0,0.0,1,4,Malicious,1,Malicious,1
3.23e-09,0.0,0.0,1,4,Malicious,1,Malicious,1
3.97e-05,0.0,0.0,1,4,Benign,0,Benign,1
3.8e-05,0.0,0.0,1,4,Malicious,1,Malicious,1
5.07e-11,0.0,0.0,1,4,Malicious,1,Malicious,1
3.8e-05,0.0,0.0,1,4,Malicious,1,Malicious,1
5.07e-11,0.0,0.0,1,4,Malicious,1,Malicious,1
4.01e-05,0.0,0.0,1,4,Malicious,1,Malicious,1
3.95e-05,0.0,0.0,1,4,Malicious,1,Malicious,1
1.27e-11,0.0,0.0,1,4,Malicious,1,Malicious,1
7.59e-08,2.75e-08,1.43e-07,2,8,Benign,0,Benign,0
6.35e-05,4.47e-08,0.0,2,4,Benign,0,Benign,0
3.8e-05,0.0,0.0,1,4,Malicious,1,Malicious,1
5.07e-11,0.0,0.0,1,4,Malicious,1,Malicious,1
6.34e-05,4.47e-08,0.0,2,4,Benign,0,Benign,0
3.98e-05,0.0,0.0,1,4,Malicious,1,Malicious,1
3.95e-05,0.0,0.0,1,4,Malicious,1,Malicious,1
1.27e-11,0.0,0.0,1,4,Malicious,1,Malicious,1
3.92e-05,0.0,0.0,1,4,Benign,0,Benign,1
3.97e-05,0.0,0.0,1,4,Benign,0,Benign,1
5.07e-11,0.0,0.0,1,4,Malicious,1,Malicious,1
1.27e-11,0.0,0.0,1,4,Malicious,1,Malicious,1
7.28e-08,2.75e-08,1.43e-07,2,8,Benign,0,Benign,0
1.27e-11,0.0,0.0,1,4,Malicious,1,Malicious,1
5.07e-11,0.0,0.0,1,4,Malicious,1,Malicious,1
1.27e-11,0.0,0.0,1,4,Malicious,1,Malicious,1
3.95e-05,0.0,0.0,1,4,Malicious,1,Malicious,1
3.8e-05,0.0,0.0,1,4,Malicious,1,Malicious,1
1.27e-11,0.0,0.0,1,4,Malicious,1,Malicious,1
3.8e-05,0.0,0.0,1,4,Malicious,1,Malicious,1
6.35e-05,4.47e-08,0.0,2,4,Benign,0,Benign,0
3.21e-09,0.0,0.0,1,4,Malicious,1,Malicious,1
4.25e-05,6.65e-08,0.0,0,0,Benign,0,Benign,0
6.34e-11,0.0,0.0,1,4,Malicious,1,Malicious,1
1.27e-11,0.0,0.0,1,4,Malicious,1,Malicious,1
6.32e-09,2.12e-08,2.97e-07,2,8,Benign,0,Benign,0
1.27e-11,0.0,0.0,1,4,Malicious,1,Malicious,1
0.00067205,2.21e-07,0.0,2,4,Benign,0,Benign,0
5.07e-11,0.0,0.0,1,4,Malicious,1,Malicious,1
5.07e-11,0.0,0.0,1,4,Malicious,1,Malicious,1
9.28e-09,1.66e-08,1.34e-07,2,8,Benign,0,Benign,0
1.27e-11,0.0,0.0,1,4,Malicious,1,Malicious,1
3.17e-09,0.0,0.0,1,4,Malicious,1,Malicious,1
3.8e-05,0.0,0.0,1,4,Malicious,1,Malicious,1
5.07e-11,0.0,0.0,1,4,Malicious,1,Malicious,1
3.8e-05,0.0,0.0,1,4,Malicious,1,Malicious,1
5.07e-11,0.0,0.0,1,4,Malicious,1,Malicious,1
3.99e-05,0.0,0.0,1,4,Malicious,1,Malicious,1
1.27e-11,0.0,0.0,1,4,Malicious,1,Malicious,1
3.97e-05,0.0,0.0,1,4,Malicious,1,Malicious,1
5.07e-11,0.0,0.0,1,4,Malicious,1,Malicious,1
0.000146213,3.44e-08,0.0,2,4,Benign,0,Benign,0
3.21e-09,0.0,0.0,1,4,Malicious,1,Malicious,1
1.27e-11,0.0,0.0,1,4,Malicious,1,Malicious,1
2.21e-08,2.75e-08,1.43e-07,2,8,Benign,0,Benign,0
6.34e-11,0.0,0.0,1,4,Malicious,1,Malicious,1
1.27e-11,0.0,0.0,1,4,Malicious,1,Malicious,1
1.27e-11,0.0,0.0,1,4,Malicious,1,Malicious,1
6.34e-11,0.0,0.0,1,4,Malicious,1,Malicious,1
1.27e-11,0.0,0.0,1,4,Malicious,1,Malicious,1
3.79e-08,2.75e-08,1.43e-07,2,8,Benign,0,Benign,0
6.34e-11,0.0,0.0,1,4,Malicious,1,Malicious,1
1.27e-11,0.0,0.0,1,4,Malicious,1,Malicious,1
1.26e-05,0.0,0.0,1,4,Malicious,1,Malicious,1
3.91e-05,0.0,0.0,1,4,Malicious,1,Malicious,1
3.99e-05,0.0,0.0,1,4,Malicious,1,Malicious,1
1.27e-11,0.0,0.0,1,4,Malicious,1,Malicious,1
0.0,0.0,0.0,1,4,Malicious,1,Malicious,1
3.07e-06,9e-08,1.1e-06,1,8,Benign,0,Benign,0
2.2e-08,2.75e-08,1.43e-07,2,8,Benign,0,Benign,0
1.27e-11,0.0,0.0,1,4,Malicious,1,Malicious,1
6.34e-11,0.0,0.0,1,4,Malicious,1,Malicious,1
9.49e-09,2.58e-08,1.34e-07,2,8,Benign,0,Benign,0
3.97e-05,0.0,0.0,1,4,Malicious,1,Malicious,1
2.77e-05,4.3e-08,7.22e-07,1,7,Malicious,1,Malicious,1
1.27e-11,0.0,0.0,1,4,Malicious,1,Malicious,1
5.07e-11,0.0,0.0,1,4,Malicious,1,Malicious,1
3.2e-09,0.0,0.0,1,4,Malicious,1,Malicious,1
1.27e-11,0.0,0.0,1,4,Malicious,1,Malicious,1
2.84e-08,2.75e-08,1.43e-07,2,8,Benign,0,Benign,0
0.0,0.0,0.0,1,4,Malicious,1,Malicious,1
6.43e-09,0.0,0.0,1,4,Malicious,1,Malicious,1
1.27e-11,0.0,0.0,1,4,Malicious,1,Malicious,1
3.16e-08,2.75e-08,1.43e-07,2,8,Benign,0,Benign,0
1.27e-11,0.0,0.0,1,4,Malicious,1,Malicious,1
0.0,0.0,0.0,1,4,Malicious,1,Malicious,1
6.68e-08,5.5e-08,2e-06,2,8,Benign,0,Benign,0
5.07e-11,0.0,0.0,1,4,Malicious,1,Malicious,1
3.99e-05,0.0,0.0,1,4,Malicious,1,Malicious,1
3.97e-05,0.0,0.0,1,4,Benign,0,Benign,1
0.000127051,1.18e-07,8.59e-07,2,8,Benign,0,Benign,0
3.96e-05,0.0,0.0,1,4,Malicious,1,Malicious,1
6.35e-05,4.47e-08,0.0,2,4,Benign,0,Benign,0
5.07e-11,0.0,0.0,1,4,Malicious,1,Malicious,1
3.98e-05,0.0,0.0,1,4,Benign,0,Benign,1
6.33e-09,2.58e-08,1.34e-07,2,8,Benign,0,Benign,0
3.98e-06,0.0,0.0,1,1,Benign,0,Benign,0
6.44e-09,0.0,0.0,1,4,Malicious,1,Malicious,1
3.95e-05,0.0,0.0,1,4,Malicious,1,Malicious,1
3.8e-05,0.0,0.0,1,4,Malicious,1,Malicious,1
3.8e-05,0.0,0.0,1,4,Malicious,1,Malicious,1
0.000126437,1.65e-07,8.56e-07,2,8,Benign,0,Benign,0
3.8e-05,0.0,0.0,1,4,Malicious,1,Malicious,1
1.27e-11,0.0,0.0,1,4,Malicious,1,Malicious,1
3.07e-09,0.0,0.0,1,4,Malicious,1,Malicious,1
3.8e-05,0.0,0.0,1,4,Malicious,1,Malicious,1
3.95e-05,0.0,0.0,1,4,Benign,0,Benign,1
5.07e-11,0.0,0.0,1,4,Malicious,1,Malicious,1
3.8e-05,0.0,0.0,1,4,Malicious,1,Malicious,1
1.27e-11,0.0,0.0,1,4,Malicious,1,Malicious,1
1.27e-11,0.0,0.0,1,4,Malicious,1,Malicious,1
6.34e-11,0.0,0.0,1,4,Malicious,1,Malicious,1
3.8e-05,0.0,0.0,1,4,Malicious,1,Malicious,1
3.91e-05,0.0,0.0,1,4,Malicious,1,Malicious,1
9.4e-09,2.58e-08,1.34e-07,2,8,Benign,0,Benign,0
3.94e-05,0.0,0.0,1,4,Malicious,1,Malicious,1
3.95e-05,0.0,0.0,1,4,Malicious,1,Malicious,1
6.34e-11,0.0,0.0,1,4,Malicious,1,Malicious,1
3.94e-05,0.0,0.0,1,4,Benign,0,Benign,1
3.91e-05,0.0,0.0,1,4,Malicious,1,Malicious,1
6.34e-11,0.0,0.0,1,4,Malicious,1,Malicious,1
3.15e-09,0.0,0.0,1,4,Malicious,1,Malicious,1
3.95e-05,0.0,0.0,1,4,Malicious,1,Malicious,1
3.81e-11,0.0,0.0,1,4,Malicious,1,Malicious,1
2.24e-06,2.75e-08,1.43e-07,2,8,Benign,0,Benign,0
3.8e-05,0.0,0.0,1,4,Malicious,1,Malicious,1
1.27e-11,0.0,0.0,1,4,Malicious,1,Malicious,1
1.27e-11,0.0,0.0,1,4,Malicious,1,Malicious,1
3.81e-11,0.0,0.0,1,4,Malicious,1,Malicious,1
6.28e-09,2.58e-08,1.34e-07,2,8,Benign,0,Benign,0
6.3e-09,1.66e-08,1.34e-07,2,8,Benign,0,Benign,0
5.07e-11,0.0,0.0,1,4,Malicious,1,Malicious,1
0.0,0.0,0.0,1,4,Malicious,1,Malicious,1
5.07e-11,0.0,0.0,1,4,Malicious,1,Malicious,1
3.79e-05,0.0,0.0,1,4,Malicious,1,Malicious,1
1.27e-11,0.0,0.0,1,4,Malicious,1,Malicious,1
1.27e-11,0.0,0.0,1,4,Malicious,1,Malicious,1
6.3e-09,1.66e-08,1.34e-07,2,8,Benign,0,Benign,0
3.8e-05,0.0,0.0,1,4,Malicious,1,Malicious,1
3.97e-05,0.0,0.0,1,4,Malicious,1,Malicious,1
0.0,0.0,0.0,1,4,Malicious,1,Malicious,1
1.27e-11,0.0,0.0,1,4,Malicious,1,Malicious,1
1.27e-11,0.0,0.0,1,4,Malicious,1,Malicious,1
1.27e-11,0.0,0.0,1,4,Malicious,1,Malicious,1
1.27e-11,0.0,0.0,1,4,Malicious,1,Malicious,1
0.0,0.0,0.0,1,4,Malicious,1,Malicious,1
6.01e-08,2.75e-08,1.43e-07,2,8,Benign,0,Benign,0
3.81e-11,0.0,0.0,1,4,Malicious,1,Malicious,1
1.27e-11,0.0,0.0,1,4,Malicious,1,Malicious,1
5.07e-11,0.0,0.0,1,4,Malicious,1,Malicious,1
6.43e-07,2.75e-08,1.43e-07,2,8,Benign,0,Benign,0
5.07e-11,0.0,0.0,1,4,Malicious,1,Malicious,1
5.07e-11,0.0,0.0,1,4,Malicious,1,Malicious,1
1.38e-05,3.84e-08,6.92e-07,1,7,Benign,0,Benign,0
1.27e-11,0.0,0.0,1,4,Malicious,1,Malicious,1
1.27e-11,0.0,0.0,1,4,Malicious,1,Malicious,1
1.27e-11,0.0,0.0,1,4,Malicious,1,Malicious,1
5.07e-11,0.0,0.0,1,4,Malicious,1,Malicious,1
1.27e-11,0.0,0.0,1,4,Malicious,1,Malicious,1
5.07e-11,0.0,0.0,1,4,Malicious,1,Malicious,1
1.27e-11,0.0,0.0,1,4,Malicious,1,Malicious,1
3.08e-06,9e-08,1.1e-06,1,8,Benign,0,Benign,0
3.8e-05,0.0,0.0,1,4,Malicious,1,Malicious,1
1.56e-08,2.75e-08,1.43e-07,2,8,Benign,0,Benign,0
5.07e-11,0.0,0.0,1,4,Malicious,1,Malicious,1
1.27e-11,0.0,0.0,1,4,Malicious,1,Malicious,1
2.2e-08,2.75e-08,1.43e-07,2,8,Benign,0,Benign,0
0.0,0.0,0.0,1,4,Malicious,1,Malicious,1
1.27e-11,0.0,0.0,1,4,Malicious,1,Malicious,1
6.29e-09,0.0,0.0,1,4,Malicious,1,Malicious,1
1.58e-08,1.2e-08,0.0,1,4,Benign,0,Benign,1
1.27e-11,0.0,0.0,1,4,Malicious,1,Malicious,1
7.15e-05,3.38e-07,5.35e-06,1,8,Malicious,1,Malicious,1
2.51e-08,2.75e-08,1.43e-07,2,8,Benign,0,Benign,0
3.94e-05,0.0,0.0,1,4,Malicious,1,Malicious,1
0.0,0.0,0.0,1,4,Malicious,1,Malicious,1
1.27e-11,0.0,0.0,1,4,Malicious,1,Malicious,1
3.93e-05,0.0,0.0,1,4,Malicious,1,Malicious,1
1.27e-11,0.0,0.0,1,4,Malicious,1,Malicious,1
1.27e-11,0.0,0.0,1,4,Malicious,1,Malicious,1
3.21e-09,0.0,0.0,1,4,Malicious,1,Malicious,1
3.21e-09,0.0,0.0,1,4,Malicious,1,Malicious,1
1.27e-11,0.0,0.0,1,4,Malicious,1,Malicious,1
1.27e-11,0.0,0.0,1,4,Malicious,1,Malicious,1
3.97e-05,0.0,0.0,1,4,Benign,0,Benign,1
2.2e-06,2.75e-08,1.43e-07,2,8,Benign,0,Benign,0
1.27e-11,0.0,0.0,1,4,Malicious,1,Malicious,1
2.09e-07,2.75e-08,1.43e-07,2,8,Benign,0,Benign,0
3.94e-05,0.0,0.0,1,4,Malicious,1,Malicious,1
9.19e-07,2.75e-08,1.43e-07,2,8,Benign,0,Benign,0
4.97e-07,2.75e-08,1.43e-07,2,8,Benign,0,Benign,0
1.19e-06,2.75e-08,1.43e-07,2,8,Benign,0,Benign,0
3.79e-05,0.0,0.0,1,4,Malicious,1,Malicious,1
3.8e-05,0.0,0.0,1,4,Malicious,1,Malicious,1
1.27e-11,0.0,0.0,1,4,Malicious,1,Malicious,1
0.0,0.0,0.0,1,4,Malicious,1,Malicious,1
3.92e-05,0.0,0.0,1,4,Malicious,1,Malicious,1
3.91e-05,0.0,0.0,1,4,Malicious,1,Malicious,1
1.27e-11,0.0,0.0,1,4,Malicious,1,Malicious,1
3.93e-05,0.0,0.0,1,4,Malicious,1,Malicious,1
6.34e-11,0.0,0.0,1,4,Malicious,1,Malicious,1
3.96e-05,0.0,0.0,1,4,Malicious,1,Malicious,1
1.27e-11,0.0,0.0,1,4,Malicious,1,Malicious,1
1.27e-11,0.0,0.0,1,4,Malicious,1,Malicious,1
1.27e-11,0.0,0.0,1,4,Malicious,1,Malicious,1
5.07e-11,0.0,0.0,1,4,Malicious,1,Malicious,1
1.27e-11,0.0,0.0,1,4,Malicious,1,Malicious,1
3.64e-07,5.16e-08,2.67e-07,2,8,Benign,0,Benign,0
8.87e-08,2.75e-08,1.43e-07,2,8,Benign,0,Benign,0
1.27e-11,0.0,0.0,1,4,Malicious,1,Malicious,1
0.000101701,1.38e-08,0.0,0,0,Benign,0,Benign,0
4e-05,0.0,0.0,1,4,Benign,0,Benign,1
3.98e-05,0.0,0.0,1,4,Malicious,1,Malicious,1
1.27e-11,0.0,0.0,1,4,Malicious,1,Malicious,1
3.95e-05,0.0,0.0,1,4,Benign,0,Benign,1
0.0,0.0,0.0,1,4,Malicious,1,Malicious,1
3.8e-05,0.0,0.0,1,4,Malicious,1,Malicious,1
1.27e-11,0.0,0.0,1,4,Malicious,1,Malicious,1
1.27e-11,0.0,0.0,1,4,Malicious,1,Malicious,1
1.39e-05,0.0,0.0,1,1,Benign,0,Benign,1
8.88e-05,4.61e-07,0.0,2,4,Benign,0,Benign,0
4.43e-08,2.75e-08,1.43e-07,2,8,Benign,0,Benign,0
3.22e-09,0.0,0.0,1,4,Malicious,1,Malicious,1
1.27e-11,0.0,0.0,1,4,Malicious,1,Malicious,1
1.27e-11,0.0,0.0,1,4,Malicious,1,Malicious,1
1.27e-11,0.0,0.0,1,4,Malicious,1,Malicious,1
9.47e-09,1.66e-08,1.34e-07,2,8,Benign,0,Benign,0
5.07e-11,0.0,0.0,1,4,Malicious,1,Malicious,1
1.27e-11,0.0,0.0,1,4,Malicious,1,Malicious,1
1.88e-08,2.75e-08,1.43e-07,2,8,Benign,0,Benign,0
2.2e-08,2.75e-08,1.43e-07,2,8,Benign,0,Benign,0
5.07e-11,0.0,0.0,1,4,Malicious,1,Malicious,1
3.97e-05,0.0,0.0,1,4,Malicious,1,Malicious,1
1.27e-11,0.0,0.0,1,4,Malicious,1,Malicious,1
1.3e-07,2.58e-08,1.34e-07,2,8,Benign,0,Benign,0
1.27e-11,0.0,0.0,1,4,Malicious,1,Malicious,1
5.2e-05,4.3e-08,7.22e-07,1,7,Malicious,1,Malicious,1
3.21e-09,0.0,0.0,1,4,Malicious,1,Malicious,1
1.27e-11,0.0,0.0,1,4,Malicious,1,Malicious,1
3.98e-05,0.0,0.0,1,4,Malicious,1,Malicious,1
6.34e-11,0.0,0.0,1,4,Malicious,1,Malicious,1
6.34e-11,0.0,0.0,1,4,Malicious,1,Malicious,1
3.16e-08,2.58e-08,1.34e-07,2,8,Benign,0,Benign,0
0.000493039,3.55e-08,7.99e-07,1,7,Malicious,1,Malicious,1
3.81e-11,0.0,0.0,1,4,Malicious,1,Malicious,1
1.27e-11,0.0,0.0,1,4,Malicious,1,Malicious,1
3.16e-08,2.75e-08,1.43e-07,2,8,Benign,0,Benign,0
1.27e-11,0.0,0.0,1,4,Malicious,1,Malicious,1
6.32e-08,2.75e-08,1.43e-07,2,8,Benign,0,Benign,0
3.8e-05,0.0,0.0,1,4,Malicious,1,Malicious,1
3.8e-05,0.0,0.0,1,4,Malicious,1,Malicious,1
5.07e-11,0.0,0.0,1,4,Malicious,1,Malicious,1
2.51e-09,0.0,0.0,1,4,Malicious,1,Malicious,1
0.0,0.0,0.0,1,4,Malicious,1,Malicious,1
1.27e-11,0.0,0.0,1,4,Malicious,1,Malicious,1
2.13e-05,4.3e-08,7.22e-07,1,7,Malicious,1,Malicious,1
5.07e-11,0.0,0.0,1,4,Malicious,1,Malicious,1
1.27e-11,0.0,0.0,1,4,Malicious,1,Malicious,1
1.27e-11,0.0,0.0,1,4,Malicious,1,Malicious,1
5.07e-11,0.0,0.0,1,4,Malicious,1,Malicious,1
3.22e-09,0.0,0.0,1,4,Malicious,1,Malicious,1
5.07e-11,0.0,0.0,1,4,Malicious,1,Malicious,1
3.22e-09,0.0,0.0,1,4,Malicious,1,Malicious,1
0.0,0.0,0.0,1,4,Malicious,1,Malicious,1
1.42e-07,2.29e-08,1.66e-07,2,8,Benign,0,Benign,0
3.99e-05,0.0,0.0,1,4,Benign,0,Benign,1
1.34e-05,2.24e-08,2.79e-07,2,8,Benign,0,Benign,0
3.97e-05,0.0,0.0,1,4,Benign,0,Benign,1
6.34e-11,0.0,0.0,1,4,Malicious,1,Malicious,1
6.34e-11,0.0,0.0,1,4,Malicious,1,Malicious,1
1.27e-11,0.0,0.0,1,4,Malicious,1,Malicious,1
5.07e-11,0.0,0.0,1,4,Malicious,1,Malicious,1
1.27e-11,0.0,0.0,1,4,Malicious,1,Malicious,1
0.0,0.0,0.0,1,4,Malicious,1,Malicious,1
4.12e-08,0.0,0.0,1,8,Benign,0,Benign,0
1.9e-08,2.75e-08,1.43e-07,2,8,Benign,0,Benign,0
0.0,0.0,0.0,1,4,Malicious,1,Malicious,1
3.96e-05,0.0,0.0,1,4,Malicious,1,Malicious,1
3.8e-05,0.0,0.0,1,4,Malicious,1,Malicious,1
1.27e-11,0.0,0.0,1,4,Malicious,1,Malicious,1
5.2e-07,2.75e-08,1.43e-07,2,8,Benign,0,Benign,0
1.27e-11,0.0,0.0,1,4,Malicious,1,Malicious,1
0.0,0.0,0.0,1,4,Malicious,1,Malicious,1
1.5e-06,1.06e-06,2.35e-06,1,8,Benign,0,Benign,0
1.27e-11,0.0,0.0,1,4,Malicious,1,Malicious,1
1.27e-11,0.0,0.0,1,4,Malicious,1,Malicious,1
3.8e-05,0.0,0.0,1,4,Malicious,1,Malicious,1
3.98e-05,0.0,0.0,1,4,Malicious,1,Malicious,1
3.18e-09,0.0,0.0,1,4,Malicious,1,Malicious,1
2.53e-08,1.66e-08,1.34e-07,2,8,Benign,0,Benign,0
4.01e-05,0.0,0.0,1,4,Benign,0,Benign,1
1.27e-11,0.0,0.0,1,4,Malicious,1,Malicious,1
3.93e-05,0.0,0.0,1,4,Benign,0,Benign,1
3.07e-09,0.0,0.0,1,4,Malicious,1,Malicious,1
1.39e-05,4.3e-08,7.22e-07,1,7,Malicious,1,Malicious,1
1.27e-11,0.0,0.0,1,4,Malicious,1,Malicious,1
5.07e-11,0.0,0.0,1,4,Malicious,1,Malicious,1
3.79e-05,0.0,0.0,1,4,Malicious,1,Malicious,1
0.0,0.0,0.0,1,4,Malicious,1,Malicious,1
3.16e-09,0.0,0.0,1,4,Malicious,1,Malicious,1
3.79e-05,0.0,0.0,1,4,Malicious,1,Malicious,1
6.34e-11,0.0,0.0,1,4,Malicious,1,Malicious,1
0.0,0.0,0.0,1,4,Malicious,1,Malicious,1
6.39e-09,0.0,0.0,1,4,Malicious,1,Malicious,1
0.0,0.0,0.0,1,4,Malicious,1,Malicious,1
0.0,0.0,0.0,1,4,Malicious,1,Malicious,1
5.07e-11,0.0,0.0,1,4,Malicious,1,Malicious,1
1.27e-11,0.0,0.0,1,4,Malicious,1,Malicious,1
1.22e-07,2.75e-08,1.43e-07,2,8,Benign,0,Benign,0
6.34e-11,0.0,0.0,1,4,Malicious,1,Malicious,1
3.98e-06,9e-08,1.1e-06,1,8,Benign,0,Benign,0
6.33e-08,2.75e-08,1.43e-07,2,8,Benign,0,Benign,0
6.64e-08,5.5e-08,2.85e-07,2,8,Benign,0,Benign,0
3.8e-05,0.0,0.0,1,4,Malicious,1,Malicious,1
0.000496284,2.63e-07,1.16e-06,2,8,Benign,0,Benign,0
1.27e-11,0.0,0.0,1,4,Malicious,1,Malicious,1
3.99e-05,0.0,0.0,1,4,Malicious,1,Malicious,1
5.07e-11,0.0,0.0,1,4,Malicious,1,Malicious,1
3.23e-09,0.0,0.0,1,4,Malicious,1,Malicious,1
1.27e-11,0.0,0.0,1,4,Malicious,1,Malicious,1
4.43e-08,0.0,0.0,1,8,Benign,0,Benign,0
3.93e-05,0.0,0.0,1,4,Malicious,1,Malicious,1
4e-05,0.0,0.0,1,4,Malicious,1,Malicious,1
0.000762041,1.72e-06,0.0,2,4,Benign,0,Benign,0
3.8e-05,0.0,0.0,1,4,Malicious,1,Malicious,1
3.8e-05,0.0,0.0,1,4,Malicious,1,Malicious,1
1.27e-11,0.0,0.0,1,4,Malicious,1,Malicious,1
2.21e-08,2.75e-08,1.43e-07,2,8,Benign,0,Benign,0
1.27e-11,0.0,0.0,1,4,Malicious,1,Malicious,1
3.92e-05,0.0,0.0,1,4,Malicious,1,Malicious,1
1.27e-11,0.0,0.0,1,4,Malicious,1,Malicious,1
2.21e-08,2.75e-08,1.43e-07,2,8,Benign,0,Benign,0
3.92e-05,0.0,0.0,1,4,Malicious,1,Malicious,1
3.93e-05,0.0,0.0,1,4,Malicious,1,Malicious,1
3.8e-05,0.0,0.0,1,4,Malicious,1,Malicious,1
1.27e-11,0.0,0.0,1,4,Malicious,1,Malicious,1
9.49e-09,2.58e-08,1.34e-07,2,8,Benign,0,Benign,0
3.22e-09,0.0,0.0,1,4,Malicious,1,Malicious,1
6.34e-11,0.0,0.0,1,4,Malicious,1,Malicious,1
2.2e-08,2.75e-08,1.43e-07,2,8,Benign,0,Benign,0
3.95e-05,0.0,0.0,1,4,Malicious,1,Malicious,1
3.22e-09,0.0,0.0,1,4,Malicious,1,Malicious,1
3.8e-05,0.0,0.0,1,4,Malicious,1,Malicious,1
3.96e-05,0.0,0.0,1,4,Benign,0,Benign,1
3.44e-06,0.0,0.0,1,1,Benign,0,Benign,0
3.81e-11,0.0,0.0,1,4,Malicious,1,Malicious,1
3.13e-09,0.0,0.0,1,4,Malicious,1,Malicious,1
4e-05,0.0,0.0,1,4,Benign,0,Benign,1
1.27e-11,0.0,0.0,1,4,Malicious,1,Malicious,1
3.27e-09,0.0,0.0,1,4,Malicious,1,Malicious,1
1.27e-11,0.0,0.0,1,4,Malicious,1,Malicious,1
3.8e-05,0.0,0.0,1,4,Malicious,1,Malicious,1
1.27e-11,0.0,0.0,1,4,Malicious,1,Malicious,1
1.27e-11,0.0,0.0,1,4,Malicious,1,Malicious,1
5.18e-05,3.84e-08,6.92e-07,1,7,Benign,0,Benign,1
6.32e-09,2.58e-08,1.34e-07,2,8,Benign,0,Benign,0
3.97e-05,0.0,0.0,1,4,Benign,0,Benign,1
0.0,0.0,0.0,1,4,Malicious,1,Malicious,1
1.27e-11,0.0,0.0,1,4,Malicious,1,Malicious,1
3.8e-05,0.0,0.0,1,4,Malicious,1,Malicious,1
3.8e-05,0.0,0.0,1,4,Malicious,1,Malicious,1
3.98e-05,0.0,0.0,1,4,Benign,0,Benign,1
3.79e-05,0.0,0.0,1,4,Malicious,1,Malicious,1
3.81e-11,0.0,0.0,1,4,Malicious,1,Malicious,1
1.46e-07,2.46e-08,3.3e-07,2,8,Benign,0,Benign,0
1.78e-07,2.69e-08,3.3e-07,2,8,Benign,0,Benign,0
1.27e-11,0.0,0.0,1,4,Malicious,1,Malicious,1
1.27e-11,0.0,0.0,1,4,Malicious,1,Malicious,1
6.35e-05,4.47e-08,0.0,2,4,Benign,0,Benign,0
6.34e-08,2.75e-08,1.43e-07,2,8,Benign,0,Benign,0
1.27e-11,0.0,0.0,1,4,Malicious,1,Malicious,1
7.29e-08,2.75e-08,1.43e-07,2,8,Benign,0,Benign,0
1.27e-11,0.0,0.0,1,4,Malicious,1,Malicious,1
2.83e-08,2.75e-08,1.43e-07,2,8,Benign,0,Benign,0
6.34e-11,0.0,0.0,1,4,Malicious,1,Malicious,1
0.0,0.0,0.0,1,4,Malicious,1,Malicious,1
6.33e-09,2.58e-08,1.34e-07,2,8,Benign,0,Benign,0
1.27e-11,0.0,0.0,1,4,Malicious,1,Malicious,1
3.81e-11,0.0,0.0,1,4,Malicious,1,Malicious,1
3.8e-05,0.0,0.0,1,4,Malicious,1,Malicious,1
1.27e-11,0.0,0.0,1,4,Malicious,1,Malicious,1
1.27e-11,0.0,0.0,1,4,Malicious,1,Malicious,1
9.49e-09,2.58e-08,1.34e-07,2,8,Benign,0,Benign,0
3.8e-05,0.0,0.0,1,4,Malicious,1,Malicious,1
3.98e-05,0.0,0.0,1,4,Malicious,1,Malicious,1
3.17e-08,2.75e-08,1.43e-07,2,8,Benign,0,Benign,0
1.27e-11,0.0,0.0,1,4,Malicious,1,Malicious,1
5.07e-11,0.0,0.0,1,4,Malicious,1,Malicious,1
2.5e-09,0.0,0.0,1,4,Malicious,1,Malicious,1
0.0,0.0,0.0,1,4,Malicious,1,Malicious,1
6.11e-05,3.38e-07,5.35e-06,1,8,Malicious,1,Malicious,1
1.27e-11,0.0,0.0,1,4,Malicious,1,Malicious,1
5.19e-05,3.84e-08,6.92e-07,1,7,Benign,0,Benign,1
1.27e-11,0.0,0.0,1,4,Malicious,1,Malicious,1
3.95e-05,0.0,0.0,1,4,Malicious,1,Malicious,1
1.27e-11,0.0,0.0,1,4,Malicious,1,Malicious,1
1.65e-07,2.75e-08,1.43e-07,2,8,Benign,0,Benign,0
3.8e-05,0.0,0.0,1,4,Malicious,1,Malicious,1
3.98e-05,0.0,0.0,1,4,Benign,0,Benign,1
2.19e-08,2.75e-08,1.43e-07,2,8,Benign,0,Benign,0
2.21e-08,2.75e-08,1.43e-07,2,8,Benign,0,Benign,0
1.27e-11,0.0,0.0,1,4,Malicious,1,Malicious,1
3.98e-05,0.0,0.0,1,4,Benign,0,Benign,1
3.81e-11,0.0,0.0,1,4,Malicious,1,Malicious,1
1.27e-11,0.0,0.0,1,4,Malicious,1,Malicious,1
3.8e-05,0.0,0.0,1,4,Malicious,1,Malicious,1
1.27e-11,0.0,0.0,1,4,Malicious,1,Malicious,1
3.98e-05,0.0,0.0,1,4,Malicious,1,Malicious,1
3.81e-11,0.0,0.0,1,4,Malicious,1,Malicious,1
3.93e-05,0.0,0.0,1,4,Malicious,1,Malicious,1
1.27e-11,0.0,0.0,1,4,Malicious,1,Malicious,1
3.95e-05,0.0,0.0,1,4,Malicious,1,Malicious,1
1.27e-11,0.0,0.0,1,4,Malicious,1,Malicious,1
6.34e-11,0.0,0.0,1,4,Malicious,1,Malicious,1
2.93e-09,0.0,0.0,1,4,Malicious,1,Malicious,1
3.8e-05,0.0,0.0,1,4,Malicious,1,Malicious,1
1.27e-11,0.0,0.0,1,4,Malicious,1,Malicious,1
3.23e-09,0.0,0.0,1,4,Malicious,1,Malicious,1
2.76e-07,2.75e-08,1.43e-07,2,8,Benign,0,Benign,0
1.34e-07,2.29e-08,1.66e-07,2,8,Benign,0,Benign,0
9.42e-09,2.58e-08,1.34e-07,2,8,Benign,0,Benign,0
4e-05,0.0,0.0,1,4,Malicious,1,Malicious,1
3.93e-05,0.0,0.0,1,4,Benign,0,Benign,1
3.97e-05,0.0,0.0,1,4,Malicious,1,Malicious,1
1.27e-11,0.0,0.0,1,4,Malicious,1,Malicious,1
1.27e-11,0.0,0.0,1,4,Malicious,1,Malicious,1
1.27e-11,0.0,0.0,1,4,Malicious,1,Malicious,1
1.27e-11,0.0,0.0,1,4,Malicious,1,Malicious,1
1.27e-11,0.0,0.0,1,4,Malicious,1,Malicious,1
1.27e-11,0.0,0.0,1,4,Malicious,1,Malicious,1
3.8e-05,0.0,0.0,1,4,Malicious,1,Malicious,1
1.27e-11,0.0,0.0,1,4,Malicious,1,Malicious,1
3.92e-05,0.0,0.0,1,4,Benign,0,Benign,1
5.07e-11,0.0,0.0,1,4,Malicious,1,Malicious,1
3.8e-08,2.75e-08,1.43e-07,2,8,Benign,0,Benign,0
3.95e-05,0.0,0.0,1,4,Malicious,1,Malicious,1
1.27e-11,0.0,0.0,1,4,Malicious,1,Malicious,1
2.2e-08,2.75e-08,1.43e-07,2,8,Benign,0,Benign,0
0.0,0.0,0.0,1,4,Malicious,1,Malicious,1
1.27e-11,0.0,0.0,1,4,Malicious,1,Malicious,1
1.27e-11,0.0,0.0,1,4,Malicious,1,Malicious,1
1.27e-11,0.0,0.0,1,4,Malicious,1,Malicious,1
6.32e-09,1.66e-08,1.34e-07,2,8,Benign,0,Benign,0
1.27e-11,0.0,0.0,1,4,Malicious,1,Malicious,1
5.07e-11,0.0,0.0,1,4,Malicious,1,Malicious,1
3.95e-05,0.0,0.0,1,4,Benign,0,Benign,1
1.27e-11,0.0,0.0,1,4,Malicious,1,Malicious,1
1.27e-11,0.0,0.0,1,4,Malicious,1,Malicious,1
6.34e-11,0.0,0.0,1,4,Malicious,1,Malicious,1
5.07e-11,0.0,0.0,1,4,Malicious,1,Malicious,1
3.8e-05,0.0,0.0,1,4,Malicious,1,Malicious,1
1.29e-05,3.44e-08,3.68e-07,1,3,Malicious,1,Malicious,0
1.85e-07,2.75e-08,1.43e-07,2,8,Benign,0,Benign,0
1.27e-11,0.0,0.0,1,4,Malicious,1,Malicious,1
3.96e-05,0.0,0.0,1,4,Benign,0,Benign,1
3.96e-05,0.0,0.0,1,4,Malicious,1,Malicious,1
0.0,0.0,0.0,1,4,Malicious,1,Malicious,1
3.79e-05,0.0,0.0,1,4,Malicious,1,Malicious,1
5.39e-08,2.75e-08,1.43e-07,2,8,Benign,0,Benign,0
6.34e-05,4.47e-08,0.0,2,4,Benign,0,Benign,0
0.0,0.0,0.0,1,4,Malicious,1,Malicious,1
0.001216952,1.83e-08,0.0,1,6,Benign,0,Benign,1
3.97e-05,0.0,0.0,1,4,Benign,0,Benign,1
1.27e-11,0.0,0.0,1,4,Malicious,1,Malicious,1
3.98e-05,0.0,0.0,1,4,Benign,0,Benign,1
5.07e-11,0.0,0.0,1,4,Malicious,1,Malicious,1
3.91e-05,0.0,0.0,1,4,Malicious,1,Malicious,1
1.27e-11,0.0,0.0,1,4,Malicious,1,Malicious,1
5.07e-11,0.0,0.0,1,4,Malicious,1,Malicious,1
1.35e-05,3.84e-08,6.92e-07,1,7,Benign,0,Benign,0
5.07e-11,0.0,0.0,1,4,Malicious,1,Malicious,1
3.8e-05,0.0,0.0,1,4,Malicious,1,Malicious,1
1.27e-11,0.0,0.0,1,4,Malicious,1,Malicious,1
3.81e-11,0.0,0.0,1,4,Malicious,1,Malicious,1
6.35e-05,4.47e-08,0.0,2,4,Benign,0,Benign,0
1.27e-11,0.0,0.0,1,4,Malicious,1,Malicious,1
2.75e-09,0.0,0.0,1,4,Malicious,1,Malicious,1
0.0,0.0,0.0,1,4,Malicious,1,Malicious,1
3.8e-05,0.0,0.0,1,4,Malicious,1,Malicious,1
2.21e-08,2.75e-08,1.43e-07,2,8,Benign,0,Benign,0
6.34e-11,0.0,0.0,1,4,Malicious,1,Malicious,1
3.8e-05,0.0,0.0,1,4,Malicious,1,Malicious,1
5.07e-11,0.0,0.0,1,4,Malicious,1,Malicious,1
1.27e-11,0.0,0.0,1,4,Malicious,1,Malicious,1
3.99e-05,0.0,0.0,1,4,Malicious,1,Malicious,1
5.07e-11,0.0,0.0,1,4,Malicious,1,Malicious,1
3.92e-05,0.0,0.0,1,4,Malicious,1,Malicious,1
1.11e-07,5.5e-08,2.85e-07,2,8,Benign,0,Benign,0
6.63e-08,2.75e-08,1.43e-07,2,8,Benign,0,Benign,0
1.38e-05,4.3e-08,7.22e-07,1,7,Malicious,1,Malicious,0
3.8e-05,0.0,0.0,1,4,Malicious,1,Malicious,1
4.01e-05,0.0,0.0,1,4,Malicious,1,Malicious,1
1.27e-11,0.0,0.0,1,4,Malicious,1,Malicious,1
3.95e-05,0.0,0.0,1,4,Malicious,1,Malicious,1
1.27e-11,0.0,0.0,1,4,Malicious,1,Malicious,1
1.26e-06,2.75e-08,1.43e-07,2,8,Benign,0,Benign,0
0.0,0.0,0.0,1,4,Malicious,1,Malicious,1
4e-05,0.0,0.0,1,4,Benign,0,Benign,1
3.17e-08,2.75e-08,1.43e-07,2,8,Benign,0,Benign,0
3.91e-05,0.0,0.0,1,4,Benign,0,Benign,1
3.8e-05,0.0,0.0,1,4,Malicious,1,Malicious,1
1.27e-11,0.0,0.0,1,4,Malicious,1,Malicious,1
3.95e-05,0.0,0.0,1,4,Malicious,1,Malicious,1
3.81e-11,0.0,0.0,1,4,Malicious,1,Malicious,1
1.27e-11,0.0,0.0,1,4,Malicious,1,Malicious,1
3.92e-05,0.0,0.0,1,4,Benign,0,Benign,1
3.81e-11,0.0,0.0,1,4,Malicious,1,Malicious,1
1.27e-11,0.0,0.0,1,4,Malicious,1,Malicious,1
6.34e-11,0.0,0.0,1,4,Malicious,1,Malicious,1
1.27e-11,0.0,0.0,1,4,Malicious,1,Malicious,1
1.27e-11,0.0,0.0,1,4,Malicious,1,Malicious,1
1.27e-11,0.0,0.0,1,4,Malicious,1,Malicious,1
6.33e-09,1.66e-08,1.34e-07,2,8,Benign,0,Benign,0
3.95e-05,0.0,0.0,1,4,Benign,0,Benign,1
3.93e-05,0.0,0.0,1,4,Benign,0,Benign,1
3.8e-05,0.0,0.0,1,4,Malicious,1,Malicious,1
1.27e-11,0.0,0.0,1,4,Malicious,1,Malicious,1
1.9e-08,1.66e-08,1.34e-07,2,8,Benign,0,Benign,0
1.42e-09,1.38e-08,4.75e-08,0,0,Benign,0,Benign,0
3.81e-11,0.0,0.0,1,4,Malicious,1,Malicious,1
0.0,0.0,0.0,1,4,Malicious,1,Malicious,1
3.8e-05,0.0,0.0,1,4,Malicious,1,Malicious,1
6.35e-05,4.47e-08,0.0,2,4,Benign,0,Benign,0
1.27e-11,0.0,0.0,1,4,Malicious,1,Malicious,1
1.27e-11,0.0,0.0,1,4,Malicious,1,Malicious,1
1.27e-11,0.0,0.0,1,4,Malicious,1,Malicious,1
5.7e-08,2.75e-08,1.43e-07,2,8,Benign,0,Benign,0
8.68e-07,2.24e-08,3.06e-07,2,8,Benign,0,Benign,0
1.27e-11,0.0,0.0,1,4,Malicious,1,Malicious,1
3.44e-06,0.0,0.0,1,1,Benign,0,Benign,0
3.8e-05,0.0,0.0,1,4,Malicious,1,Malicious,1
6.34e-11,0.0,0.0,1,4,Malicious,1,Malicious,1
2.22e-08,2.75e-08,1.43e-07,2,8,Benign,0,Benign,0
6.38e-09,0.0,0.0,1,4,Malicious,1,Malicious,1
1.27e-11,0.0,0.0,1,4,Malicious,1,Malicious,1
1.27e-11,0.0,0.0,1,4,Malicious,1,Malicious,1
3.99e-05,0.0,0.0,1,4,Malicious,1,Malicious,1
3.99e-05,0.0,0.0,1,4,Malicious,1,Malicious,1
5.07e-11,0.0,0.0,1,4,Malicious,1,Malicious,1
1.27e-11,0.0,0.0,1,4,Malicious,1,Malicious,1
5.07e-11,0.0,0.0,1,4,Malicious,1,Malicious,1
6.3e-09,1.66e-08,1.34e-07,2,8,Benign,0,Benign,0
3.8e-05,0.0,0.0,1,4,Malicious,1,Malicious,1
6.34e-11,0.0,0.0,1,4,Malicious,1,Malicious,1
1.27e-11,0.0,0.0,1,4,Malicious,1,Malicious,1
3.81e-11,0.0,0.0,1,4,Malicious,1,Malicious,1
1.01e-10,0.0,0.0,1,4,Malicious,1,Malicious,1
5.07e-11,0.0,0.0,1,4,Malicious,1,Malicious,1
1.72e-07,2.29e-08,1.66e-07,2,8,Benign,0,Benign,0
1.27e-11,0.0,0.0,1,4,Malicious,1,Malicious,1
0.0,0.0,0.0,1,4,Malicious,1,Malicious,1
3.13e-07,2.46e-08,3.3e-07,2,8,Benign,0,Benign,0
1.27e-11,0.0,0.0,1,4,Malicious,1,Malicious,1
3.99e-05,0.0,0.0,1,4,Malicious,1,Malicious,1
1.27e-11,0.0,0.0,1,4,Malicious,1,Malicious,1
4.01e-05,0.0,0.0,1,4,Malicious,1,Malicious,1
1.65e-10,0.0,0.0,1,4,Malicious,1,Malicious,1
6.02e-08,2.75e-08,1.43e-07,2,8,Benign,0,Benign,0
3.81e-11,0.0,0.0,1,4,Malicious,1,Malicious,1
6.41e-09,0.0,0.0,1,4,Malicious,1,Malicious,1
1.14e-10,0.0,0.0,1,4,Malicious,1,Malicious,1
4e-05,0.0,0.0,1,4,Benign,0,Benign,1
3.95e-05,0.0,0.0,1,4,Benign,0,Benign,1
0.0,0.0,0.0,1,4,Malicious,1,Malicious,1
0.0,0.0,0.0,1,4,Malicious,1,Malicious,1
4.01e-05,0.0,0.0,1,4,Malicious,1,Malicious,1
1.9e-08,2.75e-08,1.43e-07,2,8,Benign,0,Benign,0
3.8e-05,0.0,0.0,1,4,Malicious,1,Malicious,1
3.91e-05,0.0,0.0,1,4,Malicious,1,Malicious,1
1.27e-11,0.0,0.0,1,4,Malicious,1,Malicious,1
2.54e-11,5.5e-08,0.0,2,4,Benign,0,Benign,0
3.22e-09,0.0,0.0,1,4,Malicious,1,Malicious,1
1.27e-11,0.0,0.0,1,4,Malicious,1,Malicious,1
1.27e-11,0.0,0.0,1,4,Malicious,1,Malicious,1
1.27e-11,0.0,0.0,1,4,Malicious,1,Malicious,1
3.23e-09,0.0,0.0,1,4,Malicious,1,Malicious,1
3.8e-07,2.75e-08,1.43e-07,2,8,Benign,0,Benign,0
6.32e-09,1.66e-08,1.34e-07,2,8,Benign,0,Benign,0
3.8e-05,0.0,0.0,1,4,Malicious,1,Malicious,1
6.3e-09,1.66e-08,1.34e-07,2,8,Benign,0,Benign,0
3.22e-09,0.0,0.0,1,4,Malicious,1,Malicious,1
1.27e-11,0.0,0.0,1,4,Malicious,1,Malicious,1
1.27e-11,0.0,0.0,1,4,Malicious,1,Malicious,1
1.27e-11,0.0,0.0,1,4,Malicious,1,Malicious,1
3.96e-05,0.0,0.0,1,4,Benign,0,Benign,1
3.23e-09,0.0,0.0,1,4,Malicious,1,Malicious,1
6.23e-09,2.58e-08,1.34e-07,2,8,Benign,0,Benign,0
1.27e-11,0.0,0.0,1,4,Malicious,1,Malicious,1
1.27e-11,0.0,0.0,1,4,Malicious,1,Malicious,1
1.18e-06,0.0,0.0,1,1,Malicious,1,Malicious,1
3.99e-05,0.0,0.0,1,4,Malicious,1,Malicious,1
1.01e-10,0.0,0.0,1,4,Malicious,1,Malicious,1
0.0,0.0,0.0,1,4,Malicious,1,Malicious,1
1.27e-11,0.0,0.0,1,4,Malicious,1,Malicious,1
2.2e-08,2.75e-08,1.43e-07,2,8,Benign,0,Benign,0
5.07e-11,0.0,0.0,1,4,Malicious,1,Malicious,1
1.27e-11,0.0,0.0,1,4,Malicious,1,Malicious,1
5.07e-11,0.0,0.0,1,4,Malicious,1,Malicious,1
1.27e-11,0.0,0.0,1,4,Malicious,1,Malicious,1
1.27e-11,0.0,0.0,1,4,Malicious,1,Malicious,1
0.0,0.0,0.0,1,4,Malicious,1,Malicious,1
3.91e-05,0.0,0.0,1,4,Benign,0,Benign,1
1.64e-05,3.84e-08,6.92e-07,1,7,Benign,0,Benign,1
0.0,0.0,0.0,1,4,Malicious,1,Malicious,1
6.34e-11,0.0,0.0,1,4,Malicious,1,Malicious,1
3.97e-05,0.0,0.0,1,4,Benign,0,Benign,1
3.79e-05,0.0,0.0,1,4,Malicious,1,Malicious,1
6.34e-11,0.0,0.0,1,4,Malicious,1,Malicious,1
3.8e-05,0.0,0.0,1,4,Malicious,1,Malicious,1
1.4e-10,0.0,0.0,1,4,Malicious,1,Malicious,1
3.15e-06,0.0,0.0,1,8,Benign,0,Benign,0
3.93e-05,0.0,0.0,1,4,Malicious,1,Malicious,1
1.27e-11,0.0,0.0,1,4,Malicious,1,Malicious,1
2.65e-09,0.0,0.0,1,4,Malicious,1,Malicious,1
1.27e-11,0.0,0.0,1,4,Malicious,1,Malicious,1
3.97e-05,0.0,0.0,1,4,Benign,0,Benign,1
3.92e-05,0.0,0.0,1,4,Malicious,1,Malicious,1
1.27e-11,0.0,0.0,1,4,Malicious,1,Malicious,1
3.8e-05,0.0,0.0,1,4,Malicious,1,Malicious,1
1.27e-11,0.0,0.0,1,4,Malicious,1,Malicious,1
6.35e-05,4.47e-08,0.0,2,4,Benign,0,Benign,0
3.8e-05,0.0,0.0,1,4,Malicious,1,Malicious,1
3.8e-05,0.0,0.0,1,4,Malicious,1,Malicious,1
3.99e-05,0.0,0.0,1,4,Malicious,1,Malicious,1
3.99e-05,0.0,0.0,1,4,Malicious,1,Malicious,1
5.07e-11,0.0,0.0,1,4,Malicious,1,Malicious,1
0.000575147,9.74e-08,0.0,2,4,Benign,0,Benign,0
4e-05,0.0,0.0,1,4,Benign,0,Benign,1
1.27e-11,0.0,0.0,1,4,Malicious,1,Malicious,1
1.9e-08,2.75e-08,1.43e-07,2,8,Benign,0,Benign,0
1.27e-11,0.0,0.0,1,4,Malicious,1,Malicious,1
3.97e-05,0.0,0.0,1,4,Benign,0,Benign,1
3.91e-05,0.0,0.0,1,4,Malicious,1,Malicious,1
1.27e-11,0.0,0.0,1,4,Malicious,1,Malicious,1
6.35e-05,4.47e-08,0.0,2,4,Benign,0,Benign,0
3.91e-05,0.0,0.0,1,4,Malicious,1,Malicious,1
1.27e-11,0.0,0.0,1,4,Malicious,1,Malicious,1
1.27e-11,0.0,0.0,1,4,Malicious,1,Malicious,1
3.81e-05,0.0,0.0,1,4,Malicious,1,Malicious,1
3.95e-05,0.0,0.0,1,4,Malicious,1,Malicious,1
3.23e-09,0.0,0.0,1,4,Malicious,1,Malicious,1
6.34e-11,0.0,0.0,1,4,Malicious,1,Malicious,1
3.15e-08,2.75e-08,1.43e-07,2,8,Benign,0,Benign,0
3.96e-05,0.0,0.0,1,4,Malicious,1,Malicious,1
3.98e-05,0.0,0.0,1,4,Malicious,1,Malicious,1
1.27e-11,0.0,0.0,1,4,Malicious,1,Malicious,1
3.94e-05,0.0,0.0,1,4,Benign,0,Benign,1
1.27e-11,0.0,0.0,1,4,Malicious,1,Malicious,1
0.0,0.0,0.0,1,4,Malicious,1,Malicious,1
5.13e-05,4.3e-08,7.22e-07,1,7,Malicious,1,Malicious,1
3.23e-09,0.0,0.0,1,4,Malicious,1,Malicious,1
1.9e-08,2.75e-08,1.43e-07,2,8,Benign,0,Benign,0
0.000126928,3.3e-07,1.71e-06,2,8,Benign,0,Benign,0
3.8e-05,0.0,0.0,1,4,Malicious,1,Malicious,1
5.07e-11,0.0,0.0,1,4,Malicious,1,Malicious,1
1.27e-11,0.0,0.0,1,4,Malicious,1,Malicious,1
6.34e-11,0.0,0.0,1,4,Malicious,1,Malicious,1
3.22e-09,0.0,0.0,1,4,Malicious,1,Malicious,1
3.99e-05,0.0,0.0,1,4,Malicious,1,Malicious,1
2.21e-08,2.75e-08,1.43e-07,2,8,Benign,0,Benign,0
1.9e-08,1.66e-08,1.34e-07,2,8,Benign,0,Benign,0
3.48e-08,2.75e-08,1.43e-07,2,8,Benign,0,Benign,0
1.52e-07,2.75e-08,1.43e-07,2,8,Benign,0,Benign,0
1.27e-11,0.0,0.0,1,4,Malicious,1,Malicious,1
3.16e-09,0.0,0.0,1,4,Malicious,1,Malicious,1
5.07e-11,0.0,0.0,1,4,Malicious,1,Malicious,1
1.27e-11,0.0,0.0,1,4,Malicious,1,Malicious,1
6.34e-11,0.0,0.0,1,4,Malicious,1,Malicious,1
1.27e-11,0.0,0.0,1,4,Malicious,1,Malicious,1
1.27e-11,0.0,0.0,1,4,Malicious,1,Malicious,1
1.27e-11,0.0,0.0,1,4,Malicious,1,Malicious,1
3.13e-09,0.0,0.0,1,4,Malicious,1,Malicious,1
1.27e-11,0.0,0.0,1,4,Malicious,1,Malicious,1
1.27e-11,0.0,0.0,1,4,Malicious,1,Malicious,1
5.07e-11,0.0,0.0,1,4,Malicious,1,Malicious,1
1.27e-11,0.0,0.0,1,4,Malicious,1,Malicious,1
4e-05,0.0,0.0,1,4,Benign,0,Benign,1
3.99e-05,0.0,0.0,1,4,Malicious,1,Malicious,1
1.27e-11,0.0,0.0,1,4,Malicious,1,Malicious,1
1.27e-11,0.0,0.0,1,4,Malicious,1,Malicious,1
3.8e-05,0.0,0.0,1,4,Malicious,1,Malicious,1
3.8e-05,0.0,0.0,1,4,Malicious,1,Malicious,1
6.23e-05,3.38e-07,5.35e-06,1,8,Malicious,1,Malicious,1
2.09e-06,5.9e-08,1.45e-06,2,8,Benign,0,Benign,0
0.000481975,1.82e-07,0.0,2,4,Benign,0,Benign,0
9.81e-08,2.75e-08,1.43e-07,2,8,Benign,0,Benign,0
1.27e-11,0.0,0.0,1,4,Malicious,1,Malicious,1
1.39e-05,3.84e-08,6.92e-07,1,7,Benign,0,Benign,1
1.27e-11,0.0,0.0,1,4,Malicious,1,Malicious,1
3.81e-11,0.0,0.0,1,4,Malicious,1,Malicious,1
0.0,0.0,0.0,1,4,Malicious,1,Malicious,1
3.22e-09,0.0,0.0,1,4,Malicious,1,Malicious,1
1.27e-11,0.0,0.0,1,4,Malicious,1,Malicious,1
3.99e-05,0.0,0.0,1,4,Malicious,1,Malicious,1
3.21e-09,0.0,0.0,1,4,Malicious,1,Malicious,1
6.35e-05,4.47e-08,0.0,2,4,Benign,0,Benign,0
5.07e-11,0.0,0.0,1,4,Malicious,1,Malicious,1
1.27e-11,0.0,0.0,1,4,Malicious,1,Malicious,1
1.27e-11,0.0,0.0,1,4,Malicious,1,Malicious,1
2.53e-06,2.75e-08,1.43e-07,2,8,Benign,0,Benign,0
3.94e-05,0.0,0.0,1,4,Benign,0,Benign,1
1.43e-07,1.66e-08,1.34e-07,2,8,Benign,0,Benign,0
3.8e-05,0.0,0.0,1,4,Malicious,1,Malicious,1
7.29e-08,2.75e-08,1.43e-07,2,8,Benign,0,Benign,0
1.27e-11,0.0,0.0,1,4,Malicious,1,Malicious,1
0.0,0.0,0.0,1,4,Malicious,1,Malicious,1
9.49e-09,2.24e-08,1.16e-07,2,8,Benign,0,Benign,0
1.27e-11,0.0,0.0,1,4,Malicious,1,Malicious,1
1.27e-11,0.0,0.0,1,4,Malicious,1,Malicious,1
9.52e-08,5.5e-08,2.85e-07,2,8,Benign,0,Benign,0
1.29e-07,2.29e-08,1.66e-07,2,8,Benign,0,Benign,0
1.27e-11,0.0,0.0,1,4,Malicious,1,Malicious,1
4e-05,0.0,0.0,1,4,Benign,0,Benign,1
1.27e-11,0.0,0.0,1,4,Malicious,1,Malicious,1
3.92e-05,0.0,0.0,1,4,Malicious,1,Malicious,1
6.34e-11,0.0,0.0,1,4,Malicious,1,Malicious,1
6.34e-11,0.0,0.0,1,4,Malicious,1,Malicious,1
3.8e-05,0.0,0.0,1,4,Malicious,1,Malicious,1
3.92e-05,0.0,0.0,1,4,Malicious,1,Malicious,1
6.25e-09,1.66e-08,1.34e-07,2,8,Benign,0,Benign,0
1.27e-11,0.0,0.0,1,4,Malicious,1,Malicious,1
1.35e-05,3.84e-08,6.92e-07,1,7,Benign,0,Benign,0
2.64e-05,3.78e-08,6.89e-07,1,7,Benign,0,Benign,1
3.93e-05,0.0,0.0,1,4,Benign,0,Benign,1
3.8e-05,0.0,0.0,1,4,Malicious,1,Malicious,1
2.56e-09,0.0,0.0,1,4,Malicious,1,Malicious,1
4e-05,0.0,0.0,1,4,Malicious,1,Malicious,1
3.91e-05,0.0,0.0,1,4,Malicious,1,Malicious,1
4e-05,0.0,0.0,1,4,Benign,0,Benign,1
3.99e-05,0.0,0.0,1,4,Malicious,1,Malicious,1
6.34e-11,0.0,0.0,1,4,Malicious,1,Malicious,1
1.88e-08,2.75e-08,1.43e-07,2,8,Benign,0,Benign,0
1.27e-11,0.0,0.0,1,4,Malicious,1,Malicious,1
6.34e-11,0.0,0.0,1,4,Malicious,1,Malicious,1
1.27e-11,0.0,0.0,1,4,Malicious,1,Malicious,1
6.34e-11,0.0,0.0,1,4,Malicious,1,Malicious,1
3.99e-05,0.0,0.0,1,4,Malicious,1,Malicious,1
3.98e-05,0.0,0.0,1,4,Benign,0,Benign,1
0.0,0.0,0.0,1,4,Malicious,1,Malicious,1
4e-05,0.0,0.0,1,4,Malicious,1,Malicious,1
3.96e-05,0.0,0.0,1,4,Benign,0,Benign,1
1.18e-05,4.3e-08,7.22e-07,1,7,Malicious,1,Malicious,1
1.37e-06,2.58e-08,1.34e-07,2,8,Benign,0,Benign,0
3.22e-09,0.0,0.0,1,4,Malicious,1,Malicious,1
1.35e-05,3.84e-08,6.92e-07,1,7,Benign,0,Benign,0
3.91e-05,0.0,0.0,1,4,Malicious,1,Malicious,1
3.91e-05,0.0,0.0,1,4,Malicious,1,Malicious,1
6.34e-11,0.0,0.0,1,4,Malicious,1,Malicious,1
3.96e-05,0.0,0.0,1,4,Benign,0,Benign,1
5.85e-05,3.38e-07,5.35e-06,1,8,Malicious,1,Malicious,1
5.19e-05,4.3e-08,7.22e-07,1,7,Malicious,1,Malicious,1
1.18e-06,0.0,0.0,1,1,Malicious,1,Malicious,1
1.27e-11,0.0,0.0,1,4,Malicious,1,Malicious,1
3.8e-05,0.0,0.0,1,4,Malicious,1,Malicious,1
5.07e-11,0.0,0.0,1,4,Malicious,1,Malicious,1
1.27e-11,0.0,0.0,1,4,Malicious,1,Malicious,1
3.8e-05,0.0,0.0,1,4,Malicious,1,Malicious,1
1.27e-11,0.0,0.0,1,4,Malicious,1,Malicious,1
3.92e-05,0.0,0.0,1,4,Malicious,1,Malicious,1
3.93e-05,0.0,0.0,1,4,Benign,0,Benign,1
1.27e-11,0.0,0.0,1,4,Malicious,1,Malicious,1
1.15e-06,2.75e-08,1.43e-07,2,8,Benign,0,Benign,0
6.34e-11,0.0,0.0,1,4,Malicious,1,Malicious,1
6.34e-09,2.12e-08,3.92e-07,2,8,Benign,0,Benign,0
4.01e-05,0.0,0.0,1,4,Malicious,1,Malicious,1
0.0,0.0,0.0,1,4,Malicious,1,Malicious,1
3.91e-05,0.0,0.0,1,4,Benign,0,Benign,1
9.58e-09,0.0,0.0,1,4,Malicious,1,Malicious,1
3.8e-05,0.0,0.0,1,4,Malicious,1,Malicious,1
5.89e-07,2.75e-08,1.43e-07,2,8,Benign,0,Benign,0
4.01e-05,0.0,0.0,1,4,Benign,0,Benign,1
3.91e-05,0.0,0.0,1,4,Benign,0,Benign,1
1.27e-11,0.0,0.0,1,4,Malicious,1,Malicious,1
1.9e-08,2.75e-08,1.43e-07,2,8,Benign,0,Benign,0
6.02e-08,2.75e-08,1.43e-07,2,8,Benign,0,Benign,0
3.23e-09,0.0,0.0,1,4,Malicious,1,Malicious,1
3.93e-05,0.0,0.0,1,4,Malicious,1,Malicious,1
1.87e-07,2.75e-08,1.43e-07,2,8,Benign,0,Benign,0
0.0,0.0,0.0,1,4,Malicious,1,Malicious,1
3.92e-05,0.0,0.0,1,4,Malicious,1,Malicious,1
3.91e-05,0.0,0.0,1,4,Malicious,1,Malicious,1
3.99e-05,0.0,0.0,1,4,Benign,0,Benign,1
1.27e-11,0.0,0.0,1,4,Malicious,1,Malicious,1
3.92e-05,0.0,0.0,1,4,Malicious,1,Malicious,1
1.27e-11,0.0,0.0,1,4,Malicious,1,Malicious,1
1.27e-11,0.0,0.0,1,4,Malicious,1,Malicious,1
0.000240124,1.22e-07,0.0,2,4,Benign,0,Benign,0
3.92e-05,0.0,0.0,1,4,Malicious,1,Malicious,1
9.49e-09,1.66e-08,1.34e-07,2,8,Benign,0,Benign,0
2.49e-06,1.95e-08,8.83e-07,2,8,Benign,0,Benign,0
3.96e-05,0.0,0.0,1,4,Malicious,1,Malicious,1
3.46e-08,2.75e-08,1.43e-07,2,8,Benign,0,Benign,0
3.97e-05,0.0,0.0,1,4,Malicious,1,Malicious,1
6.34e-11,0.0,0.0,1,4,Malicious,1,Malicious,1
1.27e-11,0.0,0.0,1,4,Malicious,1,Malicious,1
1.27e-11,0.0,0.0,1,4,Malicious,1,Malicious,1
1.27e-11,0.0,0.0,1,4,Malicious,1,Malicious,1
3.8e-05,0.0,0.0,1,4,Malicious,1,Malicious,1
1.27e-11,0.0,0.0,1,4,Malicious,1,Malicious,1
0.0,0.0,0.0,1,4,Malicious,1,Malicious,1
2.64e-05,4.3e-08,7.22e-07,1,7,Malicious,1,Malicious,1
1.27e-11,0.0,0.0,1,4,Malicious,1,Malicious,1
4e-05,0.0,0.0,1,4,Malicious,1,Malicious,1
3.8e-05,0.0,0.0,1,4,Malicious,1,Malicious,1
3.97e-05,0.0,0.0,1,4,Malicious,1,Malicious,1
1.27e-11,0.0,0.0,1,4,Malicious,1,Malicious,1
0.0,0.0,0.0,1,4,Malicious,1,Malicious,1
0.00075399,1.72e-06,0.0,2,4,Benign,0,Benign,0
0.0,0.0,0.0,1,4,Malicious,1,Malicious,1
1.27e-11,0.0,0.0,1,4,Malicious,1,Malicious,1
3.94e-05,0.0,0.0,1,4,Malicious,1,Malicious,1
3.93e-05,0.0,0.0,1,4,Malicious,1,Malicious,1
9.44e-09,1.66e-08,1.34e-07,2,8,Benign,0,Benign,0
1.27e-11,0.0,0.0,1,4,Malicious,1,Malicious,1
1.27e-11,0.0,0.0,1,4,Malicious,1,Malicious,1
5.39e-07,2.75e-08,1.43e-07,2,8,Benign,0,Benign,0
1.27e-11,0.0,0.0,1,4,Malicious,1,Malicious,1
1.27e-11,0.0,0.0,1,4,Malicious,1,Malicious,1
4.01e-05,0.0,0.0,1,4,Benign,0,Benign,1
3.16e-08,2.75e-08,1.43e-07,2,8,Benign,0,Benign,0
1.29e-05,3.44e-08,3.68e-07,1,3,Malicious,1,Malicious,0
6.96e-08,2.75e-08,1.43e-07,2,8,Benign,0,Benign,0
1.27e-11,0.0,0.0,1,4,Malicious,1,Malicious,1
0.0,0.0,0.0,1,4,Malicious,1,Malicious,1
1.27e-11,0.0,0.0,1,4,Malicious,1,Malicious,1
1.27e-11,0.0,0.0,1,4,Malicious,1,Malicious,1
3.8e-05,0.0,0.0,1,4,Malicious,1,Malicious,1
6.02e-08,2.75e-08,1.43e-07,2,8,Benign,0,Benign,0
1.27e-11,0.0,0.0,1,4,Malicious,1,Malicious,1
0.0,0.0,0.0,1,4,Malicious,1,Malicious,1
6.39e-09,0.0,0.0,1,4,Malicious,1,Malicious,1
3.95e-05,0.0,0.0,1,4,Benign,0,Benign,1
1.27e-11,0.0,0.0,1,4,Malicious,1,Malicious,1
3.22e-09,0.0,0.0,1,4,Malicious,1,Malicious,1
5.07e-11,0.0,0.0,1,4,Malicious,1,Malicious,1
2.21e-08,2.75e-08,1.43e-07,2,8,Benign,0,Benign,0
1.27e-11,0.0,0.0,1,4,Malicious,1,Malicious,1
1.27e-11,0.0,0.0,1,4,Malicious,1,Malicious,1
1.27e-11,0.0,0.0,1,4,Malicious,1,Malicious,1
3.97e-05,0.0,0.0,1,4,Benign,0,Benign,1
3.94e-05,0.0,0.0,1,4,Malicious,1,Malicious,1
6.34e-11,0.0,0.0,1,4,Malicious,1,Malicious,1
1.27e-11,0.0,0.0,1,4,Malicious,1,Malicious,1
3.8e-05,0.0,0.0,1,4,Malicious,1,Malicious,1
3.81e-11,0.0,0.0,1,4,Malicious,1,Malicious,1
3.8e-05,0.0,0.0,1,4,Malicious,1,Malicious,1
3.8e-05,0.0,0.0,1,4,Malicious,1,Malicious,1
3.97e-05,0.0,0.0,1,4,Malicious,1,Malicious,1
3.93e-05,0.0,0.0,1,4,Malicious,1,Malicious,1
1.27e-11,0.0,0.0,1,4,Malicious,1,Malicious,1
3.95e-05,0.0,0.0,1,4,Benign,0,Benign,1
4.43e-08,0.0,0.0,1,8,Benign,0,Benign,0
1.27e-11,0.0,0.0,1,4,Malicious,1,Malicious,1
5.7e-08,2.75e-08,1.43e-07,2,8,Benign,0,Benign,0
3.97e-05,0.0,0.0,1,4,Malicious,1,Malicious,1
1.27e-11,0.0,0.0,1,4,Malicious,1,Malicious,1
1.27e-11,0.0,0.0,1,4,Malicious,1,Malicious,1
1.27e-11,0.0,0.0,1,4,Malicious,1,Malicious,1
6.34e-11,0.0,0.0,1,4,Malicious,1,Malicious,1
9.63e-09,0.0,0.0,1,4,Malicious,1,Malicious,1
1.27e-11,0.0,0.0,1,4,Malicious,1,Malicious,1
3.91e-05,0.0,0.0,1,4,Malicious,1,Malicious,1
1.27e-11,0.0,0.0,1,4,Malicious,1,Malicious,1
1.27e-11,0.0,0.0,1,4,Malicious,1,Malicious,1
4.11e-08,1.66e-08,1.34e-07,2,8,Benign,0,Benign,0
5.07e-11,0.0,0.0,1,4,Malicious,1,Malicious,1
3.96e-05,0.0,0.0,1,4,Malicious,1,Malicious,1
1.27e-11,0.0,0.0,1,4,Malicious,1,Malicious,1
1.27e-11,0.0,0.0,1,4,Malicious,1,Malicious,1
2.21e-08,2.75e-08,1.43e-07,2,8,Benign,0,Benign,0
1.31e-05,3.44e-08,3.68e-07,1,3,Malicious,1,Malicious,0
3.8e-05,0.0,0.0,1,4,Malicious,1,Malicious,1
1.27e-11,0.0,0.0,1,4,Malicious,1,Malicious,1
3.81e-11,0.0,0.0,1,4,Malicious,1,Malicious,1
3.99e-05,0.0,0.0,1,4,Malicious,1,Malicious,1
1.27e-11,0.0,0.0,1,4,Malicious,1,Malicious,1
5.07e-11,0.0,0.0,1,4,Malicious,1,Malicious,1
3.96e-05,0.0,0.0,1,4,Malicious,1,Malicious,1
2.52e-08,2.75e-08,1.43e-07,2,8,Benign,0,Benign,0
3.8e-05,0.0,0.0,1,4,Malicious,1,Malicious,1
5.07e-11,0.0,0.0,1,4,Malicious,1,Malicious,1
0.000126706,1.65e-07,8.56e-07,2,8,Benign,0,Benign,0
3.8e-05,0.0,0.0,1,4,Malicious,1,Malicious,1
3.99e-05,0.0,0.0,1,4,Malicious,1,Malicious,1
3.97e-05,0.0,0.0,1,4,Malicious,1,Malicious,1
3.8e-08,2.75e-08,1.43e-07,2,8,Benign,0,Benign,0
3.12e-09,0.0,0.0,1,4,Malicious,1,Malicious,1
1.27e-11,0.0,0.0,1,4,Malicious,1,Malicious,1
2.22e-08,2.75e-08,1.43e-07,2,8,Benign,0,Benign,0
1.27e-11,0.0,0.0,1,4,Malicious,1,Malicious,1
3.81e-11,0.0,0.0,1,4,Malicious,1,Malicious,1
1.44e-07,2.64e-08,1.84e-07,2,8,Benign,0,Benign,0
2.56e-05,2.98e-08,3.68e-07,1,3,Benign,0,Benign,0
1.38e-05,4.24e-08,7.19e-07,1,7,Malicious,1,Malicious,0
1.27e-11,0.0,0.0,1,4,Malicious,1,Malicious,1
1.27e-11,0.0,0.0,1,4,Malicious,1,Malicious,1
0.003806753,1.67e-07,2.3e-06,1,8,Benign,0,Benign,0
2.85e-09,0.0,0.0,1,4,Malicious,1,Malicious,1
3.8e-05,0.0,0.0,1,4,Malicious,1,Malicious,1
8.93e-07,2.75e-08,1.43e-07,2,8,Benign,0,Benign,0
1.46e-08,1.03e-07,0.0,0,0,Benign,0,Benign,0
3.97e-05,0.0,0.0,1,4,Malicious,1,Malicious,1
3.8e-05,0.0,0.0,1,4,Malicious,1,Malicious,1
3.22e-09,0.0,0.0,1,4,Malicious,1,Malicious,1
3.12e-09,0.0,0.0,1,4,Malicious,1,Malicious,1
0.000416544,3.55e-08,7.73e-07,1,7,Malicious,1,Malicious,1
3.8e-05,0.0,0.0,1,4,Malicious,1,Malicious,1
3.92e-05,0.0,0.0,1,4,Benign,0,Benign,1
3.97e-05,0.0,0.0,1,4,Malicious,1,Malicious,1
1.27e-11,0.0,0.0,1,4,Malicious,1,Malicious,1
1.27e-11,0.0,0.0,1,4,Malicious,1,Malicious,1
3.8e-05,0.0,0.0,1,4,Malicious,1,Malicious,1
3.93e-05,0.0,0.0,1,4,Benign,0,Benign,1
5.7e-08,5.5e-08,2.85e-07,2,8,Benign,0,Benign,0
1.27e-11,0.0,0.0,1,4,Malicious,1,Malicious,1
3.8e-05,0.0,0.0,1,4,Malicious,1,Malicious,1
0.0,0.0,0.0,1,4,Malicious,1,Malicious,1
5.07e-11,0.0,0.0,1,4,Malicious,1,Malicious,1
4.01e-05,0.0,0.0,1,4,Malicious,1,Malicious,1
9.42e-09,2.58e-08,1.34e-07,2,8,Benign,0,Benign,0
3.96e-05,0.0,0.0,1,4,Benign,0,Benign,1
1.58e-07,2.75e-08,1.43e-07,2,8,Benign,0,Benign,0
6.34e-11,0.0,0.0,1,4,Malicious,1,Malicious,1
1.27e-11,0.0,0.0,1,4,Malicious,1,Malicious,1
2.68e-05,4.3e-08,7.22e-07,1,7,Malicious,1,Malicious,1
1.01e-10,0.0,0.0,1,4,Malicious,1,Malicious,1
3.8e-05,0.0,0.0,1,4,Malicious,1,Malicious,1
1.27e-11,0.0,0.0,1,4,Malicious,1,Malicious,1
1.27e-11,0.0,0.0,1,4,Malicious,1,Malicious,1
2.65e-05,4.3e-08,7.22e-07,1,7,Malicious,1,Malicious,1
1.27e-11,0.0,0.0,1,4,Malicious,1,Malicious,1
3.8e-05,0.0,0.0,1,4,Malicious,1,Malicious,1
3.2e-09,0.0,0.0,1,4,Malicious,1,Malicious,1
0.0,0.0,0.0,1,4,Malicious,1,Malicious,1
6.28e-07,2.75e-08,1.43e-07,2,8,Benign,0,Benign,0
3.8e-05,0.0,0.0,1,4,Malicious,1,Malicious,1
3.98e-05,0.0,0.0,1,4,Benign,0,Benign,1
6.35e-05,4.47e-08,0.0,2,4,Benign,0,Benign,0
3.98e-05,0.0,0.0,1,4,Malicious,1,Malicious,1
6.34e-11,0.0,0.0,1,4,Malicious,1,Malicious,1
6.34e-11,0.0,0.0,1,4,Malicious,1,Malicious,1
1.27e-11,0.0,0.0,1,4,Malicious,1,Malicious,1
1.27e-11,0.0,0.0,1,4,Malicious,1,Malicious,1
3.93e-05,0.0,0.0,1,4,Benign,0,Benign,1
3.79e-05,0.0,0.0,1,4,Malicious,1,Malicious,1
3.8e-05,0.0,0.0,1,4,Malicious,1,Malicious,1
0.0,0.0,0.0,1,4,Malicious,1,Malicious,1
3.8e-05,0.0,0.0,1,4,Malicious,1,Malicious,1
6.65e-08,2.75e-08,1.43e-07,2,8,Benign,0,Benign,0
3.92e-05,0.0,0.0,1,4,Malicious,1,Malicious,1
3.8e-05,0.0,0.0,1,4,Malicious,1,Malicious,1
3.79e-08,2.75e-08,1.43e-07,2,8,Benign,0,Benign,0
1.27e-11,0.0,0.0,1,4,Malicious,1,Malicious,1
0.0,0.0,0.0,1,4,Malicious,1,Malicious,1
1.27e-11,0.0,0.0,1,4,Malicious,1,Malicious,1
2.88e-06,0.0,0.0,1,1,Benign,0,Benign,0
1.35e-05,3.84e-08,6.92e-07,1,7,Benign,0,Benign,0
0.0,0.0,0.0,1,4,Malicious,1,Malicious,1
3.95e-05,0.0,0.0,1,4,Benign,0,Benign,1
3.99e-05,0.0,0.0,1,4,Malicious,1,Malicious,1
1.27e-11,0.0,0.0,1,4,Malicious,1,Malicious,1
3.22e-09,0.0,0.0,1,4,Malicious,1,Malicious,1
4e-05,0.0,0.0,1,4,Malicious,1,Malicious,1
1.27e-11,0.0,0.0,1,4,Malicious,1,Malicious,1
0.0,0.0,0.0,1,4,Malicious,1,Malicious,1
0.0,0.0,0.0,1,4,Malicious,1,Malicious,1
1.01e-10,0.0,0.0,1,4,Malicious,1,Malicious,1
3.97e-05,0.0,0.0,1,4,Malicious,1,Malicious,1
6.34e-08,2.75e-08,1.43e-07,2,8,Benign,0,Benign,0
3.8e-05,0.0,0.0,1,4,Malicious,1,Malicious,1
1.27e-11,0.0,0.0,1,4,Malicious,1,Malicious,1
3.8e-05,0.0,0.0,1,4,Malicious,1,Malicious,1
6.39e-09,0.0,0.0,1,4,Malicious,1,Malicious,1
3.8e-05,0.0,0.0,1,4,Malicious,1,Malicious,1
1.27e-11,0.0,0.0,1,4,Malicious,1,Malicious,1
5.07e-11,0.0,0.0,1,4,Malicious,1,Malicious,1
6.37e-09,0.0,0.0,1,4,Malicious,1,Malicious,1
1.25e-06,2.75e-08,1.43e-07,2,8,Benign,0,Benign,0
1.27e-11,0.0,0.0,1,4,Malicious,1,Malicious,1
5.07e-11,0.0,0.0,1,4,Malicious,1,Malicious,1
3.94e-05,0.0,0.0,1,4,Benign,0,Benign,1
9.56e-09,0.0,0.0,1,4,Malicious,1,Malicious,1
1.27e-11,0.0,0.0,1,4,Malicious,1,Malicious,1
2.85e-08,2.75e-08,1.43e-07,2,8,Benign,0,Benign,0
2.68e-05,4.3e-08,7.22e-07,1,7,Malicious,1,Malicious,1
2.63e-05,3.78e-08,6.89e-07,1,7,Benign,0,Benign,1
1.27e-11,0.0,0.0,1,4,Malicious,1,Malicious,1
1.27e-11,0.0,0.0,1,4,Malicious,1,Malicious,1
1.27e-11,0.0,0.0,1,4,Malicious,1,Malicious,1
1.27e-11,0.0,0.0,1,4,Malicious,1,Malicious,1
2.21e-08,2.75e-08,1.43e-07,2,8,Benign,0,Benign,0
1.27e-11,0.0,0.0,1,4,Malicious,1,Malicious,1
1.27e-11,0.0,0.0,1,4,Malicious,1,Malicious,1
0.0,0.0,0.0,1,4,Malicious,1,Malicious,1
3.26e-09,0.0,0.0,1,4,Malicious,1,Malicious,1
1.27e-11,0.0,0.0,1,4,Malicious,1,Malicious,1
6.34e-11,0.0,0.0,1,4,Malicious,1,Malicious,1
5.07e-11,0.0,0.0,1,4,Malicious,1,Malicious,1
0.0,0.0,0.0,1,4,Malicious,1,Malicious,1
3.96e-05,0.0,0.0,1,4,Benign,0,Benign,1
2.3e-06,0.0,0.0,1,1,Malicious,1,Malicious,0
3.98e-05,0.0,0.0,1,4,Malicious,1,Malicious,1
5.18e-05,4.18e-08,7.16e-07,1,7,Malicious,1,Malicious,1
1.27e-11,0.0,0.0,1,4,Malicious,1,Malicious,1
3.97e-05,0.0,0.0,1,4,Malicious,1,Malicious,1
1.27e-11,0.0,0.0,1,4,Malicious,1,Malicious,1
1.27e-11,0.0,0.0,1,4,Malicious,1,Malicious,1
9.46e-09,1.66e-08,1.34e-07,2,8,Benign,0,Benign,0
2.21e-08,2.75e-08,1.43e-07,2,8,Benign,0,Benign,0
6.3e-09,1.66e-08,1.34e-07,2,8,Benign,0,Benign,0
1.27e-11,0.0,0.0,1,4,Malicious,1,Malicious,1
1.52e-06,1.95e-08,8.83e-07,2,8,Benign,0,Benign,0
3.79e-05,0.0,0.0,1,4,Malicious,1,Malicious,1
3.99e-05,0.0,0.0,1,4,Malicious,1,Malicious,1
1.27e-11,0.0,0.0,1,4,Malicious,1,Malicious,1
3.22e-09,0.0,0.0,1,4,Malicious,1,Malicious,1
3.8e-05,0.0,0.0,1,4,Malicious,1,Malicious,1
6.41e-05,4.47e-08,3.06e-07,2,8,Benign,0,Benign,0
3.81e-11,0.0,0.0,1,4,Malicious,1,Malicious,1
2.85e-08,2.75e-08,1.43e-07,2,8,Benign,0,Benign,0
3.8e-05,0.0,0.0,1,4,Malicious,1,Malicious,1
3.23e-09,0.0,0.0,1,4,Malicious,1,Malicious,1
5.07e-11,0.0,0.0,1,4,Malicious,1,Malicious,1
3.96e-05,0.0,0.0,1,4,Malicious,1,Malicious,1
3.21e-09,0.0,0.0,1,4,Malicious,1,Malicious,1
3.94e-05,0.0,0.0,1,4,Malicious,1,Malicious,1
6.34e-11,0.0,0.0,1,4,Malicious,1,Malicious,1
1.27e-11,0.0,0.0,1,4,Malicious,1,Malicious,1
5.07e-11,0.0,0.0,1,4,Malicious,1,Malicious,1
4.11e-08,1.66e-08,1.34e-07,2,8,Benign,0,Benign,0
3.95e-05,0.0,0.0,1,4,Malicious,1,Malicious,1
3.11e-06,0.0,0.0,1,8,Benign,0,Benign,0
6.66e-08,5.5e-08,2.85e-07,2,8,Benign,0,Benign,0
3.22e-09,0.0,0.0,1,4,Malicious,1,Malicious,1
1.27e-11,0.0,0.0,1,4,Malicious,1,Malicious,1
3.96e-05,0.0,0.0,1,4,Benign,0,Benign,1
3.91e-05,0.0,0.0,1,4,Benign,0,Benign,1
1.27e-11,0.0,0.0,1,4,Malicious,1,Malicious,1
1.27e-11,0.0,0.0,1,4,Malicious,1,Malicious,1
1.27e-11,0.0,0.0,1,4,Malicious,1,Malicious,1
3.13e-09,0.0,0.0,1,4,Malicious,1,Malicious,1
0.0,0.0,0.0,1,4,Malicious,1,Malicious,1
3.95e-05,0.0,0.0,1,4,Benign,0,Benign,1
5.07e-11,0.0,0.0,1,4,Malicious,1,Malicious,1
3.97e-05,0.0,0.0,1,4,Benign,0,Benign,1
3.94e-05,0.0,0.0,1,4,Malicious,1,Malicious,1
1.27e-11,0.0,0.0,1,4,Malicious,1,Malicious,1
3.74e-07,4.24e-08,1.33e-06,2,8,Benign,0,Benign,0
1.27e-11,0.0,0.0,1,4,Malicious,1,Malicious,1
3.94e-05,0.0,0.0,1,4,Malicious,1,Malicious,1
4e-05,0.0,0.0,1,4,Malicious,1,Malicious,1
3.98e-05,0.0,0.0,1,4,Benign,0,Benign,1
3.8e-05,0.0,0.0,1,4,Malicious,1,Malicious,1
3.8e-05,0.0,0.0,1,4,Malicious,1,Malicious,1
1.27e-11,0.0,0.0,1,4,Malicious,1,Malicious,1
3.8e-05,0.0,0.0,1,4,Malicious,1,Malicious,1
3.96e-05,0.0,0.0,1,4,Malicious,1,Malicious,1
3.91e-05,0.0,0.0,1,4,Malicious,1,Malicious,1
3.96e-05,0.0,0.0,1,4,Benign,0,Benign,1
1.27e-11,0.0,0.0,1,4,Malicious,1,Malicious,1
1.27e-11,0.0,0.0,1,4,Malicious,1,Malicious,1
3.8e-05,0.0,0.0,1,4,Malicious,1,Malicious,1
1.27e-11,0.0,0.0,1,4,Malicious,1,Malicious,1
3.95e-05,0.0,0.0,1,4,Benign,0,Benign,1
3.22e-09,0.0,0.0,1,4,Malicious,1,Malicious,1
1.28e-08,0.0,0.0,1,4,Malicious,1,Malicious,1
0.003809521,8.37e-08,2.3e-06,1,8,Benign,0,Benign,0
6.34e-11,0.0,0.0,1,4,Malicious,1,Malicious,1
6.34e-11,0.0,0.0,1,4,Malicious,1,Malicious,1
1.89e-08,2.75e-08,1.43e-07,2,8,Benign,0,Benign,0
3.98e-05,0.0,0.0,1,4,Malicious,1,Malicious,1
3.8e-05,0.0,0.0,1,4,Malicious,1,Malicious,1
5.07e-11,0.0,0.0,1,4,Malicious,1,Malicious,1
3.91e-05,0.0,0.0,1,4,Malicious,1,Malicious,1
3.95e-05,0.0,0.0,1,4,Benign,0,Benign,1
1.27e-11,0.0,0.0,1,4,Malicious,1,Malicious,1
3.33e-07,2.75e-08,1.43e-07,2,8,Benign,0,Benign,0
4e-05,0.0,0.0,1,4,Malicious,1,Malicious,1
9.31e-09,2.58e-08,1.34e-07,2,8,Benign,0,Benign,0
3.48e-08,2.75e-08,1.43e-07,2,8,Benign,0,Benign,0
4.31e-07,2.75e-08,1.43e-07,2,8,Benign,0,Benign,0
1.27e-11,0.0,0.0,1,4,Malicious,1,Malicious,1
1.92e-07,2.75e-08,1.43e-07,2,8,Benign,0,Benign,0
3.92e-05,0.0,0.0,1,4,Malicious,1,Malicious,1
9.85e-08,2.58e-08,1.34e-07,2,8,Benign,0,Benign,0
1.27e-11,0.0,0.0,1,4,Malicious,1,Malicious,1
1.27e-11,0.0,0.0,1,4,Malicious,1,Malicious,1
1.27e-11,0.0,0.0,1,4,Malicious,1,Malicious,1
6.53e-05,4.47e-08,3.06e-07,2,8,Benign,0,Benign,0
6.34e-11,0.0,0.0,1,4,Malicious,1,Malicious,1
3.8e-05,0.0,0.0,1,4,Malicious,1,Malicious,1
3.99e-05,0.0,0.0,1,4,Malicious,1,Malicious,1
6.22e-09,2.58e-08,1.34e-07,2,8,Benign,0,Benign,0
8.23e-08,2.75e-08,1.43e-07,2,8,Benign,0,Benign,0
5.07e-11,0.0,0.0,1,4,Malicious,1,Malicious,1
9.47e-09,1.66e-08,1.34e-07,2,8,Benign,0,Benign,0
1.27e-11,0.0,0.0,1,4,Malicious,1,Malicious,1
3.91e-05,0.0,0.0,1,4,Malicious,1,Malicious,1
3.8e-05,0.0,0.0,1,4,Malicious,1,Malicious,1
1.9e-08,2.75e-08,1.43e-07,2,8,Benign,0,Benign,0
5.65e-06,0.0,0.0,1,1,Malicious,1,Malicious,0
1.27e-11,0.0,0.0,1,4,Malicious,1,Malicious,1
6.64e-08,5.5e-08,2.85e-07,2,8,Benign,0,Benign,0
3.8e-05,0.0,0.0,1,4,Malicious,1,Malicious,1
5.07e-11,0.0,0.0,1,4,Malicious,1,Malicious,1
1.27e-11,0.0,0.0,1,4,Malicious,1,Malicious,1
3.95e-05,0.0,0.0,1,4,Malicious,1,Malicious,1
1.27e-11,0.0,0.0,1,4,Malicious,1,Malicious,1
3.8e-05,0.0,0.0,1,4,Malicious,1,Malicious,1
3.96e-05,0.0,0.0,1,4,Malicious,1,Malicious,1
3.99e-05,0.0,0.0,1,4,Malicious,1,Malicious,1
0.0,0.0,0.0,1,4,Malicious,1,Malicious,1
3.93e-05,0.0,0.0,1,4,Malicious,1,Malicious,1
0.0,0.0,0.0,1,4,Malicious,1,Malicious,1
1.27e-11,0.0,0.0,1,4,Malicious,1,Malicious,1
0.0,0.0,0.0,1,4,Malicious,1,Malicious,1
3.97e-05,0.0,0.0,1,4,Benign,0,Benign,1
5.07e-11,0.0,0.0,1,4,Malicious,1,Malicious,1
6.34e-11,0.0,0.0,1,4,Malicious,1,Malicious,1
3.91e-05,0.0,0.0,1,4,Benign,0,Benign,1
2.54e-11,0.0,0.0,1,4,Malicious,1,Malicious,1
1.27e-11,0.0,0.0,1,4,Malicious,1,Malicious,1
5.07e-11,0.0,0.0,1,4,Malicious,1,Malicious,1
1.27e-11,0.0,0.0,1,4,Malicious,1,Malicious,1
3.97e-05,0.0,0.0,1,4,Malicious,1,Malicious,1
4.01e-05,0.0,0.0,1,4,Malicious,1,Malicious,1
5.07e-11,0.0,0.0,1,4,Malicious,1,Malicious,1
6.04e-05,3.38e-07,5.35e-06,1,8,Malicious,1,Malicious,1
5.07e-11,0.0,0.0,1,4,Malicious,1,Malicious,1
5.7e-08,2.75e-08,1.43e-07,2,8,Benign,0,Benign,0
2.94e-06,2.75e-08,1.43e-07,2,8,Benign,0,Benign,0
6.34e-11,0.0,0.0,1,4,Malicious,1,Malicious,1
0.000125857,1.65e-07,7.13e-07,2,8,Benign,0,Benign,0
7.26e-08,2.75e-08,1.43e-07,2,8,Benign,0,Benign,0
6.3e-09,0.0,0.0,1,4,Malicious,1,Malicious,1
6.34e-11,0.0,0.0,1,4,Malicious,1,Malicious,1
1.27e-11,0.0,0.0,1,4,Malicious,1,Malicious,1
5.07e-11,0.0,0.0,1,4,Malicious,1,Malicious,1
3.8e-05,0.0,0.0,1,4,Malicious,1,Malicious,1
5.07e-11,0.0,0.0,1,4,Malicious,1,Malicious,1
7.59e-08,2.75e-08,1.43e-07,2,8,Benign,0,Benign,0
5.07e-11,0.0,0.0,1,4,Malicious,1,Malicious,1
3.92e-05,0.0,0.0,1,4,Benign,0,Benign,1
3.94e-05,0.0,0.0,1,4,Benign,0,Benign,1
1.27e-11,0.0,0.0,1,4,Malicious,1,Malicious,1
3.93e-05,0.0,0.0,1,4,Benign,0,Benign,1
1.4e-05,3.84e-08,6.92e-07,1,7,Benign,0,Benign,1
9.5e-09,2.58e-08,1.34e-07,2,8,Benign,0,Benign,0
6.35e-05,4.47e-08,0.0,2,4,Benign,0,Benign,0
3.97e-05,0.0,0.0,1,4,Malicious,1,Malicious,1
1.27e-11,0.0,0.0,1,4,Malicious,1,Malicious,1
5.07e-11,0.0,0.0,1,4,Malicious,1,Malicious,1
9.47e-09,1.66e-08,1.34e-07,2,8,Benign,0,Benign,0
1.27e-11,0.0,0.0,1,4,Malicious,1,Malicious,1
3.81e-05,0.0,0.0,1,4,Malicious,1,Malicious,1
3.8e-05,0.0,0.0,1,4,Malicious,1,Malicious,1
6.34e-11,0.0,0.0,1,4,Malicious,1,Malicious,1
5.07e-11,0.0,0.0,1,4,Malicious,1,Malicious,1
3.8e-05,0.0,0.0,1,4,Benign,0,Benign,1
3.81e-11,0.0,0.0,1,4,Malicious,1,Malicious,1
5.07e-11,0.0,0.0,1,4,Malicious,1,Malicious,1
0.0,0.0,0.0,1,4,Malicious,1,Malicious,1
4e-05,0.0,0.0,1,4,Benign,0,Benign,1
1.17e-05,4.3e-08,7.22e-07,1,7,Malicious,1,Malicious,1
1.09e-05,4.3e-08,7.22e-07,1,7,Malicious,1,Malicious,1
3.22e-09,0.0,0.0,1,4,Malicious,1,Malicious,1
6.34e-11,0.0,0.0,1,4,Malicious,1,Malicious,1
1.27e-11,0.0,0.0,1,4,Malicious,1,Malicious,1
4e-05,0.0,0.0,1,4,Malicious,1,Malicious,1
1.27e-11,0.0,0.0,1,4,Malicious,1,Malicious,1
5.07e-11,0.0,0.0,1,4,Malicious,1,Malicious,1
9.46e-09,1.66e-08,1.34e-07,2,8,Benign,0,Benign,0
1.27e-11,0.0,0.0,1,4,Malicious,1,Malicious,1
4e-05,0.0,0.0,1,4,Benign,0,Benign,1
6.32e-09,1.66e-08,1.34e-07,2,8,Benign,0,Benign,0
3.8e-05,0.0,0.0,1,4,Malicious,1,Malicious,1
3.8e-05,0.0,0.0,1,4,Malicious,1,Malicious,1
3.79e-05,0.0,0.0,1,4,Malicious,1,Malicious,1
3.91e-05,0.0,0.0,1,4,Malicious,1,Malicious,1
0.0,0.0,0.0,1,4,Malicious,1,Malicious,1
3.93e-05,0.0,0.0,1,4,Malicious,1,Malicious,1
3.8e-05,0.0,0.0,1,4,Malicious,1,Malicious,1
3.91e-05,0.0,0.0,1,4,Malicious,1,Malicious,1
5.07e-11,0.0,0.0,1,4,Malicious,1,Malicious,1
5.07e-11,0.0,0.0,1,4,Malicious,1,Malicious,1
3.22e-09,0.0,0.0,1,4,Malicious,1,Malicious,1
1.9e-07,2.75e-08,1.43e-07,2,8,Benign,0,Benign,0
6.38e-09,0.0,0.0,1,4,Malicious,1,Malicious,1
3.91e-05,0.0,0.0,1,4,Malicious,1,Malicious,1
1.27e-11,0.0,0.0,1,4,Malicious,1,Malicious,1
4.85e-07,2.75e-08,1.43e-07,2,8,Benign,0,Benign,0
0.0,0.0,0.0,1,4,Malicious,1,Malicious,1
3.5e-06,5.9e-08,8.59e-07,2,8,Benign,0,Benign,0
1.27e-11,0.0,0.0,1,4,Malicious,1,Malicious,1
2.21e-08,2.75e-08,1.43e-07,2,8,Benign,0,Benign,0
0.0,0.0,0.0,1,4,Malicious,1,Malicious,1
5.07e-11,0.0,0.0,1,4,Malicious,1,Malicious,1
2.84e-08,2.75e-08,1.43e-07,2,8,Benign,0,Benign,0
1.27e-11,0.0,0.0,1,4,Malicious,1,Malicious,1
7.29e-08,2.75e-08,1.43e-07,2,8,Benign,0,Benign,0
1.27e-11,0.0,0.0,1,4,Malicious,1,Malicious,1
4.43e-08,1.66e-08,1.34e-07,2,8,Benign,0,Benign,0
9.82e-08,5.5e-08,2.85e-07,2,8,Benign,0,Benign,0
0.0,0.0,0.0,1,4,Malicious,1,Malicious,1
6.34e-11,0.0,0.0,1,4,Malicious,1,Malicious,1
3.47e-06,2.75e-08,1.43e-07,2,8,Benign,0,Benign,0
1.27e-11,0.0,0.0,1,4,Malicious,1,Malicious,1
8.9e-07,2.75e-08,1.43e-07,2,8,Benign,0,Benign,0
6.3e-09,1.66e-08,1.34e-07,2,8,Benign,0,Benign,0
0.0,0.0,0.0,1,4,Malicious,1,Malicious,1
1.01e-10,0.0,0.0,1,4,Malicious,1,Malicious,1
3.98e-05,0.0,0.0,1,4,Benign,0,Benign,1
1.27e-11,0.0,0.0,1,4,Malicious,1,Malicious,1
2.21e-08,2.75e-08,1.43e-07,2,8,Benign,0,Benign,0
0.000450074,3.55e-08,7.99e-07,1,7,Malicious,1,Malicious,1
6.35e-05,4.47e-08,0.0,2,4,Benign,0,Benign,0
3.8e-05,0.0,0.0,1,4,Malicious,1,Malicious,1
3.8e-05,0.0,0.0,1,4,Malicious,1,Malicious,1
2.21e-08,2.75e-08,1.43e-07,2,8,Benign,0,Benign,0
8.88e-11,0.0,0.0,1,4,Malicious,1,Malicious,1
6.34e-11,0.0,0.0,1,4,Malicious,1,Malicious,1
1.27e-11,0.0,0.0,1,4,Malicious,1,Malicious,1
3.95e-05,0.0,0.0,1,4,Malicious,1,Malicious,1
1.27e-11,0.0,0.0,1,4,Malicious,1,Malicious,1
1.27e-11,0.0,0.0,1,4,Malicious,1,Malicious,1
5.07e-11,0.0,0.0,1,4,Malicious,1,Malicious,1
6.33e-09,1.66e-08,1.34e-07,2,8,Benign,0,Benign,0
5.07e-11,0.0,0.0,1,4,Malicious,1,Malicious,1
1.27e-11,0.0,0.0,1,4,Malicious,1,Malicious,1
3.93e-05,0.0,0.0,1,4,Malicious,1,Malicious,1
6.5e-07,2.75e-08,1.43e-07,2,8,Benign,0,Benign,0
1.28e-05,4.3e-08,7.22e-07,1,7,Malicious,1,Malicious,1
0.000457253,3.55e-08,7.99e-07,1,7,Malicious,1,Malicious,1
1.27e-11,0.0,0.0,1,4,Malicious,1,Malicious,1
3.79e-05,0.0,0.0,1,4,Malicious,1,Malicious,1
4e-05,0.0,0.0,1,4,Benign,0,Benign,1
4.43e-08,1.66e-08,1.34e-07,2,8,Benign,0,Benign,0
3.22e-09,0.0,0.0,1,4,Malicious,1,Malicious,1
1.27e-11,0.0,0.0,1,4,Malicious,1,Malicious,1
3.94e-06,0.0,0.0,1,8,Benign,0,Benign,0
2.21e-08,2.75e-08,1.43e-07,2,8,Benign,0,Benign,0
0.0,0.0,0.0,1,4,Malicious,1,Malicious,1
3.99e-05,0.0,0.0,1,4,Malicious,1,Malicious,1
5.07e-11,0.0,0.0,1,4,Malicious,1,Malicious,1
6.32e-09,1.66e-08,1.34e-07,2,8,Benign,0,Benign,0
1.27e-11,0.0,0.0,1,4,Malicious,1,Malicious,1
3.81e-11,0.0,0.0,1,4,Malicious,1,Malicious,1
1.27e-11,0.0,0.0,1,4,Malicious,1,Malicious,1
7.27e-08,2.75e-08,1.43e-07,2,8,Benign,0,Benign,0
4e-05,0.0,0.0,1,4,Benign,0,Benign,1
1.27e-11,0.0,0.0,1,4,Malicious,1,Malicious,1
3.92e-05,0.0,0.0,1,4,Benign,0,Benign,1
3.73e-06,2.75e-08,1.43e-07,2,8,Benign,0,Benign,0
3.8e-05,0.0,0.0,1,4,Malicious,1,Malicious,1
3.8e-05,0.0,0.0,1,4,Malicious,1,Malicious,1
6.32e-09,1.66e-08,1.34e-07,2,8,Benign,0,Benign,0
3.97e-05,0.0,0.0,1,4,Malicious,1,Malicious,1
3.93e-07,2.75e-08,1.43e-07,2,8,Benign,0,Benign,0
3.91e-05,0.0,0.0,1,4,Malicious,1,Malicious,1
2.54e-11,0.0,0.0,1,4,Malicious,1,Malicious,1
1.27e-11,0.0,0.0,1,4,Malicious,1,Malicious,1
8.89e-05,4.61e-07,0.0,2,4,Benign,0,Benign,0
3.81e-11,5.5e-08,0.0,2,4,Benign,0,Benign,0
1.33e-07,2.75e-08,1.43e-07,2,8,Benign,0,Benign,0
5.07e-11,0.0,0.0,1,4,Malicious,1,Malicious,1
1.27e-11,0.0,0.0,1,4,Malicious,1,Malicious,1
1.27e-11,0.0,0.0,1,4,Malicious,1,Malicious,1
1.27e-11,0.0,0.0,1,4,Malicious,1,Malicious,1
1.25e-07,2.29e-08,1.66e-07,2,8,Benign,0,Benign,0
3.06e-09,0.0,0.0,1,4,Malicious,1,Malicious,1
6.34e-11,0.0,0.0,1,4,Malicious,1,Malicious,1
3.23e-09,0.0,0.0,1,4,Malicious,1,Malicious,1
1.27e-11,0.0,0.0,1,4,Malicious,1,Malicious,1
1.62e-07,2.75e-08,1.43e-07,2,8,Benign,0,Benign,0
3.8e-05,0.0,0.0,1,4,Malicious,1,Malicious,1
4.01e-05,0.0,0.0,1,4,Malicious,1,Malicious,1
1.27e-11,0.0,0.0,1,4,Malicious,1,Malicious,1
1.27e-11,0.0,0.0,1,4,Malicious,1,Malicious,1
1.27e-11,0.0,0.0,1,4,Malicious,1,Malicious,1
1.53e-05,4.24e-08,7.19e-07,1,7,Malicious,1,Malicious,1
3.8e-05,0.0,0.0,1,4,Malicious,1,Malicious,1
6.39e-09,0.0,0.0,1,4,Malicious,1,Malicious,1
6.3e-09,1.66e-08,1.34e-07,2,8,Benign,0,Benign,0
4.95e-09,1.03e-07,0.0,0,0,Benign,0,Benign,0
1.27e-11,0.0,0.0,1,4,Malicious,1,Malicious,1
1.27e-11,0.0,0.0,1,4,Malicious,1,Malicious,1
3.99e-05,0.0,0.0,1,4,Malicious,1,Malicious,1
1.27e-11,0.0,0.0,1,4,Malicious,1,Malicious,1
1.47e-06,3.04e-08,0.0,1,3,Benign,0,Benign,0
3.96e-05,0.0,0.0,1,4,Malicious,1,Malicious,1
6.38e-09,0.0,0.0,1,4,Malicious,1,Malicious,1
3.98e-05,0.0,0.0,1,4,Malicious,1,Malicious,1
9.5e-09,2.24e-08,3.06e-07,2,8,Benign,0,Benign,0
2.54e-11,0.0,0.0,1,4,Malicious,1,Malicious,1
1.27e-11,0.0,0.0,1,4,Malicious,1,Malicious,1
2.66e-05,4.3e-08,7.22e-07,1,7,Malicious,1,Malicious,1
1.27e-11,0.0,0.0,1,4,Malicious,1,Malicious,1
1.27e-11,0.0,0.0,1,4,Malicious,1,Malicious,1
3.21e-09,0.0,0.0,1,4,Malicious,1,Malicious,1
7.27e-08,2.75e-08,1.43e-07,2,8,Benign,0,Benign,0
3.92e-05,0.0,0.0,1,4,Malicious,1,Malicious,1
1.27e-11,0.0,0.0,1,4,Malicious,1,Malicious,1
3.8e-05,0.0,0.0,1,4,Malicious,1,Malicious,1
3.91e-05,0.0,0.0,1,4,Malicious,1,Malicious,1
3.8e-05,0.0,0.0,1,4,Malicious,1,Malicious,1
6.34e-11,0.0,0.0,1,4,Malicious,1,Malicious,1
1.36e-06,3.04e-08,0.0,1,3,Benign,0,Benign,0
6.34e-11,0.0,0.0,1,4,Malicious,1,Malicious,1
4.01e-05,0.0,0.0,1,4,Malicious,1,Malicious,1
1.27e-11,0.0,0.0,1,4,Malicious,1,Malicious,1
3.94e-05,0.0,0.0,1,4,Benign,0,Benign,1
1.27e-11,0.0,0.0,1,4,Malicious,1,Malicious,1
6.34e-11,0.0,0.0,1,4,Malicious,1,Malicious,1
5.07e-11,0.0,0.0,1,4,Malicious,1,Malicious,1
5.07e-11,0.0,0.0,1,4,Malicious,1,Malicious,1
3.97e-05,0.0,0.0,1,4,Malicious,1,Malicious,1
4e-05,0.0,0.0,1,4,Benign,0,Benign,1
6.29e-09,2.58e-08,1.34e-07,2,8,Benign,0,Benign,0
1.27e-11,0.0,0.0,1,4,Malicious,1,Malicious,1
4e-05,0.0,0.0,1,4,Benign,0,Benign,1
3.8e-05,0.0,0.0,1,4,Malicious,1,Malicious,1
0.0,0.0,0.0,1,4,Malicious,1,Malicious,1
6.34e-11,0.0,0.0,1,4,Malicious,1,Malicious,1
5.07e-11,0.0,0.0,1,4,Malicious,1,Malicious,1
3.99e-05,0.0,0.0,1,4,Malicious,1,Malicious,1
6.35e-05,4.47e-08,0.0,2,4,Benign,0,Benign,0
3.94e-05,0.0,0.0,1,4,Malicious,1,Malicious,1
3.98e-05,0.0,0.0,1,4,Benign,0,Benign,1
3.95e-05,0.0,0.0,1,4,Malicious,1,Malicious,1
1.27e-11,0.0,0.0,1,4,Malicious,1,Malicious,1
0.0,0.0,0.0,1,4,Malicious,1,Malicious,1
3.8e-05,0.0,0.0,1,4,Malicious,1,Malicious,1
3.81e-11,0.0,0.0,1,4,Malicious,1,Malicious,1
3.81e-11,0.0,0.0,1,4,Malicious,1,Malicious,1
3.94e-05,0.0,0.0,1,4,Malicious,1,Malicious,1
1.41e-05,4.3e-08,7.22e-07,1,7,Malicious,1,Malicious,1
0.000757356,1.72e-06,0.0,2,4,Benign,0,Benign,0
5.07e-11,0.0,0.0,1,4,Malicious,1,Malicious,1
4e-05,0.0,0.0,1,4,Malicious,1,Malicious,1
3.94e-05,0.0,0.0,1,4,Benign,0,Benign,1
6.34e-11,0.0,0.0,1,4,Malicious,1,Malicious,1
2.64e-09,0.0,0.0,1,4,Malicious,1,Malicious,1
1.36e-05,3.84e-08,6.92e-07,1,7,Benign,0,Benign,0
3.8e-05,0.0,0.0,1,4,Malicious,1,Malicious,1
1.27e-11,0.0,0.0,1,4,Malicious,1,Malicious,1
1.27e-11,0.0,0.0,1,4,Malicious,1,Malicious,1
3.92e-05,0.0,0.0,1,4,Malicious,1,Malicious,1
4e-05,0.0,0.0,1,4,Malicious,1,Malicious,1
6.34e-09,2.58e-08,1.34e-07,2,8,Benign,0,Benign,0
1.4e-10,0.0,0.0,1,4,Malicious,1,Malicious,1
1.14e-10,0.0,0.0,1,4,Malicious,1,Malicious,1
1.27e-11,0.0,0.0,1,4,Malicious,1,Malicious,1
4e-05,0.0,0.0,1,4,Benign,0,Benign,1
3.95e-05,0.0,0.0,1,4,Malicious,1,Malicious,1
6.37e-09,0.0,0.0,1,4,Malicious,1,Malicious,1
1.27e-11,0.0,0.0,1,4,Malicious,1,Malicious,1
1.27e-11,0.0,0.0,1,4,Malicious,1,Malicious,1
1.27e-11,0.0,0.0,1,4,Malicious,1,Malicious,1
3.96e-05,0.0,0.0,1,4,Malicious,1,Malicious,1
1.01e-07,1.66e-08,1.34e-07,2,8,Benign,0,Benign,0
3.8e-05,0.0,0.0,1,4,Malicious,1,Malicious,1
2.21e-08,2.75e-08,1.43e-07,2,8,Benign,0,Benign,0
3.95e-05,0.0,0.0,1,4,Malicious,1,Malicious,1
3.98e-05,0.0,0.0,1,4,Benign,0,Benign,1
3.95e-05,0.0,0.0,1,4,Malicious,1,Malicious,1
1.27e-11,0.0,0.0,1,4,Malicious,1,Malicious,1
3.93e-05,0.0,0.0,1,4,Benign,0,Benign,1
3.94e-05,0.0,0.0,1,4,Malicious,1,Malicious,1
3.68e-07,2.75e-08,1.43e-07,2,8,Benign,0,Benign,0
1.27e-11,0.0,0.0,1,4,Malicious,1,Malicious,1
3.98e-05,0.0,0.0,1,4,Benign,0,Benign,1
1.27e-11,0.0,0.0,1,4,Malicious,1,Malicious,1
1.26e-05,4.3e-08,7.22e-07,1,7,Malicious,1,Malicious,1
3.48e-08,2.75e-08,1.43e-07,2,8,Benign,0,Benign,0
3.8e-05,0.0,0.0,1,4,Malicious,1,Malicious,1
1.9e-08,1.66e-08,1.34e-07,2,8,Benign,0,Benign,0
6.34e-11,0.0,0.0,1,4,Malicious,1,Malicious,1
1.27e-11,0.0,0.0,1,4,Malicious,1,Malicious,1
3.8e-05,0.0,0.0,1,4,Malicious,1,Malicious,1
1.27e-11,0.0,0.0,1,4,Malicious,1,Malicious,1
5.07e-11,0.0,0.0,1,4,Malicious,1,Malicious,1
3.97e-05,0.0,0.0,1,4,Malicious,1,Malicious,1
3.99e-05,0.0,0.0,1,4,Malicious,1,Malicious,1
3.8e-05,0.0,0.0,1,4,Malicious,1,Malicious,1
2.21e-08,2.75e-08,1.43e-07,2,8,Benign,0,Benign,0
4e-05,0.0,0.0,1,4,Benign,0,Benign,1
1.27e-11,0.0,0.0,1,4,Malicious,1,Malicious,1
3.07e-06,7.74e-08,7.07e-07,1,8,Benign,0,Benign,0
3.96e-05,0.0,0.0,1,4,Malicious,1,Malicious,1
1.27e-11,0.0,0.0,1,4,Malicious,1,Malicious,1
1.27e-11,0.0,0.0,1,4,Malicious,1,Malicious,1
3.98e-05,0.0,0.0,1,4,Benign,0,Benign,1
3.79e-05,0.0,0.0,1,4,Malicious,1,Malicious,1
3.99e-05,0.0,0.0,1,4,Malicious,1,Malicious,1
5.07e-11,0.0,0.0,1,4,Malicious,1,Malicious,1
1.27e-11,0.0,0.0,1,4,Malicious,1,Malicious,1
0.0,0.0,0.0,1,4,Malicious,1,Malicious,1
3.06e-09,0.0,0.0,1,4,Malicious,1,Malicious,1
1.27e-11,0.0,0.0,1,4,Malicious,1,Malicious,1
2.21e-08,2.75e-08,1.43e-07,2,8,Benign,0,Benign,0
3.8e-05,0.0,0.0,1,4,Malicious,1,Malicious,1
1.27e-11,0.0,0.0,1,4,Malicious,1,Malicious,1
0.0,0.0,0.0,1,4,Malicious,1,Malicious,1
1.27e-11,0.0,0.0,1,4,Malicious,1,Malicious,1
3.98e-05,0.0,0.0,1,4,Malicious,1,Malicious,1
3.95e-05,0.0,0.0,1,4,Malicious,1,Malicious,1
3.97e-05,0.0,0.0,1,4,Malicious,1,Malicious,1
3.8e-05,0.0,0.0,1,4,Malicious,1,Malicious,1
3.8e-05,0.0,0.0,1,4,Malicious,1,Malicious,1
1.27e-11,0.0,0.0,1,4,Malicious,1,Malicious,1
1.27e-11,0.0,0.0,1,4,Malicious,1,Malicious,1
1.37e-05,4.3e-08,7.22e-07,1,7,Malicious,1,Malicious,0
5.07e-11,0.0,0.0,1,4,Malicious,1,Malicious,1
3.15e-09,0.0,0.0,1,4,Malicious,1,Malicious,1
1.01e-10,0.0,0.0,1,4,Malicious,1,Malicious,1
1.27e-11,0.0,0.0,1,4,Malicious,1,Malicious,1
3.96e-05,0.0,0.0,1,4,Benign,0,Benign,1
3.92e-05,0.0,0.0,1,4,Malicious,1,Malicious,1
1.27e-11,0.0,0.0,1,4,Malicious,1,Malicious,1
1.27e-11,0.0,0.0,1,4,Malicious,1,Malicious,1
6.37e-09,0.0,0.0,1,4,Malicious,1,Malicious,1
3.98e-05,0.0,0.0,1,4,Benign,0,Benign,1
0.0,0.0,0.0,1,4,Malicious,1,Malicious,1
6.97e-08,5.5e-08,2.85e-07,2,8,Benign,0,Benign,0
3.91e-05,0.0,0.0,1,4,Benign,0,Benign,1
4e-05,0.0,0.0,1,4,Benign,0,Benign,1
1.27e-11,0.0,0.0,1,4,Malicious,1,Malicious,1
3.97e-05,0.0,0.0,1,4,Malicious,1,Malicious,1
3.98e-05,0.0,0.0,1,4,Benign,0,Benign,1
3.8e-05,0.0,0.0,1,4,Malicious,1,Malicious,1
1.27e-11,0.0,0.0,1,4,Malicious,1,Malicious,1
1.27e-11,0.0,0.0,1,4,Malicious,1,Malicious,1
0.0,0.0,0.0,1,4,Malicious,1,Malicious,1
3.93e-05,0.0,0.0,1,4,Malicious,1,Malicious,1
3.8e-05,0.0,0.0,1,4,Malicious,1,Malicious,1
1.27e-11,0.0,0.0,1,4,Malicious,1,Malicious,1
3.91e-05,0.0,0.0,1,4,Malicious,1,Malicious,1
1.27e-11,0.0,0.0,1,4,Malicious,1,Malicious,1
1.27e-11,0.0,0.0,1,4,Malicious,1,Malicious,1
1.11e-07,2.58e-08,1.34e-07,2,8,Benign,0,Benign,0
1.27e-11,0.0,0.0,1,4,Malicious,1,Malicious,1
5.07e-11,0.0,0.0,1,4,Malicious,1,Malicious,1
3.99e-05,0.0,0.0,1,4,Malicious,1,Malicious,1
1.27e-11,0.0,0.0,1,4,Malicious,1,Malicious,1
6.34e-11,0.0,0.0,1,4,Malicious,1,Malicious,1
4.12e-08,1.66e-08,1.34e-07,2,8,Benign,0,Benign,0
3.97e-05,0.0,0.0,1,4,Malicious,1,Malicious,1
6.27e-07,2.75e-08,1.43e-07,2,8,Benign,0,Benign,0
1.27e-11,0.0,0.0,1,4,Malicious,1,Malicious,1
1.27e-11,0.0,0.0,1,4,Malicious,1,Malicious,1
3.8e-05,0.0,0.0,1,4,Malicious,1,Malicious,1
3.79e-05,0.0,0.0,1,4,Malicious,1,Malicious,1
3.96e-05,0.0,0.0,1,4,Malicious,1,Malicious,1
5.07e-11,0.0,0.0,1,4,Malicious,1,Malicious,1
1.27e-11,0.0,0.0,1,4,Malicious,1,Malicious,1
1.27e-11,0.0,0.0,1,4,Malicious,1,Malicious,1
3.8e-05,0.0,0.0,1,4,Malicious,1,Malicious,1
5.07e-11,0.0,0.0,1,4,Malicious,1,Malicious,1
3.22e-09,0.0,0.0,1,4,Malicious,1,Malicious,1
3.8e-05,0.0,0.0,1,4,Malicious,1,Malicious,1
6.01e-08,2.75e-08,1.43e-07,2,8,Benign,0,Benign,0
0.000444598,3.55e-08,7.99e-07,1,7,Malicious,1,Malicious,1
1.27e-11,0.0,0.0,1,4,Malicious,1,Malicious,1
1.27e-11,0.0,0.0,1,4,Malicious,1,Malicious,1
6.34e-09,0.0,0.0,1,4,Malicious,1,Malicious,1
3.96e-05,0.0,0.0,1,4,Malicious,1,Malicious,1
1.27e-11,0.0,0.0,1,4,Malicious,1,Malicious,1
1.27e-11,0.0,0.0,1,4,Malicious,1,Malicious,1
1.27e-11,0.0,0.0,1,4,Malicious,1,Malicious,1
1.27e-11,0.0,0.0,1,4,Malicious,1,Malicious,1
6.08e-09,2.58e-08,1.34e-07,2,8,Benign,0,Benign,0
3.8e-05,0.0,0.0,1,4,Malicious,1,Malicious,1
0.0,0.0,0.0,1,4,Malicious,1,Malicious,1
1.38e-06,3.04e-08,0.0,1,3,Benign,0,Benign,0
3.23e-09,0.0,0.0,1,4,Malicious,1,Malicious,1
3.97e-05,0.0,0.0,1,4,Malicious,1,Malicious,1
3.94e-05,0.0,0.0,1,4,Malicious,1,Malicious,1
0.000760567,1.72e-06,0.0,2,4,Benign,0,Benign,0
1.88e-08,2.75e-08,1.43e-07,2,8,Benign,0,Benign,0
3.79e-05,0.0,0.0,1,4,Malicious,1,Malicious,1
3.99e-05,0.0,0.0,1,4,Malicious,1,Malicious,1
4.95e-05,3.38e-07,5.35e-06,1,8,Malicious,1,Malicious,1
1.27e-05,0.0,0.0,1,4,Malicious,1,Malicious,1
3.8e-05,0.0,0.0,1,4,Malicious,1,Malicious,1
3.97e-05,0.0,0.0,1,4,Malicious,1,Malicious,1
3.79e-05,0.0,0.0,1,4,Malicious,1,Malicious,1
3.97e-05,0.0,0.0,1,4,Benign,0,Benign,1
2.21e-08,2.75e-08,1.43e-07,2,8,Benign,0,Benign,0
3.92e-05,0.0,0.0,1,4,Malicious,1,Malicious,1
0.0,0.0,0.0,1,4,Malicious,1,Malicious,1
3.94e-05,0.0,0.0,1,4,Malicious,1,Malicious,1
3.8e-05,0.0,0.0,1,4,Malicious,1,Malicious,1
5.07e-11,0.0,0.0,1,4,Malicious,1,Malicious,1
2.74e-09,0.0,0.0,1,4,Malicious,1,Malicious,1
3.95e-05,0.0,0.0,1,4,Benign,0,Benign,1
4e-05,0.0,0.0,1,4,Malicious,1,Malicious,1
3.97e-05,0.0,0.0,1,4,Malicious,1,Malicious,1
3.03e-06,7.74e-08,7.07e-07,1,8,Benign,0,Benign,0
1.27e-11,0.0,0.0,1,4,Malicious,1,Malicious,1
3.48e-08,2.75e-08,1.43e-07,2,8,Benign,0,Benign,0
6.35e-05,4.47e-08,0.0,2,4,Benign,0,Benign,0
1.27e-11,0.0,0.0,1,4,Malicious,1,Malicious,1
5.07e-11,0.0,0.0,1,4,Malicious,1,Malicious,1
3.8e-05,0.0,0.0,1,4,Malicious,1,Malicious,1
1.27e-11,0.0,0.0,1,4,Malicious,1,Malicious,1
1.27e-11,0.0,0.0,1,4,Malicious,1,Malicious,1
3.96e-05,0.0,0.0,1,4,Benign,0,Benign,1
1.27e-11,0.0,0.0,1,4,Malicious,1,Malicious,1
1.2e-07,2.75e-08,1.43e-07,2,8,Benign,0,Benign,0
3.22e-09,0.0,0.0,1,4,Malicious,1,Malicious,1
3.8e-05,0.0,0.0,1,4,Malicious,1,Malicious,1
3.22e-09,0.0,0.0,1,4,Malicious,1,Malicious,1
5.07e-11,0.0,0.0,1,4,Malicious,1,Malicious,1
0.0,0.0,0.0,1,4,Malicious,1,Malicious,1
5.07e-11,0.0,0.0,1,4,Malicious,1,Malicious,1
2.15e-07,2.75e-08,1.43e-07,2,8,Benign,0,Benign,0
3.8e-05,0.0,0.0,1,4,Malicious,1,Malicious,1
6.3e-09,1.66e-08,1.34e-07,2,8,Benign,0,Benign,0
3.96e-05,0.0,0.0,1,4,Malicious,1,Malicious,1
3.98e-05,0.0,0.0,1,4,Malicious,1,Malicious,1
3.99e-05,0.0,0.0,1,4,Benign,0,Benign,1
5.69e-08,5.5e-08,2.85e-07,2,8,Benign,0,Benign,0
1.27e-11,0.0,0.0,1,4,Malicious,1,Malicious,1
6.34e-09,1.66e-08,1.34e-07,2,8,Benign,0,Benign,0
7.61e-11,0.0,0.0,1,4,Malicious,1,Malicious,1
3.8e-05,0.0,0.0,1,4,Malicious,1,Malicious,1
0.0,0.0,0.0,1,4,Malicious,1,Malicious,1
5.07e-11,0.0,0.0,1,4,Malicious,1,Malicious,1
2.21e-08,2.75e-08,1.43e-07,2,8,Benign,0,Benign,0
2.48e-05,8.54e-08,0.000248998,1,8,Benign,0,Benign,1
1.27e-11,0.0,0.0,1,4,Malicious,1,Malicious,1
4e-05,0.0,0.0,1,4,Benign,0,Benign,1
1.37e-05,3.84e-08,6.92e-07,1,7,Benign,0,Benign,0
3.8e-05,0.0,0.0,1,4,Benign,0,Benign,1
9.4e-09,2.58e-08,1.34e-07,2,8,Benign,0,Benign,0
1.27e-11,0.0,0.0,1,4,Malicious,1,Malicious,1
3.22e-09,0.0,0.0,1,4,Malicious,1,Malicious,1
3.99e-05,0.0,0.0,1,4,Malicious,1,Malicious,1
3.99e-05,0.0,0.0,1,4,Malicious,1,Malicious,1
3.8e-05,0.0,0.0,1,4,Malicious,1,Malicious,1
6.34e-11,0.0,0.0,1,4,Malicious,1,Malicious,1
1.27e-11,0.0,0.0,1,4,Malicious,1,Malicious,1
2.19e-08,2.75e-08,1.43e-07,2,8,Benign,0,Benign,0
1.27e-11,0.0,0.0,1,4,Malicious,1,Malicious,1
2.54e-11,0.0,0.0,1,4,Malicious,1,Malicious,1
5.07e-11,0.0,0.0,1,4,Malicious,1,Malicious,1
3.8e-05,0.0,0.0,1,4,Malicious,1,Malicious,1
1.27e-11,0.0,0.0,1,4,Malicious,1,Malicious,1
1.27e-11,0.0,0.0,1,4,Malicious,1,Malicious,1
1.37e-05,3.84e-08,6.92e-07,1,7,Benign,0,Benign,0
3.99e-05,0.0,0.0,1,4,Malicious,1,Malicious,1
3.95e-05,0.0,0.0,1,4,Malicious,1,Malicious,1
5.07e-11,0.0,0.0,1,4,Malicious,1,Malicious,1
5.07e-11,0.0,0.0,1,4,Malicious,1,Malicious,1
9.49e-09,1.66e-08,1.34e-07,2,8,Benign,0,Benign,0
6.34e-11,0.0,0.0,1,4,Malicious,1,Malicious,1
1.27e-11,0.0,0.0,1,4,Malicious,1,Malicious,1
4.23e-06,0.0,0.0,1,1,Benign,0,Benign,0
2.54e-11,0.0,0.0,1,4,Malicious,1,Malicious,1
1.27e-11,0.0,0.0,1,4,Malicious,1,Malicious,1
1.27e-11,0.0,0.0,1,4,Malicious,1,Malicious,1
1.27e-11,0.0,0.0,1,4,Malicious,1,Malicious,1
6.34e-11,0.0,0.0,1,4,Malicious,1,Malicious,1
1.27e-11,0.0,0.0,1,4,Malicious,1,Malicious,1
3.96e-05,0.0,0.0,1,4,Benign,0,Benign,1
3.8e-05,0.0,0.0,1,4,Malicious,1,Malicious,1
3.78e-08,2.75e-08,1.43e-07,2,8,Benign,0,Benign,0
0.0,0.0,0.0,1,4,Malicious,1,Malicious,1
5.07e-11,0.0,0.0,1,4,Malicious,1,Malicious,1
2.6e-06,2.75e-08,1.43e-07,2,8,Benign,0,Benign,0
3.97e-05,0.0,0.0,1,4,Benign,0,Benign,1
1.27e-11,0.0,0.0,1,4,Malicious,1,Malicious,1
3.91e-05,0.0,0.0,1,4,Malicious,1,Malicious,1
3.98e-05,0.0,0.0,1,4,Malicious,1,Malicious,1
3.97e-05,0.0,0.0,1,4,Malicious,1,Malicious,1
5.07e-11,0.0,0.0,1,4,Malicious,1,Malicious,1
9.49e-08,5.5e-08,2.85e-07,2,8,Benign,0,Benign,0
1.27e-11,0.0,0.0,1,4,Malicious,1,Malicious,1
5.07e-11,0.0,0.0,1,4,Malicious,1,Malicious,1
0.0,0.0,0.0,1,4,Malicious,1,Malicious,1
1.27e-11,0.0,0.0,1,4,Malicious,1,Malicious,1
3.8e-05,0.0,0.0,1,4,Malicious,1,Malicious,1
1.27e-11,0.0,0.0,1,4,Malicious,1,Malicious,1
2.21e-08,2.75e-08,1.43e-07,2,8,Benign,0,Benign,0
3.16e-09,0.0,0.0,1,4,Malicious,1,Malicious,1
1.27e-11,0.0,0.0,1,4,Malicious,1,Malicious,1
1.27e-11,0.0,0.0,1,4,Malicious,1,Malicious,1
3.96e-05,0.0,0.0,1,4,Malicious,1,Malicious,1
5.07e-11,0.0,0.0,1,4,Malicious,1,Malicious,1
3.8e-05,0.0,0.0,1,4,Malicious,1,Malicious,1
1.27e-11,0.0,0.0,1,4,Malicious,1,Malicious,1
3.99e-05,0.0,0.0,1,4,Benign,0,Benign,1
2.53e-08,2.75e-08,1.43e-07,2,8,Benign,0,Benign,0
1.27e-11,0.0,0.0,1,4,Malicious,1,Malicious,1
1.43e-05,5.04e-08,5.19e-06,1,8,Benign,0,Benign,0
6.35e-05,4.47e-08,0.0,2,4,Benign,0,Benign,0
2.21e-08,2.75e-08,1.43e-07,2,8,Benign,0,Benign,0
3.93e-05,0.0,0.0,1,4,Malicious,1,Malicious,1
1.27e-08,0.0,0.0,1,4,Malicious,1,Malicious,1
5.07e-11,0.0,0.0,1,4,Malicious,1,Malicious,1
1.54e-07,2.69e-08,3.3e-07,2,8,Benign,0,Benign,0
6.34e-11,0.0,0.0,1,4,Malicious,1,Malicious,1
1.27e-11,0.0,0.0,1,4,Malicious,1,Malicious,1
5.07e-11,0.0,0.0,1,4,Malicious,1,Malicious,1
4e-05,0.0,0.0,1,4,Benign,0,Benign,1
2.2e-08,2.75e-08,1.43e-07,2,8,Benign,0,Benign,0
3.22e-09,0.0,0.0,1,4,Malicious,1,Malicious,1
3.94e-05,0.0,0.0,1,4,Benign,0,Benign,1
6.34e-11,0.0,0.0,1,4,Malicious,1,Malicious,1
5.07e-11,0.0,0.0,1,4,Malicious,1,Malicious,1
5.19e-05,4.3e-08,7.22e-07,1,7,Malicious,1,Malicious,1
7e-07,5.9e-08,8.59e-07,2,8,Benign,0,Benign,0
5.07e-11,0.0,0.0,1,4,Malicious,1,Malicious,1
3.97e-05,0.0,0.0,1,4,Benign,0,Benign,1
3.98e-05,0.0,0.0,1,4,Malicious,1,Malicious,1
1.27e-11,0.0,0.0,1,4,Malicious,1,Malicious,1
3.9e-07,2.75e-08,1.43e-07,2,8,Benign,0,Benign,0
1.27e-11,0.0,0.0,1,4,Malicious,1,Malicious,1
3.99e-05,0.0,0.0,1,4,Malicious,1,Malicious,1
3.8e-05,0.0,0.0,1,4,Malicious,1,Malicious,1
3.27e-09,0.0,0.0,1,4,Malicious,1,Malicious,1
1.27e-11,0.0,0.0,1,4,Malicious,1,Malicious,1
3.8e-08,2.75e-08,1.43e-07,2,8,Benign,0,Benign,0
2.2e-08,2.75e-08,1.43e-07,2,8,Benign,0,Benign,0
2.87e-09,0.0,0.0,1,4,Malicious,1,Malicious,1
3.8e-05,0.0,0.0,1,4,Malicious,1,Malicious,1
1.01e-07,2.12e-08,1.31e-06,2,8,Benign,0,Benign,0
9.47e-09,1.66e-08,1.34e-07,2,8,Benign,0,Benign,0
3.8e-05,0.0,0.0,1,4,Malicious,1,Malicious,1
0.000761322,1.72e-06,0.0,2,4,Benign,0,Benign,0
8.88e-11,0.0,0.0,1,4,Malicious,1,Malicious,1
1.89e-08,2.75e-08,1.43e-07,2,8,Benign,0,Benign,0
0.0,0.0,0.0,1,4,Malicious,1,Malicious,1
3.92e-05,0.0,0.0,1,4,Malicious,1,Malicious,1
2.54e-11,0.0,0.0,1,4,Malicious,1,Malicious,1
3.99e-05,0.0,0.0,1,4,Malicious,1,Malicious,1
1.27e-11,0.0,0.0,1,4,Malicious,1,Malicious,1
1.27e-11,0.0,0.0,1,4,Malicious,1,Malicious,1
3.92e-05,0.0,0.0,1,4,Malicious,1,Malicious,1
4.75e-08,0.0,0.0,1,8,Benign,0,Benign,0
6.34e-11,0.0,0.0,1,4,Malicious,1,Malicious,1
5.07e-11,0.0,0.0,1,4,Malicious,1,Malicious,1
3.06e-09,0.0,0.0,1,4,Malicious,1,Malicious,1
1.27e-11,0.0,0.0,1,4,Malicious,1,Malicious,1
5.7e-08,2.75e-08,1.43e-07,2,8,Benign,0,Benign,0
0.0,0.0,0.0,1,4,Malicious,1,Malicious,1
1.27e-11,0.0,0.0,1,4,Malicious,1,Malicious,1
6.28e-07,0.0,0.0,1,1,Malicious,1,Malicious,1
3.92e-05,0.0,0.0,1,4,Benign,0,Benign,1
5.07e-11,0.0,0.0,1,4,Malicious,1,Malicious,1
3.81e-11,0.0,0.0,1,4,Malicious,1,Malicious,1
1.27e-11,0.0,0.0,1,4,Malicious,1,Malicious,1
4.76e-05,5.02e-07,0.0,2,4,Benign,0,Benign,0
6.34e-11,0.0,0.0,1,4,Malicious,1,Malicious,1
3.93e-05,0.0,0.0,1,4,Malicious,1,Malicious,1
1.27e-11,0.0,0.0,1,4,Malicious,1,Malicious,1
3.97e-05,0.0,0.0,1,4,Malicious,1,Malicious,1
1.27e-11,0.0,0.0,1,4,Malicious,1,Malicious,1
3.47e-08,2.75e-08,1.43e-07,2,8,Benign,0,Benign,0
1.27e-11,0.0,0.0,1,4,Malicious,1,Malicious,1
3.93e-05,0.0,0.0,1,4,Malicious,1,Malicious,1
3.94e-05,0.0,0.0,1,4,Malicious,1,Malicious,1
6.34e-11,0.0,0.0,1,4,Malicious,1,Malicious,1
6.61e-06,0.0,0.0,1,1,Benign,0,Benign,1
3.23e-09,0.0,0.0,1,4,Malicious,1,Malicious,1
3.99e-05,0.0,0.0,1,4,Malicious,1,Malicious,1
1.27e-11,0.0,0.0,1,4,Malicious,1,Malicious,1
1.89e-08,2.75e-08,1.43e-07,2,8,Benign,0,Benign,0
1.27e-11,0.0,0.0,1,4,Malicious,1,Malicious,1
6.29e-09,1.66e-08,1.34e-07,2,8,Benign,0,Benign,0
0.0,0.0,0.0,1,4,Malicious,1,Malicious,1
1.27e-11,0.0,0.0,1,4,Malicious,1,Malicious,1
3.8e-05,0.0,0.0,1,4,Malicious,1,Malicious,1
4.32e-05,3.38e-07,7.73e-06,1,8,Malicious,1,Malicious,1
0.0,0.0,0.0,1,4,Malicious,1,Malicious,1
1.27e-11,0.0,0.0,1,4,Malicious,1,Malicious,1
3.8e-05,0.0,0.0,1,4,Malicious,1,Malicious,1
5.86e-05,3.38e-07,5.35e-06,1,8,Malicious,1,Malicious,1
1.27e-11,0.0,0.0,1,4,Malicious,1,Malicious,1
5.07e-11,0.0,0.0,1,4,Malicious,1,Malicious,1
1.91e-08,1.66e-08,1.34e-07,2,8,Benign,0,Benign,0
3.8e-05,0.0,0.0,1,4,Malicious,1,Malicious,1
1.88e-08,2.75e-08,1.43e-07,2,8,Benign,0,Benign,0
1.27e-11,0.0,0.0,1,4,Malicious,1,Malicious,1
1.27e-11,0.0,0.0,1,4,Malicious,1,Malicious,1
3.81e-11,0.0,0.0,1,4,Malicious,1,Malicious,1
2.69e-09,0.0,0.0,1,4,Malicious,1,Malicious,1
2.64e-05,3.84e-08,6.92e-07,1,7,Benign,0,Benign,1
6.34e-11,0.0,0.0,1,4,Malicious,1,Malicious,1
1.27e-11,0.0,0.0,1,4,Malicious,1,Malicious,1
5.07e-11,0.0,0.0,1,4,Malicious,1,Malicious,1
0.0,0.0,0.0,1,4,Malicious,1,Malicious,1
1.27e-11,0.0,0.0,1,4,Malicious,1,Malicious,1
3.22e-09,0.0,0.0,1,4,Malicious,1,Malicious,1
5.07e-07,2.75e-08,1.43e-07,2,8,Benign,0,Benign,0
3.8e-05,0.0,0.0,1,4,Malicious,1,Malicious,1
0.0,0.0,0.0,1,4,Malicious,1,Malicious,1
0.0,0.0,0.0,1,4,Malicious,1,Malicious,1
3.99e-05,0.0,0.0,1,4,Benign,0,Benign,1
0.0,0.0,0.0,1,4,Malicious,1,Malicious,1
1.27e-11,0.0,0.0,1,4,Malicious,1,Malicious,1
0.000111624,5.86e-06,1.45e-05,1,7,Benign,0,Benign,0
1.27e-11,0.0,0.0,1,4,Malicious,1,Malicious,1
5.07e-11,0.0,0.0,1,4,Malicious,1,Malicious,1
1.27e-11,0.0,0.0,1,4,Malicious,1,Malicious,1
5.07e-11,0.0,0.0,1,4,Malicious,1,Malicious,1
1.27e-11,0.0,0.0,1,4,Malicious,1,Malicious,1
1.27e-11,0.0,0.0,1,4,Malicious,1,Malicious,1
0.0,0.0,0.0,1,4,Malicious,1,Malicious,1
3.92e-05,0.0,0.0,1,4,Malicious,1,Malicious,1
6.32e-09,1.66e-08,1.34e-07,2,8,Benign,0,Benign,0
3.94e-05,0.0,0.0,1,4,Benign,0,Benign,1
2.21e-08,2.75e-08,1.43e-07,2,8,Benign,0,Benign,0
3.93e-05,0.0,0.0,1,4,Benign,0,Benign,1
3.96e-05,0.0,0.0,1,4,Malicious,1,Malicious,1
1.27e-11,0.0,0.0,1,4,Malicious,1,Malicious,1
3.93e-05,0.0,0.0,1,4,Malicious,1,Malicious,1
3.93e-05,0.0,0.0,1,4,Benign,0,Benign,1
2.95e-07,2.75e-08,1.43e-07,2,8,Benign,0,Benign,0
4.66e-07,2.75e-08,1.43e-07,2,8,Benign,0,Benign,0
8.55e-08,2.75e-08,1.43e-07,2,8,Benign,0,Benign,0
1.27e-11,0.0,0.0,1,4,Malicious,1,Malicious,1
4e-05,0.0,0.0,1,4,Malicious,1,Malicious,1
2.54e-11,0.0,0.0,1,4,Malicious,1,Malicious,1
3.8e-05,0.0,0.0,1,4,Malicious,1,Malicious,1
1.29e-05,2.98e-08,3.68e-07,1,3,Benign,0,Benign,0
3.79e-05,0.0,0.0,1,4,Malicious,1,Malicious,1
4e-05,0.0,0.0,1,4,Benign,0,Benign,1
5.18e-05,4.3e-08,7.22e-07,1,7,Malicious,1,Malicious,1
6.35e-05,4.47e-08,0.0,2,4,Benign,0,Benign,0
1.27e-11,0.0,0.0,1,4,Malicious,1,Malicious,1
6.34e-05,4.47e-08,0.0,2,4,Benign,0,Benign,0
5.07e-11,0.0,0.0,1,4,Malicious,1,Malicious,1
3.95e-05,0.0,0.0,1,4,Malicious,1,Malicious,1
1.27e-11,0.0,0.0,1,4,Malicious,1,Malicious,1
6.34e-11,0.0,0.0,1,4,Malicious,1,Malicious,1
3.98e-05,0.0,0.0,1,4,Malicious,1,Malicious,1
1.27e-11,0.0,0.0,1,4,Malicious,1,Malicious,1
1.27e-11,0.0,0.0,1,4,Malicious,1,Malicious,1
5.07e-11,0.0,0.0,1,4,Malicious,1,Malicious,1
6.33e-09,2.24e-08,1.16e-07,2,8,Benign,0,Benign,0
1.27e-11,0.0,0.0,1,4,Malicious,1,Malicious,1
5.07e-11,0.0,0.0,1,4,Malicious,1,Malicious,1
4e-05,0.0,0.0,1,4,Malicious,1,Malicious,1
6.34e-11,0.0,0.0,1,4,Malicious,1,Malicious,1
6.34e-11,0.0,0.0,1,4,Malicious,1,Malicious,1
3.8e-05,0.0,0.0,1,4,Malicious,1,Malicious,1
1.27e-11,0.0,0.0,1,4,Malicious,1,Malicious,1
3.98e-05,0.0,0.0,1,4,Benign,0,Benign,1
4e-05,0.0,0.0,1,4,Benign,0,Benign,1
2.65e-05,3.84e-08,6.92e-07,1,7,Benign,0,Benign,1
1.27e-11,0.0,0.0,1,4,Malicious,1,Malicious,1
3.21e-09,0.0,0.0,1,4,Malicious,1,Malicious,1
3.8e-05,0.0,0.0,1,4,Malicious,1,Malicious,1
1.27e-11,0.0,0.0,1,4,Malicious,1,Malicious,1
1.27e-11,0.0,0.0,1,4,Malicious,1,Malicious,1
0.000133889,3.38e-07,5.35e-06,1,8,Malicious,1,Malicious,1
3.8e-05,0.0,0.0,1,4,Malicious,1,Malicious,1
3.94e-05,0.0,0.0,1,4,Malicious,1,Malicious,1
6.2e-09,2.58e-08,1.34e-07,2,8,Benign,0,Benign,0
1.27e-11,0.0,0.0,1,4,Malicious,1,Malicious,1
3.8e-08,2.75e-08,1.43e-07,2,8,Benign,0,Benign,0
3.8e-05,0.0,0.0,1,4,Malicious,1,Malicious,1
3.99e-05,0.0,0.0,1,4,Malicious,1,Malicious,1
1.14e-10,0.0,0.0,1,4,Malicious,1,Malicious,1
3.98e-05,0.0,0.0,1,4,Malicious,1,Malicious,1
5.07e-11,0.0,0.0,1,4,Malicious,1,Malicious,1
2.68e-09,0.0,0.0,1,4,Malicious,1,Malicious,1
5.07e-11,0.0,0.0,1,4,Malicious,1,Malicious,1
4.43e-06,0.0,0.0,1,1,Benign,0,Benign,0
1.27e-11,0.0,0.0,1,4,Malicious,1,Malicious,1
3.8e-05,0.0,0.0,1,4,Malicious,1,Malicious,1
6.34e-11,0.0,0.0,1,4,Malicious,1,Malicious,1
1.4e-05,4.3e-08,7.22e-07,1,7,Malicious,1,Malicious,1
1.27e-11,0.0,0.0,1,4,Malicious,1,Malicious,1
3.16e-08,2.75e-08,1.43e-07,2,8,Benign,0,Benign,0
3.39e-07,2.75e-08,1.43e-07,2,8,Benign,0,Benign,0
5.07e-11,0.0,0.0,1,4,Malicious,1,Malicious,1
3.92e-05,0.0,0.0,1,4,Malicious,1,Malicious,1
1.64e-06,2.75e-08,1.43e-07,2,8,Benign,0,Benign,0
3.98e-05,0.0,0.0,1,4,Benign,0,Benign,1
0.0,0.0,0.0,1,4,Malicious,1,Malicious,1
8.88e-11,0.0,0.0,1,4,Malicious,1,Malicious,1
3.79e-05,0.0,0.0,1,4,Malicious,1,Malicious,1
6.34e-11,0.0,0.0,1,4,Malicious,1,Malicious,1
2.37e-06,2.75e-08,1.43e-07,2,8,Benign,0,Benign,0
5.07e-11,0.0,0.0,1,4,Malicious,1,Malicious,1
5.07e-11,0.0,0.0,1,4,Malicious,1,Malicious,1
3.22e-09,0.0,0.0,1,4,Malicious,1,Malicious,1
3.8e-05,0.0,0.0,1,4,Malicious,1,Malicious,1
1.05e-07,5.5e-08,2.85e-07,2,8,Benign,0,Benign,0
3.94e-05,0.0,0.0,1,4,Malicious,1,Malicious,1
1.27e-11,0.0,0.0,1,4,Malicious,1,Malicious,1
0.0,0.0,0.0,1,4,Malicious,1,Malicious,1
3.8e-05,0.0,0.0,1,4,Malicious,1,Malicious,1
0.0,0.0,0.0,1,4,Malicious,1,Malicious,1
6.32e-09,1.66e-08,1.34e-07,2,8,Benign,0,Benign,0
3.8e-05,0.0,0.0,1,4,Malicious,1,Malicious,1
5.07e-11,0.0,0.0,1,4,Malicious,1,Malicious,1
3.49e-07,2.75e-08,1.43e-07,2,8,Benign,0,Benign,0
5.07e-11,0.0,0.0,1,4,Malicious,1,Malicious,1
5.07e-11,0.0,0.0,1,4,Malicious,1,Malicious,1
3.27e-09,0.0,0.0,1,4,Malicious,1,Malicious,1
3.8e-05,0.0,0.0,1,4,Malicious,1,Malicious,1
2.21e-08,2.75e-08,1.43e-07,2,8,Benign,0,Benign,0
1.27e-11,0.0,0.0,1,4,Malicious,1,Malicious,1
1.27e-11,0.0,0.0,1,4,Malicious,1,Malicious,1
3.8e-05,0.0,0.0,1,4,Malicious,1,Malicious,1
5.38e-08,2.75e-08,1.43e-07,2,8,Benign,0,Benign,0
1.05e-05,0.0,5.35e-06,2,9,Benign,0,Benign,0
3.81e-11,0.0,0.0,1,4,Malicious,1,Malicious,1
3.94e-05,0.0,0.0,1,4,Benign,0,Benign,1
4e-05,0.0,0.0,1,4,Benign,0,Benign,1
5.07e-11,0.0,0.0,1,4,Malicious,1,Malicious,1
3.95e-05,0.0,0.0,1,4,Benign,0,Benign,1
0.0,0.0,0.0,1,4,Malicious,1,Malicious,1
7.73e-07,2.75e-08,1.43e-07,2,8,Benign,0,Benign,0
3.96e-05,0.0,0.0,1,4,Malicious,1,Malicious,1
5.07e-11,0.0,0.0,1,4,Malicious,1,Malicious,1
3.15e-09,0.0,0.0,1,4,Malicious,1,Malicious,1
3.8e-05,0.0,0.0,1,4,Malicious,1,Malicious,1
6.34e-11,0.0,0.0,1,4,Malicious,1,Malicious,1
3.91e-05,0.0,0.0,1,4,Malicious,1,Malicious,1
1.27e-11,0.0,0.0,1,4,Malicious,1,Malicious,1
3.81e-11,0.0,0.0,1,4,Malicious,1,Malicious,1
2.6e-09,0.0,0.0,1,4,Malicious,1,Malicious,1
3.47e-06,0.0,0.0,1,1,Benign,0,Benign,0
6.38e-09,0.0,0.0,1,4,Malicious,1,Malicious,1
1.27e-11,0.0,0.0,1,4,Malicious,1,Malicious,1
3.98e-05,0.0,0.0,1,4,Malicious,1,Malicious,1
1.27e-11,0.0,0.0,1,4,Malicious,1,Malicious,1
5.07e-11,0.0,0.0,1,4,Malicious,1,Malicious,1
1.27e-11,0.0,0.0,1,4,Malicious,1,Malicious,1
1.79e-07,2.69e-08,3.3e-07,2,8,Benign,0,Benign,0
1.27e-11,0.0,0.0,1,4,Malicious,1,Malicious,1
5.07e-11,0.0,0.0,1,4,Malicious,1,Malicious,1
0.000417676,1.22e-07,0.0,2,4,Benign,0,Benign,0
1.27e-11,0.0,0.0,1,4,Malicious,1,Malicious,1
5.07e-11,0.0,0.0,1,4,Malicious,1,Malicious,1
1.27e-11,0.0,0.0,1,4,Malicious,1,Malicious,1
1.27e-11,0.0,0.0,1,4,Malicious,1,Malicious,1
1.31e-06,2.75e-08,1.43e-07,2,8,Benign,0,Benign,0
1.27e-11,0.0,0.0,1,4,Malicious,1,Malicious,1
3.8e-05,0.0,0.0,1,4,Malicious,1,Malicious,1
8.9e-07,2.58e-08,1.34e-07,2,8,Benign,0,Benign,0
1.18e-06,1.06e-06,4.57e-06,1,8,Benign,0,Benign,0
1.27e-11,0.0,0.0,1,4,Malicious,1,Malicious,1
1.27e-11,0.0,0.0,1,4,Malicious,1,Malicious,1
1.27e-11,0.0,0.0,1,4,Malicious,1,Malicious,1
1.27e-11,0.0,0.0,1,4,Malicious,1,Malicious,1
3.56e-06,0.0,0.0,1,1,Benign,0,Benign,0
6.3e-07,1.95e-08,8.83e-07,2,8,Benign,0,Benign,0
3.79e-05,0.0,0.0,1,4,Malicious,1,Malicious,1
3.96e-05,0.0,0.0,1,4,Malicious,1,Malicious,1
6.34e-11,0.0,0.0,1,4,Malicious,1,Malicious,1
6.97e-08,2.75e-08,1.43e-07,2,8,Benign,0,Benign,0
7.83e-06,0.0,0.0,1,3,Benign,0,Benign,0
1.01e-10,0.0,0.0,1,4,Malicious,1,Malicious,1
3.99e-05,0.0,0.0,1,4,Malicious,1,Malicious,1
5.07e-11,0.0,0.0,1,4,Malicious,1,Malicious,1
3.93e-05,0.0,0.0,1,4,Benign,0,Benign,1
3.96e-05,0.0,0.0,1,4,Malicious,1,Malicious,1
1.27e-11,0.0,0.0,1,4,Malicious,1,Malicious,1
0.003807685,1.67e-07,2.3e-06,1,8,Benign,0,Benign,0
1.27e-11,0.0,0.0,1,4,Malicious,1,Malicious,1
4.43e-08,2.75e-08,1.43e-07,2,8,Benign,0,Benign,0
2.21e-08,2.75e-08,1.43e-07,2,8,Benign,0,Benign,0
3.79e-05,0.0,0.0,1,4,Malicious,1,Malicious,1
3.98e-05,0.0,0.0,1,4,Benign,0,Benign,1
2.5e-07,2.75e-08,1.43e-07,2,8,Benign,0,Benign,0
5.07e-11,0.0,0.0,1,4,Malicious,1,Malicious,1
3.97e-05,0.0,0.0,1,4,Malicious,1,Malicious,1
1.14e-10,0.0,0.0,1,4,Malicious,1,Malicious,1
3.8e-05,0.0,0.0,1,4,Malicious,1,Malicious,1
1.27e-11,0.0,0.0,1,4,Malicious,1,Malicious,1
1.27e-11,0.0,0.0,1,4,Malicious,1,Malicious,1
1.01e-10,0.0,0.0,1,4,Malicious,1,Malicious,1
2.22e-08,2.75e-08,1.43e-07,2,8,Benign,0,Benign,0
5.07e-11,0.0,0.0,1,4,Malicious,1,Malicious,1
4e-05,0.0,0.0,1,4,Malicious,1,Malicious,1
5.83e-07,2.75e-08,1.43e-07,2,8,Benign,0,Benign,0
3.97e-05,0.0,0.0,1,4,Benign,0,Benign,1
6.34e-11,0.0,0.0,1,4,Malicious,1,Malicious,1
0.0,0.0,0.0,1,4,Malicious,1,Malicious,1
9.54e-09,1.66e-08,1.34e-07,2,8,Benign,0,Benign,0
1.27e-11,0.0,0.0,1,4,Malicious,1,Malicious,1
3.8e-05,0.0,0.0,1,4,Malicious,1,Malicious,1
6.38e-09,0.0,0.0,1,4,Malicious,1,Malicious,1
1.27e-11,0.0,0.0,1,4,Malicious,1,Malicious,1
1.27e-11,0.0,0.0,1,4,Malicious,1,Malicious,1
2.19e-08,2.75e-08,1.43e-07,2,8,Benign,0,Benign,0
5.07e-11,0.0,0.0,1,4,Malicious,1,Malicious,1
5.07e-11,0.0,0.0,1,4,Malicious,1,Malicious,1
1.27e-11,0.0,0.0,1,4,Malicious,1,Malicious,1
1.27e-11,0.0,0.0,1,4,Malicious,1,Malicious,1
3.8e-05,0.0,0.0,1,4,Malicious,1,Malicious,1
1.27e-11,0.0,0.0,1,4,Malicious,1,Malicious,1
3.48e-08,2.75e-08,1.43e-07,2,8,Benign,0,Benign,0
1.98e-06,0.0,0.0,1,1,Benign,0,Benign,0
1.27e-11,0.0,0.0,1,4,Malicious,1,Malicious,1
3.95e-05,0.0,0.0,1,4,Benign,0,Benign,1
1.27e-11,0.0,0.0,1,4,Malicious,1,Malicious,1
4.01e-05,0.0,0.0,1,4,Malicious,1,Malicious,1
0.000409058,5.5e-08,0.0,2,4,Benign,0,Benign,0
1.58e-08,1.66e-08,1.34e-07,2,8,Benign,0,Benign,0
3.8e-08,2.75e-08,1.43e-07,2,8,Benign,0,Benign,0
0.0,0.0,0.0,1,4,Malicious,1,Malicious,1
3.98e-05,0.0,0.0,1,4,Benign,0,Benign,1
5.07e-11,0.0,0.0,1,4,Malicious,1,Malicious,1
1.27e-11,0.0,0.0,1,4,Malicious,1,Malicious,1
1.27e-11,0.0,0.0,1,4,Malicious,1,Malicious,1
1.27e-11,0.0,0.0,1,4,Malicious,1,Malicious,1
3.97e-05,0.0,0.0,1,4,Malicious,1,Malicious,1
4.43e-08,2.75e-08,1.43e-07,2,8,Benign,0,Benign,0
2.21e-08,2.75e-08,1.43e-07,2,8,Benign,0,Benign,0
1.01e-10,0.0,0.0,1,4,Malicious,1,Malicious,1
3.81e-11,0.0,0.0,1,4,Malicious,1,Malicious,1
3.74e-07,2.75e-08,1.43e-07,2,8,Benign,0,Benign,0
1.44e-06,2.75e-08,1.43e-07,2,8,Benign,0,Benign,0
1.27e-11,0.0,0.0,1,4,Malicious,1,Malicious,1
1.01e-10,0.0,0.0,1,4,Malicious,1,Malicious,1
1.14e-06,1.06e-06,4.57e-06,1,8,Benign,0,Benign,0
3.98e-05,0.0,0.0,1,4,Benign,0,Benign,1
3.98e-05,0.0,0.0,1,4,Malicious,1,Malicious,1
0.0,0.0,0.0,1,4,Malicious,1,Malicious,1
0.0,0.0,0.0,1,4,Malicious,1,Malicious,1
3.8e-05,0.0,0.0,1,4,Malicious,1,Malicious,1
1.27e-11,0.0,0.0,1,4,Malicious,1,Malicious,1
0.000419613,3.55e-08,7.99e-07,1,7,Malicious,1,Malicious,1
5.07e-11,0.0,0.0,1,4,Malicious,1,Malicious,1
1.27e-11,0.0,0.0,1,4,Malicious,1,Malicious,1
1.39e-05,3.84e-08,6.92e-07,1,7,Benign,0,Benign,1
7.13e-07,1.95e-08,8.83e-07,2,8,Benign,0,Benign,0
1.27e-11,0.0,0.0,1,4,Malicious,1,Malicious,1
1.27e-11,0.0,0.0,1,4,Malicious,1,Malicious,1
5.07e-11,0.0,0.0,1,4,Malicious,1,Malicious,1
7.67e-07,2.12e-08,5.32e-07,2,8,Benign,0,Benign,0
1.27e-11,0.0,0.0,1,4,Malicious,1,Malicious,1
6.32e-08,2.75e-08,1.43e-07,2,8,Benign,0,Benign,0
6.44e-09,0.0,0.0,1,4,Malicious,1,Malicious,1
3.25e-09,0.0,0.0,1,4,Malicious,1,Malicious,1
6.34e-11,0.0,0.0,1,4,Malicious,1,Malicious,1
3.8e-05,0.0,0.0,1,4,Malicious,1,Malicious,1
3.95e-05,0.0,0.0,1,4,Malicious,1,Malicious,1
1.27e-11,0.0,0.0,1,4,Malicious,1,Malicious,1
3.99e-05,0.0,0.0,1,4,Benign,0,Benign,1
1.27e-11,0.0,0.0,1,4,Malicious,1,Malicious,1
6.34e-11,0.0,0.0,1,4,Malicious,1,Malicious,1
1.27e-11,0.0,0.0,1,4,Malicious,1,Malicious,1
1.27e-11,0.0,0.0,1,4,Malicious,1,Malicious,1
3.81e-11,0.0,0.0,1,4,Malicious,1,Malicious,1
2.53e-08,2.75e-08,1.43e-07,2,8,Benign,0,Benign,0
4e-05,0.0,0.0,1,4,Benign,0,Benign,1
1.13e-05,4.3e-08,7.22e-07,1,7,Malicious,1,Malicious,1
1.18e-06,0.0,0.0,1,1,Malicious,1,Malicious,1
9.82e-07,2.75e-08,1.43e-07,2,8,Benign,0,Benign,0
2.53e-08,2.75e-08,1.43e-07,2,8,Benign,0,Benign,0
3.96e-05,0.0,0.0,1,4,Benign,0,Benign,1
1.33e-07,2.75e-08,1.43e-07,2,8,Benign,0,Benign,0
3.99e-05,0.0,0.0,1,4,Malicious,1,Malicious,1
3.94e-05,0.0,0.0,1,4,Malicious,1,Malicious,1
0.0,0.0,0.0,1,4,Malicious,1,Malicious,1
6.34e-11,0.0,0.0,1,4,Malicious,1,Malicious,1
3.98e-05,0.0,0.0,1,4,Benign,0,Benign,1
3.94e-05,0.0,0.0,1,4,Malicious,1,Malicious,1
3.99e-05,0.0,0.0,1,4,Benign,0,Benign,1
6.35e-05,4.47e-08,0.0,2,4,Benign,0,Benign,0
3.97e-05,0.0,0.0,1,4,Benign,0,Benign,1
1.27e-11,0.0,0.0,1,4,Malicious,1,Malicious,1
3.94e-05,0.0,0.0,1,4,Malicious,1,Malicious,1
4.74e-08,2.75e-08,1.43e-07,2,8,Benign,0,Benign,0
9.19e-08,2.75e-08,1.43e-07,2,8,Benign,0,Benign,0
1.27e-11,0.0,0.0,1,4,Malicious,1,Malicious,1
3.8e-05,0.0,0.0,1,4,Malicious,1,Malicious,1
3.99e-05,0.0,0.0,1,4,Malicious,1,Malicious,1
1.27e-11,0.0,0.0,1,4,Malicious,1,Malicious,1
0.000867818,2.51e-06,1.45e-05,1,3,Benign,0,Benign,0
1.27e-11,0.0,0.0,1,4,Malicious,1,Malicious,1
3.8e-05,0.0,0.0,1,4,Malicious,1,Malicious,1
3.98e-05,0.0,0.0,1,4,Benign,0,Benign,1
3.21e-09,0.0,0.0,1,4,Malicious,1,Malicious,1
6.35e-05,4.47e-08,0.0,2,4,Benign,0,Benign,0
3.8e-05,0.0,0.0,1,4,Malicious,1,Malicious,1
6.34e-11,0.0,0.0,1,4,Malicious,1,Malicious,1
4e-05,0.0,0.0,1,4,Malicious,1,Malicious,1
3.95e-05,0.0,0.0,1,4,Malicious,1,Malicious,1
3.96e-05,0.0,0.0,1,4,Benign,0,Benign,1
1.27e-11,0.0,0.0,1,4,Malicious,1,Malicious,1
1.27e-11,0.0,0.0,1,4,Malicious,1,Malicious,1
1.29e-05,2.98e-08,3.68e-07,1,3,Benign,0,Benign,0
3.92e-05,0.0,0.0,1,4,Benign,0,Benign,1
1.27e-11,0.0,0.0,1,4,Malicious,1,Malicious,1
4.06e-07,2.75e-08,1.43e-07,2,8,Benign,0,Benign,0
1.27e-11,0.0,0.0,1,4,Malicious,1,Malicious,1
3.93e-05,0.0,0.0,1,4,Benign,0,Benign,1
3.34e-06,0.0,0.0,1,1,Benign,0,Benign,0
1.27e-11,0.0,0.0,1,4,Malicious,1,Malicious,1
1.28e-07,2.75e-08,1.43e-07,2,8,Benign,0,Benign,0
1.27e-11,0.0,0.0,1,4,Malicious,1,Malicious,1
1.27e-11,0.0,0.0,1,4,Malicious,1,Malicious,1
3.81e-11,0.0,0.0,1,4,Malicious,1,Malicious,1
4e-05,0.0,0.0,1,4,Benign,0,Benign,1
9.32e-09,2.58e-08,1.34e-07,2,8,Benign,0,Benign,0
0.0,0.0,0.0,1,4,Malicious,1,Malicious,1
6.02e-08,2.75e-08,1.43e-07,2,8,Benign,0,Benign,0
6.34e-11,0.0,0.0,1,4,Malicious,1,Malicious,1
3.23e-09,0.0,0.0,1,4,Malicious,1,Malicious,1
1.27e-11,0.0,0.0,1,4,Malicious,1,Malicious,1
5.07e-11,0.0,0.0,1,4,Malicious,1,Malicious,1
3.22e-09,0.0,0.0,1,4,Malicious,1,Malicious,1
3.22e-09,0.0,0.0,1,4,Malicious,1,Malicious,1
3.97e-05,0.0,0.0,1,4,Malicious,1,Malicious,1
2.54e-11,0.0,0.0,1,4,Malicious,1,Malicious,1
0.0,0.0,0.0,1,4,Malicious,1,Malicious,1
0.0,0.0,0.0,1,4,Malicious,1,Malicious,1
3.8e-05,0.0,0.0,1,4,Malicious,1,Malicious,1
3.8e-05,0.0,0.0,1,4,Malicious,1,Malicious,1
1.27e-11,0.0,0.0,1,4,Malicious,1,Malicious,1
1.27e-11,0.0,0.0,1,4,Malicious,1,Malicious,1
1.27e-11,0.0,0.0,1,4,Malicious,1,Malicious,1
1.27e-11,0.0,0.0,1,4,Malicious,1,Malicious,1
1.27e-11,0.0,0.0,1,4,Malicious,1,Malicious,1
9.46e-09,0.0,0.0,1,4,Malicious,1,Malicious,1
1.27e-11,0.0,0.0,1,4,Malicious,1,Malicious,1
4e-05,0.0,0.0,1,4,Benign,0,Benign,1
6.18e-09,1.66e-08,1.34e-07,2,8,Benign,0,Benign,0
3.99e-05,0.0,0.0,1,4,Malicious,1,Malicious,1
3.8e-05,0.0,0.0,1,4,Malicious,1,Malicious,1
3.79e-05,0.0,0.0,1,4,Malicious,1,Malicious,1
3.15e-09,0.0,0.0,1,4,Malicious,1,Malicious,1
1.27e-11,0.0,0.0,1,4,Malicious,1,Malicious,1
9.41e-09,0.0,0.0,1,4,Malicious,1,Malicious,1
1.27e-11,0.0,0.0,1,4,Malicious,1,Malicious,1
2.21e-08,2.75e-08,1.43e-07,2,8,Benign,0,Benign,0
3.8e-05,0.0,0.0,1,4,Malicious,1,Malicious,1
3.95e-05,0.0,0.0,1,4,Benign,0,Benign,1
1.27e-11,0.0,0.0,1,4,Malicious,1,Malicious,1
3.22e-09,0.0,0.0,1,4,Malicious,1,Malicious,1
1.27e-11,0.0,0.0,1,4,Malicious,1,Malicious,1
3.94e-05,0.0,0.0,1,4,Malicious,1,Malicious,1
5.31e-05,4.3e-08,7.22e-07,1,7,Malicious,1,Malicious,1
3.95e-05,0.0,0.0,1,4,Malicious,1,Malicious,1
1.27e-11,0.0,0.0,1,4,Malicious,1,Malicious,1
1.27e-11,0.0,0.0,1,4,Malicious,1,Malicious,1
4.12e-08,1.66e-08,1.34e-07,2,8,Benign,0,Benign,0
1.01e-10,0.0,0.0,1,4,Malicious,1,Malicious,1
5.07e-11,0.0,0.0,1,4,Malicious,1,Malicious,1
1.27e-11,0.0,0.0,1,4,Malicious,1,Malicious,1
4e-05,0.0,0.0,1,4,Malicious,1,Malicious,1
1.61e-06,2.75e-08,1.43e-07,2,8,Benign,0,Benign,0
3.91e-05,0.0,0.0,1,4,Malicious,1,Malicious,1
1.27e-11,0.0,0.0,1,4,Malicious,1,Malicious,1
1.27e-11,0.0,0.0,1,4,Malicious,1,Malicious,1
1.27e-11,0.0,0.0,1,4,Malicious,1,Malicious,1
6.66e-08,2.58e-08,1.34e-07,2,8,Benign,0,Benign,0
5.07e-11,0.0,0.0,1,4,Malicious,1,Malicious,1
3.96e-05,0.0,0.0,1,4,Malicious,1,Malicious,1
3.22e-09,0.0,0.0,1,4,Malicious,1,Malicious,1
2.6e-09,0.0,0.0,1,4,Malicious,1,Malicious,1
3.99e-05,0.0,0.0,1,4,Malicious,1,Malicious,1
6.34e-11,0.0,0.0,1,4,Malicious,1,Malicious,1
9.31e-07,0.0,0.0,1,1,Malicious,1,Malicious,1
2.54e-05,4.58e-08,0.0,0,0,Benign,0,Benign,0
0.000482581,3.55e-08,7.99e-07,1,7,Malicious,1,Malicious,1
5.07e-11,0.0,0.0,1,4,Malicious,1,Malicious,1
1.27e-11,0.0,0.0,1,4,Malicious,1,Malicious,1
5.07e-11,0.0,0.0,1,4,Malicious,1,Malicious,1
3.94e-05,0.0,0.0,1,4,Malicious,1,Malicious,1
1.27e-11,0.0,0.0,1,4,Malicious,1,Malicious,1
0.0,0.0,0.0,1,4,Malicious,1,Malicious,1
1.27e-11,0.0,0.0,1,4,Malicious,1,Malicious,1
5.07e-11,5.5e-08,0.0,2,4,Benign,0,Benign,0
1.27e-11,0.0,0.0,1,4,Malicious,1,Malicious,1
6.35e-05,4.47e-08,0.0,2,4,Benign,0,Benign,0
3.97e-05,0.0,0.0,1,4,Malicious,1,Malicious,1
0.0,0.0,0.0,1,4,Malicious,1,Malicious,1
5.07e-11,0.0,0.0,1,4,Malicious,1,Malicious,1
1.27e-11,0.0,0.0,1,4,Malicious,1,Malicious,1
6.35e-05,4.47e-08,0.0,2,4,Benign,0,Benign,0
6.97e-08,2.75e-08,1.43e-07,2,8,Benign,0,Benign,0
3.99e-05,0.0,0.0,1,4,Malicious,1,Malicious,1
3.3e-09,0.0,0.0,1,4,Malicious,1,Malicious,1
3.95e-05,0.0,0.0,1,4,Benign,0,Benign,1
3.81e-11,0.0,0.0,1,4,Malicious,1,Malicious,1
6.34e-08,2.75e-08,1.43e-07,2,8,Benign,0,Benign,0
6.34e-11,0.0,0.0,1,4,Malicious,1,Malicious,1
1.27e-11,0.0,0.0,1,4,Malicious,1,Malicious,1
1.27e-11,0.0,0.0,1,4,Malicious,1,Malicious,1
3.8e-05,0.0,0.0,1,4,Malicious,1,Malicious,1
3.23e-09,0.0,0.0,1,4,Malicious,1,Malicious,1
6.33e-08,2.75e-08,1.43e-07,2,8,Benign,0,Benign,0
3.98e-05,0.0,0.0,1,4,Benign,0,Benign,1
1.27e-11,0.0,0.0,1,4,Malicious,1,Malicious,1
1.68e-07,2.75e-08,1.43e-07,2,8,Benign,0,Benign,0
1.27e-11,0.0,0.0,1,4,Malicious,1,Malicious,1
4e-05,0.0,0.0,1,4,Malicious,1,Malicious,1
3.23e-09,0.0,0.0,1,4,Malicious,1,Malicious,1
3.8e-05,0.0,0.0,1,4,Malicious,1,Malicious,1
1.27e-11,0.0,0.0,1,4,Malicious,1,Malicious,1
6.34e-11,0.0,0.0,1,4,Malicious,1,Malicious,1
6.34e-11,0.0,0.0,1,4,Malicious,1,Malicious,1
5.7e-08,2.58e-08,1.34e-07,2,8,Benign,0,Benign,0
1.27e-11,0.0,0.0,1,4,Malicious,1,Malicious,1
3.81e-11,0.0,0.0,1,4,Malicious,1,Malicious,1
1.27e-11,0.0,0.0,1,4,Malicious,1,Malicious,1
3.8e-05,0.0,0.0,1,4,Malicious,1,Malicious,1
3.99e-05,0.0,0.0,1,4,Malicious,1,Malicious,1
1.27e-11,0.0,0.0,1,4,Malicious,1,Malicious,1
0.0,0.0,0.0,1,4,Malicious,1,Malicious,1
1.27e-11,0.0,0.0,1,4,Malicious,1,Malicious,1
3.96e-05,0.0,0.0,1,4,Benign,0,Benign,1
5.07e-11,0.0,0.0,1,4,Malicious,1,Malicious,1
3.8e-05,0.0,0.0,1,4,Malicious,1,Malicious,1
1.27e-11,0.0,0.0,1,4,Malicious,1,Malicious,1
3.97e-05,0.0,0.0,1,4,Malicious,1,Malicious,1
3.27e-09,0.0,0.0,1,4,Malicious,1,Malicious,1
3.96e-05,0.0,0.0,1,4,Malicious,1,Malicious,1
3.91e-05,0.0,0.0,1,4,Malicious,1,Malicious,1
1.27e-11,0.0,0.0,1,4,Malicious,1,Malicious,1
3.18e-09,0.0,0.0,1,4,Malicious,1,Malicious,1
1.27e-11,0.0,0.0,1,4,Malicious,1,Malicious,1
1.36e-05,3.78e-08,6.63e-07,1,7,Benign,0,Benign,0
1.36e-05,3.84e-08,6.92e-07,1,7,Benign,0,Benign,0
3.99e-05,0.0,0.0,1,4,Malicious,1,Malicious,1
3.94e-05,0.0,0.0,1,4,Malicious,1,Malicious,1
3.21e-09,0.0,0.0,1,4,Malicious,1,Malicious,1
2.21e-08,2.75e-08,1.43e-07,2,8,Benign,0,Benign,0
3.81e-11,0.0,0.0,1,4,Malicious,1,Malicious,1
3.8e-05,0.0,0.0,1,4,Malicious,1,Malicious,1
3.94e-05,0.0,0.0,1,4,Malicious,1,Malicious,1
3.94e-05,0.0,0.0,1,4,Malicious,1,Malicious,1
5.07e-11,0.0,0.0,1,4,Malicious,1,Malicious,1
5.07e-11,0.0,0.0,1,4,Malicious,1,Malicious,1
0.000752536,1.72e-06,0.0,2,4,Benign,0,Benign,0
6.02e-08,2.75e-08,1.43e-07,2,8,Benign,0,Benign,0
3.99e-05,0.0,0.0,1,4,Benign,0,Benign,1
3.96e-05,0.0,0.0,1,4,Malicious,1,Malicious,1
1.27e-11,0.0,0.0,1,4,Malicious,1,Malicious,1
7.3e-08,2.75e-08,1.43e-07,2,8,Benign,0,Benign,0
3.81e-11,0.0,0.0,1,4,Malicious,1,Malicious,1
3.93e-05,0.0,0.0,1,4,Malicious,1,Malicious,1
1.27e-11,0.0,0.0,1,4,Malicious,1,Malicious,1
3.96e-05,0.0,0.0,1,4,Malicious,1,Malicious,1
2.21e-08,2.75e-08,1.43e-07,2,8,Benign,0,Benign,0
3.95e-05,0.0,0.0,1,4,Malicious,1,Malicious,1
1.89e-08,2.75e-08,1.43e-07,2,8,Benign,0,Benign,0
3.94e-05,0.0,0.0,1,4,Malicious,1,Malicious,1
0.0,0.0,0.0,1,4,Malicious,1,Malicious,1
1.27e-11,0.0,0.0,1,4,Malicious,1,Malicious,1
3.95e-05,0.0,0.0,1,4,Benign,0,Benign,1
3.8e-05,0.0,0.0,1,4,Benign,0,Benign,1
1.27e-11,0.0,0.0,1,4,Malicious,1,Malicious,1
3.96e-05,0.0,0.0,1,4,Benign,0,Benign,1
9.6e-09,1.66e-08,1.34e-07,2,8,Benign,0,Benign,0
5.07e-11,0.0,0.0,1,4,Malicious,1,Malicious,1
5.07e-11,0.0,0.0,1,4,Malicious,1,Malicious,1
5.07e-11,0.0,0.0,1,4,Malicious,1,Malicious,1
3.93e-05,0.0,0.0,1,4,Benign,0,Benign,1
5.24e-05,4.3e-08,7.22e-07,1,7,Malicious,1,Malicious,1
6.65e-08,2.75e-08,1.43e-07,2,8,Benign,0,Benign,0
0.000773945,1.72e-06,0.0,2,4,Benign,0,Benign,0
3.96e-05,0.0,0.0,1,4,Malicious,1,Malicious,1
1.27e-11,0.0,0.0,1,4,Malicious,1,Malicious,1
1.27e-11,0.0,0.0,1,4,Malicious,1,Malicious,1
1.42e-05,4.3e-08,7.22e-07,1,7,Malicious,1,Malicious,1
3.95e-05,0.0,0.0,1,4,Malicious,1,Malicious,1
5.21e-05,3.84e-08,6.92e-07,1,7,Benign,0,Benign,1
3.09e-06,0.0,0.0,1,8,Benign,0,Benign,0
1.27e-11,0.0,0.0,1,4,Malicious,1,Malicious,1
6.33e-09,1.66e-08,1.34e-07,2,8,Benign,0,Benign,0
5.07e-11,0.0,0.0,1,4,Malicious,1,Malicious,1
1.27e-11,0.0,0.0,1,4,Malicious,1,Malicious,1
3.8e-05,0.0,0.0,1,4,Malicious,1,Malicious,1
3.8e-05,0.0,0.0,1,4,Malicious,1,Malicious,1
0.0,0.0,0.0,1,4,Malicious,1,Malicious,1
3.75e-06,0.0,0.0,1,1,Benign,0,Benign,0
3.94e-05,0.0,0.0,1,4,Benign,0,Benign,1
6.33e-09,1.66e-08,1.34e-07,2,8,Benign,0,Benign,0
3.93e-05,0.0,0.0,1,4,Malicious,1,Malicious,1
1.27e-11,0.0,0.0,1,4,Malicious,1,Malicious,1
3.8e-05,0.0,0.0,1,4,Malicious,1,Malicious,1
0.0,0.0,0.0,1,4,Malicious,1,Malicious,1
1.14e-07,2.75e-08,1.43e-07,2,8,Benign,0,Benign,0
1.27e-11,0.0,0.0,1,4,Malicious,1,Malicious,1
1.27e-11,0.0,0.0,1,4,Malicious,1,Malicious,1
3.93e-05,0.0,0.0,1,4,Malicious,1,Malicious,1
3.96e-05,0.0,0.0,1,4,Malicious,1,Malicious,1
1.41e-05,4.3e-08,7.22e-07,1,7,Malicious,1,Malicious,1
1.27e-11,0.0,0.0,1,4,Malicious,1,Malicious,1
5.07e-11,0.0,0.0,1,4,Malicious,1,Malicious,1
3.27e-09,0.0,0.0,1,4,Malicious,1,Malicious,1
3.94e-05,0.0,0.0,1,4,Benign,0,Benign,1
2.21e-08,2.75e-08,1.43e-07,2,8,Benign,0,Benign,0
1.9e-08,1.66e-08,1.34e-07,2,8,Benign,0,Benign,0
4.75e-08,2.75e-08,1.43e-07,2,8,Benign,0,Benign,0
3.22e-09,0.0,0.0,1,4,Malicious,1,Malicious,1
5.19e-05,4.3e-08,7.22e-07,1,7,Malicious,1,Malicious,1
6.35e-05,4.47e-08,0.0,2,4,Benign,0,Benign,0
1.27e-11,0.0,0.0,1,4,Malicious,1,Malicious,1
3.98e-05,0.0,0.0,1,4,Malicious,1,Malicious,1
4e-05,0.0,0.0,1,4,Benign,0,Benign,1
1.27e-11,0.0,0.0,1,4,Malicious,1,Malicious,1
1.27e-11,0.0,0.0,1,4,Malicious,1,Malicious,1
3.8e-05,0.0,0.0,1,4,Malicious,1,Malicious,1
6.34e-11,0.0,0.0,1,4,Malicious,1,Malicious,1
3.96e-05,0.0,0.0,1,4,Malicious,1,Malicious,1
3.95e-05,0.0,0.0,1,4,Benign,0,Benign,1
1.27e-11,0.0,0.0,1,4,Malicious,1,Malicious,1
6.37e-09,0.0,0.0,1,4,Malicious,1,Malicious,1
6.34e-11,0.0,0.0,1,4,Malicious,1,Malicious,1
3.23e-09,0.0,0.0,1,4,Malicious,1,Malicious,1
3.15e-08,2.75e-08,1.43e-07,2,8,Benign,0,Benign,0
1.38e-06,2.75e-08,1.43e-07,2,8,Benign,0,Benign,0
3.99e-05,0.0,0.0,1,4,Malicious,1,Malicious,1
0.000451048,3.55e-08,7.99e-07,1,7,Malicious,1,Malicious,1
6.35e-05,4.47e-08,0.0,2,4,Benign,0,Benign,0
4.69e-07,5.16e-08,2.67e-07,2,8,Benign,0,Benign,0
5.07e-11,0.0,0.0,1,4,Malicious,1,Malicious,1
1.27e-11,0.0,0.0,1,4,Malicious,1,Malicious,1
3.97e-05,0.0,0.0,1,4,Benign,0,Benign,1
6.34e-11,0.0,0.0,1,4,Malicious,1,Malicious,1
6.35e-05,4.47e-08,3.06e-07,2,8,Benign,0,Benign,0
3.79e-05,0.0,0.0,1,4,Malicious,1,Malicious,1
3.8e-05,0.0,0.0,1,4,Malicious,1,Malicious,1
3.98e-05,0.0,0.0,1,4,Malicious,1,Malicious,1
3.8e-05,0.0,0.0,1,4,Malicious,1,Malicious,1
0.000759378,1.72e-06,0.0,2,4,Benign,0,Benign,0
5.07e-11,0.0,0.0,1,4,Malicious,1,Malicious,1
3.8e-05,0.0,0.0,1,4,Malicious,1,Malicious,1
3.96e-05,0.0,0.0,1,4,Malicious,1,Malicious,1
1.05e-07,5.5e-08,2.85e-07,2,8,Benign,0,Benign,0
1.27e-11,0.0,0.0,1,4,Malicious,1,Malicious,1
3.98e-05,0.0,0.0,1,4,Benign,0,Benign,1
2.21e-08,2.75e-08,1.43e-07,2,8,Benign,0,Benign,0
1.27e-11,0.0,0.0,1,4,Malicious,1,Malicious,1
7.27e-08,2.75e-08,1.43e-07,2,8,Benign,0,Benign,0
1.27e-11,0.0,0.0,1,4,Malicious,1,Malicious,1
3.47e-08,2.75e-08,1.43e-07,2,8,Benign,0,Benign,0
5.07e-11,0.0,0.0,1,4,Malicious,1,Malicious,1
1.71e-07,2.24e-08,3.06e-07,2,8,Benign,0,Benign,0
6.34e-11,0.0,0.0,1,4,Malicious,1,Malicious,1
3.8e-05,0.0,0.0,1,4,Benign,0,Benign,1
1.01e-07,0.0,9.03e-07,1,0,Benign,0,Benign,0
1.05e-07,5.5e-08,2.85e-07,2,8,Benign,0,Benign,0
5.07e-11,0.0,0.0,1,4,Malicious,1,Malicious,1
3.96e-05,0.0,0.0,1,4,Malicious,1,Malicious,1
1.36e-05,8.6e-08,4.67e-06,1,8,Benign,0,Benign,0
4e-05,0.0,0.0,1,4,Benign,0,Benign,1
5.07e-11,0.0,0.0,1,4,Malicious,1,Malicious,1
1.37e-05,4.3e-08,7.22e-07,1,7,Malicious,1,Malicious,0
1.27e-11,0.0,0.0,1,4,Malicious,1,Malicious,1
5.07e-11,0.0,0.0,1,4,Malicious,1,Malicious,1
1.27e-11,0.0,0.0,1,4,Malicious,1,Malicious,1
5.07e-11,0.0,0.0,1,4,Malicious,1,Malicious,1
5.07e-11,0.0,0.0,1,4,Malicious,1,Malicious,1
3.8e-05,0.0,0.0,1,4,Malicious,1,Malicious,1
1.27e-11,0.0,0.0,1,4,Malicious,1,Malicious,1
4e-05,0.0,0.0,1,4,Malicious,1,Malicious,1
3.92e-05,0.0,0.0,1,4,Benign,0,Benign,1
3.21e-09,0.0,0.0,1,4,Malicious,1,Malicious,1
3.97e-05,0.0,0.0,1,4,Benign,0,Benign,1
0.003804535,6.37e-06,1.45e-05,1,8,Benign,0,Benign,0
2.21e-08,2.75e-08,1.43e-07,2,8,Benign,0,Benign,0
3.22e-09,0.0,0.0,1,4,Malicious,1,Malicious,1
5.07e-11,0.0,0.0,1,4,Malicious,1,Malicious,1
3.94e-05,0.0,0.0,1,4,Malicious,1,Malicious,1
3.8e-05,0.0,0.0,1,4,Malicious,1,Malicious,1
3.48e-08,2.75e-08,1.43e-07,2,8,Benign,0,Benign,0
5.07e-11,0.0,0.0,1,4,Malicious,1,Malicious,1
6.34e-11,0.0,0.0,1,4,Malicious,1,Malicious,1
3.95e-05,0.0,0.0,1,4,Benign,0,Benign,1
9.47e-09,1.66e-08,1.34e-07,2,8,Benign,0,Benign,0
3.97e-05,0.0,0.0,1,4,Malicious,1,Malicious,1
1.27e-11,0.0,0.0,1,4,Malicious,1,Malicious,1
1.27e-11,0.0,0.0,1,4,Malicious,1,Malicious,1
3.79e-05,0.0,0.0,1,4,Malicious,1,Malicious,1
5.07e-11,0.0,0.0,1,4,Malicious,1,Malicious,1
6.43e-07,0.0,0.0,1,1,Malicious,1,Malicious,1
3.94e-05,0.0,0.0,1,4,Malicious,1,Malicious,1
3.81e-11,0.0,0.0,1,4,Malicious,1,Malicious,1
1.27e-11,0.0,0.0,1,4,Malicious,1,Malicious,1
1.27e-11,0.0,0.0,1,4,Malicious,1,Malicious,1
5.07e-11,0.0,0.0,1,4,Malicious,1,Malicious,1
2.77e-06,2.75e-08,1.43e-07,2,8,Benign,0,Benign,0
2.2e-08,2.75e-08,1.43e-07,2,8,Benign,0,Benign,0
6.35e-05,4.47e-08,0.0,2,4,Benign,0,Benign,0
5.07e-11,0.0,0.0,1,4,Malicious,1,Malicious,1
1.27e-11,0.0,0.0,1,4,Malicious,1,Malicious,1
1.38e-05,3.84e-08,6.92e-07,1,7,Benign,0,Benign,0
0.0,0.0,0.0,1,4,Malicious,1,Malicious,1
6.34e-11,0.0,0.0,1,4,Malicious,1,Malicious,1
3.99e-05,0.0,0.0,1,4,Benign,0,Benign,1
6.32e-09,1.66e-08,1.34e-07,2,8,Benign,0,Benign,0
6.32e-08,2.75e-08,1.43e-07,2,8,Benign,0,Benign,0
5.07e-11,0.0,0.0,1,4,Malicious,1,Malicious,1
1.49e-07,2.58e-08,1.34e-07,2,8,Benign,0,Benign,0
5.07e-11,0.0,0.0,1,4,Malicious,1,Malicious,1
6.35e-05,4.47e-08,0.0,2,4,Benign,0,Benign,0
1.27e-11,0.0,0.0,1,4,Malicious,1,Malicious,1
3.97e-05,0.0,0.0,1,4,Malicious,1,Malicious,1
0.0,0.0,0.0,1,4,Malicious,1,Malicious,1
5.07e-11,0.0,0.0,1,4,Malicious,1,Malicious,1
6.34e-11,0.0,0.0,1,4,Malicious,1,Malicious,1
6.34e-11,0.0,0.0,1,4,Malicious,1,Malicious,1
3.22e-09,0.0,0.0,1,4,Malicious,1,Malicious,1
6.39e-09,0.0,0.0,1,4,Malicious,1,Malicious,1
3.97e-05,0.0,0.0,1,4,Benign,0,Benign,1
1.27e-11,0.0,0.0,1,4,Malicious,1,Malicious,1
1.27e-11,0.0,0.0,1,4,Malicious,1,Malicious,1
3.81e-11,0.0,0.0,1,4,Malicious,1,Malicious,1
3.16e-08,1.66e-08,1.34e-07,2,8,Benign,0,Benign,0
3.8e-05,0.0,0.0,1,4,Malicious,1,Malicious,1
3.8e-05,0.0,0.0,1,4,Malicious,1,Malicious,1
1.27e-11,0.0,0.0,1,4,Malicious,1,Malicious,1
1.27e-11,0.0,0.0,1,4,Malicious,1,Malicious,1
1.4e-05,4.3e-08,7.22e-07,1,7,Malicious,1,Malicious,1
5.07e-11,0.0,0.0,1,4,Malicious,1,Malicious,1
1.27e-11,0.0,0.0,1,4,Malicious,1,Malicious,1
2.2e-08,2.75e-08,1.43e-07,2,8,Benign,0,Benign,0
3.94e-05,0.0,0.0,1,4,Malicious,1,Malicious,1
3.95e-05,0.0,0.0,1,4,Malicious,1,Malicious,1
3.8e-05,0.0,0.0,1,4,Malicious,1,Malicious,1
3.97e-05,0.0,0.0,1,4,Malicious,1,Malicious,1
2.21e-08,2.75e-08,1.43e-07,2,8,Benign,0,Benign,0
3.98e-05,0.0,0.0,1,4,Malicious,1,Malicious,1
0.0,0.0,0.0,1,4,Malicious,1,Malicious,1
1.27e-11,0.0,0.0,1,4,Malicious,1,Malicious,1
6.34e-11,0.0,0.0,1,4,Malicious,1,Malicious,1
1.27e-11,0.0,0.0,1,4,Malicious,1,Malicious,1
1.37e-05,3.84e-08,6.92e-07,1,7,Benign,0,Benign,0
5.07e-11,0.0,0.0,1,4,Malicious,1,Malicious,1
1.27e-11,0.0,0.0,1,4,Malicious,1,Malicious,1
3.79e-05,0.0,0.0,1,4,Malicious,1,Malicious,1
3.22e-09,0.0,0.0,1,4,Malicious,1,Malicious,1
1.27e-11,0.0,0.0,1,4,Malicious,1,Malicious,1
1.27e-11,0.0,0.0,1,4,Malicious,1,Malicious,1
1.27e-11,0.0,0.0,1,4,Malicious,1,Malicious,1
3.8e-05,0.0,0.0,1,4,Malicious,1,Malicious,1
3.94e-05,0.0,0.0,1,4,Benign,0,Benign,1
1.27e-11,0.0,0.0,1,4,Malicious,1,Malicious,1
3.48e-08,2.75e-08,1.43e-07,2,8,Benign,0,Benign,0
3.96e-05,0.0,0.0,1,4,Malicious,1,Malicious,1
3.99e-05,0.0,0.0,1,4,Benign,0,Benign,1
0.0,0.0,0.0,1,4,Malicious,1,Malicious,1
1.27e-11,0.0,0.0,1,4,Malicious,1,Malicious,1
3.95e-05,0.0,0.0,1,4,Malicious,1,Malicious,1
0.0,0.0,0.0,1,4,Malicious,1,Malicious,1
6.34e-11,0.0,0.0,1,4,Malicious,1,Malicious,1
5.07e-11,0.0,0.0,1,4,Malicious,1,Malicious,1
3.8e-05,0.0,0.0,1,4,Malicious,1,Malicious,1
3.8e-05,0.0,0.0,1,4,Malicious,1,Malicious,1
1.27e-11,0.0,0.0,1,4,Malicious,1,Malicious,1
4.01e-05,0.0,0.0,1,4,Malicious,1,Malicious,1
5.27e-05,3.84e-08,6.92e-07,1,7,Benign,0,Benign,1
5.07e-11,0.0,0.0,1,4,Malicious,1,Malicious,1
1.89e-08,2.75e-08,1.43e-07,2,8,Benign,0,Benign,0
4e-05,0.0,0.0,1,4,Benign,0,Benign,1
3.8e-05,0.0,0.0,1,4,Malicious,1,Malicious,1
5.07e-11,0.0,0.0,1,4,Malicious,1,Malicious,1
7.98e-07,2.58e-08,1.34e-07,2,8,Benign,0,Benign,0
1.01e-10,0.0,0.0,1,4,Malicious,1,Malicious,1
3.99e-05,0.0,0.0,1,4,Malicious,1,Malicious,1
1.27e-11,0.0,0.0,1,4,Malicious,1,Malicious,1
3.98e-05,0.0,0.0,1,4,Benign,0,Benign,1
6.33e-09,2.58e-08,1.34e-07,2,8,Benign,0,Benign,0
3.96e-05,0.0,0.0,1,4,Benign,0,Benign,1
1.27e-11,0.0,0.0,1,4,Malicious,1,Malicious,1
5.18e-05,3.84e-08,6.92e-07,1,7,Benign,0,Benign,1
7.29e-08,2.75e-08,1.43e-07,2,8,Benign,0,Benign,0
1.27e-11,0.0,0.0,1,4,Malicious,1,Malicious,1
0.0,0.0,0.0,1,4,Malicious,1,Malicious,1
7.45e-07,2.58e-08,1.34e-07,2,8,Benign,0,Benign,0
6.34e-11,0.0,0.0,1,4,Malicious,1,Malicious,1
3.97e-05,0.0,0.0,1,4,Benign,0,Benign,1
3.81e-11,0.0,0.0,1,4,Malicious,1,Malicious,1
3.92e-05,0.0,0.0,1,4,Malicious,1,Malicious,1
3.91e-05,0.0,0.0,1,4,Malicious,1,Malicious,1
5.07e-11,0.0,0.0,1,4,Malicious,1,Malicious,1
1.27e-11,0.0,0.0,1,4,Malicious,1,Malicious,1
3.8e-05,0.0,0.0,1,4,Malicious,1,Malicious,1
3.93e-05,0.0,0.0,1,4,Malicious,1,Malicious,1
1.27e-11,0.0,0.0,1,4,Malicious,1,Malicious,1
1.27e-11,0.0,0.0,1,4,Malicious,1,Malicious,1
3.48e-08,2.75e-08,1.43e-07,2,8,Benign,0,Benign,0
1.27e-11,0.0,0.0,1,4,Malicious,1,Malicious,1
1.27e-11,0.0,0.0,1,4,Malicious,1,Malicious,1
0.0,0.0,0.0,1,4,Malicious,1,Malicious,1
1.27e-11,0.0,0.0,1,4,Malicious,1,Malicious,1
3.8e-05,0.0,0.0,1,4,Malicious,1,Malicious,1
3.93e-05,0.0,0.0,1,4,Malicious,1,Malicious,1
1.27e-11,0.0,0.0,1,4,Malicious,1,Malicious,1
3.98e-05,0.0,0.0,1,4,Benign,0,Benign,1
3.8e-05,0.0,0.0,1,4,Malicious,1,Malicious,1
3.8e-05,0.0,0.0,1,4,Malicious,1,Malicious,1
3.8e-05,0.0,0.0,1,4,Malicious,1,Malicious,1
3.8e-05,0.0,0.0,1,4,Malicious,1,Malicious,1
6.41e-09,0.0,0.0,1,4,Malicious,1,Malicious,1
1.27e-11,0.0,0.0,1,4,Malicious,1,Malicious,1
4.01e-05,0.0,0.0,1,4,Malicious,1,Malicious,1
9.26e-09,2.58e-08,1.34e-07,2,8,Benign,0,Benign,0
2.87e-09,0.0,0.0,1,4,Malicious,1,Malicious,1
3.8e-05,0.0,0.0,1,4,Malicious,1,Malicious,1
1.27e-11,0.0,0.0,1,4,Malicious,1,Malicious,1
3.99e-05,0.0,0.0,1,4,Malicious,1,Malicious,1
3.98e-05,0.0,0.0,1,4,Malicious,1,Malicious,1
3.57e-06,0.0,0.0,1,1,Benign,0,Benign,0
3.99e-05,0.0,0.0,1,4,Benign,0,Benign,1
3.98e-05,0.0,0.0,1,4,Benign,0,Benign,1
1.27e-11,0.0,0.0,1,4,Malicious,1,Malicious,1
1.27e-11,0.0,0.0,1,4,Malicious,1,Malicious,1
1.27e-11,0.0,0.0,1,4,Malicious,1,Malicious,1
6.98e-08,5.5e-08,2.85e-07,2,8,Benign,0,Benign,0
1.27e-11,0.0,0.0,1,4,Malicious,1,Malicious,1
0.0,0.0,0.0,1,4,Malicious,1,Malicious,1
1.27e-11,0.0,0.0,1,4,Malicious,1,Malicious,1
6.34e-11,0.0,0.0,1,4,Malicious,1,Malicious,1
1.27e-11,0.0,0.0,1,4,Malicious,1,Malicious,1
5.07e-11,0.0,0.0,1,4,Malicious,1,Malicious,1
5.07e-11,0.0,0.0,1,4,Malicious,1,Malicious,1
3.8e-05,0.0,0.0,1,4,Malicious,1,Malicious,1
3.8e-05,0.0,0.0,1,4,Malicious,1,Malicious,1
1.27e-11,0.0,0.0,1,4,Malicious,1,Malicious,1
1.27e-11,0.0,0.0,1,4,Malicious,1,Malicious,1
1.27e-11,0.0,0.0,1,4,Malicious,1,Malicious,1
1.27e-11,0.0,0.0,1,4,Malicious,1,Malicious,1
3.8e-05,0.0,0.0,1,4,Malicious,1,Malicious,1
3.95e-05,0.0,0.0,1,4,Malicious,1,Malicious,1
1.11e-06,2.75e-08,1.43e-07,2,8,Benign,0,Benign,0
4e-05,0.0,0.0,1,4,Benign,0,Benign,1
1.27e-11,0.0,0.0,1,4,Malicious,1,Malicious,1
3.8e-05,0.0,0.0,1,4,Malicious,1,Malicious,1
1.27e-11,0.0,0.0,1,4,Malicious,1,Malicious,1
3.97e-05,0.0,0.0,1,4,Malicious,1,Malicious,1
1.27e-11,0.0,0.0,1,4,Malicious,1,Malicious,1
6.34e-11,0.0,0.0,1,4,Malicious,1,Malicious,1
3.16e-08,2.75e-08,1.43e-07,2,8,Benign,0,Benign,0
3.97e-05,0.0,0.0,1,4,Malicious,1,Malicious,1
6.32e-08,2.75e-08,1.43e-07,2,8,Benign,0,Benign,0
3.95e-05,0.0,0.0,1,4,Benign,0,Benign,1
0.0,0.0,0.0,1,4,Malicious,1,Malicious,1
1.27e-11,0.0,0.0,1,4,Malicious,1,Malicious,1
1.27e-11,0.0,0.0,1,4,Malicious,1,Malicious,1
1.27e-11,0.0,0.0,1,4,Malicious,1,Malicious,1
1.27e-11,0.0,0.0,1,4,Malicious,1,Malicious,1
3.97e-05,0.0,0.0,1,4,Benign,0,Benign,1
3.97e-05,0.0,0.0,1,4,Malicious,1,Malicious,1
3.96e-05,0.0,0.0,1,4,Benign,0,Benign,1
2.21e-08,2.75e-08,1.43e-07,2,8,Benign,0,Benign,0
6.35e-05,4.47e-08,0.0,2,4,Benign,0,Benign,0
1.27e-11,0.0,0.0,1,4,Malicious,1,Malicious,1
2.34e-05,1.89e-07,0.0,2,4,Benign,0,Benign,0
2.54e-11,0.0,0.0,1,4,Malicious,1,Malicious,1
3.95e-05,0.0,0.0,1,4,Malicious,1,Malicious,1
3.99e-05,0.0,0.0,1,4,Malicious,1,Malicious,1
9.27e-09,1.66e-08,1.34e-07,2,8,Benign,0,Benign,0
1.27e-11,0.0,0.0,1,4,Malicious,1,Malicious,1
1.27e-11,0.0,0.0,1,4,Malicious,1,Malicious,1
4.01e-05,0.0,0.0,1,4,Malicious,1,Malicious,1
1.27e-11,0.0,0.0,1,4,Malicious,1,Malicious,1
3.8e-05,0.0,0.0,1,4,Malicious,1,Malicious,1
5.07e-11,0.0,0.0,1,4,Malicious,1,Malicious,1
5.07e-11,0.0,0.0,1,4,Malicious,1,Malicious,1
1.27e-11,0.0,0.0,1,4,Malicious,1,Malicious,1
1.27e-11,0.0,0.0,1,4,Malicious,1,Malicious,1
1.27e-11,0.0,0.0,1,4,Malicious,1,Malicious,1
1.27e-11,0.0,0.0,1,4,Malicious,1,Malicious,1
8.22e-08,2.75e-08,1.43e-07,2,8,Benign,0,Benign,0
3.16e-08,2.75e-08,1.43e-07,2,8,Benign,0,Benign,0
5.07e-11,0.0,0.0,1,4,Malicious,1,Malicious,1
3.97e-05,0.0,0.0,1,4,Malicious,1,Malicious,1
3.22e-09,0.0,0.0,1,4,Malicious,1,Malicious,1
1.27e-11,0.0,0.0,1,4,Malicious,1,Malicious,1
1.9e-08,1.66e-08,1.34e-07,2,8,Benign,0,Benign,0
1.27e-11,0.0,0.0,1,4,Malicious,1,Malicious,1
1.68e-06,2.75e-08,1.43e-07,2,8,Benign,0,Benign,0
1.27e-11,0.0,0.0,1,4,Malicious,1,Malicious,1
3.8e-05,0.0,0.0,1,4,Malicious,1,Malicious,1
1.27e-11,0.0,0.0,1,4,Malicious,1,Malicious,1
3.8e-05,0.0,0.0,1,4,Malicious,1,Malicious,1
0.0,0.0,0.0,1,4,Malicious,1,Malicious,1
6.35e-05,4.47e-08,0.0,2,4,Benign,0,Benign,0
3.81e-11,0.0,0.0,1,4,Malicious,1,Malicious,1
3.8e-05,0.0,0.0,1,4,Malicious,1,Malicious,1
1.27e-11,0.0,0.0,1,4,Malicious,1,Malicious,1
2.84e-08,2.12e-08,1.57e-07,2,8,Benign,0,Benign,0
3.79e-05,0.0,0.0,1,4,Malicious,1,Malicious,1
1.27e-11,0.0,0.0,1,4,Malicious,1,Malicious,1
6.41e-09,0.0,0.0,1,4,Malicious,1,Malicious,1
9.5e-09,2.58e-08,1.34e-07,2,8,Benign,0,Benign,0
5.07e-11,0.0,0.0,1,4,Malicious,1,Malicious,1
1.65e-07,2.64e-08,1.84e-07,2,8,Benign,0,Benign,0
1.02e-07,2.75e-08,1.43e-07,2,8,Benign,0,Benign,0
1.27e-11,0.0,0.0,1,4,Malicious,1,Malicious,1
1.27e-11,0.0,0.0,1,4,Malicious,1,Malicious,1
0.0,0.0,0.0,1,4,Malicious,1,Malicious,1
2.46e-06,2.75e-08,1.43e-07,2,8,Benign,0,Benign,0
1.27e-11,0.0,0.0,1,4,Malicious,1,Malicious,1
6.35e-05,5.16e-08,0.0,2,4,Benign,0,Benign,0
3.96e-05,0.0,0.0,1,4,Malicious,1,Malicious,1
2.63e-06,2.24e-08,1.16e-07,2,8,Benign,0,Benign,0
3.91e-05,0.0,0.0,1,4,Benign,0,Benign,1
3.98e-05,0.0,0.0,1,4,Malicious,1,Malicious,1
4.01e-05,0.0,0.0,1,4,Benign,0,Benign,1
1.27e-11,0.0,0.0,1,4,Malicious,1,Malicious,1
1.27e-11,0.0,0.0,1,4,Malicious,1,Malicious,1
6.34e-11,0.0,0.0,1,4,Malicious,1,Malicious,1
1.27e-11,0.0,0.0,1,4,Malicious,1,Malicious,1
0.0,0.0,0.0,1,4,Malicious,1,Malicious,1
1.27e-11,0.0,0.0,1,4,Malicious,1,Malicious,1
4.01e-05,0.0,0.0,1,4,Benign,0,Benign,1
1.27e-11,0.0,0.0,1,4,Malicious,1,Malicious,1
3.98e-05,0.0,0.0,1,4,Malicious,1,Malicious,1
2.67e-05,3.84e-08,6.92e-07,1,7,Benign,0,Benign,1
5.07e-11,0.0,0.0,1,4,Malicious,1,Malicious,1
4e-05,0.0,0.0,1,4,Malicious,1,Malicious,1
1.89e-08,2.75e-08,1.43e-07,2,8,Benign,0,Benign,0
4.01e-05,0.0,0.0,1,4,Malicious,1,Malicious,1
3.94e-05,0.0,0.0,1,4,Malicious,1,Malicious,1
0.0,0.0,0.0,1,4,Malicious,1,Malicious,1
7.27e-08,2.75e-08,1.43e-07,2,8,Benign,0,Benign,0
1.27e-11,0.0,0.0,1,4,Malicious,1,Malicious,1
4.01e-05,0.0,0.0,1,4,Benign,0,Benign,1
1.27e-11,0.0,0.0,1,4,Malicious,1,Malicious,1
3.8e-05,0.0,0.0,1,4,Malicious,1,Malicious,1
3.8e-05,0.0,0.0,1,4,Malicious,1,Malicious,1
1.27e-11,0.0,0.0,1,4,Malicious,1,Malicious,1
1.27e-11,0.0,0.0,1,4,Malicious,1,Malicious,1
3.98e-05,0.0,0.0,1,4,Benign,0,Benign,1
1.27e-11,0.0,0.0,1,4,Malicious,1,Malicious,1
3.92e-05,0.0,0.0,1,4,Malicious,1,Malicious,1
9.3e-09,2.58e-08,1.34e-07,2,8,Benign,0,Benign,0
2.68e-05,4.3e-08,6.95e-07,1,7,Malicious,1,Malicious,1
6.34e-11,0.0,0.0,1,4,Malicious,1,Malicious,1
3.97e-05,0.0,0.0,1,4,Malicious,1,Malicious,1
1.27e-11,0.0,0.0,1,4,Malicious,1,Malicious,1
1.27e-11,0.0,0.0,1,4,Malicious,1,Malicious,1
0.0,0.0,0.0,1,4,Malicious,1,Malicious,1
4.88e-07,0.0,0.0,1,1,Malicious,1,Malicious,1
5.07e-11,0.0,0.0,1,4,Malicious,1,Malicious,1
3.95e-05,0.0,0.0,1,4,Malicious,1,Malicious,1
1.27e-11,0.0,0.0,1,4,Malicious,1,Malicious,1
3.99e-05,0.0,0.0,1,4,Malicious,1,Malicious,1
1.29e-06,2.36e-07,0.0,2,4,Benign,0,Benign,0
3.8e-05,0.0,0.0,1,4,Malicious,1,Malicious,1
0.0,0.0,0.0,1,4,Malicious,1,Malicious,1
0.0,0.0,0.0,1,4,Malicious,1,Malicious,1
2.75e-05,3.84e-08,6.92e-07,1,7,Benign,0,Benign,1
3.8e-05,0.0,0.0,1,4,Malicious,1,Malicious,1
6.08e-09,1.66e-08,1.34e-07,2,8,Benign,0,Benign,0
1.27e-11,0.0,0.0,1,4,Malicious,1,Malicious,1
5.07e-11,0.0,0.0,1,4,Malicious,1,Malicious,1
6.35e-05,4.47e-08,0.0,2,4,Benign,0,Benign,0
3.92e-05,0.0,0.0,1,4,Benign,0,Benign,1
1.31e-05,1.84e-06,1.57e-05,1,5,Benign,0,Benign,0
3.8e-05,0.0,0.0,1,4,Malicious,1,Malicious,1
5.38e-08,2.75e-08,1.43e-07,2,8,Benign,0,Benign,0
1.27e-11,0.0,0.0,1,4,Malicious,1,Malicious,1
1.27e-11,0.0,0.0,1,4,Malicious,1,Malicious,1
4e-05,0.0,0.0,1,4,Benign,0,Benign,1
3.8e-05,0.0,0.0,1,4,Malicious,1,Malicious,1
4.94e-05,3.38e-07,6.66e-06,1,8,Malicious,1,Malicious,1
1.27e-11,0.0,0.0,1,4,Malicious,1,Malicious,1
3.8e-05,0.0,0.0,1,4,Malicious,1,Malicious,1
0.0,0.0,0.0,1,4,Malicious,1,Malicious,1
1.27e-11,0.0,0.0,1,4,Malicious,1,Malicious,1
1.27e-11,0.0,0.0,1,4,Malicious,1,Malicious,1
1.31e-06,2.58e-08,1.34e-07,2,8,Benign,0,Benign,0
3.8e-05,0.0,0.0,1,4,Malicious,1,Malicious,1
0.000107788,1.68e-06,0.0,2,4,Benign,0,Benign,0
1.27e-11,0.0,0.0,1,4,Malicious,1,Malicious,1
3.91e-05,0.0,0.0,1,4,Benign,0,Benign,1
2.56e-05,2.98e-08,3.68e-07,1,3,Benign,0,Benign,0
1.27e-11,0.0,0.0,1,4,Malicious,1,Malicious,1
3.8e-05,0.0,0.0,1,4,Malicious,1,Malicious,1
3.93e-05,0.0,0.0,1,4,Malicious,1,Malicious,1
2.21e-08,2.75e-08,1.43e-07,2,8,Benign,0,Benign,0
1.27e-11,0.0,0.0,1,4,Malicious,1,Malicious,1
3.94e-05,0.0,0.0,1,4,Benign,0,Benign,1
1.27e-11,0.0,0.0,1,4,Malicious,1,Malicious,1
6.34e-11,0.0,0.0,1,4,Malicious,1,Malicious,1
1.27e-11,0.0,0.0,1,4,Malicious,1,Malicious,1
3.26e-07,2.75e-08,1.43e-07,2,8,Benign,0,Benign,0
7.9e-08,2.75e-08,1.43e-07,2,8,Benign,0,Benign,0
1.78e-07,2.58e-08,1.34e-07,2,8,Benign,0,Benign,0
3.79e-05,0.0,0.0,1,4,Malicious,1,Malicious,1
3.8e-05,0.0,0.0,1,4,Malicious,1,Malicious,1
6.34e-11,0.0,0.0,1,4,Malicious,1,Malicious,1
5.07e-11,0.0,0.0,1,4,Malicious,1,Malicious,1
1.27e-11,0.0,0.0,1,4,Malicious,1,Malicious,1
3.97e-05,0.0,0.0,1,4,Benign,0,Benign,1
3.65e-06,0.0,0.0,1,1,Benign,0,Benign,0
3.95e-05,0.0,0.0,1,4,Malicious,1,Malicious,1
3.8e-05,0.0,0.0,1,4,Malicious,1,Malicious,1
3.27e-09,0.0,0.0,1,4,Malicious,1,Malicious,1
3.93e-05,0.0,0.0,1,4,Benign,0,Benign,1
6.34e-11,0.0,0.0,1,4,Malicious,1,Malicious,1
3.92e-05,0.0,0.0,1,4,Benign,0,Benign,1
5.07e-11,0.0,0.0,1,4,Malicious,1,Malicious,1
3.94e-05,0.0,0.0,1,4,Malicious,1,Malicious,1
1.27e-11,0.0,0.0,1,4,Malicious,1,Malicious,1
3.96e-05,0.0,0.0,1,4,Malicious,1,Malicious,1
3.92e-05,0.0,0.0,1,4,Malicious,1,Malicious,1
3.8e-05,0.0,0.0,1,4,Malicious,1,Malicious,1
1.27e-11,0.0,0.0,1,4,Malicious,1,Malicious,1
3.8e-05,0.0,0.0,1,4,Malicious,1,Malicious,1
1.27e-11,0.0,0.0,1,4,Malicious,1,Malicious,1
0.000484507,3.55e-08,7.99e-07,1,7,Malicious,1,Malicious,1
1.74e-07,2.75e-08,1.43e-07,2,8,Benign,0,Benign,0
3.8e-05,0.0,0.0,1,4,Malicious,1,Malicious,1
4e-05,0.0,0.0,1,4,Benign,0,Benign,1
1.27e-11,0.0,0.0,1,4,Malicious,1,Malicious,1
9.49e-09,2.58e-08,1.34e-07,2,8,Benign,0,Benign,0
6.35e-05,4.47e-08,0.0,2,4,Benign,0,Benign,0
3.99e-05,0.0,0.0,1,4,Malicious,1,Malicious,1
4e-05,0.0,0.0,1,4,Benign,0,Benign,1
2.81e-05,3.38e-07,7.62e-06,1,8,Malicious,1,Malicious,1
2.21e-08,2.75e-08,1.43e-07,2,8,Benign,0,Benign,0
1.27e-11,0.0,0.0,1,4,Malicious,1,Malicious,1
3.97e-05,0.0,0.0,1,4,Malicious,1,Malicious,1
0.000130684,3.38e-07,5.35e-06,1,8,Malicious,1,Malicious,1
4e-05,0.0,0.0,1,4,Benign,0,Benign,1
3.22e-09,0.0,0.0,1,4,Malicious,1,Malicious,1
1.27e-11,0.0,0.0,1,4,Malicious,1,Malicious,1
3.8e-05,0.0,0.0,1,4,Malicious,1,Malicious,1
6.34e-11,0.0,0.0,1,4,Malicious,1,Malicious,1
6.66e-08,5.5e-08,2.85e-07,2,8,Benign,0,Benign,0
1.27e-11,0.0,0.0,1,4,Malicious,1,Malicious,1
4e-05,0.0,0.0,1,4,Malicious,1,Malicious,1
1.27e-11,0.0,0.0,1,4,Malicious,1,Malicious,1
6.02e-08,2.75e-08,1.43e-07,2,8,Benign,0,Benign,0
4e-05,0.0,0.0,1,4,Benign,0,Benign,1
6.34e-11,0.0,0.0,1,4,Malicious,1,Malicious,1
0.000126836,1.65e-07,5.71e-07,2,8,Benign,0,Benign,0
1.27e-11,0.0,0.0,1,4,Malicious,1,Malicious,1
3.21e-09,0.0,0.0,1,4,Malicious,1,Malicious,1
1.27e-11,0.0,0.0,1,4,Malicious,1,Malicious,1
3.96e-05,0.0,0.0,1,4,Malicious,1,Malicious,1
4e-05,0.0,0.0,1,4,Benign,0,Benign,1
6.5e-07,1.95e-08,8.83e-07,2,8,Benign,0,Benign,0
1.27e-11,0.0,0.0,1,4,Malicious,1,Malicious,1
4.15e-06,0.0,0.0,1,1,Benign,0,Benign,0
3.91e-05,0.0,0.0,1,4,Malicious,1,Malicious,1
1.27e-11,0.0,0.0,1,4,Malicious,1,Malicious,1
1.27e-11,0.0,0.0,1,4,Malicious,1,Malicious,1
3.98e-05,0.0,0.0,1,4,Malicious,1,Malicious,1
1.27e-11,0.0,0.0,1,4,Malicious,1,Malicious,1
5.07e-11,0.0,0.0,1,4,Malicious,1,Malicious,1
3.8e-05,0.0,0.0,1,4,Malicious,1,Malicious,1
0.0,0.0,0.0,1,4,Malicious,1,Malicious,1
3.27e-09,0.0,0.0,1,4,Malicious,1,Malicious,1
3.99e-05,0.0,0.0,1,4,Benign,0,Benign,1
1.46e-07,0.0,0.0,1,8,Benign,0,Benign,0
1.39e-07,2.58e-08,1.34e-07,2,8,Benign,0,Benign,0
6.02e-08,2.75e-08,1.43e-07,2,8,Benign,0,Benign,0
3.22e-09,0.0,0.0,1,4,Malicious,1,Malicious,1
5.07e-11,0.0,0.0,1,4,Malicious,1,Malicious,1
5.07e-11,0.0,0.0,1,4,Malicious,1,Malicious,1
3.98e-05,0.0,0.0,1,4,Malicious,1,Malicious,1
0.0,0.0,0.0,1,4,Malicious,1,Malicious,1
0.0,0.0,0.0,1,4,Malicious,1,Malicious,1
1.27e-11,0.0,0.0,1,4,Malicious,1,Malicious,1
3.91e-05,0.0,0.0,1,4,Malicious,1,Malicious,1
3.8e-05,0.0,0.0,1,4,Malicious,1,Malicious,1
3.8e-05,0.0,0.0,1,4,Malicious,1,Malicious,1
3.91e-05,0.0,0.0,1,4,Malicious,1,Malicious,1
2.21e-08,2.75e-08,1.43e-07,2,8,Benign,0,Benign,0
3.23e-09,0.0,0.0,1,4,Malicious,1,Malicious,1
6.38e-09,0.0,0.0,1,4,Malicious,1,Malicious,1
3.8e-05,0.0,0.0,1,4,Malicious,1,Malicious,1
2.64e-05,4.3e-08,7.22e-07,1,7,Malicious,1,Malicious,1
1.27e-11,0.0,0.0,1,4,Malicious,1,Malicious,1
3.99e-05,0.0,0.0,1,4,Benign,0,Benign,1
1.27e-11,0.0,0.0,1,4,Malicious,1,Malicious,1
5.07e-11,0.0,0.0,1,4,Malicious,1,Malicious,1
3.93e-05,0.0,0.0,1,4,Malicious,1,Malicious,1
6.28e-09,1.66e-08,1.34e-07,2,8,Benign,0,Benign,0
3.96e-05,0.0,0.0,1,4,Benign,0,Benign,1
0.0,0.0,0.0,1,4,Malicious,1,Malicious,1
3.94e-05,0.0,0.0,1,4,Benign,0,Benign,1
1.27e-11,0.0,0.0,1,4,Malicious,1,Malicious,1
3.81e-11,0.0,0.0,1,4,Malicious,1,Malicious,1
1.27e-11,0.0,0.0,1,4,Malicious,1,Malicious,1
1.88e-08,2.75e-08,1.43e-07,2,8,Benign,0,Benign,0
3.81e-11,0.0,0.0,1,4,Malicious,1,Malicious,1
1.27e-11,0.0,0.0,1,4,Malicious,1,Malicious,1
3.95e-05,0.0,0.0,1,4,Benign,0,Benign,1
3.92e-05,0.0,0.0,1,4,Benign,0,Benign,1
3.95e-05,0.0,0.0,1,4,Benign,0,Benign,1
5.07e-11,0.0,0.0,1,4,Malicious,1,Malicious,1
3.81e-11,0.0,0.0,1,4,Malicious,1,Malicious,1
6.39e-05,4.47e-08,3.06e-07,2,8,Benign,0,Benign,0
1.27e-11,0.0,0.0,1,4,Malicious,1,Malicious,1
3.92e-05,0.0,0.0,1,4,Malicious,1,Malicious,1
2.69e-05,4.3e-08,7.22e-07,1,7,Malicious,1,Malicious,1
0.0,0.0,0.0,1,4,Malicious,1,Malicious,1
3.22e-09,0.0,0.0,1,4,Malicious,1,Malicious,1
4e-05,0.0,0.0,1,4,Benign,0,Benign,1
3.79e-05,0.0,0.0,1,4,Malicious,1,Malicious,1
3.8e-05,0.0,0.0,1,4,Malicious,1,Malicious,1
5.07e-11,0.0,0.0,1,4,Malicious,1,Malicious,1
5.07e-11,0.0,0.0,1,4,Malicious,1,Malicious,1
3.96e-05,0.0,0.0,1,4,Malicious,1,Malicious,1
1.27e-11,0.0,0.0,1,4,Malicious,1,Malicious,1
1.27e-11,0.0,0.0,1,4,Malicious,1,Malicious,1
6.35e-05,4.47e-08,0.0,2,4,Benign,0,Benign,0
1.27e-11,0.0,0.0,1,4,Malicious,1,Malicious,1
6.31e-08,2.75e-08,1.43e-07,2,8,Benign,0,Benign,0
3.97e-05,0.0,0.0,1,4,Malicious,1,Malicious,1
1.27e-11,0.0,0.0,1,4,Malicious,1,Malicious,1
9.5e-09,1.66e-08,1.34e-07,2,8,Benign,0,Benign,0
1.39e-05,4.3e-08,7.22e-07,1,7,Malicious,1,Malicious,1
1.27e-11,0.0,0.0,1,4,Malicious,1,Malicious,1
3.97e-05,0.0,0.0,1,4,Malicious,1,Malicious,1
1.27e-11,0.0,0.0,1,4,Malicious,1,Malicious,1
2.85e-09,0.0,0.0,1,4,Malicious,1,Malicious,1
3.8e-05,0.0,0.0,1,4,Malicious,1,Malicious,1
1.27e-11,0.0,0.0,1,4,Malicious,1,Malicious,1
4.44e-08,0.0,0.0,1,8,Benign,0,Benign,0
3.81e-11,0.0,0.0,1,4,Malicious,1,Malicious,1
6.34e-11,0.0,0.0,1,4,Malicious,1,Malicious,1
3.97e-05,0.0,0.0,1,4,Malicious,1,Malicious,1
1.27e-11,0.0,0.0,1,4,Malicious,1,Malicious,1
3.91e-05,0.0,0.0,1,4,Malicious,1,Malicious,1
1.27e-11,0.0,0.0,1,4,Malicious,1,Malicious,1
0.0,0.0,0.0,1,4,Malicious,1,Malicious,1
3.97e-05,0.0,0.0,1,4,Benign,0,Benign,1
3.25e-09,0.0,0.0,1,4,Malicious,1,Malicious,1
2.21e-08,2.75e-08,1.43e-07,2,8,Benign,0,Benign,0
0.0,0.0,0.0,1,4,Malicious,1,Malicious,1
6.73e-05,3.38e-07,5.35e-06,1,8,Malicious,1,Malicious,1
6.43e-07,2.58e-08,1.34e-07,2,8,Benign,0,Benign,0
2.86e-08,1.66e-08,1.34e-07,2,8,Benign,0,Benign,0
3.81e-11,0.0,0.0,1,4,Malicious,1,Malicious,1
3.97e-05,0.0,0.0,1,4,Malicious,1,Malicious,1
3.91e-05,0.0,0.0,1,4,Malicious,1,Malicious,1
3.91e-05,0.0,0.0,1,4,Malicious,1,Malicious,1
1.27e-11,0.0,0.0,1,4,Malicious,1,Malicious,1
3.22e-09,0.0,0.0,1,4,Malicious,1,Malicious,1
3.8e-05,0.0,0.0,1,4,Malicious,1,Malicious,1
5.07e-11,0.0,0.0,1,4,Malicious,1,Malicious,1
1.27e-11,0.0,0.0,1,4,Malicious,1,Malicious,1
1.41e-05,4.3e-08,7.22e-07,1,7,Malicious,1,Malicious,1
3.91e-05,0.0,0.0,1,4,Malicious,1,Malicious,1
1.12e-06,1.06e-06,4.57e-06,1,8,Benign,0,Benign,0
6.34e-11,0.0,0.0,1,4,Malicious,1,Malicious,1
1.27e-11,0.0,0.0,1,4,Malicious,1,Malicious,1
5.07e-11,0.0,0.0,1,4,Malicious,1,Malicious,1
8.88e-11,0.0,0.0,1,4,Malicious,1,Malicious,1
1.89e-08,2.75e-08,1.43e-07,2,8,Benign,0,Benign,0
0.0,0.0,0.0,1,4,Malicious,1,Malicious,1
6.35e-05,4.47e-08,0.0,2,4,Benign,0,Benign,0
6.66e-08,5.5e-08,2.85e-07,2,8,Benign,0,Benign,0
5.07e-11,0.0,0.0,1,4,Malicious,1,Malicious,1
3.95e-05,0.0,0.0,1,4,Benign,0,Benign,1
3.81e-11,0.0,0.0,1,4,Malicious,1,Malicious,1
1.01e-10,0.0,0.0,1,4,Malicious,1,Malicious,1
9.49e-09,1.66e-08,1.34e-07,2,8,Benign,0,Benign,0
1.37e-05,4.3e-08,7.22e-07,1,7,Malicious,1,Malicious,0
1.27e-11,0.0,0.0,1,4,Malicious,1,Malicious,1
1.27e-11,0.0,0.0,1,4,Malicious,1,Malicious,1
1.27e-11,0.0,0.0,1,4,Malicious,1,Malicious,1
3.98e-05,0.0,0.0,1,4,Malicious,1,Malicious,1
5.07e-11,0.0,0.0,1,4,Malicious,1,Malicious,1
9.82e-08,5.5e-08,2.85e-07,2,8,Benign,0,Benign,0
2.21e-08,2.75e-08,1.43e-07,2,8,Benign,0,Benign,0
3.99e-05,0.0,0.0,1,4,Malicious,1,Malicious,1
3.95e-05,0.0,0.0,1,4,Benign,0,Benign,1
3.99e-05,0.0,0.0,1,4,Malicious,1,Malicious,1
5.07e-11,0.0,0.0,1,4,Malicious,1,Malicious,1
6.35e-05,4.47e-08,0.0,2,4,Benign,0,Benign,0
5.07e-11,0.0,0.0,1,4,Malicious,1,Malicious,1
6.34e-11,0.0,0.0,1,4,Malicious,1,Malicious,1
1.27e-11,0.0,0.0,1,4,Malicious,1,Malicious,1
5.18e-05,4.3e-08,7.22e-07,1,7,Malicious,1,Malicious,1
0.0,0.0,0.0,1,4,Malicious,1,Malicious,1
5.07e-11,0.0,0.0,1,4,Malicious,1,Malicious,1
3.98e-05,0.0,0.0,1,1,Malicious,1,Malicious,1
1.27e-11,0.0,0.0,1,4,Malicious,1,Malicious,1
1.27e-11,0.0,0.0,1,4,Malicious,1,Malicious,1
2.54e-11,0.0,0.0,1,4,Malicious,1,Malicious,1
3.8e-05,0.0,0.0,1,4,Malicious,1,Malicious,1
3.8e-05,0.0,0.0,1,4,Malicious,1,Malicious,1
3.98e-05,0.0,0.0,1,4,Malicious,1,Malicious,1
1.27e-11,0.0,0.0,1,4,Malicious,1,Malicious,1
6.35e-05,4.47e-08,0.0,2,4,Benign,0,Benign,0
3.99e-05,0.0,0.0,1,4,Malicious,1,Malicious,1
3.8e-05,0.0,0.0,1,4,Malicious,1,Malicious,1
1.27e-11,0.0,0.0,1,4,Malicious,1,Malicious,1
9.5e-09,2.58e-08,1.34e-07,2,8,Benign,0,Benign,0
1.27e-11,0.0,0.0,1,4,Malicious,1,Malicious,1
1.27e-11,0.0,0.0,1,4,Malicious,1,Malicious,1
3.97e-05,0.0,0.0,1,4,Malicious,1,Malicious,1
3.95e-05,0.0,0.0,1,4,Benign,0,Benign,1
7.26e-07,1.95e-08,8.83e-07,2,8,Benign,0,Benign,0
9.47e-09,1.66e-08,1.34e-07,2,8,Benign,0,Benign,0
6.34e-08,1.66e-08,1.34e-07,2,8,Benign,0,Benign,0
1.27e-11,0.0,0.0,1,4,Malicious,1,Malicious,1
3.95e-05,0.0,0.0,1,4,Malicious,1,Malicious,1
5.07e-11,0.0,0.0,1,4,Malicious,1,Malicious,1
3.8e-05,0.0,0.0,1,4,Malicious,1,Malicious,1
3.22e-09,0.0,0.0,1,4,Malicious,1,Malicious,1
1.39e-05,4.3e-08,7.22e-07,1,7,Malicious,1,Malicious,1
1.3e-06,2.75e-08,1.43e-07,2,8,Benign,0,Benign,0
3.8e-05,0.0,0.0,1,4,Malicious,1,Malicious,1
6.02e-08,2.75e-08,1.43e-07,2,8,Benign,0,Benign,0
1.27e-11,0.0,0.0,1,4,Malicious,1,Malicious,1
2.69e-05,3.84e-08,6.92e-07,1,7,Benign,0,Benign,1
5.07e-11,0.0,0.0,1,4,Malicious,1,Malicious,1
3.99e-05,0.0,0.0,1,4,Malicious,1,Malicious,1
1.27e-11,0.0,0.0,1,4,Malicious,1,Malicious,1
1.27e-11,0.0,0.0,1,4,Malicious,1,Malicious,1
1.27e-11,0.0,0.0,1,4,Malicious,1,Malicious,1
1.14e-10,0.0,0.0,1,4,Malicious,1,Malicious,1
1.27e-11,0.0,0.0,1,4,Malicious,1,Malicious,1
1.46e-07,0.0,0.0,1,8,Benign,0,Benign,0
3.8e-05,0.0,0.0,1,4,Malicious,1,Malicious,1
3.93e-05,0.0,0.0,1,4,Malicious,1,Malicious,1
1.27e-11,0.0,0.0,1,4,Malicious,1,Malicious,1
1.27e-11,0.0,0.0,1,4,Malicious,1,Malicious,1
3.93e-05,0.0,0.0,1,4,Malicious,1,Malicious,1
3.48e-08,2.75e-08,1.43e-07,2,8,Benign,0,Benign,0
3.97e-05,0.0,0.0,1,4,Benign,0,Benign,1
5.07e-11,0.0,0.0,1,4,Malicious,1,Malicious,1
6.34e-11,0.0,0.0,1,4,Malicious,1,Malicious,1
0.000454774,3.55e-08,7.99e-07,1,7,Malicious,1,Malicious,1
1.64e-07,2.75e-08,1.43e-07,2,8,Benign,0,Benign,0
3.8e-05,0.0,0.0,1,4,Malicious,1,Malicious,1
3.8e-05,0.0,0.0,1,4,Malicious,1,Malicious,1
5.31e-05,4.3e-08,7.22e-07,1,7,Malicious,1,Malicious,1
1.27e-11,0.0,0.0,1,4,Malicious,1,Malicious,1
9.5e-09,2.58e-08,1.34e-07,2,8,Benign,0,Benign,0
3.97e-05,0.0,0.0,1,4,Benign,0,Benign,1
1.27e-11,0.0,0.0,1,4,Malicious,1,Malicious,1
3.92e-05,0.0,0.0,1,4,Malicious,1,Malicious,1
3.22e-09,0.0,0.0,1,4,Malicious,1,Malicious,1
3.8e-05,0.0,0.0,1,4,Malicious,1,Malicious,1
5.07e-11,0.0,0.0,1,4,Malicious,1,Malicious,1
1.56e-07,2.29e-08,1.66e-07,2,8,Benign,0,Benign,0
0.0,0.0,0.0,1,4,Malicious,1,Malicious,1
9.49e-09,2.58e-08,1.34e-07,2,8,Benign,0,Benign,0
3.91e-05,0.0,0.0,1,4,Malicious,1,Malicious,1
5.07e-11,0.0,0.0,1,4,Malicious,1,Malicious,1
5.07e-11,0.0,0.0,1,4,Malicious,1,Malicious,1
1.46e-07,0.0,0.0,1,8,Benign,0,Benign,0
0.0,0.0,0.0,1,4,Malicious,1,Malicious,1
6.35e-05,4.47e-08,0.0,2,4,Benign,0,Benign,0
1.27e-11,0.0,0.0,1,4,Malicious,1,Malicious,1
5.07e-11,0.0,0.0,1,4,Malicious,1,Malicious,1
3.97e-05,0.0,0.0,1,4,Malicious,1,Malicious,1
1.27e-11,0.0,0.0,1,4,Malicious,1,Malicious,1
1.27e-11,0.0,0.0,1,4,Malicious,1,Malicious,1
3.98e-05,0.0,0.0,1,4,Benign,0,Benign,1
6.35e-05,4.47e-08,0.0,2,4,Benign,0,Benign,0
3.94e-05,0.0,0.0,1,4,Malicious,1,Malicious,1
4.15e-07,2.24e-08,3.06e-07,2,8,Benign,0,Benign,0
3.06e-06,0.0,0.0,1,8,Benign,0,Benign,0
2.51e-08,2.75e-08,1.43e-07,2,8,Benign,0,Benign,0
0.000444015,1.82e-07,0.0,2,4,Benign,0,Benign,0
3.8e-05,0.0,0.0,1,4,Malicious,1,Malicious,1
0.0,0.0,0.0,1,4,Malicious,1,Malicious,1
3.16e-08,2.75e-08,1.43e-07,2,8,Benign,0,Benign,0
5.07e-11,0.0,0.0,1,4,Malicious,1,Malicious,1
1.27e-11,0.0,0.0,1,4,Malicious,1,Malicious,1
3.78e-08,2.75e-08,1.43e-07,2,8,Benign,0,Benign,0
1.27e-11,0.0,0.0,1,4,Malicious,1,Malicious,1
3.95e-05,0.0,0.0,1,4,Malicious,1,Malicious,1
3.97e-05,0.0,0.0,1,4,Malicious,1,Malicious,1
3.94e-05,0.0,0.0,1,4,Benign,0,Benign,1
3.99e-05,0.0,0.0,1,4,Benign,0,Benign,1
3.93e-05,0.0,0.0,1,4,Malicious,1,Malicious,1
3.95e-05,0.0,0.0,1,4,Benign,0,Benign,1
0.000295594,1.18e-07,8.59e-07,2,8,Benign,0,Benign,0
6.34e-11,0.0,0.0,1,4,Malicious,1,Malicious,1
0.0,0.0,0.0,1,4,Malicious,1,Malicious,1
5.07e-11,0.0,0.0,1,4,Malicious,1,Malicious,1
3.96e-05,0.0,0.0,1,4,Benign,0,Benign,1
1.27e-11,0.0,0.0,1,4,Malicious,1,Malicious,1
5.07e-11,0.0,0.0,1,4,Malicious,1,Malicious,1
0.0,0.0,0.0,1,4,Malicious,1,Malicious,1
1.72e-07,2.18e-08,1.6e-07,2,8,Benign,0,Benign,0
2.85e-08,2.75e-08,1.43e-07,2,8,Benign,0,Benign,0
3.8e-05,0.0,0.0,1,4,Malicious,1,Malicious,1
3.99e-05,0.0,0.0,1,4,Malicious,1,Malicious,1
3.48e-08,2.75e-08,1.43e-07,2,8,Benign,0,Benign,0
1.01e-10,0.0,0.0,1,4,Malicious,1,Malicious,1
6.33e-08,2.75e-08,1.43e-07,2,8,Benign,0,Benign,0
3.8e-05,0.0,0.0,1,4,Malicious,1,Malicious,1
0.00046007,3.55e-08,7.99e-07,1,7,Malicious,1,Malicious,1
3.93e-05,0.0,0.0,1,4,Malicious,1,Malicious,1
0.0,0.0,0.0,1,4,Malicious,1,Malicious,1
5.07e-11,0.0,0.0,1,4,Malicious,1,Malicious,1
3.98e-05,0.0,0.0,1,4,Malicious,1,Malicious,1
1.27e-11,0.0,0.0,1,4,Malicious,1,Malicious,1
5.07e-11,0.0,0.0,1,4,Malicious,1,Malicious,1
8.86e-08,2.75e-08,1.43e-07,2,8,Benign,0,Benign,0
1.27e-11,0.0,0.0,1,4,Malicious,1,Malicious,1
6.35e-05,4.47e-08,0.0,2,4,Benign,0,Benign,0
5.07e-11,0.0,0.0,1,4,Malicious,1,Malicious,1
1.27e-05,0.0,0.0,1,4,Malicious,1,Malicious,1
3.97e-05,0.0,0.0,1,4,Malicious,1,Malicious,1
1.27e-11,0.0,0.0,1,4,Malicious,1,Malicious,1
1.27e-11,0.0,0.0,1,4,Malicious,1,Malicious,1
1.27e-11,0.0,0.0,1,4,Malicious,1,Malicious,1
1.27e-11,0.0,0.0,1,4,Malicious,1,Malicious,1
3.22e-09,0.0,0.0,1,4,Malicious,1,Malicious,1
5.07e-11,0.0,0.0,1,4,Malicious,1,Malicious,1
9.82e-08,2.75e-08,1.43e-07,2,8,Benign,0,Benign,0
1.27e-11,0.0,0.0,1,4,Malicious,1,Malicious,1
1.27e-11,0.0,0.0,1,4,Malicious,1,Malicious,1
4e-05,0.0,0.0,1,4,Malicious,1,Malicious,1
1.27e-11,0.0,0.0,1,4,Malicious,1,Malicious,1
1.27e-11,0.0,0.0,1,4,Malicious,1,Malicious,1
1.29e-07,2.29e-08,1.66e-07,2,8,Benign,0,Benign,0
1.27e-11,0.0,0.0,1,4,Malicious,1,Malicious,1
3.92e-05,0.0,0.0,1,4,Malicious,1,Malicious,1
1.27e-11,0.0,0.0,1,4,Malicious,1,Malicious,1
1.26e-05,4.3e-08,7.22e-07,1,7,Malicious,1,Malicious,1
3.8e-05,0.0,0.0,1,4,Malicious,1,Malicious,1
3.8e-05,0.0,0.0,1,4,Malicious,1,Malicious,1
1.27e-11,0.0,0.0,1,4,Malicious,1,Malicious,1
1.27e-11,0.0,0.0,1,4,Malicious,1,Malicious,1
1.74e-07,2.46e-08,3.3e-07,2,8,Benign,0,Benign,0
5.07e-11,0.0,0.0,1,4,Malicious,1,Malicious,1
3.95e-05,0.0,0.0,1,4,Benign,0,Benign,1
1.27e-11,0.0,0.0,1,4,Malicious,1,Malicious,1
3.98e-05,0.0,0.0,1,4,Malicious,1,Malicious,1
3.99e-05,0.0,0.0,1,4,Malicious,1,Malicious,1
3.98e-05,0.0,0.0,1,4,Malicious,1,Malicious,1
6.34e-11,0.0,0.0,1,4,Malicious,1,Malicious,1
6.29e-09,1.66e-08,1.34e-07,2,8,Benign,0,Benign,0
3.23e-09,0.0,0.0,1,4,Malicious,1,Malicious,1
3.22e-09,0.0,0.0,1,4,Malicious,1,Malicious,1
3.99e-05,0.0,0.0,1,4,Benign,0,Benign,1
0.00414016,0.000991702,0.0,2,4,Malicious,1,Malicious,0
5.38e-08,5.5e-08,2.85e-07,2,8,Benign,0,Benign,0
3.8e-05,0.0,0.0,1,4,Malicious,1,Malicious,1
1.5e-05,0.0,0.0,1,1,Malicious,1,Malicious,0
1.27e-11,0.0,0.0,1,4,Malicious,1,Malicious,1
3.99e-05,0.0,0.0,1,4,Benign,0,Benign,1
2.87e-09,0.0,0.0,1,4,Malicious,1,Malicious,1
3.83e-06,0.0,0.0,1,1,Benign,0,Benign,0
3.96e-05,0.0,0.0,1,4,Malicious,1,Malicious,1
1.27e-11,0.0,0.0,1,4,Malicious,1,Malicious,1
1.27e-11,0.0,0.0,1,4,Malicious,1,Malicious,1
5.74e-06,0.0,0.0,1,1,Benign,0,Benign,0
6.35e-05,4.47e-08,0.0,2,4,Benign,0,Benign,0
6.33e-09,2.58e-08,1.34e-07,2,8,Benign,0,Benign,0
3.97e-05,0.0,0.0,1,4,Benign,0,Benign,1
6.32e-09,1.66e-08,1.34e-07,2,8,Benign,0,Benign,0
1.31e-05,4.3e-08,7.22e-07,1,7,Malicious,1,Malicious,0
1.27e-11,0.0,0.0,1,4,Malicious,1,Malicious,1
1.27e-11,0.0,0.0,1,4,Malicious,1,Malicious,1
3.93e-05,0.0,0.0,1,4,Malicious,1,Malicious,1
1.27e-11,0.0,0.0,1,4,Malicious,1,Malicious,1
3.97e-05,0.0,0.0,1,4,Malicious,1,Malicious,1
4e-05,0.0,0.0,1,4,Malicious,1,Malicious,1
3.95e-05,0.0,0.0,1,4,Benign,0,Benign,1
9.79e-07,2.24e-08,3.06e-07,2,8,Benign,0,Benign,0
3.8e-05,0.0,0.0,1,4,Malicious,1,Malicious,1
6.34e-11,0.0,0.0,1,4,Malicious,1,Malicious,1
3.48e-08,2.75e-08,1.43e-07,2,8,Benign,0,Benign,0
3.99e-05,0.0,0.0,1,4,Malicious,1,Malicious,1
4e-05,0.0,0.0,1,4,Benign,0,Benign,1
2.2e-08,2.75e-08,1.43e-07,2,8,Benign,0,Benign,0
1.27e-11,0.0,0.0,1,4,Malicious,1,Malicious,1
3.96e-05,0.0,0.0,1,4,Malicious,1,Malicious,1
3.96e-05,0.0,0.0,1,4,Malicious,1,Malicious,1
3.47e-08,2.75e-08,1.43e-07,2,8,Benign,0,Benign,0
1.27e-11,0.0,0.0,1,4,Malicious,1,Malicious,1
2.85e-08,2.75e-08,1.43e-07,2,8,Benign,0,Benign,0
5.07e-11,0.0,0.0,1,4,Malicious,1,Malicious,1
1.27e-11,0.0,0.0,1,4,Malicious,1,Malicious,1
1.01e-10,0.0,0.0,1,4,Malicious,1,Malicious,1
1.27e-08,1.66e-08,1.34e-07,2,8,Benign,0,Benign,0
3.81e-11,0.0,0.0,1,4,Malicious,1,Malicious,1
3.95e-05,0.0,0.0,1,4,Malicious,1,Malicious,1
4e-05,0.0,0.0,1,4,Benign,0,Benign,1
6.34e-11,0.0,0.0,1,4,Malicious,1,Malicious,1
3.8e-05,0.0,0.0,1,4,Malicious,1,Malicious,1
3.95e-05,0.0,0.0,1,4,Benign,0,Benign,1
6.15e-09,2.58e-08,1.34e-07,2,8,Benign,0,Benign,0
1.01e-10,0.0,0.0,1,4,Malicious,1,Malicious,1
6.51e-05,4.47e-08,3.06e-07,2,8,Benign,0,Benign,0
3.99e-05,0.0,0.0,1,4,Malicious,1,Malicious,1
5.07e-11,0.0,0.0,1,4,Malicious,1,Malicious,1
1.27e-11,0.0,0.0,1,4,Malicious,1,Malicious,1
6.34e-11,0.0,0.0,1,4,Malicious,1,Malicious,1
0.0,0.0,0.0,1,4,Malicious,1,Malicious,1
9.49e-09,1.66e-08,1.34e-07,2,8,Benign,0,Benign,0
0.0,0.0,0.0,1,4,Malicious,1,Malicious,1
1.27e-11,0.0,0.0,1,4,Malicious,1,Malicious,1
0.0,0.0,0.0,1,4,Malicious,1,Malicious,1
1.27e-11,0.0,0.0,1,4,Malicious,1,Malicious,1
3.46e-08,2.75e-08,1.43e-07,2,8,Benign,0,Benign,0
3.93e-05,0.0,0.0,1,4,Malicious,1,Malicious,1
0.0,0.0,0.0,1,4,Malicious,1,Malicious,1
3.22e-09,0.0,0.0,1,4,Malicious,1,Malicious,1
3.98e-05,0.0,0.0,1,4,Benign,0,Benign,1
3.91e-05,0.0,0.0,1,4,Malicious,1,Malicious,1
9.49e-09,2.58e-08,1.34e-07,2,8,Benign,0,Benign,0
1.9e-08,1.66e-08,1.34e-07,2,8,Benign,0,Benign,0
1.27e-11,0.0,0.0,1,4,Malicious,1,Malicious,1
4.01e-05,0.0,0.0,1,4,Benign,0,Benign,1
3.99e-05,0.0,0.0,1,4,Malicious,1,Malicious,1
3.8e-05,0.0,0.0,1,4,Malicious,1,Malicious,1
1.27e-11,0.0,0.0,1,4,Malicious,1,Malicious,1
1.27e-11,0.0,0.0,1,4,Malicious,1,Malicious,1
7.91e-08,2.75e-08,1.43e-07,2,8,Benign,0,Benign,0
3.95e-05,0.0,0.0,1,4,Malicious,1,Malicious,1
3.06e-09,0.0,0.0,1,4,Malicious,1,Malicious,1
5.07e-11,0.0,0.0,1,4,Malicious,1,Malicious,1
6.34e-11,0.0,0.0,1,4,Malicious,1,Malicious,1
5.07e-11,0.0,0.0,1,4,Malicious,1,Malicious,1
0.000126858,1.65e-07,8.56e-07,2,8,Benign,0,Benign,0
1.27e-11,0.0,0.0,1,4,Malicious,1,Malicious,1
5.07e-11,0.0,0.0,1,4,Malicious,1,Malicious,1
3.92e-05,0.0,0.0,1,4,Benign,0,Benign,1
1.88e-08,2.75e-08,1.43e-07,2,8,Benign,0,Benign,0
0.0,0.0,0.0,1,4,Malicious,1,Malicious,1
1.27e-11,0.0,0.0,1,4,Malicious,1,Malicious,1
3.96e-05,0.0,0.0,1,4,Benign,0,Benign,1
3.96e-05,0.0,0.0,1,4,Benign,0,Benign,1
6.34e-11,0.0,0.0,1,4,Malicious,1,Malicious,1
3.8e-05,0.0,0.0,1,4,Malicious,1,Malicious,1
3.98e-05,0.0,0.0,1,4,Benign,0,Benign,1
3.8e-05,0.0,0.0,1,4,Malicious,1,Malicious,1
6.35e-05,4.47e-08,0.0,2,4,Benign,0,Benign,0
3.48e-08,2.75e-08,1.43e-07,2,8,Benign,0,Benign,0
6.38e-09,0.0,0.0,1,4,Malicious,1,Malicious,1
3.81e-05,0.0,0.0,1,4,Malicious,1,Malicious,1
3.93e-05,0.0,0.0,1,4,Malicious,1,Malicious,1
3.97e-05,0.0,0.0,1,4,Malicious,1,Malicious,1
1.18e-06,2.58e-08,1.34e-07,2,8,Benign,0,Benign,0
1.08e-05,4.3e-08,7.22e-07,1,7,Malicious,1,Malicious,1
4e-05,0.0,0.0,1,4,Benign,0,Benign,1
6.33e-09,2.58e-08,1.34e-07,2,8,Benign,0,Benign,0
3.94e-05,0.0,0.0,1,4,Benign,0,Benign,1
3.98e-05,0.0,0.0,1,4,Malicious,1,Malicious,1
1.01e-10,0.0,0.0,1,4,Malicious,1,Malicious,1
6.03e-08,5.5e-08,2.85e-07,2,8,Benign,0,Benign,0
5.07e-11,0.0,0.0,1,4,Malicious,1,Malicious,1
4e-05,0.0,0.0,1,4,Benign,0,Benign,1
1.27e-11,0.0,0.0,1,4,Malicious,1,Malicious,1
2.04e-05,0.0,0.0,1,3,Benign,0,Benign,0
5.07e-11,0.0,0.0,1,4,Malicious,1,Malicious,1
4e-05,0.0,0.0,1,4,Benign,0,Benign,1
1.27e-11,0.0,0.0,1,4,Malicious,1,Malicious,1
5.07e-11,0.0,0.0,1,4,Malicious,1,Malicious,1
3.92e-05,0.0,0.0,1,4,Malicious,1,Malicious,1
6e-08,2.75e-08,1.43e-07,2,8,Benign,0,Benign,0
1.27e-11,0.0,0.0,1,4,Malicious,1,Malicious,1
7.35e-07,2.58e-08,1.34e-07,2,8,Benign,0,Benign,0
6.3e-09,1.66e-08,1.34e-07,2,8,Benign,0,Benign,0
1.27e-11,0.0,0.0,1,4,Malicious,1,Malicious,1
6.34e-11,0.0,0.0,1,4,Malicious,1,Malicious,1
3.8e-05,0.0,0.0,1,4,Malicious,1,Malicious,1
8.88e-11,0.0,0.0,1,4,Malicious,1,Malicious,1
3.98e-05,0.0,0.0,1,4,Malicious,1,Malicious,1
7.19e-07,2.12e-08,5.32e-07,2,8,Benign,0,Benign,0
1.9e-08,2.75e-08,1.43e-07,2,8,Benign,0,Benign,0
1.27e-11,0.0,0.0,1,4,Malicious,1,Malicious,1
6.35e-05,4.47e-08,0.0,2,4,Benign,0,Benign,0
3.97e-05,0.0,0.0,1,4,Benign,0,Benign,1
3.92e-05,0.0,0.0,1,4,Malicious,1,Malicious,1
1.77e-06,0.0,0.0,1,1,Malicious,1,Malicious,0
3.96e-05,0.0,0.0,1,4,Malicious,1,Malicious,1
4.38e-06,0.0,0.0,1,1,Benign,0,Benign,0
3.8e-05,0.0,0.0,1,4,Malicious,1,Malicious,1
0.000126915,1.65e-07,8.56e-07,2,8,Benign,0,Benign,0
9.82e-08,5.5e-08,2.85e-07,2,8,Benign,0,Benign,0
6.35e-05,4.47e-08,0.0,2,4,Benign,0,Benign,0
1.27e-11,0.0,0.0,1,4,Malicious,1,Malicious,1
0.000414637,3.55e-08,7.99e-07,1,7,Malicious,1,Malicious,1
3.8e-05,0.0,0.0,1,4,Malicious,1,Malicious,1
9.44e-09,2.58e-08,1.34e-07,2,8,Benign,0,Benign,0
6.37e-07,1.66e-08,1.34e-07,2,8,Benign,0,Benign,0
0.0,0.0,0.0,1,4,Malicious,1,Malicious,1
1.27e-11,0.0,0.0,1,4,Malicious,1,Malicious,1
3.93e-05,0.0,0.0,1,4,Malicious,1,Malicious,1
3.06e-06,0.0,0.0,1,8,Benign,0,Benign,0
1.57e-08,0.0,0.0,1,4,Malicious,1,Malicious,1
1.27e-11,0.0,0.0,1,4,Malicious,1,Malicious,1
2.8e-06,0.0,0.0,1,1,Benign,0,Benign,0
0.0,0.0,0.0,1,4,Malicious,1,Malicious,1
6.35e-05,4.47e-08,0.0,2,4,Benign,0,Benign,0
3.99e-05,0.0,0.0,1,4,Malicious,1,Malicious,1
0.000135089,3.32e-06,0.0,2,4,Benign,0,Benign,0
1.36e-05,3.84e-08,6.92e-07,1,7,Benign,0,Benign,0
3.94e-05,0.0,0.0,1,4,Malicious,1,Malicious,1
3.99e-05,0.0,0.0,1,4,Malicious,1,Malicious,1
3.8e-05,0.0,0.0,1,4,Malicious,1,Malicious,1
8.89e-05,4.61e-07,0.0,2,4,Benign,0,Benign,0
1.27e-11,0.0,0.0,1,4,Malicious,1,Malicious,1
2.2e-08,2.75e-08,1.43e-07,2,8,Benign,0,Benign,0
3.48e-08,2.75e-08,1.43e-07,2,8,Benign,0,Benign,0
1.27e-11,0.0,0.0,1,4,Malicious,1,Malicious,1
3.8e-05,0.0,0.0,1,4,Malicious,1,Malicious,1
3.97e-05,0.0,0.0,1,4,Benign,0,Benign,1
3.94e-05,0.0,0.0,1,4,Benign,0,Benign,1
0.0,0.0,0.0,1,4,Malicious,1,Malicious,1
1.58e-06,1.06e-06,2.35e-06,1,8,Benign,0,Benign,0
1.27e-11,0.0,0.0,1,4,Malicious,1,Malicious,1
6.66e-08,2.58e-08,1.34e-07,2,8,Benign,0,Benign,0
6.34e-11,0.0,0.0,1,4,Malicious,1,Malicious,1
3.8e-05,0.0,0.0,1,4,Malicious,1,Malicious,1
1.27e-11,0.0,0.0,1,4,Malicious,1,Malicious,1
3.8e-05,0.0,0.0,1,4,Malicious,1,Malicious,1
6.34e-05,4.47e-08,0.0,2,4,Benign,0,Benign,0
1.27e-11,0.0,0.0,1,4,Malicious,1,Malicious,1
3.92e-05,0.0,0.0,1,4,Malicious,1,Malicious,1
3.92e-05,0.0,0.0,1,4,Malicious,1,Malicious,1
3.8e-05,0.0,0.0,1,4,Benign,0,Benign,1
3.93e-05,0.0,0.0,1,4,Benign,0,Benign,1
5.07e-11,0.0,0.0,1,4,Malicious,1,Malicious,1
1.27e-11,0.0,0.0,1,4,Malicious,1,Malicious,1
3.8e-05,0.0,0.0,1,4,Malicious,1,Malicious,1
1.27e-11,0.0,0.0,1,4,Malicious,1,Malicious,1
3.96e-05,0.0,0.0,1,4,Malicious,1,Malicious,1
3.32e-05,4.3e-08,7.22e-07,1,7,Malicious,1,Malicious,1
1.27e-11,0.0,0.0,1,4,Malicious,1,Malicious,1
3.97e-05,0.0,0.0,1,4,Benign,0,Benign,1
5.07e-11,0.0,0.0,1,4,Malicious,1,Malicious,1
1.27e-11,0.0,0.0,1,4,Malicious,1,Malicious,1
3.25e-05,3.2e-07,0.0,2,4,Benign,0,Benign,0
4.43e-08,2.75e-08,1.43e-07,2,8,Benign,0,Benign,0
1.27e-11,0.0,0.0,1,4,Malicious,1,Malicious,1
1.27e-11,0.0,0.0,1,4,Malicious,1,Malicious,1
6.33e-08,2.75e-08,1.43e-07,2,8,Benign,0,Benign,0
1.27e-11,0.0,0.0,1,4,Malicious,1,Malicious,1
1.01e-10,0.0,0.0,1,4,Malicious,1,Malicious,1
1.01e-10,0.0,0.0,1,4,Malicious,1,Malicious,1
1.27e-11,0.0,0.0,1,4,Malicious,1,Malicious,1
3.18e-05,4.47e-08,2.32e-07,2,8,Benign,0,Benign,0
5.07e-11,0.0,0.0,1,4,Malicious,1,Malicious,1
3.98e-05,0.0,0.0,1,4,Benign,0,Benign,1
1.46e-07,2.75e-08,1.43e-07,2,8,Benign,0,Benign,0
3.92e-05,0.0,0.0,1,4,Malicious,1,Malicious,1
3.81e-11,0.0,0.0,1,4,Malicious,1,Malicious,1
9.55e-09,0.0,0.0,1,4,Malicious,1,Malicious,1
1.27e-11,0.0,0.0,1,4,Malicious,1,Malicious,1
1.27e-11,0.0,0.0,1,4,Malicious,1,Malicious,1
1.35e-05,3.84e-08,6.92e-07,1,7,Benign,0,Benign,0
5.07e-11,0.0,0.0,1,4,Malicious,1,Malicious,1
4e-05,0.0,0.0,1,4,Benign,0,Benign,1
1.27e-11,0.0,0.0,1,4,Malicious,1,Malicious,1
6.95e-08,2.75e-08,1.43e-07,2,8,Benign,0,Benign,0
5.07e-11,0.0,0.0,1,4,Malicious,1,Malicious,1
1.08e-07,5.5e-08,2.85e-07,2,8,Benign,0,Benign,0
0.0,0.0,0.0,1,4,Malicious,1,Malicious,1
5.07e-11,0.0,0.0,1,4,Malicious,1,Malicious,1
1.27e-11,0.0,0.0,1,4,Malicious,1,Malicious,1
1.31e-05,2.98e-08,3.68e-07,1,3,Benign,0,Benign,0
2.15e-07,2.75e-08,1.43e-07,2,8,Benign,0,Benign,0
1.27e-11,0.0,0.0,1,4,Malicious,1,Malicious,1
2.84e-09,0.0,0.0,1,4,Malicious,1,Malicious,1
1.27e-11,0.0,0.0,1,4,Malicious,1,Malicious,1
7.75e-06,2.24e-08,3.06e-07,2,8,Benign,0,Benign,0
4e-05,0.0,0.0,1,4,Benign,0,Benign,1
3.99e-05,0.0,0.0,1,4,Benign,0,Benign,1
1.27e-11,0.0,0.0,1,4,Malicious,1,Malicious,1
2.99e-09,0.0,0.0,1,4,Malicious,1,Malicious,1
1.42e-05,0.0,0.0,1,1,Benign,0,Benign,1
1.8e-05,0.0,0.0,1,1,Malicious,1,Malicious,0
1.27e-11,0.0,0.0,1,4,Malicious,1,Malicious,1
4e-05,0.0,0.0,1,4,Benign,0,Benign,1
2.59e-09,0.0,0.0,1,4,Malicious,1,Malicious,1
3.07e-06,9e-08,1.1e-06,1,8,Benign,0,Benign,0
3.8e-05,0.0,0.0,1,4,Malicious,1,Malicious,1
5.71e-05,3.38e-07,5.35e-06,1,8,Malicious,1,Malicious,1
3.93e-05,0.0,0.0,1,4,Malicious,1,Malicious,1
3.06e-09,0.0,0.0,1,4,Malicious,1,Malicious,1
1.12e-05,4.24e-08,7.19e-07,1,7,Malicious,1,Malicious,1
1.27e-11,0.0,0.0,1,4,Malicious,1,Malicious,1
2.21e-08,2.75e-08,1.43e-07,2,8,Benign,0,Benign,0
3.93e-05,0.0,0.0,1,4,Benign,0,Benign,1
1.27e-11,0.0,0.0,1,4,Malicious,1,Malicious,1
3.97e-05,0.0,0.0,1,4,Malicious,1,Malicious,1
6.02e-08,2.75e-08,1.43e-07,2,8,Benign,0,Benign,0
5.07e-11,0.0,0.0,1,4,Malicious,1,Malicious,1
1.27e-11,0.0,0.0,1,4,Malicious,1,Malicious,1
3.95e-05,0.0,0.0,1,4,Benign,0,Benign,1
1.96e-07,3.21e-07,1.66e-06,0,0,Benign,0,Benign,0
3.94e-05,0.0,0.0,1,4,Malicious,1,Malicious,1
1.27e-11,0.0,0.0,1,4,Malicious,1,Malicious,1
6.34e-08,2.75e-08,1.43e-07,2,8,Benign,0,Benign,0
3.91e-05,0.0,0.0,1,4,Benign,0,Benign,1
1.27e-11,0.0,0.0,1,4,Malicious,1,Malicious,1
6.28e-09,1.66e-08,1.34e-07,2,8,Benign,0,Benign,0
1.27e-11,0.0,0.0,1,4,Malicious,1,Malicious,1
9.49e-09,2.24e-08,1.16e-07,2,8,Benign,0,Benign,0
1.27e-11,0.0,0.0,1,4,Malicious,1,Malicious,1
3.91e-05,0.0,0.0,1,4,Malicious,1,Malicious,1
3.8e-05,0.0,0.0,1,4,Malicious,1,Malicious,1
1.27e-11,0.0,0.0,1,4,Malicious,1,Malicious,1
3.8e-05,0.0,0.0,1,4,Malicious,1,Malicious,1
1.27e-11,0.0,0.0,1,4,Malicious,1,Malicious,1
0.000850149,2.2e-07,1.14e-06,2,8,Benign,0,Benign,0
5.07e-11,0.0,0.0,1,4,Malicious,1,Malicious,1
1.26e-05,4.3e-08,7.22e-07,1,7,Malicious,1,Malicious,1
1.27e-11,0.0,0.0,1,4,Malicious,1,Malicious,1
6.34e-11,0.0,0.0,1,4,Malicious,1,Malicious,1
3.12e-09,0.0,0.0,1,4,Malicious,1,Malicious,1
0.000127112,1.65e-07,8.56e-07,2,8,Benign,0,Benign,0
0.0,0.0,0.0,1,4,Malicious,1,Malicious,1
3.8e-05,0.0,0.0,1,4,Malicious,1,Malicious,1
1.23e-05,4.24e-08,7.19e-07,1,7,Malicious,1,Malicious,1
6.34e-11,0.0,0.0,1,4,Malicious,1,Malicious,1
3.96e-05,0.0,0.0,1,4,Benign,0,Benign,1
1.01e-07,2.75e-08,1.43e-07,2,8,Benign,0,Benign,0
1.27e-11,0.0,0.0,1,4,Malicious,1,Malicious,1
1.27e-11,0.0,0.0,1,4,Malicious,1,Malicious,1
2.6e-07,2.75e-08,1.43e-07,2,8,Benign,0,Benign,0
3.46e-08,2.75e-08,1.43e-07,2,8,Benign,0,Benign,0
3.83e-05,6.65e-08,0.0,0,0,Benign,0,Benign,0
3.99e-05,0.0,0.0,1,4,Benign,0,Benign,1
1.27e-11,0.0,0.0,1,4,Malicious,1,Malicious,1
6.32e-08,2.75e-08,1.43e-07,2,8,Benign,0,Benign,0
9.82e-08,2.75e-08,1.43e-07,2,8,Benign,0,Benign,0
6.34e-11,0.0,0.0,1,4,Malicious,1,Malicious,1
3.03e-06,2.75e-08,1.43e-07,2,8,Benign,0,Benign,0
1.27e-11,0.0,0.0,1,4,Malicious,1,Malicious,1
4e-05,0.0,0.0,1,4,Malicious,1,Malicious,1
1.27e-11,0.0,0.0,1,4,Malicious,1,Malicious,1
3.94e-05,0.0,0.0,1,4,Malicious,1,Malicious,1
5.07e-11,0.0,0.0,1,4,Malicious,1,Malicious,1
1.27e-11,0.0,0.0,1,4,Malicious,1,Malicious,1
3.97e-05,0.0,0.0,1,4,Malicious,1,Malicious,1
1.27e-11,0.0,0.0,1,4,Malicious,1,Malicious,1
2.64e-09,0.0,0.0,1,4,Malicious,1,Malicious,1
2.66e-05,4.3e-08,7.22e-07,1,7,Malicious,1,Malicious,1
6.39e-05,4.47e-08,3.06e-07,2,8,Benign,0,Benign,0
6.23e-09,2.58e-08,1.34e-07,2,8,Benign,0,Benign,0
1.01e-10,0.0,0.0,1,4,Malicious,1,Malicious,1
0.248306911,1.56e-05,0.0,2,4,Benign,0,Benign,0
3.8e-05,0.0,0.0,1,4,Malicious,1,Malicious,1
0.0,0.0,0.0,1,4,Malicious,1,Malicious,1
6.29e-09,1.66e-08,1.34e-07,2,8,Benign,0,Benign,0
5.07e-11,0.0,0.0,1,4,Malicious,1,Malicious,1
1.27e-11,0.0,0.0,1,4,Malicious,1,Malicious,1
1.27e-11,0.0,0.0,1,4,Malicious,1,Malicious,1
1.27e-11,0.0,0.0,1,4,Malicious,1,Malicious,1
3.8e-05,0.0,0.0,1,4,Malicious,1,Malicious,1
1.27e-11,0.0,0.0,1,4,Malicious,1,Malicious,1
1.34e-06,2.24e-08,3.06e-07,2,8,Benign,0,Benign,0
6.69e-05,3.38e-07,5.35e-06,1,8,Malicious,1,Malicious,1
2.52e-08,2.75e-08,1.43e-07,2,8,Benign,0,Benign,0
1.04e-07,5.5e-08,2.85e-07,2,8,Benign,0,Benign,0
3.94e-05,0.0,0.0,1,4,Malicious,1,Malicious,1
6.41e-09,0.0,0.0,1,4,Malicious,1,Malicious,1
5.32e-05,4.3e-08,7.22e-07,1,7,Malicious,1,Malicious,1
1.83e-05,8.54e-08,0.000372897,1,8,Malicious,1,Malicious,1
1.27e-11,0.0,0.0,1,4,Malicious,1,Malicious,1
3.8e-05,0.0,0.0,1,4,Malicious,1,Malicious,1
3.97e-05,0.0,0.0,1,4,Malicious,1,Malicious,1
0.0,0.0,0.0,1,4,Malicious,1,Malicious,1
1.27e-11,0.0,0.0,1,4,Malicious,1,Malicious,1
5.07e-11,0.0,0.0,1,4,Malicious,1,Malicious,1
3.22e-09,0.0,0.0,1,4,Malicious,1,Malicious,1
3.99e-05,0.0,0.0,1,4,Malicious,1,Malicious,1
0.0,0.0,0.0,1,4,Malicious,1,Malicious,1
4.01e-05,0.0,0.0,1,4,Malicious,1,Malicious,1
3.16e-08,2.75e-08,1.43e-07,2,8,Benign,0,Benign,0
4e-05,0.0,0.0,1,4,Benign,0,Benign,1
1.37e-05,3.84e-08,6.92e-07,1,7,Benign,0,Benign,0
1.27e-11,0.0,0.0,1,4,Malicious,1,Malicious,1
6.35e-05,4.47e-08,0.0,2,4,Benign,0,Benign,0
1.62e-05,4.3e-08,7.22e-07,1,7,Malicious,1,Malicious,0
3.47e-08,2.75e-08,1.43e-07,2,8,Benign,0,Benign,0
6.34e-11,0.0,0.0,1,4,Malicious,1,Malicious,1
5.38e-08,2.75e-08,1.43e-07,2,8,Benign,0,Benign,0
3.99e-05,0.0,0.0,1,4,Malicious,1,Malicious,1
3.99e-05,0.0,0.0,1,4,Malicious,1,Malicious,1
3.8e-05,0.0,0.0,1,4,Malicious,1,Malicious,1
1.27e-11,0.0,0.0,1,4,Malicious,1,Malicious,1
3.8e-05,0.0,0.0,1,4,Malicious,1,Malicious,1
1.27e-11,0.0,0.0,1,4,Malicious,1,Malicious,1
1.27e-11,0.0,0.0,1,4,Malicious,1,Malicious,1
1.19e-05,0.001687857,0.0,2,4,Malicious,1,Malicious,0
1.27e-11,0.0,0.0,1,4,Malicious,1,Malicious,1
1.27e-11,0.0,0.0,1,4,Malicious,1,Malicious,1
6.34e-11,0.0,0.0,1,4,Malicious,1,Malicious,1
0.0,0.0,0.0,1,4,Malicious,1,Malicious,1
3.92e-05,0.0,0.0,1,4,Malicious,1,Malicious,1
6.02e-08,2.75e-08,1.43e-07,2,8,Benign,0,Benign,0
1.27e-11,0.0,0.0,1,4,Malicious,1,Malicious,1
1.27e-11,0.0,0.0,1,4,Malicious,1,Malicious,1
5.07e-11,0.0,0.0,1,4,Malicious,1,Malicious,1
3.8e-05,0.0,0.0,1,4,Malicious,1,Malicious,1
6.34e-11,0.0,0.0,1,4,Malicious,1,Malicious,1
0.0,0.0,0.0,1,4,Malicious,1,Malicious,1
3.94e-05,0.0,0.0,1,4,Malicious,1,Malicious,1
2.53e-08,2.75e-08,1.43e-07,2,8,Benign,0,Benign,0
3.8e-05,0.0,0.0,1,4,Malicious,1,Malicious,1
3.98e-05,0.0,0.0,1,4,Benign,0,Benign,1
1.27e-11,0.0,0.0,1,4,Malicious,1,Malicious,1
3.97e-05,0.0,0.0,1,4,Malicious,1,Malicious,1
3.92e-05,0.0,0.0,1,4,Malicious,1,Malicious,1
3.95e-05,0.0,0.0,1,4,Malicious,1,Malicious,1
3.94e-05,0.0,0.0,1,4,Malicious,1,Malicious,1
6.33e-09,2.58e-08,1.34e-07,2,8,Benign,0,Benign,0
3.93e-05,0.0,0.0,1,4,Malicious,1,Malicious,1
3.8e-05,0.0,0.0,1,4,Malicious,1,Malicious,1
5.07e-11,0.0,0.0,1,4,Malicious,1,Malicious,1
3.97e-05,0.0,0.0,1,4,Benign,0,Benign,1
3.92e-05,0.0,0.0,1,4,Malicious,1,Malicious,1
5.07e-11,0.0,0.0,1,4,Malicious,1,Malicious,1
1.27e-11,0.0,0.0,1,4,Malicious,1,Malicious,1
9.31e-09,2.58e-08,1.34e-07,2,8,Benign,0,Benign,0
1.27e-11,0.0,0.0,1,4,Malicious,1,Malicious,1
1.27e-11,0.0,0.0,1,4,Malicious,1,Malicious,1
6.39e-05,4.47e-08,3.06e-07,2,8,Benign,0,Benign,0
1.27e-11,0.0,0.0,1,4,Malicious,1,Malicious,1
1.79e-05,0.0,0.0,1,1,Benign,0,Benign,0
5.17e-05,3.84e-08,6.92e-07,1,7,Benign,0,Benign,1
3.92e-05,0.0,0.0,1,4,Benign,0,Benign,1
3.8e-05,0.0,0.0,1,4,Malicious,1,Malicious,1
1.27e-11,0.0,0.0,1,4,Malicious,1,Malicious,1
1.27e-11,0.0,0.0,1,4,Malicious,1,Malicious,1
1.27e-11,0.0,0.0,1,4,Malicious,1,Malicious,1
3.15e-09,0.0,0.0,1,4,Malicious,1,Malicious,1
3.95e-05,0.0,0.0,1,4,Benign,0,Benign,1
3.8e-05,0.0,0.0,1,4,Malicious,1,Malicious,1
2.63e-07,2.58e-08,1.34e-07,2,8,Benign,0,Benign,0
3.96e-05,0.0,0.0,1,4,Benign,0,Benign,1
3.91e-05,0.0,0.0,1,4,Malicious,1,Malicious,1
5.68e-05,3.47e-07,5.35e-06,1,8,Malicious,1,Malicious,1
3.99e-05,0.0,0.0,1,4,Malicious,1,Malicious,1
5.18e-05,4.3e-08,7.22e-07,1,7,Malicious,1,Malicious,1
3.23e-09,0.0,0.0,1,4,Malicious,1,Malicious,1
5.07e-11,0.0,0.0,1,4,Malicious,1,Malicious,1
3.93e-05,0.0,0.0,1,4,Benign,0,Benign,1
3.8e-05,0.0,0.0,1,4,Malicious,1,Malicious,1
3.8e-05,0.0,0.0,1,4,Malicious,1,Malicious,1
1.27e-11,0.0,0.0,1,4,Malicious,1,Malicious,1
7.83e-07,2.58e-08,1.34e-07,2,8,Benign,0,Benign,0
1.27e-11,0.0,0.0,1,4,Malicious,1,Malicious,1
3.95e-05,0.0,0.0,1,4,Benign,0,Benign,1
1.46e-07,2.75e-08,1.43e-07,2,8,Benign,0,Benign,0
3.9e-07,4.47e-08,3.06e-07,2,8,Benign,0,Benign,0
1.27e-11,0.0,0.0,1,4,Malicious,1,Malicious,1
1.27e-11,0.0,0.0,1,4,Malicious,1,Malicious,1
3.98e-05,0.0,0.0,1,4,Malicious,1,Malicious,1
3.23e-09,0.0,0.0,1,4,Malicious,1,Malicious,1
3.48e-08,2.75e-08,1.43e-07,2,8,Benign,0,Benign,0
5.07e-11,0.0,0.0,1,4,Malicious,1,Malicious,1
5.07e-11,0.0,0.0,1,4,Malicious,1,Malicious,1
6.97e-08,2.75e-08,1.43e-07,2,8,Benign,0,Benign,0
1.27e-11,0.0,0.0,1,4,Malicious,1,Malicious,1
1.27e-11,0.0,0.0,1,4,Malicious,1,Malicious,1
1.27e-11,0.0,0.0,1,4,Malicious,1,Malicious,1
3.27e-09,0.0,0.0,1,4,Malicious,1,Malicious,1
3.98e-05,0.0,0.0,1,4,Malicious,1,Malicious,1
6.97e-08,5.5e-08,2.85e-07,2,8,Benign,0,Benign,0
6.35e-05,4.47e-08,0.0,2,4,Benign,0,Benign,0
7.45e-05,3.38e-07,5.35e-06,1,8,Malicious,1,Malicious,1
6.34e-11,0.0,0.0,1,4,Malicious,1,Malicious,1
3.98e-05,0.0,0.0,1,4,Malicious,1,Malicious,1
1.27e-11,0.0,0.0,1,4,Malicious,1,Malicious,1
5.07e-11,0.0,0.0,1,4,Malicious,1,Malicious,1
3.8e-05,0.0,0.0,1,4,Malicious,1,Malicious,1
5.07e-11,0.0,0.0,1,4,Malicious,1,Malicious,1
3.91e-05,0.0,0.0,1,4,Malicious,1,Malicious,1
1.27e-11,0.0,0.0,1,4,Malicious,1,Malicious,1
5.07e-11,0.0,0.0,1,4,Malicious,1,Malicious,1
3.22e-09,0.0,0.0,1,4,Malicious,1,Malicious,1
6.34e-11,0.0,0.0,1,4,Malicious,1,Malicious,1
1.27e-11,0.0,0.0,1,4,Malicious,1,Malicious,1
5.38e-08,2.75e-08,1.43e-07,2,8,Benign,0,Benign,0
1.27e-11,0.0,0.0,1,4,Malicious,1,Malicious,1
1.89e-08,2.75e-08,1.43e-07,2,8,Benign,0,Benign,0
6.3e-09,1.66e-08,1.34e-07,2,8,Benign,0,Benign,0
6.32e-09,1.66e-08,1.34e-07,2,8,Benign,0,Benign,0
1.27e-11,0.0,0.0,1,4,Malicious,1,Malicious,1
3.96e-05,0.0,0.0,1,4,Benign,0,Benign,1
3.97e-05,0.0,0.0,1,4,Benign,0,Benign,1
1.27e-11,0.0,0.0,1,4,Malicious,1,Malicious,1
1.27e-11,0.0,0.0,1,4,Malicious,1,Malicious,1
3.8e-05,0.0,0.0,1,4,Malicious,1,Malicious,1
2.66e-09,0.0,0.0,1,4,Malicious,1,Malicious,1
1.27e-11,0.0,0.0,1,4,Malicious,1,Malicious,1
1.27e-11,0.0,0.0,1,4,Malicious,1,Malicious,1
1.39e-05,3.84e-08,6.92e-07,1,7,Benign,0,Benign,1
3.98e-05,0.0,0.0,1,4,Malicious,1,Malicious,1
3.97e-05,0.0,0.0,1,4,Malicious,1,Malicious,1
3.2e-09,0.0,0.0,1,4,Malicious,1,Malicious,1
6.35e-05,4.47e-08,0.0,2,4,Benign,0,Benign,0
2.19e-08,2.75e-08,1.43e-07,2,8,Benign,0,Benign,0
1.27e-11,0.0,0.0,1,4,Malicious,1,Malicious,1
1.27e-11,0.0,0.0,1,4,Malicious,1,Malicious,1
5.07e-11,0.0,0.0,1,4,Malicious,1,Malicious,1
1.27e-11,0.0,0.0,1,4,Malicious,1,Malicious,1
6.35e-05,4.47e-08,0.0,2,4,Benign,0,Benign,0
3.71e-07,2.75e-08,1.43e-07,2,8,Benign,0,Benign,0
0.0,0.0,0.0,1,4,Malicious,1,Malicious,1
5.07e-11,0.0,0.0,1,4,Malicious,1,Malicious,1
6.35e-05,4.47e-08,0.0,2,4,Benign,0,Benign,0
3.21e-09,0.0,0.0,1,4,Malicious,1,Malicious,1
3.12e-09,0.0,0.0,1,4,Malicious,1,Malicious,1
1.89e-08,2.75e-08,1.43e-07,2,8,Benign,0,Benign,0
5.18e-05,4.3e-08,7.22e-07,1,7,Malicious,1,Malicious,1
1.27e-11,0.0,0.0,1,4,Malicious,1,Malicious,1
1.27e-11,0.0,0.0,1,4,Malicious,1,Malicious,1
1.27e-11,0.0,0.0,1,4,Malicious,1,Malicious,1
3.92e-05,0.0,0.0,1,4,Malicious,1,Malicious,1
1.43e-06,3.04e-08,0.0,1,3,Benign,0,Benign,0
3.8e-05,0.0,0.0,1,4,Malicious,1,Malicious,1
5.07e-11,0.0,0.0,1,4,Malicious,1,Malicious,1
1.27e-11,0.0,0.0,1,4,Malicious,1,Malicious,1
1.27e-11,0.0,0.0,1,4,Malicious,1,Malicious,1
1.77e-07,2.75e-08,1.43e-07,2,8,Benign,0,Benign,0
1.27e-11,0.0,0.0,1,4,Malicious,1,Malicious,1
1.27e-11,0.0,0.0,1,4,Malicious,1,Malicious,1
1.27e-11,0.0,0.0,1,4,Malicious,1,Malicious,1
1.27e-11,0.0,0.0,1,4,Malicious,1,Malicious,1
9.17e-08,2.75e-08,1.43e-07,2,8,Benign,0,Benign,0
3.95e-05,0.0,0.0,1,4,Benign,0,Benign,1
1.27e-11,0.0,0.0,1,4,Malicious,1,Malicious,1
1.27e-11,0.0,0.0,1,4,Malicious,1,Malicious,1
3.93e-05,0.0,0.0,1,4,Benign,0,Benign,1
3.8e-05,0.0,0.0,1,4,Malicious,1,Malicious,1
3.8e-05,0.0,0.0,1,4,Malicious,1,Malicious,1
3.8e-05,0.0,0.0,1,4,Malicious,1,Malicious,1
6.34e-11,0.0,0.0,1,4,Malicious,1,Malicious,1
1.27e-11,0.0,0.0,1,4,Malicious,1,Malicious,1
3.91e-07,3.21e-07,1.66e-06,0,0,Benign,0,Benign,0
3.07e-09,0.0,0.0,1,4,Malicious,1,Malicious,1
5.07e-11,0.0,0.0,1,4,Malicious,1,Malicious,1
3.21e-09,0.0,0.0,1,4,Malicious,1,Malicious,1
3.98e-05,0.0,0.0,1,4,Benign,0,Benign,1
3.8e-05,0.0,0.0,1,4,Malicious,1,Malicious,1
0.0,0.0,0.0,1,4,Malicious,1,Malicious,1
2.83e-08,2.75e-08,1.43e-07,2,8,Benign,0,Benign,0
3.26e-06,2.75e-08,1.43e-07,2,8,Benign,0,Benign,0
1.4e-05,4.3e-08,7.22e-07,1,7,Malicious,1,Malicious,1
4e-05,0.0,0.0,1,4,Benign,0,Benign,1
1.27e-11,0.0,0.0,1,4,Malicious,1,Malicious,1
1.27e-11,0.0,0.0,1,4,Malicious,1,Malicious,1
3.8e-05,0.0,0.0,1,4,Malicious,1,Malicious,1
0.0,0.0,0.0,1,4,Malicious,1,Malicious,1
6.64e-08,2.75e-08,1.43e-07,2,8,Benign,0,Benign,0
3.8e-05,0.0,0.0,1,4,Malicious,1,Malicious,1
3.92e-05,0.0,0.0,1,4,Malicious,1,Malicious,1
0.0,0.0,0.0,1,4,Malicious,1,Malicious,1
1.27e-11,0.0,0.0,1,4,Malicious,1,Malicious,1
1.15e-06,2.75e-08,1.43e-07,2,8,Benign,0,Benign,0
3.97e-05,0.0,0.0,1,4,Benign,0,Benign,1
2.67e-05,4.3e-08,7.22e-07,1,7,Malicious,1,Malicious,1
3.94e-05,0.0,0.0,1,4,Benign,0,Benign,1
5.07e-11,0.0,0.0,1,4,Malicious,1,Malicious,1
1.27e-11,0.0,0.0,1,4,Malicious,1,Malicious,1
2.5e-09,0.0,0.0,1,4,Malicious,1,Malicious,1
6.34e-11,0.0,0.0,1,4,Malicious,1,Malicious,1
3.8e-05,0.0,0.0,1,4,Malicious,1,Malicious,1
3.91e-05,0.0,0.0,1,4,Benign,0,Benign,1
0.000734849,1.72e-06,0.0,2,4,Benign,0,Benign,0
2.55e-09,0.0,0.0,1,4,Malicious,1,Malicious,1
3.95e-05,0.0,0.0,1,4,Benign,0,Benign,1
3.22e-09,0.0,0.0,1,4,Malicious,1,Malicious,1
0.0,0.0,0.0,1,4,Malicious,1,Malicious,1
5.07e-11,0.0,0.0,1,4,Malicious,1,Malicious,1
3.8e-05,0.0,0.0,1,4,Malicious,1,Malicious,1
3.8e-05,0.0,0.0,1,4,Malicious,1,Malicious,1
6.34e-11,0.0,0.0,1,4,Malicious,1,Malicious,1
1.27e-11,0.0,0.0,1,4,Malicious,1,Malicious,1
2.52e-08,2.75e-08,1.43e-07,2,8,Benign,0,Benign,0
3.99e-05,0.0,0.0,1,4,Malicious,1,Malicious,1
3.79e-05,0.0,0.0,1,4,Malicious,1,Malicious,1
3.91e-05,0.0,0.0,1,4,Malicious,1,Malicious,1
1.27e-11,0.0,0.0,1,4,Malicious,1,Malicious,1
1.27e-11,0.0,0.0,1,4,Malicious,1,Malicious,1
0.0,0.0,0.0,1,4,Malicious,1,Malicious,1
1.27e-11,0.0,0.0,1,4,Malicious,1,Malicious,1
3.91e-05,0.0,0.0,1,4,Malicious,1,Malicious,1
3.91e-05,0.0,0.0,1,4,Malicious,1,Malicious,1
3.99e-05,0.0,0.0,1,4,Benign,0,Benign,1
5.07e-11,0.0,0.0,1,4,Malicious,1,Malicious,1
6.34e-11,0.0,0.0,1,4,Malicious,1,Malicious,1
3.92e-05,0.0,0.0,1,4,Malicious,1,Malicious,1
1.27e-11,0.0,0.0,1,4,Malicious,1,Malicious,1
6.35e-05,4.47e-08,0.0,2,4,Benign,0,Benign,0
1.27e-11,0.0,0.0,1,4,Malicious,1,Malicious,1
1.27e-11,0.0,0.0,1,4,Malicious,1,Malicious,1
3.93e-05,0.0,0.0,1,4,Malicious,1,Malicious,1
1.27e-11,0.0,0.0,1,4,Malicious,1,Malicious,1
1.27e-11,0.0,0.0,1,4,Malicious,1,Malicious,1
1.27e-11,5.5e-08,0.0,2,4,Benign,0,Benign,0
1.27e-11,0.0,0.0,1,4,Malicious,1,Malicious,1
1.27e-11,0.0,0.0,1,4,Malicious,1,Malicious,1
1.27e-11,0.0,0.0,1,4,Malicious,1,Malicious,1
3.93e-05,0.0,0.0,1,4,Malicious,1,Malicious,1
4.75e-08,2.75e-08,1.43e-07,2,8,Benign,0,Benign,0
3.94e-05,0.0,0.0,1,4,Benign,0,Benign,1
5.07e-11,0.0,0.0,1,4,Malicious,1,Malicious,1
0.0,0.0,0.0,1,4,Malicious,1,Malicious,1
1.27e-11,0.0,0.0,1,4,Malicious,1,Malicious,1
1.27e-11,0.0,0.0,1,4,Malicious,1,Malicious,1
1.27e-11,0.0,0.0,1,4,Malicious,1,Malicious,1
1.37e-05,3.84e-08,6.92e-07,1,7,Benign,0,Benign,0
6.27e-09,2.58e-08,1.34e-07,2,8,Benign,0,Benign,0
1.27e-11,0.0,0.0,1,4,Malicious,1,Malicious,1
3.79e-05,0.0,0.0,1,4,Malicious,1,Malicious,1
1.58e-08,2.75e-08,1.43e-07,2,8,Benign,0,Benign,0
5.07e-11,0.0,0.0,1,4,Malicious,1,Malicious,1
1.27e-11,0.0,0.0,1,4,Malicious,1,Malicious,1
0.0,0.0,0.0,1,4,Malicious,1,Malicious,1
4.87e-05,3.38e-07,5.35e-06,1,8,Malicious,1,Malicious,1
1.27e-11,0.0,0.0,1,4,Malicious,1,Malicious,1
1.27e-11,0.0,0.0,1,4,Malicious,1,Malicious,1
1.27e-11,0.0,0.0,1,4,Malicious,1,Malicious,1
1.29e-05,2.98e-08,3.68e-07,1,3,Benign,0,Benign,0
3.81e-05,0.0,0.0,1,4,Malicious,1,Malicious,1
3.94e-05,0.0,0.0,1,4,Malicious,1,Malicious,1
1.27e-11,0.0,0.0,1,4,Malicious,1,Malicious,1
2.27e-05,4.22e-07,0.0,2,4,Benign,0,Benign,0
3.8e-05,0.0,0.0,1,4,Malicious,1,Malicious,1
5.3e-06,0.0,0.0,1,1,Benign,0,Benign,0
1.27e-11,0.0,0.0,1,4,Malicious,1,Malicious,1
5.07e-11,0.0,0.0,1,4,Malicious,1,Malicious,1
5.71e-05,3.38e-07,5.35e-06,1,8,Malicious,1,Malicious,1
9.82e-08,2.75e-08,1.43e-07,2,8,Benign,0,Benign,0
1.27e-11,0.0,0.0,1,4,Malicious,1,Malicious,1
5.07e-11,0.0,0.0,1,4,Malicious,1,Malicious,1
6.24e-09,2.58e-08,1.34e-07,2,8,Benign,0,Benign,0
5.07e-11,0.0,0.0,1,4,Malicious,1,Malicious,1
1.01e-10,0.0,0.0,1,4,Malicious,1,Malicious,1
1.27e-11,0.0,0.0,1,4,Malicious,1,Malicious,1
3.92e-05,0.0,0.0,1,4,Malicious,1,Malicious,1
1.01e-10,0.0,0.0,1,4,Malicious,1,Malicious,1
3.93e-05,0.0,0.0,1,4,Malicious,1,Malicious,1
9.49e-09,2.58e-08,1.34e-07,2,8,Benign,0,Benign,0
3.21e-09,0.0,0.0,1,4,Malicious,1,Malicious,1
3.81e-11,0.0,0.0,1,4,Malicious,1,Malicious,1
3.99e-05,0.0,0.0,1,4,Benign,0,Benign,1
6.64e-08,2.75e-08,1.43e-07,2,8,Benign,0,Benign,0
3.8e-05,0.0,0.0,1,4,Malicious,1,Malicious,1
6.34e-11,0.0,0.0,1,4,Malicious,1,Malicious,1
1.27e-11,0.0,0.0,1,4,Malicious,1,Malicious,1
1.08e-07,2.75e-08,1.43e-07,2,8,Benign,0,Benign,0
7.61e-11,0.0,0.0,1,4,Malicious,1,Malicious,1
1.27e-11,0.0,0.0,1,4,Malicious,1,Malicious,1
3.97e-05,0.0,0.0,1,4,Malicious,1,Malicious,1
3.8e-05,0.0,0.0,1,4,Malicious,1,Malicious,1
3.8e-05,0.0,0.0,1,4,Malicious,1,Malicious,1
3.97e-05,0.0,0.0,1,4,Malicious,1,Malicious,1
3.8e-05,0.0,0.0,1,4,Malicious,1,Malicious,1
6.3e-09,1.66e-08,1.34e-07,2,8,Benign,0,Benign,0
2.67e-05,4.3e-08,7.22e-07,1,7,Malicious,1,Malicious,1
3.93e-05,0.0,0.0,1,4,Malicious,1,Malicious,1
9.18e-08,2.75e-08,1.43e-07,2,8,Benign,0,Benign,0
1.27e-11,0.0,0.0,1,4,Malicious,1,Malicious,1
1.27e-11,0.0,0.0,1,4,Malicious,1,Malicious,1
3.81e-05,0.0,0.0,1,4,Malicious,1,Malicious,1
5.26e-05,4.24e-08,7.19e-07,1,7,Malicious,1,Malicious,1
1.39e-05,4.3e-08,7.22e-07,1,7,Malicious,1,Malicious,1
6.97e-08,5.5e-08,2.85e-07,2,8,Benign,0,Benign,0
5.07e-11,0.0,0.0,1,4,Malicious,1,Malicious,1
1.27e-11,0.0,0.0,1,4,Malicious,1,Malicious,1
3.93e-05,0.0,0.0,1,4,Malicious,1,Malicious,1
1.4e-10,0.0,0.0,1,4,Malicious,1,Malicious,1
3.97e-05,0.0,0.0,1,4,Malicious,1,Malicious,1
5.07e-11,0.0,0.0,1,4,Malicious,1,Malicious,1
6.39e-09,1.66e-08,1.34e-07,2,8,Benign,0,Benign,0
1.27e-11,0.0,0.0,1,4,Malicious,1,Malicious,1
3.96e-05,0.0,0.0,1,4,Malicious,1,Malicious,1
2.63e-07,2.58e-08,1.34e-07,2,8,Benign,0,Benign,0
3.8e-05,0.0,0.0,1,4,Malicious,1,Malicious,1
2.66e-07,2.75e-08,1.43e-07,2,8,Benign,0,Benign,0
9.34e-09,2.58e-08,1.34e-07,2,8,Benign,0,Benign,0
3.99e-05,0.0,0.0,1,4,Malicious,1,Malicious,1
3.98e-05,0.0,0.0,1,4,Malicious,1,Malicious,1
3.21e-09,0.0,0.0,1,4,Malicious,1,Malicious,1
3.72e-07,0.0,0.0,1,8,Benign,0,Benign,0
1.27e-11,0.0,0.0,1,4,Malicious,1,Malicious,1
6.5e-07,2.75e-08,1.43e-07,2,8,Benign,0,Benign,0
9.82e-08,5.5e-08,2.85e-07,2,8,Benign,0,Benign,0
0.0,0.0,0.0,1,4,Malicious,1,Malicious,1
3.99e-05,0.0,0.0,1,4,Malicious,1,Malicious,1
3.98e-05,0.0,0.0,1,4,Benign,0,Benign,1
1.9e-08,2.75e-08,1.43e-07,2,8,Benign,0,Benign,0
1.27e-11,0.0,0.0,1,4,Malicious,1,Malicious,1
5.18e-05,4.3e-08,7.22e-07,1,7,Malicious,1,Malicious,1
3.94e-05,0.0,0.0,1,4,Malicious,1,Malicious,1
1.27e-11,0.0,0.0,1,4,Malicious,1,Malicious,1
1.27e-11,0.0,0.0,1,4,Malicious,1,Malicious,1
3.8e-05,0.0,0.0,1,4,Malicious,1,Malicious,1
6.32e-09,1.66e-08,1.34e-07,2,8,Benign,0,Benign,0
0.0,0.0,0.0,1,4,Malicious,1,Malicious,1
7.29e-08,2.75e-08,1.43e-07,2,8,Benign,0,Benign,0
5.07e-11,0.0,0.0,1,4,Malicious,1,Malicious,1
2.08e-06,2.75e-08,1.43e-07,2,8,Benign,0,Benign,0
9.45e-09,1.66e-08,1.34e-07,2,8,Benign,0,Benign,0
1.27e-11,0.0,0.0,1,4,Malicious,1,Malicious,1
3.22e-09,0.0,0.0,1,4,Malicious,1,Malicious,1
5.07e-11,0.0,0.0,1,4,Malicious,1,Malicious,1
1.27e-11,0.0,0.0,1,4,Malicious,1,Malicious,1
3.97e-05,0.0,0.0,1,4,Benign,0,Benign,1
5.07e-11,0.0,0.0,1,4,Malicious,1,Malicious,1
3.21e-09,0.0,0.0,1,4,Malicious,1,Malicious,1
6.34e-11,0.0,0.0,1,4,Malicious,1,Malicious,1
1.27e-11,0.0,0.0,1,4,Malicious,1,Malicious,1
6.34e-11,0.0,0.0,1,4,Malicious,1,Malicious,1
5.07e-11,0.0,0.0,1,4,Malicious,1,Malicious,1
1.27e-11,0.0,0.0,1,4,Malicious,1,Malicious,1
6.34e-11,0.0,0.0,1,4,Malicious,1,Malicious,1
3.8e-05,0.0,0.0,1,4,Malicious,1,Malicious,1
1.27e-11,0.0,0.0,1,4,Malicious,1,Malicious,1
1.27e-11,0.0,0.0,1,4,Malicious,1,Malicious,1
5.07e-11,0.0,0.0,1,4,Malicious,1,Malicious,1
6.35e-05,4.47e-08,0.0,2,4,Benign,0,Benign,0
3.99e-05,0.0,0.0,1,4,Benign,0,Benign,1
2.64e-05,4.3e-08,7.22e-07,1,7,Malicious,1,Malicious,1
1.81e-07,2.75e-08,1.43e-07,2,8,Benign,0,Benign,0
3.2e-09,0.0,0.0,1,4,Malicious,1,Malicious,1
3.97e-05,0.0,0.0,1,4,Malicious,1,Malicious,1
1.27e-11,0.0,0.0,1,4,Malicious,1,Malicious,1
6.34e-11,0.0,0.0,1,4,Malicious,1,Malicious,1
3.8e-05,0.0,0.0,1,4,Malicious,1,Malicious,1
3.97e-05,0.0,0.0,1,4,Malicious,1,Malicious,1
3.91e-05,0.0,0.0,1,4,Malicious,1,Malicious,1
6.32e-09,0.0,0.0,1,4,Malicious,1,Malicious,1
1.27e-11,0.0,0.0,1,4,Malicious,1,Malicious,1
3.8e-05,0.0,0.0,1,4,Malicious,1,Malicious,1
1.27e-11,0.0,0.0,1,4,Malicious,1,Malicious,1
6.34e-11,0.0,0.0,1,4,Malicious,1,Malicious,1
3.96e-05,0.0,0.0,1,4,Benign,0,Benign,1
3.94e-05,0.0,0.0,1,4,Malicious,1,Malicious,1
1.27e-11,0.0,0.0,1,4,Malicious,1,Malicious,1
5.07e-11,0.0,0.0,1,4,Malicious,1,Malicious,1
1.27e-11,0.0,0.0,1,4,Malicious,1,Malicious,1
3.8e-05,0.0,0.0,1,4,Malicious,1,Malicious,1
1.89e-08,2.75e-08,1.43e-07,2,8,Benign,0,Benign,0
3.94e-05,0.0,0.0,1,4,Malicious,1,Malicious,1
3.93e-05,0.0,0.0,1,4,Malicious,1,Malicious,1
1.27e-11,0.0,0.0,1,4,Malicious,1,Malicious,1
5.07e-11,0.0,0.0,1,4,Malicious,1,Malicious,1
6.34e-11,0.0,0.0,1,4,Malicious,1,Malicious,1
3.96e-05,0.0,0.0,1,4,Malicious,1,Malicious,1
1.9e-08,2.75e-08,1.43e-07,2,8,Benign,0,Benign,0
3.94e-05,0.0,0.0,1,4,Malicious,1,Malicious,1
3.98e-05,0.0,0.0,1,4,Benign,0,Benign,1
9.82e-08,2.58e-08,1.34e-07,2,8,Benign,0,Benign,0
3.8e-05,0.0,0.0,1,4,Malicious,1,Malicious,1
3.99e-05,0.0,0.0,1,4,Malicious,1,Malicious,1
6.25e-09,1.66e-08,1.34e-07,2,8,Benign,0,Benign,0
1.27e-11,0.0,0.0,1,4,Malicious,1,Malicious,1
9.49e-09,1.66e-08,1.34e-07,2,8,Benign,0,Benign,0
1.37e-05,4.3e-08,7.22e-07,1,7,Malicious,1,Malicious,0
6.34e-11,0.0,0.0,1,4,Malicious,1,Malicious,1
6.35e-05,4.47e-08,0.0,2,4,Benign,0,Benign,0
3.98e-05,0.0,0.0,1,4,Benign,0,Benign,1
3.8e-05,0.0,0.0,1,4,Malicious,1,Malicious,1
2.63e-05,3.78e-08,6.89e-07,1,7,Benign,0,Benign,1
2.21e-08,2.75e-08,1.43e-07,2,8,Benign,0,Benign,0
3.98e-05,0.0,0.0,1,4,Malicious,1,Malicious,1
0.0,0.0,0.0,1,4,Malicious,1,Malicious,1
3.92e-05,0.0,0.0,1,4,Malicious,1,Malicious,1
1.27e-11,0.0,0.0,1,4,Malicious,1,Malicious,1
3.93e-05,0.0,0.0,1,4,Malicious,1,Malicious,1
1.27e-11,0.0,0.0,1,4,Malicious,1,Malicious,1
1.27e-11,0.0,0.0,1,4,Malicious,1,Malicious,1
3.93e-05,0.0,0.0,1,4,Malicious,1,Malicious,1
1.27e-11,0.0,0.0,1,4,Malicious,1,Malicious,1
1.51e-05,0.0,0.0,1,1,Malicious,1,Malicious,0
3.93e-05,0.0,0.0,1,4,Benign,0,Benign,1
3.96e-05,0.0,0.0,1,4,Benign,0,Benign,1
1.27e-11,0.0,0.0,1,4,Malicious,1,Malicious,1
3.98e-05,0.0,0.0,1,4,Benign,0,Benign,1
1.27e-11,0.0,0.0,1,4,Malicious,1,Malicious,1
3.93e-05,0.0,0.0,1,4,Benign,0,Benign,1
7.29e-08,2.58e-08,1.34e-07,2,8,Benign,0,Benign,0
1.27e-11,0.0,0.0,1,4,Malicious,1,Malicious,1
3.22e-09,0.0,0.0,1,4,Malicious,1,Malicious,1
6.34e-11,0.0,0.0,1,4,Malicious,1,Malicious,1
1.27e-11,0.0,0.0,1,4,Malicious,1,Malicious,1
1.27e-11,0.0,0.0,1,4,Malicious,1,Malicious,1
1.27e-11,0.0,0.0,1,4,Malicious,1,Malicious,1
0.0,0.0,0.0,1,4,Malicious,1,Malicious,1
1.78e-06,2.75e-08,1.43e-07,2,8,Benign,0,Benign,0
6.34e-11,0.0,0.0,1,4,Malicious,1,Malicious,1
3.92e-05,0.0,0.0,1,4,Benign,0,Benign,1
5.22e-05,4.3e-08,7.22e-07,1,7,Malicious,1,Malicious,1
1.27e-11,0.0,0.0,1,4,Malicious,1,Malicious,1
6.33e-08,2.75e-08,1.43e-07,2,8,Benign,0,Benign,0
3.8e-05,0.0,0.0,1,4,Malicious,1,Malicious,1
1.27e-11,0.0,0.0,1,4,Malicious,1,Malicious,1
6.29e-09,0.0,0.0,1,4,Malicious,1,Malicious,1
3.99e-05,0.0,0.0,1,4,Benign,0,Benign,1
0.00380627,1.67e-07,2.3e-06,1,8,Benign,0,Benign,0
1.27e-11,0.0,0.0,1,4,Malicious,1,Malicious,1
3.79e-05,0.0,0.0,1,4,Malicious,1,Malicious,1
0.0,0.0,0.0,1,4,Malicious,1,Malicious,1
3.8e-05,0.0,0.0,1,4,Malicious,1,Malicious,1
1.27e-11,0.0,0.0,1,4,Malicious,1,Malicious,1
1.27e-11,0.0,0.0,1,4,Malicious,1,Malicious,1
6.34e-11,0.0,0.0,1,4,Malicious,1,Malicious,1
9.95e-07,2.75e-08,1.43e-07,2,8,Benign,0,Benign,0
1.27e-11,0.0,0.0,1,4,Malicious,1,Malicious,1
5.07e-11,0.0,0.0,1,4,Malicious,1,Malicious,1
1.27e-11,0.0,0.0,1,4,Malicious,1,Malicious,1
3.13e-06,9e-08,1.1e-06,1,8,Benign,0,Benign,0
6.39e-09,0.0,0.0,1,4,Malicious,1,Malicious,1
4.01e-05,0.0,0.0,1,4,Malicious,1,Malicious,1
3.8e-05,0.0,0.0,1,4,Malicious,1,Malicious,1
8.88e-11,0.0,0.0,1,4,Malicious,1,Malicious,1
1.34e-05,4.99e-08,0.000218563,1,8,Malicious,1,Malicious,1
3.94e-05,0.0,0.0,1,4,Benign,0,Benign,1
1.27e-11,0.0,0.0,1,4,Malicious,1,Malicious,1
1.27e-11,0.0,0.0,1,4,Malicious,1,Malicious,1
3.8e-05,0.0,0.0,1,4,Malicious,1,Malicious,1
1.27e-11,0.0,0.0,1,4,Malicious,1,Malicious,1
3.95e-05,0.0,0.0,1,4,Malicious,1,Malicious,1
1.27e-11,0.0,0.0,1,4,Malicious,1,Malicious,1
3.79e-05,0.0,0.0,1,4,Malicious,1,Malicious,1
6.34e-11,0.0,0.0,1,4,Malicious,1,Malicious,1
2.92e-09,0.0,0.0,1,4,Malicious,1,Malicious,1
6.01e-08,2.75e-08,1.43e-07,2,8,Benign,0,Benign,0
1.27e-11,0.0,0.0,1,4,Malicious,1,Malicious,1
6.41e-09,0.0,0.0,1,4,Malicious,1,Malicious,1
1.27e-11,0.0,0.0,1,4,Malicious,1,Malicious,1
1.27e-11,0.0,0.0,1,4,Malicious,1,Malicious,1
1.27e-11,0.0,0.0,1,4,Malicious,1,Malicious,1
6.3e-09,1.66e-08,1.34e-07,2,8,Benign,0,Benign,0
3.15e-08,2.75e-08,1.43e-07,2,8,Benign,0,Benign,0
3.06e-06,0.0,0.0,1,8,Benign,0,Benign,0
3.93e-05,0.0,0.0,1,4,Malicious,1,Malicious,1
1.27e-11,0.0,0.0,1,4,Malicious,1,Malicious,1
1.27e-11,0.0,0.0,1,4,Malicious,1,Malicious,1
1.73e-07,2.75e-08,1.43e-07,2,8,Benign,0,Benign,0
1.27e-11,0.0,0.0,1,4,Malicious,1,Malicious,1
3.92e-05,0.0,0.0,1,4,Malicious,1,Malicious,1
0.000520062,1.82e-07,0.0,2,4,Benign,0,Benign,0
3.22e-09,0.0,0.0,1,4,Malicious,1,Malicious,1
1.27e-11,0.0,0.0,1,4,Malicious,1,Malicious,1
3.95e-05,0.0,0.0,1,4,Malicious,1,Malicious,1
5.07e-11,0.0,0.0,1,4,Malicious,1,Malicious,1
5.07e-11,0.0,0.0,1,4,Malicious,1,Malicious,1
3.98e-05,0.0,0.0,1,4,Malicious,1,Malicious,1
1.27e-11,0.0,0.0,1,4,Malicious,1,Malicious,1
1.27e-11,0.0,0.0,1,4,Malicious,1,Malicious,1
3.8e-05,0.0,0.0,1,4,Malicious,1,Malicious,1
3.95e-05,0.0,0.0,1,4,Malicious,1,Malicious,1
3.8e-05,0.0,0.0,1,4,Malicious,1,Malicious,1
0.000473976,3.55e-08,7.99e-07,1,7,Malicious,1,Malicious,1
3.46e-08,2.75e-08,1.43e-07,2,8,Benign,0,Benign,0
5.07e-11,0.0,0.0,1,4,Malicious,1,Malicious,1
6.34e-11,0.0,0.0,1,4,Malicious,1,Malicious,1
1.27e-11,0.0,0.0,1,4,Malicious,1,Malicious,1
3.27e-09,0.0,0.0,1,4,Malicious,1,Malicious,1
2.84e-08,2.75e-08,1.43e-07,2,8,Benign,0,Benign,0
1.27e-11,0.0,0.0,1,4,Malicious,1,Malicious,1
3.22e-09,0.0,0.0,1,4,Malicious,1,Malicious,1
1.27e-11,0.0,0.0,1,4,Malicious,1,Malicious,1
6.34e-11,0.0,0.0,1,4,Malicious,1,Malicious,1
3.8e-05,0.0,0.0,1,4,Malicious,1,Malicious,1
1.27e-11,0.0,0.0,1,4,Malicious,1,Malicious,1
5.07e-11,0.0,0.0,1,4,Malicious,1,Malicious,1
2.87e-09,0.0,0.0,1,4,Malicious,1,Malicious,1
1.27e-11,0.0,0.0,1,4,Malicious,1,Malicious,1
5.07e-11,0.0,0.0,1,4,Malicious,1,Malicious,1
4e-05,0.0,0.0,1,4,Benign,0,Benign,1
1.27e-11,0.0,0.0,1,4,Malicious,1,Malicious,1
1.27e-11,0.0,0.0,1,4,Malicious,1,Malicious,1
9.51e-08,5.5e-08,2.85e-07,2,8,Benign,0,Benign,0
6.35e-05,4.47e-08,0.0,2,4,Benign,0,Benign,0
1.27e-11,0.0,0.0,1,4,Malicious,1,Malicious,1
3.8e-05,0.0,0.0,1,4,Malicious,1,Malicious,1
1.27e-11,0.0,0.0,1,4,Malicious,1,Malicious,1
1.78e-07,3.21e-07,1.66e-06,0,0,Benign,0,Benign,0
3.97e-05,0.0,0.0,1,4,Malicious,1,Malicious,1
6.34e-11,0.0,0.0,1,4,Malicious,1,Malicious,1
6.28e-09,2.58e-08,1.34e-07,2,8,Benign,0,Benign,0
1.27e-11,0.0,0.0,1,4,Malicious,1,Malicious,1
3.8e-05,0.0,0.0,1,4,Malicious,1,Malicious,1
3.97e-05,0.0,0.0,1,4,Malicious,1,Malicious,1
3.8e-05,0.0,0.0,1,4,Malicious,1,Malicious,1
1.27e-11,0.0,0.0,1,4,Malicious,1,Malicious,1
3.93e-05,0.0,0.0,1,4,Benign,0,Benign,1
6.44e-09,0.0,0.0,1,4,Malicious,1,Malicious,1
0.000110315,2.14e-06,1.45e-05,1,7,Benign,0,Benign,0
3.79e-05,0.0,0.0,1,4,Malicious,1,Malicious,1
3.91e-05,0.0,0.0,1,4,Benign,0,Benign,1
1.27e-11,0.0,0.0,1,4,Malicious,1,Malicious,1
1.27e-11,0.0,0.0,1,4,Malicious,1,Malicious,1
6.34e-11,0.0,0.0,1,4,Malicious,1,Malicious,1
3.96e-05,0.0,0.0,1,4,Benign,0,Benign,1
8.89e-05,4.61e-07,0.0,2,4,Benign,0,Benign,0
6.34e-11,0.0,0.0,1,4,Malicious,1,Malicious,1
1.27e-11,0.0,0.0,1,4,Malicious,1,Malicious,1
1.27e-11,0.0,0.0,1,4,Malicious,1,Malicious,1
0.0,0.0,0.0,1,4,Malicious,1,Malicious,1
1.27e-11,0.0,0.0,1,4,Malicious,1,Malicious,1
6.34e-11,0.0,0.0,1,4,Malicious,1,Malicious,1
1.27e-11,0.0,0.0,1,4,Malicious,1,Malicious,1
3.8e-05,0.0,0.0,1,4,Malicious,1,Malicious,1
3.95e-05,0.0,0.0,1,4,Benign,0,Benign,1
6.38e-09,0.0,0.0,1,4,Malicious,1,Malicious,1
1.27e-11,0.0,0.0,1,4,Malicious,1,Malicious,1
3.97e-05,0.0,0.0,1,4,Benign,0,Benign,1
1.89e-08,2.58e-08,1.34e-07,2,8,Benign,0,Benign,0
3.23e-09,0.0,0.0,1,4,Malicious,1,Malicious,1
3.95e-05,0.0,0.0,1,4,Malicious,1,Malicious,1
3.97e-05,0.0,0.0,1,4,Benign,0,Benign,1
6.35e-05,4.47e-08,0.0,2,4,Benign,0,Benign,0
1.14e-10,0.0,0.0,1,4,Malicious,1,Malicious,1
3.97e-05,0.0,0.0,1,4,Malicious,1,Malicious,1
3.94e-05,0.0,0.0,1,4,Malicious,1,Malicious,1
5.07e-11,0.0,0.0,1,4,Malicious,1,Malicious,1
4.01e-05,0.0,0.0,1,4,Malicious,1,Malicious,1
1.27e-11,0.0,0.0,1,4,Malicious,1,Malicious,1
1.27e-11,0.0,0.0,1,4,Malicious,1,Malicious,1
1.27e-11,0.0,0.0,1,4,Malicious,1,Malicious,1
1.28e-08,0.0,0.0,1,4,Malicious,1,Malicious,1
6.32e-09,2.58e-08,1.34e-07,2,8,Benign,0,Benign,0
5.36e-07,1.95e-08,9.24e-07,2,8,Benign,0,Benign,0
1.27e-11,0.0,0.0,1,4,Malicious,1,Malicious,1
3.98e-05,0.0,0.0,1,4,Malicious,1,Malicious,1
1.27e-11,0.0,0.0,1,4,Malicious,1,Malicious,1
4.01e-05,0.0,0.0,1,4,Benign,0,Benign,1
1.27e-11,0.0,0.0,1,4,Malicious,1,Malicious,1
6.34e-11,0.0,0.0,1,4,Malicious,1,Malicious,1
6.34e-11,0.0,0.0,1,4,Malicious,1,Malicious,1
3.95e-05,0.0,0.0,1,4,Benign,0,Benign,1
1.27e-11,0.0,0.0,1,4,Malicious,1,Malicious,1
3.8e-05,0.0,0.0,1,4,Malicious,1,Malicious,1
0.00042134,3.55e-08,7.99e-07,1,7,Malicious,1,Malicious,1
3.98e-05,0.0,0.0,1,4,Malicious,1,Malicious,1
2.66e-05,4.3e-08,7.22e-07,1,7,Malicious,1,Malicious,1
0.0,0.0,0.0,1,4,Malicious,1,Malicious,1
2.66e-05,4.3e-08,7.22e-07,1,7,Malicious,1,Malicious,1
6.63e-08,2.75e-08,1.43e-07,2,8,Benign,0,Benign,0
9.28e-09,1.66e-08,1.34e-07,2,8,Benign,0,Benign,0
2.21e-08,2.75e-08,1.43e-07,2,8,Benign,0,Benign,0
1.46e-07,0.0,0.0,1,8,Benign,0,Benign,0
3.8e-05,0.0,0.0,1,4,Malicious,1,Malicious,1
1.27e-11,0.0,0.0,1,4,Malicious,1,Malicious,1
1.89e-08,2.75e-08,1.43e-07,2,8,Benign,0,Benign,0
1.33e-07,1.66e-08,1.34e-07,2,8,Benign,0,Benign,0
3.92e-05,0.0,0.0,1,4,Malicious,1,Malicious,1
5.07e-11,0.0,0.0,1,4,Malicious,1,Malicious,1
2.68e-05,4.3e-08,7.22e-07,1,7,Malicious,1,Malicious,1
6.3e-09,1.66e-08,1.34e-07,2,8,Benign,0,Benign,0
1.27e-11,0.0,0.0,1,4,Malicious,1,Malicious,1
3.97e-05,0.0,0.0,1,4,Malicious,1,Malicious,1
3.99e-05,0.0,0.0,1,4,Benign,0,Benign,1
3.94e-05,0.0,0.0,1,4,Benign,0,Benign,1
6.34e-11,0.0,0.0,1,4,Malicious,1,Malicious,1
3.97e-05,0.0,0.0,1,4,Benign,0,Benign,1
1.27e-11,0.0,0.0,1,4,Malicious,1,Malicious,1
6.32e-09,1.66e-08,1.34e-07,2,8,Benign,0,Benign,0
6.33e-08,2.75e-08,1.43e-07,2,8,Benign,0,Benign,0
6.34e-11,0.0,0.0,1,4,Malicious,1,Malicious,1
4.01e-05,0.0,0.0,1,4,Malicious,1,Malicious,1
0.0,0.0,0.0,1,4,Malicious,1,Malicious,1
1.27e-11,0.0,0.0,1,4,Malicious,1,Malicious,1
1.27e-11,0.0,0.0,1,4,Malicious,1,Malicious,1
3.8e-05,0.0,0.0,1,4,Malicious,1,Malicious,1
3.97e-05,0.0,0.0,1,4,Malicious,1,Malicious,1
1.27e-11,0.0,0.0,1,4,Malicious,1,Malicious,1
1.2e-06,2.75e-08,1.43e-07,2,8,Benign,0,Benign,0
1.27e-11,0.0,0.0,1,4,Malicious,1,Malicious,1
1.27e-11,0.0,0.0,1,4,Malicious,1,Malicious,1
1.27e-11,0.0,0.0,1,4,Malicious,1,Malicious,1
4.75e-08,2.75e-08,1.43e-07,2,8,Benign,0,Benign,0
6.35e-05,4.47e-08,0.0,2,4,Benign,0,Benign,0
0.0,0.0,0.0,1,4,Malicious,1,Malicious,1
5.45e-05,3.38e-07,5.35e-06,1,8,Malicious,1,Malicious,1
1.27e-11,0.0,0.0,1,4,Malicious,1,Malicious,1
0.003811932,8.37e-08,2.3e-06,1,8,Benign,0,Benign,0
6.34e-11,0.0,0.0,1,4,Malicious,1,Malicious,1
3.91e-05,0.0,0.0,1,4,Malicious,1,Malicious,1
1.27e-11,0.0,0.0,1,4,Malicious,1,Malicious,1
5.15e-05,3.84e-08,6.92e-07,1,7,Benign,0,Benign,1
1.27e-11,0.0,0.0,1,4,Malicious,1,Malicious,1
5.07e-11,0.0,0.0,1,4,Malicious,1,Malicious,1
1.27e-11,0.0,0.0,1,4,Malicious,1,Malicious,1
3.95e-05,0.0,0.0,1,4,Benign,0,Benign,1
3.22e-09,0.0,0.0,1,4,Malicious,1,Malicious,1
1.27e-11,0.0,0.0,1,4,Malicious,1,Malicious,1
1.39e-05,4.3e-08,7.22e-07,1,7,Malicious,1,Malicious,1
2.22e-08,1.66e-08,1.34e-07,2,8,Benign,0,Benign,0
1.27e-11,0.0,0.0,1,4,Malicious,1,Malicious,1
1.27e-11,0.0,0.0,1,4,Malicious,1,Malicious,1
2.11e-06,2.75e-08,1.43e-07,2,8,Benign,0,Benign,0
1.27e-11,0.0,0.0,1,4,Malicious,1,Malicious,1
1.27e-11,0.0,0.0,1,4,Malicious,1,Malicious,1
1.27e-11,0.0,0.0,1,4,Malicious,1,Malicious,1
3.94e-05,0.0,0.0,1,4,Benign,0,Benign,1
1.27e-11,0.0,0.0,1,4,Malicious,1,Malicious,1
1.27e-11,0.0,0.0,1,4,Malicious,1,Malicious,1
1.27e-11,0.0,0.0,1,4,Malicious,1,Malicious,1
1.27e-11,0.0,0.0,1,4,Malicious,1,Malicious,1
3.81e-11,0.0,0.0,1,4,Malicious,1,Malicious,1
1.27e-11,0.0,0.0,1,4,Malicious,1,Malicious,1
3.8e-05,0.0,0.0,1,4,Malicious,1,Malicious,1
3.93e-05,0.0,0.0,1,4,Malicious,1,Malicious,1
4.01e-05,0.0,0.0,1,4,Malicious,1,Malicious,1
1.27e-11,0.0,0.0,1,4,Malicious,1,Malicious,1
2.72e-05,3.84e-08,6.92e-07,1,7,Benign,0,Benign,1
1.27e-11,0.0,0.0,1,4,Malicious,1,Malicious,1
9.17e-08,2.75e-08,1.43e-07,2,8,Benign,0,Benign,0
1.27e-11,0.0,0.0,1,4,Malicious,1,Malicious,1
3.8e-05,0.0,0.0,1,4,Malicious,1,Malicious,1
3.94e-05,0.0,0.0,1,4,Benign,0,Benign,1
1.27e-11,0.0,0.0,1,4,Malicious,1,Malicious,1
3.94e-05,0.0,0.0,1,4,Malicious,1,Malicious,1
4.44e-08,0.0,0.0,1,8,Benign,0,Benign,0
6.34e-11,0.0,0.0,1,4,Malicious,1,Malicious,1
3.94e-05,0.0,0.0,1,4,Benign,0,Benign,1
1.27e-11,0.0,0.0,1,4,Malicious,1,Malicious,1
3.81e-11,0.0,0.0,1,4,Malicious,1,Malicious,1
2.76e-07,2.75e-08,1.43e-07,2,8,Benign,0,Benign,0
0.0,0.0,0.0,1,4,Malicious,1,Malicious,1
2.63e-06,1.66e-06,1.56e-05,1,8,Benign,0,Benign,0
0.0,0.0,0.0,1,4,Malicious,1,Malicious,1
0.0,0.0,0.0,1,4,Malicious,1,Malicious,1
1.27e-11,0.0,0.0,1,4,Malicious,1,Malicious,1
1.27e-11,0.0,0.0,1,4,Malicious,1,Malicious,1
4e-05,0.0,0.0,1,4,Benign,0,Benign,1
1.27e-11,0.0,0.0,1,4,Malicious,1,Malicious,1
3.8e-05,0.0,0.0,1,4,Malicious,1,Malicious,1
9.36e-09,1.66e-08,1.34e-07,2,8,Benign,0,Benign,0
4.01e-05,0.0,0.0,1,4,Benign,0,Benign,1
2.54e-08,0.0,0.0,1,4,Malicious,1,Malicious,1
1.27e-11,0.0,0.0,1,4,Malicious,1,Malicious,1
1.9e-08,2.58e-08,1.34e-07,2,8,Benign,0,Benign,0
1.27e-11,0.0,0.0,1,4,Malicious,1,Malicious,1
3.93e-05,0.0,0.0,1,4,Benign,0,Benign,1
3.22e-07,0.0,0.0,1,8,Benign,0,Benign,0
3.93e-05,0.0,0.0,1,4,Malicious,1,Malicious,1
5.06e-08,1.66e-08,1.34e-07,2,8,Benign,0,Benign,0
3.81e-11,0.0,0.0,1,4,Malicious,1,Malicious,1
1.27e-11,0.0,0.0,1,4,Malicious,1,Malicious,1
3.99e-05,0.0,0.0,1,4,Malicious,1,Malicious,1
3.22e-09,0.0,0.0,1,4,Malicious,1,Malicious,1
3.97e-05,0.0,0.0,1,4,Malicious,1,Malicious,1
3.22e-09,0.0,0.0,1,4,Malicious,1,Malicious,1
1.27e-11,0.0,0.0,1,4,Malicious,1,Malicious,1
1.27e-11,0.0,0.0,1,4,Malicious,1,Malicious,1
6.25e-09,2.58e-08,1.34e-07,2,8,Benign,0,Benign,0
3.93e-05,0.0,0.0,1,4,Benign,0,Benign,1
1.42e-07,2.64e-08,1.84e-07,2,8,Benign,0,Benign,0
3.8e-05,0.0,0.0,1,4,Malicious,1,Malicious,1
6.34e-11,0.0,0.0,1,4,Malicious,1,Malicious,1
6.35e-05,4.47e-08,0.0,2,4,Benign,0,Benign,0
3.97e-05,0.0,0.0,1,4,Malicious,1,Malicious,1
1.27e-11,0.0,0.0,1,4,Malicious,1,Malicious,1
2.21e-08,2.75e-08,1.43e-07,2,8,Benign,0,Benign,0
1.27e-11,0.0,0.0,1,4,Malicious,1,Malicious,1
6.35e-05,4.47e-08,0.0,2,4,Benign,0,Benign,0
3.16e-08,2.75e-08,1.43e-07,2,8,Benign,0,Benign,0
1.27e-11,0.0,0.0,1,4,Malicious,1,Malicious,1
3.8e-05,0.0,0.0,1,4,Malicious,1,Malicious,1
3.94e-05,0.0,0.0,1,4,Malicious,1,Malicious,1
3.96e-05,0.0,0.0,1,4,Benign,0,Benign,1
3.99e-05,0.0,0.0,1,4,Malicious,1,Malicious,1
0.0,0.0,0.0,1,4,Malicious,1,Malicious,1
1.27e-11,0.0,0.0,1,4,Malicious,1,Malicious,1
3.16e-09,0.0,0.0,1,4,Malicious,1,Malicious,1
3.46e-08,2.75e-08,1.43e-07,2,8,Benign,0,Benign,0
6.34e-11,0.0,0.0,1,4,Malicious,1,Malicious,1
3.94e-05,0.0,0.0,1,4,Benign,0,Benign,1
3.8e-05,0.0,0.0,1,4,Malicious,1,Malicious,1
3.95e-05,0.0,0.0,1,4,Benign,0,Benign,1
3.99e-05,0.0,0.0,1,4,Benign,0,Benign,1
5.07e-11,0.0,0.0,1,4,Malicious,1,Malicious,1
5.07e-11,0.0,0.0,1,4,Malicious,1,Malicious,1
3.8e-05,0.0,0.0,1,4,Malicious,1,Malicious,1
3.82e-05,0.0,0.0,1,4,Malicious,1,Malicious,1
1.27e-11,0.0,0.0,1,4,Malicious,1,Malicious,1
3.97e-05,0.0,0.0,1,4,Benign,0,Benign,1
3.96e-05,0.0,0.0,1,4,Malicious,1,Malicious,1
3.98e-05,0.0,0.0,1,4,Benign,0,Benign,1
1.27e-11,0.0,0.0,1,4,Malicious,1,Malicious,1
1.27e-11,0.0,0.0,1,4,Malicious,1,Malicious,1
1.27e-11,0.0,0.0,1,4,Malicious,1,Malicious,1
6.29e-09,1.66e-08,1.34e-07,2,8,Benign,0,Benign,0
5.07e-11,0.0,0.0,1,4,Malicious,1,Malicious,1
4.11e-08,2.75e-08,1.43e-07,2,8,Benign,0,Benign,0
3.17e-08,2.75e-08,1.43e-07,2,8,Benign,0,Benign,0
1.27e-11,0.0,0.0,1,4,Malicious,1,Malicious,1
8.68e-07,8.88e-08,8.51e-06,1,8,Benign,0,Benign,0
9.83e-08,5.5e-08,2.85e-07,2,8,Benign,0,Benign,0
1.27e-11,0.0,0.0,1,4,Malicious,1,Malicious,1
5.07e-11,0.0,0.0,1,4,Malicious,1,Malicious,1
0.00093848,2.52e-07,0.0,0,0,Benign,0,Benign,0
5.07e-11,0.0,0.0,1,4,Malicious,1,Malicious,1
5.07e-11,0.0,0.0,1,4,Malicious,1,Malicious,1
6.34e-11,0.0,0.0,1,4,Malicious,1,Malicious,1
4e-05,0.0,0.0,1,4,Benign,0,Benign,1
1.27e-11,0.0,0.0,1,4,Malicious,1,Malicious,1
3.79e-05,0.0,0.0,1,4,Malicious,1,Malicious,1
1.27e-11,0.0,0.0,1,4,Malicious,1,Malicious,1
5.07e-11,0.0,0.0,1,4,Malicious,1,Malicious,1
0.0,0.0,0.0,1,4,Malicious,1,Malicious,1
3.2e-09,0.0,0.0,1,4,Malicious,1,Malicious,1
6.35e-05,4.47e-08,0.0,2,4,Benign,0,Benign,0
0.009274248,3.55e-08,5.88e-07,1,3,Malicious,1,Malicious,1
3.95e-05,0.0,0.0,1,4,Malicious,1,Malicious,1
3.18e-09,0.0,0.0,1,4,Malicious,1,Malicious,1
1.27e-11,0.0,0.0,1,4,Malicious,1,Malicious,1
1.62e-07,2.75e-08,1.43e-07,2,8,Benign,0,Benign,0
3.94e-05,0.0,0.0,1,4,Malicious,1,Malicious,1
6.33e-09,2.58e-08,1.34e-07,2,8,Benign,0,Benign,0
1.27e-11,0.0,0.0,1,4,Malicious,1,Malicious,1
1.27e-11,0.0,0.0,1,4,Malicious,1,Malicious,1
1.27e-11,0.0,0.0,1,4,Malicious,1,Malicious,1
6.35e-05,4.47e-08,0.0,2,4,Benign,0,Benign,0
1.26e-08,0.0,0.0,1,4,Malicious,1,Malicious,1
3.8e-05,0.0,0.0,1,4,Benign,0,Benign,1
6e-08,2.75e-08,1.43e-07,2,8,Benign,0,Benign,0
1.27e-11,0.0,0.0,1,4,Malicious,1,Malicious,1
2.7e-09,0.0,0.0,1,4,Malicious,1,Malicious,1
6.02e-08,2.75e-08,1.43e-07,2,8,Benign,0,Benign,0
1.89e-08,5.16e-08,2.67e-07,2,8,Benign,0,Benign,0
2.22e-08,2.75e-08,1.43e-07,2,8,Benign,0,Benign,0
9.51e-09,2.58e-08,1.34e-07,2,8,Benign,0,Benign,0
1.27e-11,0.0,0.0,1,4,Malicious,1,Malicious,1
1.27e-11,0.0,0.0,1,4,Malicious,1,Malicious,1
3.93e-05,0.0,0.0,1,4,Malicious,1,Malicious,1
3.91e-05,0.0,0.0,1,4,Malicious,1,Malicious,1
2.54e-11,5.5e-08,0.0,2,4,Benign,0,Benign,0
8.55e-08,2.75e-08,1.43e-07,2,8,Benign,0,Benign,0
6.34e-11,0.0,0.0,1,4,Malicious,1,Malicious,1
1.27e-11,0.0,0.0,1,4,Malicious,1,Malicious,1
5.07e-11,0.0,0.0,1,4,Malicious,1,Malicious,1
1.27e-11,0.0,0.0,1,4,Malicious,1,Malicious,1
8.31e-09,6.88e-08,0.0,0,0,Benign,0,Benign,0
4e-05,0.0,0.0,1,4,Benign,0,Benign,1
3.8e-05,0.0,0.0,1,4,Malicious,1,Malicious,1
0.0,0.0,0.0,1,4,Malicious,1,Malicious,1
5.07e-11,0.0,0.0,1,4,Malicious,1,Malicious,1
6.34e-11,0.0,0.0,1,4,Malicious,1,Malicious,1
1.27e-11,0.0,0.0,1,4,Malicious,1,Malicious,1
3.22e-09,0.0,0.0,1,4,Malicious,1,Malicious,1
6.34e-11,0.0,0.0,1,4,Malicious,1,Malicious,1
1.27e-11,0.0,0.0,1,4,Malicious,1,Malicious,1
6.32e-09,2.58e-08,1.34e-07,2,8,Benign,0,Benign,0
3.98e-05,0.0,0.0,1,4,Malicious,1,Malicious,1
1.27e-11,0.0,0.0,1,4,Malicious,1,Malicious,1
5.07e-11,0.0,0.0,1,4,Malicious,1,Malicious,1
1.27e-11,0.0,0.0,1,4,Malicious,1,Malicious,1
6.34e-11,0.0,0.0,1,4,Malicious,1,Malicious,1
8.24e-08,1.66e-08,1.34e-07,2,8,Benign,0,Benign,0
3.8e-05,0.0,0.0,1,4,Malicious,1,Malicious,1
1.48e-05,3.84e-08,6.92e-07,1,7,Benign,0,Benign,1
1.52e-07,2.58e-08,1.34e-07,2,8,Benign,0,Benign,0
3.79e-05,0.0,0.0,1,4,Malicious,1,Malicious,1
3.81e-11,0.0,0.0,1,4,Malicious,1,Malicious,1
1.27e-11,0.0,0.0,1,4,Malicious,1,Malicious,1
3.97e-05,0.0,0.0,1,4,Benign,0,Benign,1
3.8e-05,0.0,0.0,1,4,Malicious,1,Malicious,1
1.27e-11,0.0,0.0,1,4,Malicious,1,Malicious,1
1.4e-07,2.64e-08,1.84e-07,2,8,Benign,0,Benign,0
1.27e-11,0.0,0.0,1,4,Malicious,1,Malicious,1
4e-05,0.0,0.0,1,4,Benign,0,Benign,1
2.52e-08,2.75e-08,1.43e-07,2,8,Benign,0,Benign,0
6.32e-09,1.66e-08,1.34e-07,2,8,Benign,0,Benign,0
6.34e-11,0.0,0.0,1,4,Malicious,1,Malicious,1
3.95e-05,0.0,0.0,1,4,Benign,0,Benign,1
5.07e-11,0.0,0.0,1,4,Malicious,1,Malicious,1
1.27e-11,0.0,0.0,1,4,Malicious,1,Malicious,1
3.15e-08,2.75e-08,1.43e-07,2,8,Benign,0,Benign,0
1.27e-11,0.0,0.0,1,4,Malicious,1,Malicious,1
3.95e-05,0.0,0.0,1,4,Malicious,1,Malicious,1
3.8e-05,0.0,0.0,1,4,Malicious,1,Malicious,1
5.07e-11,0.0,0.0,1,4,Malicious,1,Malicious,1
2.54e-11,0.0,0.0,1,4,Malicious,1,Malicious,1
1.27e-11,0.0,0.0,1,4,Malicious,1,Malicious,1
3.95e-05,0.0,0.0,1,4,Malicious,1,Malicious,1
1.27e-11,0.0,0.0,1,4,Malicious,1,Malicious,1
3.92e-05,0.0,0.0,1,4,Malicious,1,Malicious,1
1.27e-11,0.0,0.0,1,4,Malicious,1,Malicious,1
3.8e-05,0.0,0.0,1,4,Malicious,1,Malicious,1
5.07e-11,0.0,0.0,1,4,Malicious,1,Malicious,1
3.93e-05,0.0,0.0,1,4,Benign,0,Benign,1
3.46e-08,2.75e-08,1.43e-07,2,8,Benign,0,Benign,0
2.21e-08,2.75e-08,1.43e-07,2,8,Benign,0,Benign,0
3.93e-05,0.0,0.0,1,4,Malicious,1,Malicious,1
1.27e-11,0.0,0.0,1,4,Malicious,1,Malicious,1
3.96e-05,0.0,0.0,1,4,Benign,0,Benign,1
1.27e-11,0.0,0.0,1,4,Malicious,1,Malicious,1
3.93e-05,0.0,0.0,1,4,Benign,0,Benign,1
1.27e-11,0.0,0.0,1,4,Malicious,1,Malicious,1
6.14e-06,0.0,0.0,1,1,Benign,0,Benign,0
3.81e-11,0.0,0.0,1,4,Malicious,1,Malicious,1
3.27e-09,0.0,0.0,1,4,Malicious,1,Malicious,1
1.27e-11,0.0,0.0,1,4,Malicious,1,Malicious,1
3.07e-09,0.0,0.0,1,4,Malicious,1,Malicious,1
3.98e-05,0.0,0.0,1,4,Malicious,1,Malicious,1
1.27e-11,0.0,0.0,1,4,Malicious,1,Malicious,1
3.93e-05,0.0,0.0,1,4,Malicious,1,Malicious,1
0.003806201,1.67e-07,2.3e-06,1,8,Benign,0,Benign,0
6.34e-11,0.0,0.0,1,4,Malicious,1,Malicious,1
5.07e-11,0.0,0.0,1,4,Malicious,1,Malicious,1
3.99e-05,0.0,0.0,1,4,Malicious,1,Malicious,1
1.27e-11,0.0,0.0,1,4,Malicious,1,Malicious,1
3.99e-05,0.0,0.0,1,4,Benign,0,Benign,1
5.19e-05,5.02e-07,0.0,2,4,Benign,0,Benign,0
1.27e-11,0.0,0.0,1,4,Malicious,1,Malicious,1
7.29e-07,2.58e-08,1.34e-07,2,8,Benign,0,Benign,0
3.48e-08,2.75e-08,1.43e-07,2,8,Benign,0,Benign,0
3.25e-09,0.0,0.0,1,4,Malicious,1,Malicious,1
1.27e-11,0.0,0.0,1,4,Malicious,1,Malicious,1
3.94e-05,0.0,0.0,1,4,Malicious,1,Malicious,1
3.81e-05,0.0,0.0,1,4,Malicious,1,Malicious,1
1.27e-11,0.0,0.0,1,4,Malicious,1,Malicious,1
3.95e-05,0.0,0.0,1,4,Benign,0,Benign,1
3.91e-05,0.0,0.0,1,4,Malicious,1,Malicious,1
5.07e-11,0.0,0.0,1,4,Malicious,1,Malicious,1
3.94e-05,0.0,0.0,1,4,Malicious,1,Malicious,1
1.27e-11,0.0,0.0,1,4,Malicious,1,Malicious,1
5.07e-11,0.0,0.0,1,4,Malicious,1,Malicious,1
6.35e-05,4.47e-08,0.0,2,4,Benign,0,Benign,0
3.94e-05,0.0,0.0,1,4,Malicious,1,Malicious,1
6.34e-11,0.0,0.0,1,4,Malicious,1,Malicious,1
1.27e-11,0.0,0.0,1,4,Malicious,1,Malicious,1
5.07e-11,0.0,0.0,1,4,Malicious,1,Malicious,1
4e-05,0.0,0.0,1,4,Benign,0,Benign,1
3.8e-05,0.0,0.0,1,4,Malicious,1,Malicious,1
3.23e-09,0.0,0.0,1,4,Malicious,1,Malicious,1
2.22e-08,1.66e-08,1.34e-07,2,8,Benign,0,Benign,0
4e-05,0.0,0.0,1,4,Benign,0,Benign,1
3.95e-05,0.0,0.0,1,4,Malicious,1,Malicious,1
3.22e-09,0.0,0.0,1,4,Malicious,1,Malicious,1
3.22e-09,0.0,0.0,1,4,Malicious,1,Malicious,1
3.92e-05,0.0,0.0,1,4,Benign,0,Benign,1
6.33e-09,1.66e-08,1.34e-07,2,8,Benign,0,Benign,0
2.83e-09,0.0,0.0,1,4,Malicious,1,Malicious,1
1.4e-05,3.84e-08,6.92e-07,1,7,Benign,0,Benign,1
1.27e-11,0.0,0.0,1,4,Malicious,1,Malicious,1
3.8e-05,0.0,0.0,1,4,Malicious,1,Malicious,1
3.8e-05,0.0,0.0,1,4,Malicious,1,Malicious,1
0.00074116,1.72e-06,0.0,2,4,Benign,0,Benign,0
3.64e-06,0.0,0.0,1,1,Benign,0,Benign,0
1.27e-11,0.0,0.0,1,4,Malicious,1,Malicious,1
3.21e-09,0.0,0.0,1,4,Malicious,1,Malicious,1
3.99e-05,0.0,0.0,1,4,Benign,0,Benign,1
3.79e-05,0.0,0.0,1,4,Malicious,1,Malicious,1
6.34e-11,0.0,0.0,1,4,Malicious,1,Malicious,1
3.94e-05,0.0,0.0,1,4,Malicious,1,Malicious,1
1.27e-11,0.0,0.0,1,4,Malicious,1,Malicious,1
1.27e-11,0.0,0.0,1,4,Malicious,1,Malicious,1
3.99e-05,0.0,0.0,1,4,Malicious,1,Malicious,1
3.15e-08,2.75e-08,1.43e-07,2,8,Benign,0,Benign,0
6.34e-11,0.0,0.0,1,4,Malicious,1,Malicious,1
5.07e-11,0.0,0.0,1,4,Malicious,1,Malicious,1
3.8e-05,0.0,0.0,1,4,Malicious,1,Malicious,1
3.93e-05,0.0,0.0,1,4,Malicious,1,Malicious,1
6.34e-11,0.0,0.0,1,4,Malicious,1,Malicious,1
3.99e-05,0.0,0.0,1,4,Malicious,1,Malicious,1
3.22e-09,0.0,0.0,1,4,Malicious,1,Malicious,1
6.29e-09,0.0,0.0,1,4,Malicious,1,Malicious,1
3.8e-05,0.0,0.0,1,4,Malicious,1,Malicious,1
5.07e-11,0.0,0.0,1,4,Malicious,1,Malicious,1
3.8e-05,0.0,0.0,1,4,Malicious,1,Malicious,1
3.79e-05,0.0,0.0,1,4,Malicious,1,Malicious,1
0.000583457,5.5e-08,0.0,2,4,Benign,0,Benign,0
5.07e-11,0.0,0.0,1,4,Malicious,1,Malicious,1
0.000126874,3.38e-07,5.35e-06,1,8,Malicious,1,Malicious,1
1.27e-11,0.0,0.0,1,4,Malicious,1,Malicious,1
3.48e-08,2.75e-08,1.43e-07,2,8,Benign,0,Benign,0
0.0,0.0,0.0,1,4,Malicious,1,Malicious,1
3.8e-05,0.0,0.0,1,4,Malicious,1,Malicious,1
1.27e-11,0.0,0.0,1,4,Malicious,1,Malicious,1
4.74e-08,1.66e-08,1.34e-07,2,8,Benign,0,Benign,0
1.27e-11,0.0,0.0,1,4,Malicious,1,Malicious,1
1.27e-11,0.0,0.0,1,4,Malicious,1,Malicious,1
3.94e-05,0.0,0.0,1,4,Malicious,1,Malicious,1
3.8e-05,0.0,0.0,1,4,Malicious,1,Malicious,1
3.8e-05,0.0,0.0,1,4,Malicious,1,Malicious,1
6.33e-09,2.58e-08,1.34e-07,2,8,Benign,0,Benign,0
3.22e-09,0.0,0.0,1,4,Malicious,1,Malicious,1
3.81e-11,0.0,0.0,1,4,Malicious,1,Malicious,1
0.0,0.0,0.0,1,4,Malicious,1,Malicious,1
1.27e-11,0.0,0.0,1,4,Malicious,1,Malicious,1
3.2e-09,0.0,0.0,1,4,Malicious,1,Malicious,1
8.87e-08,2.75e-08,1.43e-07,2,8,Benign,0,Benign,0
1.27e-11,0.0,0.0,1,4,Malicious,1,Malicious,1
1.27e-11,0.0,0.0,1,4,Malicious,1,Malicious,1
1.27e-11,0.0,0.0,1,4,Malicious,1,Malicious,1
1.58e-08,3.84e-07,1.78e-06,2,8,Benign,0,Benign,0
3.96e-05,0.0,0.0,1,4,Benign,0,Benign,1
2.21e-08,2.75e-08,1.43e-07,2,8,Benign,0,Benign,0
1.27e-11,0.0,0.0,1,4,Malicious,1,Malicious,1
1.56e-07,2.69e-08,3.3e-07,2,8,Benign,0,Benign,0
1.27e-11,0.0,0.0,1,4,Malicious,1,Malicious,1
1.27e-11,0.0,0.0,1,4,Malicious,1,Malicious,1
1.27e-11,0.0,0.0,1,4,Malicious,1,Malicious,1
0.0,0.0,0.0,1,4,Malicious,1,Malicious,1
1.27e-11,0.0,0.0,1,4,Malicious,1,Malicious,1
3.92e-05,0.0,0.0,1,4,Malicious,1,Malicious,1
3.96e-07,2.75e-08,1.43e-07,2,8,Benign,0,Benign,0
1.27e-11,0.0,0.0,1,4,Malicious,1,Malicious,1
0.0,0.0,0.0,1,4,Malicious,1,Malicious,1
1.27e-11,0.0,0.0,1,4,Malicious,1,Malicious,1
5.07e-11,0.0,0.0,1,4,Malicious,1,Malicious,1
3.92e-05,0.0,0.0,1,4,Malicious,1,Malicious,1
3.96e-05,0.0,0.0,1,4,Malicious,1,Malicious,1
1.14e-10,0.0,0.0,1,4,Malicious,1,Malicious,1
5.04e-07,2.75e-08,1.43e-07,2,8,Benign,0,Benign,0
1.27e-11,0.0,0.0,1,4,Malicious,1,Malicious,1
0.0,0.0,0.0,1,4,Malicious,1,Malicious,1
3.91e-05,0.0,0.0,1,4,Malicious,1,Malicious,1
1.27e-11,0.0,0.0,1,4,Malicious,1,Malicious,1
1.27e-11,0.0,0.0,1,4,Malicious,1,Malicious,1
3.8e-05,0.0,0.0,1,4,Malicious,1,Malicious,1
6.35e-05,4.47e-08,0.0,2,4,Benign,0,Benign,0
3.94e-05,0.0,0.0,1,4,Malicious,1,Malicious,1
3.89e-05,0.0,0.0,1,8,Malicious,1,Malicious,0
3.95e-05,0.0,0.0,1,4,Malicious,1,Malicious,1
1.27e-11,0.0,0.0,1,4,Malicious,1,Malicious,1
1.27e-11,0.0,0.0,1,4,Malicious,1,Malicious,1
1.27e-11,0.0,0.0,1,4,Malicious,1,Malicious,1
3.8e-05,0.0,0.0,1,4,Malicious,1,Malicious,1
3.93e-05,0.0,0.0,1,4,Malicious,1,Malicious,1
6.35e-05,4.47e-08,0.0,2,4,Benign,0,Benign,0
3.92e-05,0.0,0.0,1,4,Benign,0,Benign,1
1.27e-11,0.0,0.0,1,4,Malicious,1,Malicious,1
9.49e-09,2.58e-08,1.34e-07,2,8,Benign,0,Benign,0
3.93e-05,0.0,0.0,1,4,Malicious,1,Malicious,1
2.93e-09,0.0,0.0,1,4,Malicious,1,Malicious,1
3.8e-05,0.0,0.0,1,4,Malicious,1,Malicious,1
3.8e-05,0.0,0.0,1,4,Malicious,1,Malicious,1
3.93e-05,0.0,0.0,1,4,Benign,0,Benign,1
3.97e-05,0.0,0.0,1,4,Malicious,1,Malicious,1
1.27e-11,0.0,0.0,1,4,Malicious,1,Malicious,1
3.96e-05,0.0,0.0,1,4,Benign,0,Benign,1
2.09e-07,2.75e-08,1.43e-07,2,8,Benign,0,Benign,0
0.0,0.0,0.0,1,4,Malicious,1,Malicious,1
1.27e-11,0.0,0.0,1,4,Malicious,1,Malicious,1
0.0,0.0,0.0,1,4,Malicious,1,Malicious,1
5.1e-07,1.95e-08,9.24e-07,2,8,Benign,0,Benign,0
1.27e-11,0.0,0.0,1,4,Malicious,1,Malicious,1
5.07e-11,0.0,0.0,1,4,Malicious,1,Malicious,1
3.48e-08,2.75e-08,1.43e-07,2,8,Benign,0,Benign,0
3.15e-08,2.75e-08,1.43e-07,2,8,Benign,0,Benign,0
3.92e-05,0.0,0.0,1,4,Benign,0,Benign,1
5.07e-11,0.0,0.0,1,4,Malicious,1,Malicious,1
1.27e-11,0.0,0.0,1,4,Malicious,1,Malicious,1
3.64e-07,1.66e-08,1.34e-07,2,8,Benign,0,Benign,0
2.21e-08,2.75e-08,1.43e-07,2,8,Benign,0,Benign,0
1.27e-11,0.0,0.0,1,4,Malicious,1,Malicious,1
6.34e-11,0.0,0.0,1,4,Malicious,1,Malicious,1
3.48e-08,2.75e-08,1.43e-07,2,8,Benign,0,Benign,0
6.39e-09,0.0,0.0,1,4,Malicious,1,Malicious,1
3.48e-08,2.75e-08,1.43e-07,2,8,Benign,0,Benign,0
2.54e-11,5.5e-08,0.0,2,4,Benign,0,Benign,0
1.27e-11,0.0,0.0,1,4,Malicious,1,Malicious,1
3.93e-05,0.0,0.0,1,4,Benign,0,Benign,1
3.95e-05,0.0,0.0,1,4,Benign,0,Benign,1
6.39e-09,0.0,0.0,1,4,Malicious,1,Malicious,1
6.33e-09,1.66e-08,1.34e-07,2,8,Benign,0,Benign,0
6.33e-08,2.75e-08,1.43e-07,2,8,Benign,0,Benign,0
4.01e-05,0.0,0.0,1,4,Malicious,1,Malicious,1
3.8e-05,0.0,0.0,1,4,Malicious,1,Malicious,1
3.95e-05,0.0,0.0,1,4,Benign,0,Benign,1
1.27e-11,0.0,0.0,1,4,Malicious,1,Malicious,1
1.27e-11,0.0,0.0,1,4,Malicious,1,Malicious,1
0.0,0.0,0.0,1,4,Malicious,1,Malicious,1
6.35e-05,4.47e-08,0.0,2,4,Benign,0,Benign,0
1.27e-11,0.0,0.0,1,4,Malicious,1,Malicious,1
1.27e-11,0.0,0.0,1,4,Malicious,1,Malicious,1
3.96e-05,0.0,0.0,1,4,Malicious,1,Malicious,1
3.92e-05,0.0,0.0,1,4,Malicious,1,Malicious,1
3.8e-05,0.0,0.0,1,4,Malicious,1,Malicious,1
3.94e-05,0.0,0.0,1,4,Malicious,1,Malicious,1
0.0,0.0,0.0,1,4,Malicious,1,Malicious,1
1.27e-11,0.0,0.0,1,4,Malicious,1,Malicious,1
5.07e-11,0.0,0.0,1,4,Malicious,1,Malicious,1
9.5e-09,1.66e-08,1.34e-07,2,8,Benign,0,Benign,0
5.07e-11,0.0,0.0,1,4,Malicious,1,Malicious,1
3.97e-05,0.0,0.0,1,4,Malicious,1,Malicious,1
6.32e-09,2.58e-08,1.34e-07,2,8,Benign,0,Benign,0
5.07e-11,0.0,0.0,1,4,Malicious,1,Malicious,1
0.0,0.0,0.0,1,4,Malicious,1,Malicious,1
3.8e-05,0.0,0.0,1,4,Malicious,1,Malicious,1
3.22e-09,0.0,0.0,1,4,Malicious,1,Malicious,1
3.91e-05,0.0,0.0,1,4,Malicious,1,Malicious,1
3.8e-05,0.0,0.0,1,4,Malicious,1,Malicious,1
6.34e-05,4.47e-08,0.0,2,4,Benign,0,Benign,0
1.27e-11,0.0,0.0,1,4,Malicious,1,Malicious,1
0.0,0.0,0.0,1,4,Malicious,1,Malicious,1
1.27e-11,0.0,0.0,1,4,Malicious,1,Malicious,1
1.27e-11,0.0,0.0,1,4,Malicious,1,Malicious,1
1.29e-05,2.98e-08,3.68e-07,1,3,Benign,0,Benign,0
5.07e-11,0.0,0.0,1,4,Malicious,1,Malicious,1
3.22e-09,0.0,0.0,1,4,Malicious,1,Malicious,1
3.96e-05,0.0,0.0,1,4,Malicious,1,Malicious,1
1.29e-05,2.98e-08,3.68e-07,1,3,Benign,0,Benign,0
3.22e-09,0.0,0.0,1,4,Malicious,1,Malicious,1
3.97e-05,0.0,0.0,1,4,Benign,0,Benign,1
6.64e-08,2.75e-08,1.43e-07,2,8,Benign,0,Benign,0
3.96e-05,0.0,0.0,1,4,Benign,0,Benign,1
3.99e-05,0.0,0.0,1,4,Benign,0,Benign,1
3.98e-05,0.0,0.0,1,4,Malicious,1,Malicious,1
3.95e-05,0.0,0.0,1,4,Benign,0,Benign,1
1.27e-11,0.0,0.0,1,4,Malicious,1,Malicious,1
4e-05,0.0,0.0,1,4,Benign,0,Benign,1
7.29e-08,2.75e-08,1.43e-07,2,8,Benign,0,Benign,0
9.28e-09,1.66e-08,1.34e-07,2,8,Benign,0,Benign,0
3.52e-06,0.0,0.0,1,1,Malicious,1,Malicious,0
1.27e-11,0.0,0.0,1,4,Malicious,1,Malicious,1
3.94e-05,0.0,0.0,1,4,Malicious,1,Malicious,1
1.27e-11,0.0,0.0,1,4,Malicious,1,Malicious,1
4e-05,0.0,0.0,1,4,Benign,0,Benign,1
1.27e-11,0.0,0.0,1,4,Malicious,1,Malicious,1
3.8e-05,0.0,0.0,1,4,Malicious,1,Malicious,1
5.69e-08,5.5e-08,2.85e-07,2,8,Benign,0,Benign,0
1.27e-11,0.0,0.0,1,4,Malicious,1,Malicious,1
4.43e-08,1.66e-08,1.34e-07,2,8,Benign,0,Benign,0
3.22e-09,0.0,0.0,1,4,Malicious,1,Malicious,1
4e-05,0.0,0.0,1,4,Malicious,1,Malicious,1
4e-05,0.0,0.0,1,4,Malicious,1,Malicious,1
1.27e-11,0.0,0.0,1,4,Malicious,1,Malicious,1
2.68e-05,3.84e-08,6.92e-07,1,7,Benign,0,Benign,1
2.19e-08,2.75e-08,1.43e-07,2,8,Benign,0,Benign,0
1.27e-11,0.0,0.0,1,4,Malicious,1,Malicious,1
5.07e-11,0.0,0.0,1,4,Malicious,1,Malicious,1
3.96e-05,0.0,0.0,1,4,Malicious,1,Malicious,1
3.8e-05,0.0,0.0,1,4,Malicious,1,Malicious,1
6.32e-09,0.0,0.0,1,4,Malicious,1,Malicious,1
3.99e-05,0.0,0.0,1,4,Benign,0,Benign,1
5.07e-08,2.75e-08,1.43e-07,2,8,Benign,0,Benign,0
5.86e-07,2.75e-08,1.43e-07,2,8,Benign,0,Benign,0
1.27e-11,0.0,0.0,1,4,Malicious,1,Malicious,1
2.53e-08,1.66e-08,1.34e-07,2,8,Benign,0,Benign,0
3.94e-05,0.0,0.0,1,4,Benign,0,Benign,1
3.91e-05,0.0,0.0,1,4,Malicious,1,Malicious,1
6.35e-05,4.47e-08,0.0,2,4,Benign,0,Benign,0
1.27e-11,0.0,0.0,1,4,Malicious,1,Malicious,1
6.3e-09,2.58e-08,1.34e-07,2,8,Benign,0,Benign,0
3.21e-09,0.0,0.0,1,4,Malicious,1,Malicious,1
1.27e-11,0.0,0.0,1,4,Malicious,1,Malicious,1
5.07e-11,0.0,0.0,1,4,Malicious,1,Malicious,1
1.27e-11,0.0,0.0,1,4,Malicious,1,Malicious,1
3.8e-05,0.0,0.0,1,4,Malicious,1,Malicious,1
3.8e-05,0.0,0.0,1,4,Malicious,1,Malicious,1
6.33e-09,2.12e-08,3.92e-07,2,8,Benign,0,Benign,0
1.27e-11,0.0,0.0,1,4,Malicious,1,Malicious,1
3.8e-05,0.0,0.0,1,4,Malicious,1,Malicious,1
7.09e-05,3.38e-07,5.35e-06,1,8,Malicious,1,Malicious,1
5.07e-11,0.0,0.0,1,4,Malicious,1,Malicious,1
3.98e-05,0.0,0.0,1,4,Malicious,1,Malicious,1
0.000113624,4.07e-08,1.33e-06,1,8,Malicious,1,Malicious,1
0.0,0.0,0.0,1,4,Malicious,1,Malicious,1
1.81e-07,2.75e-08,1.43e-07,2,8,Benign,0,Benign,0
1.27e-11,0.0,0.0,1,4,Malicious,1,Malicious,1
5.07e-11,0.0,0.0,1,4,Malicious,1,Malicious,1
3.99e-05,0.0,0.0,1,4,Benign,0,Benign,1
5.27e-05,3.84e-08,6.92e-07,1,7,Benign,0,Benign,1
3.91e-05,0.0,0.0,1,4,Malicious,1,Malicious,1
4e-05,0.0,0.0,1,4,Benign,0,Benign,1
3.8e-05,0.0,0.0,1,4,Malicious,1,Malicious,1
3.91e-05,0.0,0.0,1,4,Malicious,1,Malicious,1
2.85e-08,2.75e-08,1.43e-07,2,8,Benign,0,Benign,0
4.01e-05,0.0,0.0,1,4,Malicious,1,Malicious,1
0.0,0.0,0.0,1,4,Malicious,1,Malicious,1
0.000126861,1.65e-07,8.56e-07,2,8,Benign,0,Benign,0
3.92e-05,0.0,0.0,1,4,Malicious,1,Malicious,1
1.27e-11,0.0,0.0,1,4,Malicious,1,Malicious,1
1.27e-11,0.0,0.0,1,4,Malicious,1,Malicious,1
2.2e-08,2.75e-08,1.43e-07,2,8,Benign,0,Benign,0
1.27e-11,0.0,0.0,1,4,Malicious,1,Malicious,1
6.34e-11,0.0,0.0,1,4,Malicious,1,Malicious,1
3.91e-05,0.0,0.0,1,4,Malicious,1,Malicious,1
1.27e-11,0.0,0.0,1,4,Malicious,1,Malicious,1
1.27e-11,0.0,0.0,1,4,Malicious,1,Malicious,1
2.54e-11,0.0,0.0,1,4,Malicious,1,Malicious,1
1.27e-11,0.0,0.0,1,4,Malicious,1,Malicious,1
3.93e-05,0.0,0.0,1,4,Malicious,1,Malicious,1
3.91e-05,0.0,0.0,1,4,Malicious,1,Malicious,1
6.29e-09,1.66e-08,1.34e-07,2,8,Benign,0,Benign,0
1.01e-10,0.0,0.0,1,4,Malicious,1,Malicious,1
5.07e-11,0.0,0.0,1,4,Malicious,1,Malicious,1
1.27e-11,0.0,0.0,1,4,Malicious,1,Malicious,1
3.8e-05,0.0,0.0,1,4,Malicious,1,Malicious,1
5.07e-11,0.0,0.0,1,4,Malicious,1,Malicious,1
3.98e-05,0.0,0.0,1,4,Malicious,1,Malicious,1
3.8e-05,0.0,0.0,1,4,Malicious,1,Malicious,1
3.98e-05,0.0,0.0,1,4,Malicious,1,Malicious,1
1.27e-11,0.0,0.0,1,4,Malicious,1,Malicious,1
1.27e-11,0.0,0.0,1,4,Malicious,1,Malicious,1
1.27e-11,0.0,0.0,1,4,Malicious,1,Malicious,1
5.07e-11,0.0,0.0,1,4,Malicious,1,Malicious,1
5.07e-11,0.0,0.0,1,4,Malicious,1,Malicious,1
6.34e-11,0.0,0.0,1,4,Malicious,1,Malicious,1
1.43e-07,2.29e-08,1.66e-07,2,8,Benign,0,Benign,0
6.29e-09,1.66e-08,1.34e-07,2,8,Benign,0,Benign,0
3.99e-05,0.0,0.0,1,4,Malicious,1,Malicious,1
1.27e-11,0.0,0.0,1,4,Malicious,1,Malicious,1
2.53e-08,2.75e-08,1.43e-07,2,8,Benign,0,Benign,0
2.54e-11,0.0,0.0,1,4,Malicious,1,Malicious,1
1.01e-10,0.0,0.0,1,4,Malicious,1,Malicious,1
1.27e-11,0.0,0.0,1,4,Malicious,1,Malicious,1
6.47e-10,1.01e-07,0.0,0,0,Benign,0,Benign,0
3.48e-07,2.75e-08,1.43e-07,2,8,Benign,0,Benign,0
6.08e-09,2.58e-08,1.34e-07,2,8,Benign,0,Benign,0
3.22e-09,0.0,0.0,1,4,Malicious,1,Malicious,1
6.34e-11,0.0,0.0,1,4,Malicious,1,Malicious,1
6.34e-11,0.0,0.0,1,4,Malicious,1,Malicious,1
6.34e-11,0.0,0.0,1,4,Malicious,1,Malicious,1
0.0,0.0,0.0,1,4,Malicious,1,Malicious,1
3.98e-05,0.0,0.0,1,4,Malicious,1,Malicious,1
6.35e-05,4.47e-08,0.0,2,4,Benign,0,Benign,0
1.27e-11,0.0,0.0,1,4,Malicious,1,Malicious,1
3.97e-05,0.0,0.0,1,4,Malicious,1,Malicious,1
0.0,0.0,0.0,1,4,Malicious,1,Malicious,1
5.07e-11,0.0,0.0,1,4,Malicious,1,Malicious,1
4.01e-05,0.0,0.0,1,4,Malicious,1,Malicious,1
3.8e-05,0.0,0.0,1,4,Malicious,1,Malicious,1
1.27e-11,0.0,0.0,1,4,Malicious,1,Malicious,1
0.0,0.0,0.0,1,4,Malicious,1,Malicious,1
3.8e-05,0.0,0.0,1,4,Malicious,1,Malicious,1
5.07e-11,0.0,0.0,1,4,Malicious,1,Malicious,1
1.27e-11,0.0,0.0,1,4,Malicious,1,Malicious,1
1.4e-05,4.3e-08,7.22e-07,1,7,Malicious,1,Malicious,1
1.27e-11,0.0,0.0,1,4,Malicious,1,Malicious,1
0.002121645,1.62e-06,0.0,2,4,Benign,0,Benign,0
3.95e-05,0.0,0.0,1,4,Benign,0,Benign,1
3.8e-05,0.0,0.0,1,4,Malicious,1,Malicious,1
6.43e-09,0.0,0.0,1,4,Malicious,1,Malicious,1
3.99e-05,0.0,0.0,1,4,Malicious,1,Malicious,1
1.01e-10,0.0,0.0,1,4,Malicious,1,Malicious,1
3.97e-05,0.0,0.0,1,4,Benign,0,Benign,1
6.15e-05,3.38e-07,5.26e-06,1,8,Malicious,1,Malicious,1
6.34e-11,0.0,0.0,1,4,Malicious,1,Malicious,1
1.9e-08,2.75e-08,1.43e-07,2,8,Benign,0,Benign,0
0.0,0.0,0.0,1,4,Malicious,1,Malicious,1
1.27e-11,0.0,0.0,1,4,Malicious,1,Malicious,1
6.34e-11,0.0,0.0,1,4,Malicious,1,Malicious,1
5.07e-11,0.0,0.0,1,4,Malicious,1,Malicious,1
3.97e-05,0.0,0.0,1,4,Benign,0,Benign,1
3.8e-05,0.0,0.0,1,4,Malicious,1,Malicious,1
3.93e-05,0.0,0.0,1,4,Malicious,1,Malicious,1
1.27e-11,0.0,0.0,1,4,Malicious,1,Malicious,1
3.98e-05,0.0,0.0,1,4,Malicious,1,Malicious,1
1.27e-11,0.0,0.0,1,4,Malicious,1,Malicious,1
2.84e-08,1.66e-08,1.34e-07,2,8,Benign,0,Benign,0
6.34e-11,0.0,0.0,1,4,Malicious,1,Malicious,1
3.91e-05,0.0,0.0,1,4,Benign,0,Benign,1
0.0,0.0,0.0,1,4,Malicious,1,Malicious,1
1.27e-11,0.0,0.0,1,4,Malicious,1,Malicious,1
6.35e-05,4.47e-08,0.0,2,4,Benign,0,Benign,0
1.17e-06,2.75e-08,1.43e-07,2,8,Benign,0,Benign,0
1.48e-05,1.06e-07,2.37e-06,2,8,Benign,0,Benign,0
6.3e-09,1.66e-08,1.34e-07,2,8,Benign,0,Benign,0
1.27e-11,0.0,0.0,1,4,Malicious,1,Malicious,1
1.4e-10,0.0,0.0,1,4,Malicious,1,Malicious,1
5.07e-11,0.0,0.0,1,4,Malicious,1,Malicious,1
1.27e-11,0.0,0.0,1,4,Malicious,1,Malicious,1
1.27e-11,0.0,0.0,1,4,Malicious,1,Malicious,1
1.27e-11,0.0,0.0,1,4,Malicious,1,Malicious,1
3.94e-05,0.0,0.0,1,4,Malicious,1,Malicious,1
1.27e-11,0.0,0.0,1,4,Malicious,1,Malicious,1
0.0,0.0,0.0,1,4,Malicious,1,Malicious,1
1.27e-11,0.0,0.0,1,4,Malicious,1,Malicious,1
0.000430398,3.55e-08,7.99e-07,1,7,Malicious,1,Malicious,1
3.92e-05,0.0,0.0,1,4,Benign,0,Benign,1
1.27e-11,0.0,0.0,1,4,Malicious,1,Malicious,1
0.000707695,7.68e-08,0.0,2,4,Benign,0,Benign,0
3.8e-05,0.0,0.0,1,4,Malicious,1,Malicious,1
1.27e-11,0.0,0.0,1,4,Malicious,1,Malicious,1
6.33e-08,2.75e-08,1.43e-07,2,8,Benign,0,Benign,0
3.95e-05,0.0,0.0,1,4,Benign,0,Benign,1
3.8e-05,0.0,0.0,1,4,Malicious,1,Malicious,1
1.27e-11,0.0,0.0,1,4,Malicious,1,Malicious,1
3.8e-05,0.0,0.0,1,4,Malicious,1,Malicious,1
1.27e-11,0.0,0.0,1,4,Malicious,1,Malicious,1
1.27e-11,0.0,0.0,1,4,Malicious,1,Malicious,1
3.95e-05,0.0,0.0,1,4,Malicious,1,Malicious,1
3.8e-05,0.0,0.0,1,4,Malicious,1,Malicious,1
3.97e-05,0.0,0.0,1,4,Malicious,1,Malicious,1
1.27e-11,0.0,0.0,1,4,Malicious,1,Malicious,1
3.8e-05,0.0,0.0,1,4,Malicious,1,Malicious,1
1.27e-11,0.0,0.0,1,4,Malicious,1,Malicious,1
1.27e-11,0.0,0.0,1,4,Malicious,1,Malicious,1
3.8e-05,0.0,0.0,1,4,Malicious,1,Malicious,1
3.99e-05,0.0,0.0,1,4,Benign,0,Benign,1
1.41e-05,4.3e-08,7.22e-07,1,7,Malicious,1,Malicious,1
0.0,0.0,0.0,1,4,Malicious,1,Malicious,1
1.27e-11,0.0,0.0,1,4,Malicious,1,Malicious,1
3.8e-05,0.0,0.0,1,4,Malicious,1,Malicious,1
1.27e-11,0.0,0.0,1,4,Malicious,1,Malicious,1
6.34e-11,0.0,0.0,1,4,Malicious,1,Malicious,1
3.8e-05,0.0,0.0,1,4,Malicious,1,Malicious,1
6.34e-11,0.0,0.0,1,4,Malicious,1,Malicious,1
0.0,0.0,0.0,1,4,Malicious,1,Malicious,1
1.27e-11,0.0,0.0,1,4,Malicious,1,Malicious,1
2.2e-08,2.75e-08,1.43e-07,2,8,Benign,0,Benign,0
3.99e-05,0.0,0.0,1,4,Malicious,1,Malicious,1
3.8e-05,0.0,0.0,1,4,Malicious,1,Malicious,1
1.27e-11,0.0,0.0,1,4,Malicious,1,Malicious,1
3.48e-08,2.75e-08,1.43e-07,2,8,Benign,0,Benign,0
1.27e-11,0.0,0.0,1,4,Malicious,1,Malicious,1
1.27e-11,0.0,0.0,1,4,Malicious,1,Malicious,1
5.07e-11,0.0,0.0,1,4,Malicious,1,Malicious,1
3.07e-09,0.0,0.0,1,4,Malicious,1,Malicious,1
3.94e-05,0.0,0.0,1,4,Malicious,1,Malicious,1
1.27e-11,0.0,0.0,1,4,Malicious,1,Malicious,1
1.27e-11,0.0,0.0,1,4,Malicious,1,Malicious,1
1.18e-06,1.06e-06,4.57e-06,1,8,Benign,0,Benign,0
3.95e-05,0.0,0.0,1,4,Malicious,1,Malicious,1
2.53e-08,2.18e-08,1.6e-07,2,8,Benign,0,Benign,0
1.27e-11,0.0,0.0,1,4,Malicious,1,Malicious,1
4.18e-06,0.0,0.0,1,1,Benign,0,Benign,0
6.34e-11,0.0,0.0,1,4,Malicious,1,Malicious,1
1.27e-11,0.0,0.0,1,4,Malicious,1,Malicious,1
3.95e-05,0.0,0.0,1,4,Malicious,1,Malicious,1
6.33e-09,1.66e-08,1.34e-07,2,8,Benign,0,Benign,0
3.8e-05,0.0,0.0,1,4,Malicious,1,Malicious,1
1.27e-11,0.0,0.0,1,4,Malicious,1,Malicious,1
1.89e-08,2.75e-08,1.43e-07,2,8,Benign,0,Benign,0
3.8e-05,0.0,0.0,1,4,Malicious,1,Malicious,1
3.23e-09,0.0,0.0,1,4,Malicious,1,Malicious,1
3.48e-08,2.75e-08,1.43e-07,2,8,Benign,0,Benign,0
1.27e-11,0.0,0.0,1,4,Malicious,1,Malicious,1
1.27e-11,0.0,0.0,1,4,Malicious,1,Malicious,1
3.94e-05,0.0,0.0,1,4,Benign,0,Benign,1
2.21e-08,2.75e-08,1.43e-07,2,8,Benign,0,Benign,0
2.84e-08,2.75e-08,1.43e-07,2,8,Benign,0,Benign,0
5.07e-11,0.0,0.0,1,4,Malicious,1,Malicious,1
6.28e-09,1.66e-08,1.34e-07,2,8,Benign,0,Benign,0
3.93e-05,0.0,0.0,1,4,Benign,0,Benign,1
1.27e-11,0.0,0.0,1,4,Malicious,1,Malicious,1
2.54e-11,0.0,0.0,1,4,Malicious,1,Malicious,1
4e-05,0.0,0.0,1,4,Benign,0,Benign,1
1.27e-08,2.58e-08,1.34e-07,2,8,Benign,0,Benign,0
2.64e-05,4.3e-08,7.22e-07,1,7,Malicious,1,Malicious,1
6.32e-09,1.66e-08,1.34e-07,2,8,Benign,0,Benign,0
3.8e-05,0.0,0.0,1,4,Malicious,1,Malicious,1
1.27e-11,0.0,0.0,1,4,Malicious,1,Malicious,1
1.27e-11,0.0,0.0,1,4,Malicious,1,Malicious,1
3.12e-09,0.0,0.0,1,4,Malicious,1,Malicious,1
1.27e-11,0.0,0.0,1,4,Malicious,1,Malicious,1
0.0,0.0,0.0,1,4,Malicious,1,Malicious,1
3.8e-05,0.0,0.0,1,4,Malicious,1,Malicious,1
0.0,0.0,0.0,1,4,Malicious,1,Malicious,1
1.37e-05,3.84e-08,6.92e-07,1,7,Benign,0,Benign,0
1.32e-06,2.75e-08,1.43e-07,2,8,Benign,0,Benign,0
6.37e-09,0.0,0.0,1,4,Malicious,1,Malicious,1
1.01e-10,0.0,0.0,1,4,Malicious,1,Malicious,1
5.07e-11,0.0,0.0,1,4,Malicious,1,Malicious,1
1.27e-11,0.0,0.0,1,4,Malicious,1,Malicious,1
1.27e-11,0.0,0.0,1,4,Malicious,1,Malicious,1
1.27e-11,0.0,0.0,1,4,Malicious,1,Malicious,1
1.27e-11,0.0,0.0,1,4,Malicious,1,Malicious,1
6.19e-05,3.38e-07,5.26e-06,1,8,Malicious,1,Malicious,1
2.53e-08,2.75e-08,1.43e-07,2,8,Benign,0,Benign,0
3.8e-05,0.0,0.0,1,4,Malicious,1,Malicious,1
1.27e-11,0.0,0.0,1,4,Malicious,1,Malicious,1
6.35e-05,4.47e-08,0.0,2,4,Benign,0,Benign,0
1.27e-11,0.0,0.0,1,4,Malicious,1,Malicious,1
3.98e-05,0.0,0.0,1,4,Malicious,1,Malicious,1
6.33e-08,2.75e-08,1.43e-07,2,8,Benign,0,Benign,0
4.01e-05,0.0,0.0,1,4,Malicious,1,Malicious,1
3.95e-05,0.0,0.0,1,4,Malicious,1,Malicious,1
1.27e-11,0.0,0.0,1,4,Malicious,1,Malicious,1
6.35e-05,4.47e-08,0.0,2,4,Benign,0,Benign,0
3.97e-05,0.0,0.0,1,4,Benign,0,Benign,1
6.34e-11,0.0,0.0,1,4,Malicious,1,Malicious,1
1.27e-11,0.0,0.0,1,4,Malicious,1,Malicious,1
1.27e-11,0.0,0.0,1,4,Malicious,1,Malicious,1
5.07e-11,0.0,0.0,1,4,Malicious,1,Malicious,1
3.8e-05,0.0,0.0,1,4,Malicious,1,Malicious,1
6.35e-05,4.47e-08,0.0,2,4,Benign,0,Benign,0
8.87e-07,2.75e-08,1.43e-07,2,8,Benign,0,Benign,0
1.27e-11,0.0,0.0,1,4,Malicious,1,Malicious,1
1.52e-05,0.0,0.0,1,4,Benign,0,Benign,1
3.8e-05,0.0,0.0,1,4,Malicious,1,Malicious,1
1.27e-11,0.0,0.0,1,4,Malicious,1,Malicious,1
6.34e-11,0.0,0.0,1,4,Malicious,1,Malicious,1
1.27e-11,0.0,0.0,1,4,Malicious,1,Malicious,1
0.0,0.0,0.0,1,4,Malicious,1,Malicious,1
5.07e-11,0.0,0.0,1,4,Malicious,1,Malicious,1
6.32e-09,2.58e-08,1.34e-07,2,8,Benign,0,Benign,0
2.53e-08,2.75e-08,1.43e-07,2,8,Benign,0,Benign,0
3.79e-05,0.0,0.0,1,4,Malicious,1,Malicious,1
3.81e-11,0.0,0.0,1,4,Malicious,1,Malicious,1
6.34e-11,0.0,0.0,1,4,Malicious,1,Malicious,1
6.35e-09,2.12e-08,3.92e-07,2,8,Benign,0,Benign,0
6.34e-11,0.0,0.0,1,4,Malicious,1,Malicious,1
3.22e-09,0.0,0.0,1,4,Malicious,1,Malicious,1
0.0,0.0,0.0,1,4,Malicious,1,Malicious,1
3.22e-09,0.0,0.0,1,4,Malicious,1,Malicious,1
4e-05,0.0,0.0,1,4,Malicious,1,Malicious,1
1.27e-11,0.0,0.0,1,4,Malicious,1,Malicious,1
0.001627829,6.45e-07,2.12e-05,1,8,Benign,0,Benign,0
1.39e-05,4.3e-08,7.22e-07,1,7,Malicious,1,Malicious,1
3.14e-08,2.75e-08,1.43e-07,2,8,Benign,0,Benign,0
3.97e-05,0.0,0.0,1,4,Malicious,1,Malicious,1
2.85e-07,2.75e-08,1.43e-07,2,8,Benign,0,Benign,0
6.34e-11,0.0,0.0,1,4,Malicious,1,Malicious,1
1.27e-11,0.0,0.0,1,4,Malicious,1,Malicious,1
0.000746351,1.72e-06,0.0,2,4,Benign,0,Benign,0
3.8e-05,0.0,0.0,1,4,Malicious,1,Malicious,1
3.96e-05,0.0,0.0,1,4,Malicious,1,Malicious,1
3.91e-05,0.0,0.0,1,4,Malicious,1,Malicious,1
3.17e-08,2.75e-08,1.43e-07,2,8,Benign,0,Benign,0
0.0,0.0,0.0,1,4,Malicious,1,Malicious,1
4e-05,0.0,0.0,1,4,Benign,0,Benign,1
7.01e-07,2.75e-08,1.43e-07,2,8,Benign,0,Benign,0
2.93e-09,0.0,0.0,1,4,Malicious,1,Malicious,1
6.01e-08,2.75e-08,1.43e-07,2,8,Benign,0,Benign,0
5.7e-07,5.9e-08,8.59e-07,2,8,Benign,0,Benign,0
6.34e-05,4.47e-08,0.0,2,4,Benign,0,Benign,0
3.81e-11,0.0,0.0,1,4,Malicious,1,Malicious,1
3.81e-11,0.0,0.0,1,4,Malicious,1,Malicious,1
5.38e-08,2.75e-08,1.43e-07,2,8,Benign,0,Benign,0
6e-08,2.75e-08,1.43e-07,2,8,Benign,0,Benign,0
0.000404987,3.55e-08,7.99e-07,1,7,Malicious,1,Malicious,1
3.96e-05,0.0,0.0,1,4,Malicious,1,Malicious,1
3.99e-05,0.0,0.0,1,4,Malicious,1,Malicious,1
0.000887891,2.2e-07,1.14e-06,2,8,Benign,0,Benign,0
3.8e-05,0.0,0.0,1,4,Malicious,1,Malicious,1
1.27e-11,0.0,0.0,1,4,Malicious,1,Malicious,1
5.07e-11,0.0,0.0,1,4,Malicious,1,Malicious,1
3.92e-05,0.0,0.0,1,4,Malicious,1,Malicious,1
1.78e-06,2.75e-08,1.43e-07,2,8,Benign,0,Benign,0
3.97e-05,0.0,0.0,1,4,Malicious,1,Malicious,1
3.97e-05,0.0,0.0,1,4,Malicious,1,Malicious,1
1.27e-11,0.0,0.0,1,4,Malicious,1,Malicious,1
1.27e-11,0.0,0.0,1,4,Malicious,1,Malicious,1
3.8e-05,0.0,0.0,1,4,Malicious,1,Malicious,1
1.27e-11,0.0,0.0,1,4,Malicious,1,Malicious,1
1.27e-11,0.0,0.0,1,4,Malicious,1,Malicious,1
1.27e-11,0.0,0.0,1,4,Malicious,1,Malicious,1
1.27e-11,0.0,0.0,1,4,Malicious,1,Malicious,1
3.92e-05,0.0,0.0,1,4,Malicious,1,Malicious,1
1.27e-11,0.0,0.0,1,4,Malicious,1,Malicious,1
5.07e-11,0.0,0.0,1,4,Malicious,1,Malicious,1
2.64e-05,4.3e-08,7.22e-07,1,7,Malicious,1,Malicious,1
6.33e-08,2.75e-08,1.43e-07,2,8,Benign,0,Benign,0
1.27e-11,0.0,0.0,1,4,Malicious,1,Malicious,1
3.8e-05,0.0,0.0,1,4,Malicious,1,Malicious,1
0.0,0.0,0.0,1,4,Malicious,1,Malicious,1
1.15e-09,3.22e-07,0.0,2,4,Benign,0,Benign,0
3.8e-05,0.0,0.0,1,4,Malicious,1,Malicious,1
3.97e-05,0.0,0.0,1,4,Malicious,1,Malicious,1
2.42e-06,2.75e-08,1.43e-07,2,8,Benign,0,Benign,0
6.34e-11,0.0,0.0,1,4,Malicious,1,Malicious,1
0.0,0.0,0.0,1,4,Malicious,1,Malicious,1
5.07e-11,0.0,0.0,1,4,Malicious,1,Malicious,1
1.27e-11,0.0,0.0,1,4,Malicious,1,Malicious,1
5.4e-05,4.3e-08,7.22e-07,1,7,Malicious,1,Malicious,1
3.95e-05,0.0,0.0,1,4,Malicious,1,Malicious,1
3.94e-05,0.0,0.0,1,4,Malicious,1,Malicious,1
2.67e-05,3.84e-08,6.92e-07,1,7,Benign,0,Benign,1
9.83e-08,5.5e-08,2.85e-07,2,8,Benign,0,Benign,0
3.8e-05,0.0,0.0,1,4,Malicious,1,Malicious,1
1.27e-11,0.0,0.0,1,4,Malicious,1,Malicious,1
3.95e-05,0.0,0.0,1,4,Malicious,1,Malicious,1
1.27e-11,0.0,0.0,1,4,Malicious,1,Malicious,1
3.97e-05,0.0,0.0,1,4,Benign,0,Benign,1
1.56e-08,2.75e-08,1.43e-07,2,8,Benign,0,Benign,0
3.8e-05,0.0,0.0,1,4,Malicious,1,Malicious,1
1.27e-11,0.0,0.0,1,4,Malicious,1,Malicious,1
6.01e-08,2.75e-08,1.43e-07,2,8,Benign,0,Benign,0
3.79e-05,0.0,0.0,1,4,Malicious,1,Malicious,1
3.93e-05,0.0,0.0,1,4,Malicious,1,Malicious,1
1.27e-11,0.0,0.0,1,4,Malicious,1,Malicious,1
5.07e-11,0.0,0.0,1,4,Malicious,1,Malicious,1
4e-05,0.0,0.0,1,4,Benign,0,Benign,1
1.27e-11,0.0,0.0,1,4,Malicious,1,Malicious,1
3.94e-05,0.0,0.0,1,4,Malicious,1,Malicious,1
3.99e-05,0.0,0.0,1,4,Malicious,1,Malicious,1
1.27e-11,0.0,0.0,1,4,Malicious,1,Malicious,1
1.27e-11,0.0,0.0,1,4,Malicious,1,Malicious,1
2.54e-11,0.0,0.0,1,4,Malicious,1,Malicious,1
6.32e-09,2.58e-08,1.34e-07,2,8,Benign,0,Benign,0
3.95e-05,0.0,0.0,1,4,Benign,0,Benign,1
3.94e-05,0.0,0.0,1,4,Malicious,1,Malicious,1
3.95e-05,0.0,0.0,1,4,Malicious,1,Malicious,1
6.33e-09,0.0,0.0,1,4,Malicious,1,Malicious,1
5.07e-11,0.0,0.0,1,4,Malicious,1,Malicious,1
0.00053277,1.18e-07,8.59e-07,2,8,Benign,0,Benign,0
3.97e-05,0.0,0.0,1,4,Benign,0,Benign,1
3.96e-05,0.0,0.0,1,4,Benign,0,Benign,1
3.8e-05,0.0,0.0,1,4,Malicious,1,Malicious,1
1.27e-11,0.0,0.0,1,4,Malicious,1,Malicious,1
1.27e-11,0.0,0.0,1,4,Malicious,1,Malicious,1
6.29e-09,2.58e-08,1.34e-07,2,8,Benign,0,Benign,0
2.34e-05,2.97e-07,1.96e-07,1,3,Malicious,1,Malicious,1
7.64e-07,2.58e-08,1.34e-07,2,8,Benign,0,Benign,0
3.93e-05,0.0,0.0,1,4,Malicious,1,Malicious,1
3.97e-05,0.0,0.0,1,4,Benign,0,Benign,1
1.27e-11,0.0,0.0,1,4,Malicious,1,Malicious,1
1.27e-11,0.0,0.0,1,4,Malicious,1,Malicious,1
5.07e-11,0.0,0.0,1,4,Malicious,1,Malicious,1
3.91e-05,0.0,0.0,1,4,Benign,0,Benign,1
3.22e-09,0.0,0.0,1,4,Malicious,1,Malicious,1
9.4e-09,1.66e-08,1.34e-07,2,8,Benign,0,Benign,0
3.92e-05,0.0,0.0,1,4,Malicious,1,Malicious,1
5.07e-11,0.0,0.0,1,4,Malicious,1,Malicious,1
1.27e-11,0.0,0.0,1,4,Malicious,1,Malicious,1
2.53e-08,2.75e-08,1.43e-07,2,8,Benign,0,Benign,0
4.89e-05,5.02e-07,0.0,2,4,Benign,0,Benign,0
6.34e-11,0.0,0.0,1,4,Malicious,1,Malicious,1
1.27e-11,0.0,0.0,1,4,Malicious,1,Malicious,1
5.07e-11,0.0,0.0,1,4,Malicious,1,Malicious,1
3.98e-05,0.0,0.0,1,4,Benign,0,Benign,1
3.94e-05,0.0,0.0,1,4,Malicious,1,Malicious,1
4.98e-06,0.0,0.0,1,1,Benign,0,Benign,0
5.07e-11,0.0,0.0,1,4,Malicious,1,Malicious,1
3.93e-05,0.0,0.0,1,4,Malicious,1,Malicious,1
3.8e-05,0.0,0.0,1,4,Malicious,1,Malicious,1
1.27e-11,0.0,0.0,1,4,Malicious,1,Malicious,1
3.95e-05,0.0,0.0,1,4,Benign,0,Benign,1
3.79e-05,0.0,0.0,1,4,Malicious,1,Malicious,1
2e-06,2.75e-08,1.43e-07,2,8,Benign,0,Benign,0
1.14e-10,0.0,0.0,1,4,Malicious,1,Malicious,1
6.32e-08,2.75e-08,1.43e-07,2,8,Benign,0,Benign,0
1.27e-11,0.0,0.0,1,4,Malicious,1,Malicious,1
6.09e-09,2.58e-08,1.34e-07,2,8,Benign,0,Benign,0
1.27e-11,0.0,0.0,1,4,Malicious,1,Malicious,1
5.07e-11,0.0,0.0,1,4,Malicious,1,Malicious,1
6.34e-11,0.0,0.0,1,4,Malicious,1,Malicious,1
3.91e-05,0.0,0.0,1,4,Malicious,1,Malicious,1
3.91e-05,0.0,0.0,1,4,Malicious,1,Malicious,1
3.91e-05,0.0,0.0,1,4,Malicious,1,Malicious,1
4.01e-05,0.0,0.0,1,4,Malicious,1,Malicious,1
0.0,0.0,0.0,1,4,Malicious,1,Malicious,1
3.94e-05,0.0,0.0,1,4,Malicious,1,Malicious,1
5.07e-11,0.0,0.0,1,4,Malicious,1,Malicious,1
6.34e-11,0.0,0.0,1,4,Malicious,1,Malicious,1
1.27e-11,0.0,0.0,1,4,Malicious,1,Malicious,1
3.8e-05,0.0,0.0,1,4,Malicious,1,Malicious,1
3.8e-05,0.0,0.0,1,4,Malicious,1,Malicious,1
3.8e-05,0.0,0.0,1,4,Malicious,1,Malicious,1
1.27e-11,0.0,0.0,1,4,Malicious,1,Malicious,1
3.8e-05,0.0,0.0,1,4,Malicious,1,Malicious,1
1.27e-11,0.0,0.0,1,4,Malicious,1,Malicious,1
1.27e-11,0.0,0.0,1,4,Malicious,1,Malicious,1
6.34e-11,0.0,0.0,1,4,Malicious,1,Malicious,1
8.89e-05,4.61e-07,0.0,2,4,Benign,0,Benign,0
5.07e-11,0.0,0.0,1,4,Malicious,1,Malicious,1
0.0,0.0,0.0,1,4,Malicious,1,Malicious,1
1.36e-05,3.78e-08,6.89e-07,1,7,Benign,0,Benign,0
2.54e-11,5.5e-08,0.0,2,4,Benign,0,Benign,0
6.3e-09,1.66e-08,1.34e-07,2,8,Benign,0,Benign,0
3.8e-05,0.0,0.0,1,4,Malicious,1,Malicious,1
3.8e-05,0.0,0.0,1,4,Malicious,1,Malicious,1
3.94e-05,0.0,0.0,1,4,Malicious,1,Malicious,1
1.58e-08,2.75e-08,1.43e-07,2,8,Benign,0,Benign,0
1.01e-07,5.5e-08,2.85e-07,2,8,Benign,0,Benign,0
3.81e-11,0.0,0.0,1,4,Malicious,1,Malicious,1
7e-05,4.47e-08,3.06e-07,2,8,Benign,0,Benign,0
1.27e-11,0.0,0.0,1,4,Malicious,1,Malicious,1
9.47e-09,0.0,0.0,1,4,Malicious,1,Malicious,1
6.35e-05,4.47e-08,0.0,2,4,Benign,0,Benign,0
3.99e-05,0.0,0.0,1,4,Malicious,1,Malicious,1
3.8e-05,0.0,0.0,1,4,Malicious,1,Malicious,1
3.92e-05,0.0,0.0,1,4,Benign,0,Benign,1
1.27e-11,0.0,0.0,1,4,Malicious,1,Malicious,1
1.27e-11,0.0,0.0,1,4,Malicious,1,Malicious,1
3.94e-05,0.0,0.0,1,4,Malicious,1,Malicious,1
3.8e-05,0.0,0.0,1,4,Malicious,1,Malicious,1
9.5e-09,2.58e-08,1.34e-07,2,8,Benign,0,Benign,0
2e-05,2.21e-07,4.7e-06,1,3,Benign,0,Benign,0
1.27e-11,0.0,0.0,1,4,Malicious,1,Malicious,1
1.27e-11,0.0,0.0,1,4,Malicious,1,Malicious,1
1.27e-11,0.0,0.0,1,4,Malicious,1,Malicious,1
2.6e-05,2.29e-08,0.0,0,0,Benign,0,Benign,0
5.07e-11,0.0,0.0,1,4,Malicious,1,Malicious,1
3.8e-05,0.0,0.0,1,4,Malicious,1,Malicious,1
1.27e-11,0.0,0.0,1,4,Malicious,1,Malicious,1
5.07e-11,0.0,0.0,1,4,Malicious,1,Malicious,1
8.88e-08,2.75e-08,1.43e-07,2,8,Benign,0,Benign,0
1.27e-11,0.0,0.0,1,4,Malicious,1,Malicious,1
1.27e-11,0.0,0.0,1,4,Malicious,1,Malicious,1
3.8e-05,0.0,0.0,1,4,Malicious,1,Malicious,1
4e-05,0.0,0.0,1,4,Malicious,1,Malicious,1
5.07e-11,0.0,0.0,1,4,Malicious,1,Malicious,1
6.39e-09,0.0,0.0,1,4,Malicious,1,Malicious,1
6.39e-09,0.0,0.0,1,4,Malicious,1,Malicious,1
5.07e-11,0.0,0.0,1,4,Malicious,1,Malicious,1
1.27e-11,0.0,0.0,1,4,Malicious,1,Malicious,1
1.27e-11,0.0,0.0,1,4,Malicious,1,Malicious,1
3.8e-05,0.0,0.0,1,4,Malicious,1,Malicious,1
6.35e-05,4.47e-08,0.0,2,4,Benign,0,Benign,0
3.99e-05,0.0,0.0,1,4,Malicious,1,Malicious,1
3.8e-05,0.0,0.0,1,4,Malicious,1,Malicious,1
3.94e-05,0.0,0.0,1,4,Malicious,1,Malicious,1
6.34e-11,0.0,0.0,1,4,Malicious,1,Malicious,1
7.6e-08,2.75e-08,1.43e-07,2,8,Benign,0,Benign,0
0.0,0.0,0.0,1,4,Malicious,1,Malicious,1
3.96e-09,2.58e-08,1.34e-07,2,8,Benign,0,Benign,0
1.28e-08,0.0,0.0,1,4,Malicious,1,Malicious,1
1.27e-11,0.0,0.0,1,4,Malicious,1,Malicious,1
6.34e-11,0.0,0.0,1,4,Malicious,1,Malicious,1
6.35e-05,4.47e-08,0.0,2,4,Benign,0,Benign,0
3.99e-05,0.0,0.0,1,4,Malicious,1,Malicious,1
3.8e-05,0.0,0.0,1,4,Malicious,1,Malicious,1
3.97e-05,0.0,0.0,1,4,Benign,0,Benign,1
6.35e-05,4.47e-08,0.0,2,4,Benign,0,Benign,0
3.92e-05,0.0,0.0,1,4,Malicious,1,Malicious,1
6.32e-09,2.58e-08,1.34e-07,2,8,Benign,0,Benign,0
1.37e-05,3.84e-08,6.92e-07,1,7,Benign,0,Benign,0
1.27e-11,0.0,0.0,1,4,Malicious,1,Malicious,1
1.27e-11,0.0,0.0,1,4,Malicious,1,Malicious,1
6.3e-09,1.66e-08,1.34e-07,2,8,Benign,0,Benign,0
4.88e-07,0.0,0.0,1,1,Malicious,1,Malicious,1
5.19e-05,4.3e-08,7.22e-07,1,7,Malicious,1,Malicious,1
1.27e-11,0.0,0.0,1,4,Malicious,1,Malicious,1
1.27e-11,0.0,0.0,1,4,Malicious,1,Malicious,1
0.0,0.0,0.0,1,4,Malicious,1,Malicious,1
5.07e-11,0.0,0.0,1,4,Malicious,1,Malicious,1
1.27e-11,0.0,0.0,1,4,Malicious,1,Malicious,1
3.92e-05,0.0,0.0,1,4,Benign,0,Benign,1
3.81e-11,0.0,0.0,1,4,Malicious,1,Malicious,1
3.8e-05,0.0,0.0,1,4,Malicious,1,Malicious,1
2.53e-08,2.75e-08,1.43e-07,2,8,Benign,0,Benign,0
1.27e-11,0.0,0.0,1,4,Malicious,1,Malicious,1
1.27e-11,0.0,0.0,1,4,Malicious,1,Malicious,1
1.27e-11,0.0,0.0,1,4,Malicious,1,Malicious,1
6.34e-11,0.0,0.0,1,4,Malicious,1,Malicious,1
3.96e-05,0.0,0.0,1,4,Malicious,1,Malicious,1
3.8e-05,0.0,0.0,1,4,Malicious,1,Malicious,1
4e-05,0.0,0.0,1,4,Benign,0,Benign,1
0.0,0.0,0.0,1,4,Malicious,1,Malicious,1
1.14e-10,0.0,0.0,1,4,Malicious,1,Malicious,1
1.27e-11,0.0,0.0,1,4,Malicious,1,Malicious,1
1.27e-11,0.0,0.0,1,4,Malicious,1,Malicious,1
3.15e-09,0.0,0.0,1,4,Malicious,1,Malicious,1
3.16e-08,2.75e-08,1.43e-07,2,8,Benign,0,Benign,0
0.00062157,5.5e-08,0.0,2,4,Benign,0,Benign,0
3.95e-05,0.0,0.0,1,4,Malicious,1,Malicious,1
3.8e-05,0.0,0.0,1,4,Malicious,1,Malicious,1
0.0,0.0,0.0,1,4,Malicious,1,Malicious,1
0.001708363,5.5e-08,0.0,0,0,Benign,0,Benign,0
6.09e-09,1.66e-08,1.34e-07,2,8,Benign,0,Benign,0
3.48e-08,2.75e-08,1.43e-07,2,8,Benign,0,Benign,0
3.8e-05,0.0,0.0,1,4,Malicious,1,Malicious,1
3.96e-05,0.0,0.0,1,4,Benign,0,Benign,1
3.8e-05,0.0,0.0,1,4,Malicious,1,Malicious,1
5.07e-11,0.0,0.0,1,4,Malicious,1,Malicious,1
1.36e-05,3.84e-08,6.92e-07,1,7,Benign,0,Benign,0
1.01e-10,0.0,0.0,1,4,Malicious,1,Malicious,1
1.27e-11,0.0,0.0,1,4,Malicious,1,Malicious,1
0.0,0.0,0.0,1,4,Malicious,1,Malicious,1
4.79e-07,5.9e-08,8.59e-07,2,8,Benign,0,Benign,0
1.27e-11,0.0,0.0,1,4,Malicious,1,Malicious,1
3.99e-05,0.0,0.0,1,4,Malicious,1,Malicious,1
3.8e-05,0.0,0.0,1,4,Malicious,1,Malicious,1
1.27e-11,0.0,0.0,1,4,Malicious,1,Malicious,1
1.27e-11,0.0,0.0,1,4,Malicious,1,Malicious,1
9.55e-09,0.0,0.0,1,4,Malicious,1,Malicious,1
1.27e-11,0.0,0.0,1,4,Malicious,1,Malicious,1
1.27e-11,0.0,0.0,1,4,Malicious,1,Malicious,1
3.97e-05,0.0,0.0,1,4,Malicious,1,Malicious,1
2.56e-05,2.98e-08,3.68e-07,1,3,Benign,0,Benign,0
3.8e-05,0.0,0.0,1,4,Malicious,1,Malicious,1
3.27e-09,0.0,0.0,1,4,Malicious,1,Malicious,1
3.81e-05,0.0,0.0,1,4,Malicious,1,Malicious,1
1.27e-11,0.0,0.0,1,4,Malicious,1,Malicious,1
3.99e-05,0.0,0.0,1,4,Malicious,1,Malicious,1
3.92e-05,0.0,0.0,1,4,Benign,0,Benign,1
5.07e-11,0.0,0.0,1,4,Malicious,1,Malicious,1
1.35e-05,3.84e-08,6.92e-07,1,7,Benign,0,Benign,0
1.27e-11,0.0,0.0,1,4,Malicious,1,Malicious,1
3.94e-05,0.0,0.0,1,4,Malicious,1,Malicious,1
3.91e-05,0.0,0.0,1,4,Malicious,1,Malicious,1
3.8e-05,0.0,0.0,1,4,Malicious,1,Malicious,1
1.27e-11,0.0,0.0,1,4,Malicious,1,Malicious,1
1.4e-05,4.3e-08,7.22e-07,1,7,Malicious,1,Malicious,1
1.27e-11,0.0,0.0,1,4,Malicious,1,Malicious,1
3.12e-09,0.0,0.0,1,4,Malicious,1,Malicious,1
1.27e-11,0.0,0.0,1,4,Malicious,1,Malicious,1
1.27e-11,0.0,0.0,1,4,Malicious,1,Malicious,1
4e-05,0.0,0.0,1,4,Malicious,1,Malicious,1
1.27e-11,0.0,0.0,1,4,Malicious,1,Malicious,1
5.07e-11,0.0,0.0,1,4,Malicious,1,Malicious,1
0.0,0.0,0.0,1,4,Malicious,1,Malicious,1
1.27e-11,0.0,0.0,1,4,Malicious,1,Malicious,1
3.99e-05,0.0,0.0,1,4,Malicious,1,Malicious,1
1.29e-05,2.98e-08,3.68e-07,1,3,Benign,0,Benign,0
1.27e-11,0.0,0.0,1,4,Malicious,1,Malicious,1
5.07e-11,0.0,0.0,1,4,Malicious,1,Malicious,1
1.27e-11,0.0,0.0,1,4,Malicious,1,Malicious,1
0.0,0.0,0.0,1,4,Malicious,1,Malicious,1
1.27e-11,0.0,0.0,1,4,Malicious,1,Malicious,1
3.8e-05,0.0,0.0,1,4,Malicious,1,Malicious,1
4.44e-08,0.0,0.0,1,8,Benign,0,Benign,0
1.27e-11,0.0,0.0,1,4,Malicious,1,Malicious,1
5.07e-11,0.0,0.0,1,4,Malicious,1,Malicious,1
3.93e-05,0.0,0.0,1,4,Malicious,1,Malicious,1
2.19e-08,2.75e-08,1.43e-07,2,8,Benign,0,Benign,0
0.0,0.0,0.0,1,4,Malicious,1,Malicious,1
1.01e-10,0.0,0.0,1,4,Malicious,1,Malicious,1
1.27e-11,0.0,0.0,1,4,Malicious,1,Malicious,1
3.81e-11,0.0,0.0,1,4,Malicious,1,Malicious,1
1.27e-11,0.0,0.0,1,4,Malicious,1,Malicious,1
1.27e-11,0.0,0.0,1,4,Malicious,1,Malicious,1
1.27e-11,0.0,0.0,1,4,Malicious,1,Malicious,1
5.07e-11,0.0,0.0,1,4,Malicious,1,Malicious,1
5.07e-11,0.0,0.0,1,4,Malicious,1,Malicious,1
3.8e-05,0.0,0.0,1,4,Malicious,1,Malicious,1
3.21e-09,0.0,0.0,1,4,Malicious,1,Malicious,1
2.54e-11,0.0,0.0,1,4,Malicious,1,Malicious,1
3.42e-06,2.75e-08,1.43e-07,2,8,Benign,0,Benign,0
1.27e-11,0.0,0.0,1,4,Malicious,1,Malicious,1
6.3e-09,1.66e-08,1.34e-07,2,8,Benign,0,Benign,0
6.3e-05,3.38e-07,5.35e-06,1,8,Malicious,1,Malicious,1
6.31e-08,2.75e-08,1.43e-07,2,8,Benign,0,Benign,0
3.81e-05,0.0,0.0,1,4,Malicious,1,Malicious,1
5.07e-11,0.0,0.0,1,4,Malicious,1,Malicious,1
0.000127171,1.65e-07,8.56e-07,2,8,Benign,0,Benign,0
5.07e-11,0.0,0.0,1,4,Malicious,1,Malicious,1
1.27e-11,5.5e-08,0.0,2,4,Benign,0,Benign,0
1.27e-11,0.0,0.0,1,4,Malicious,1,Malicious,1
5.07e-11,0.0,0.0,1,4,Malicious,1,Malicious,1
9.45e-09,2.58e-08,1.34e-07,2,8,Benign,0,Benign,0
9.19e-08,5.5e-08,2.85e-07,2,8,Benign,0,Benign,0
1.27e-11,0.0,0.0,1,4,Malicious,1,Malicious,1
8.88e-05,4.61e-07,0.0,2,4,Benign,0,Benign,0
1.27e-11,0.0,0.0,1,4,Malicious,1,Malicious,1
3.98e-05,0.0,0.0,1,4,Malicious,1,Malicious,1
3.8e-05,0.0,0.0,1,4,Malicious,1,Malicious,1
3.91e-05,0.0,0.0,1,4,Malicious,1,Malicious,1
5.93e-05,8.6e-08,0.000490425,1,8,Malicious,1,Malicious,1
6.35e-05,4.47e-08,0.0,2,4,Benign,0,Benign,0
3.99e-05,0.0,0.0,1,4,Malicious,1,Malicious,1
3.94e-05,0.0,0.0,1,4,Malicious,1,Malicious,1
1.27e-11,0.0,0.0,1,4,Malicious,1,Malicious,1
1.18e-06,0.0,0.0,1,1,Malicious,1,Malicious,1
1.27e-11,0.0,0.0,1,4,Malicious,1,Malicious,1
5.07e-11,0.0,0.0,1,4,Malicious,1,Malicious,1
3.8e-05,0.0,0.0,1,4,Malicious,1,Malicious,1
6.35e-05,4.47e-08,0.0,2,4,Benign,0,Benign,0
2.2e-08,2.75e-08,1.43e-07,2,8,Benign,0,Benign,0
3.98e-05,0.0,0.0,1,4,Benign,0,Benign,1
0.0,0.0,0.0,1,4,Malicious,1,Malicious,1
3.96e-05,0.0,0.0,1,4,Malicious,1,Malicious,1
1.27e-11,0.0,0.0,1,4,Malicious,1,Malicious,1
3.22e-09,0.0,0.0,1,4,Malicious,1,Malicious,1
1.68e-07,2.58e-08,1.34e-07,2,8,Benign,0,Benign,0
1.27e-11,0.0,0.0,1,4,Malicious,1,Malicious,1
5.07e-11,0.0,0.0,1,4,Malicious,1,Malicious,1
6.41e-09,0.0,0.0,1,4,Malicious,1,Malicious,1
6.34e-11,0.0,0.0,1,4,Malicious,1,Malicious,1
3.36e-07,2.58e-08,1.34e-07,2,8,Benign,0,Benign,0
3.97e-05,0.0,0.0,1,4,Malicious,1,Malicious,1
1.27e-11,0.0,0.0,1,4,Malicious,1,Malicious,1
4.12e-07,4.24e-08,1.33e-06,2,8,Benign,0,Benign,0
3.22e-09,0.0,0.0,1,4,Malicious,1,Malicious,1
0.000808702,4.23e-06,1.49e-05,1,3,Benign,0,Benign,0
3.21e-09,0.0,0.0,1,4,Malicious,1,Malicious,1
9.56e-09,0.0,0.0,1,4,Malicious,1,Malicious,1
1.27e-11,0.0,0.0,1,4,Malicious,1,Malicious,1
1.27e-11,0.0,0.0,1,4,Malicious,1,Malicious,1
3.8e-05,0.0,0.0,1,4,Malicious,1,Malicious,1
3.96e-05,0.0,0.0,1,4,Benign,0,Benign,1
3.8e-05,0.0,0.0,1,4,Malicious,1,Malicious,1
3.98e-05,0.0,0.0,1,4,Malicious,1,Malicious,1
6e-08,2.75e-08,1.43e-07,2,8,Benign,0,Benign,0
5.07e-11,0.0,0.0,1,4,Malicious,1,Malicious,1
0.0,0.0,0.0,1,4,Malicious,1,Malicious,1
2.84e-08,2.75e-08,1.43e-07,2,8,Benign,0,Benign,0
3.95e-05,0.0,0.0,1,4,Malicious,1,Malicious,1
1.27e-11,0.0,0.0,1,4,Malicious,1,Malicious,1
1.27e-11,0.0,0.0,1,4,Malicious,1,Malicious,1
1.27e-11,0.0,0.0,1,4,Malicious,1,Malicious,1
3.97e-05,0.0,0.0,1,4,Benign,0,Benign,1
1.27e-11,0.0,0.0,1,4,Malicious,1,Malicious,1
3.21e-09,0.0,0.0,1,4,Malicious,1,Malicious,1
1.27e-11,0.0,0.0,1,4,Malicious,1,Malicious,1
1.27e-11,0.0,0.0,1,4,Malicious,1,Malicious,1
2.59e-06,0.0,0.0,1,1,Malicious,1,Malicious,0
1.27e-11,0.0,0.0,1,4,Malicious,1,Malicious,1
1.27e-11,0.0,0.0,1,4,Malicious,1,Malicious,1
0.0,0.0,0.0,1,4,Malicious,1,Malicious,1
1.27e-11,0.0,0.0,1,4,Malicious,1,Malicious,1
0.0,0.0,0.0,1,4,Malicious,1,Malicious,1
3.97e-05,0.0,0.0,1,4,Benign,0,Benign,1
4e-05,0.0,0.0,1,4,Benign,0,Benign,1
3.94e-05,0.0,0.0,1,4,Benign,0,Benign,1
3.16e-08,2.12e-08,1.57e-07,2,8,Benign,0,Benign,0
2.21e-08,2.75e-08,1.43e-07,2,8,Benign,0,Benign,0
3.16e-09,0.0,0.0,1,4,Malicious,1,Malicious,1
1.33e-05,3.84e-08,6.92e-07,1,7,Benign,0,Benign,0
6.34e-11,0.0,0.0,1,4,Malicious,1,Malicious,1
9.5e-09,2.58e-08,1.34e-07,2,8,Benign,0,Benign,0
3.8e-05,0.0,0.0,1,4,Malicious,1,Malicious,1
3.98e-05,0.0,0.0,1,4,Benign,0,Benign,1
3.91e-05,0.0,0.0,1,4,Benign,0,Benign,1
1.14e-07,2.75e-08,1.43e-07,2,8,Benign,0,Benign,0
2.65e-05,3.84e-08,6.92e-07,1,7,Benign,0,Benign,1
2.21e-08,2.75e-08,1.43e-07,2,8,Benign,0,Benign,0
2.53e-08,2.75e-08,1.43e-07,2,8,Benign,0,Benign,0
1.27e-11,0.0,0.0,1,4,Malicious,1,Malicious,1
1.27e-11,0.0,0.0,1,4,Malicious,1,Malicious,1
1.01e-10,0.0,0.0,1,4,Malicious,1,Malicious,1
6.34e-11,0.0,0.0,1,4,Malicious,1,Malicious,1
6.16e-09,2.58e-08,1.34e-07,2,8,Benign,0,Benign,0
6.35e-05,4.47e-08,0.0,2,4,Benign,0,Benign,0
1.27e-11,0.0,0.0,1,4,Malicious,1,Malicious,1
3.27e-09,0.0,0.0,1,4,Malicious,1,Malicious,1
3.97e-05,0.0,0.0,1,4,Malicious,1,Malicious,1
1.27e-11,0.0,0.0,1,4,Malicious,1,Malicious,1
1.27e-11,0.0,0.0,1,4,Malicious,1,Malicious,1
6.41e-09,0.0,0.0,1,4,Malicious,1,Malicious,1
3.8e-05,0.0,0.0,1,4,Malicious,1,Malicious,1
3.91e-05,0.0,0.0,1,4,Malicious,1,Malicious,1
5.07e-11,0.0,0.0,1,4,Malicious,1,Malicious,1
4e-05,0.0,0.0,1,4,Benign,0,Benign,1
0.0,0.0,0.0,1,4,Malicious,1,Malicious,1
3.22e-09,0.0,0.0,1,4,Malicious,1,Malicious,1
3.22e-09,0.0,0.0,1,4,Malicious,1,Malicious,1
2.11e-05,4.3e-08,7.22e-07,1,7,Malicious,1,Malicious,1
6.33e-09,2.58e-08,1.34e-07,2,8,Benign,0,Benign,0
1.27e-11,0.0,0.0,1,4,Malicious,1,Malicious,1
6.34e-11,0.0,0.0,1,4,Malicious,1,Malicious,1
1.27e-11,0.0,0.0,1,4,Malicious,1,Malicious,1
6.34e-11,0.0,0.0,1,4,Malicious,1,Malicious,1
0.000258896,3.01e-07,0.0,2,4,Benign,0,Benign,0
3.79e-05,0.0,0.0,1,4,Malicious,1,Malicious,1
1.27e-11,0.0,0.0,1,4,Malicious,1,Malicious,1
1.27e-11,0.0,0.0,1,4,Malicious,1,Malicious,1
6.34e-11,0.0,0.0,1,4,Malicious,1,Malicious,1
3.21e-09,0.0,0.0,1,4,Malicious,1,Malicious,1
6.34e-11,0.0,0.0,1,4,Malicious,1,Malicious,1
3.8e-05,0.0,0.0,1,4,Malicious,1,Malicious,1
3.91e-05,0.0,0.0,1,4,Malicious,1,Malicious,1
4.54e-05,3.38e-07,5e-06,1,3,Benign,0,Benign,0
1.43e-05,4.3e-08,7.22e-07,1,7,Malicious,1,Malicious,1
3.8e-05,0.0,0.0,1,4,Malicious,1,Malicious,1
5.07e-11,0.0,0.0,1,4,Malicious,1,Malicious,1
1.27e-11,0.0,0.0,1,4,Malicious,1,Malicious,1
3.22e-09,0.0,0.0,1,4,Malicious,1,Malicious,1
3.94e-05,0.0,0.0,1,4,Malicious,1,Malicious,1
3.8e-05,0.0,0.0,1,4,Malicious,1,Malicious,1
3.81e-11,0.0,0.0,1,4,Malicious,1,Malicious,1
3.98e-05,0.0,0.0,1,4,Malicious,1,Malicious,1
8.88e-11,0.0,0.0,1,4,Malicious,1,Malicious,1
3.98e-05,0.0,0.0,1,4,Malicious,1,Malicious,1
6.55e-05,4.47e-08,3.06e-07,2,8,Benign,0,Benign,0
5.07e-11,0.0,0.0,1,4,Malicious,1,Malicious,1
1.27e-11,0.0,0.0,1,4,Malicious,1,Malicious,1
2.62e-05,3.84e-08,6.92e-07,1,7,Benign,0,Benign,1
3.17e-08,1.66e-08,1.34e-07,2,8,Benign,0,Benign,0
5.07e-11,0.0,0.0,1,4,Malicious,1,Malicious,1
3.8e-05,0.0,0.0,1,4,Malicious,1,Malicious,1
1.27e-11,0.0,0.0,1,4,Malicious,1,Malicious,1
6.33e-09,2.12e-08,3.92e-07,2,8,Benign,0,Benign,0
1.27e-11,0.0,0.0,1,4,Malicious,1,Malicious,1
3.64e-07,2.75e-08,1.43e-07,2,8,Benign,0,Benign,0
3.8e-05,0.0,0.0,1,4,Malicious,1,Malicious,1
1.41e-05,4.3e-08,7.22e-07,1,7,Malicious,1,Malicious,1
1.27e-11,0.0,0.0,1,4,Malicious,1,Malicious,1
3.34e-06,0.0,0.0,1,1,Malicious,1,Malicious,0
6.39e-09,0.0,0.0,1,4,Malicious,1,Malicious,1
3.98e-05,0.0,0.0,1,4,Benign,0,Benign,1
3.94e-05,0.0,0.0,1,4,Benign,0,Benign,1
1.27e-11,0.0,0.0,1,4,Malicious,1,Malicious,1
3.8e-05,0.0,0.0,1,4,Malicious,1,Malicious,1
3.94e-05,0.0,0.0,1,4,Malicious,1,Malicious,1
5.07e-11,0.0,0.0,1,4,Malicious,1,Malicious,1
3.95e-05,0.0,0.0,1,4,Malicious,1,Malicious,1
6.34e-11,0.0,0.0,1,4,Malicious,1,Malicious,1
1.27e-11,0.0,0.0,1,4,Malicious,1,Malicious,1
1.89e-08,2.75e-08,1.43e-07,2,8,Benign,0,Benign,0
2.03e-06,2.58e-08,1.34e-07,2,8,Benign,0,Benign,0
1.27e-11,0.0,0.0,1,4,Malicious,1,Malicious,1
3.97e-05,0.0,0.0,1,4,Malicious,1,Malicious,1
3.8e-05,0.0,0.0,1,4,Malicious,1,Malicious,1
5.07e-11,0.0,0.0,1,4,Malicious,1,Malicious,1
3.93e-05,0.0,0.0,1,4,Malicious,1,Malicious,1
4.01e-05,0.0,0.0,1,4,Malicious,1,Malicious,1
6.97e-08,2.75e-08,1.43e-07,2,8,Benign,0,Benign,0
1.27e-11,0.0,0.0,1,4,Malicious,1,Malicious,1
3.8e-05,0.0,0.0,1,4,Malicious,1,Malicious,1
1.27e-11,0.0,0.0,1,4,Malicious,1,Malicious,1
3.93e-05,0.0,0.0,1,4,Benign,0,Benign,1
3.91e-05,0.0,0.0,1,4,Benign,0,Benign,1
9.45e-09,2.58e-08,1.34e-07,2,8,Benign,0,Benign,0
6.33e-09,2.58e-08,1.34e-07,2,8,Benign,0,Benign,0
3.96e-05,0.0,0.0,1,4,Benign,0,Benign,1
0.003806541,3.53e-06,1.45e-05,1,8,Benign,0,Benign,0
1.27e-11,0.0,0.0,1,4,Malicious,1,Malicious,1
2.21e-08,2.75e-08,1.43e-07,2,8,Benign,0,Benign,0
3.8e-05,0.0,0.0,1,4,Malicious,1,Malicious,1
1.27e-11,0.0,0.0,1,4,Malicious,1,Malicious,1
1.36e-05,3.84e-08,6.92e-07,1,7,Benign,0,Benign,0
0.0,0.0,0.0,1,4,Malicious,1,Malicious,1
1.27e-11,0.0,0.0,1,4,Malicious,1,Malicious,1
5.84e-05,3.47e-07,5.35e-06,1,8,Malicious,1,Malicious,1
2.21e-08,2.75e-08,1.43e-07,2,8,Benign,0,Benign,0
0.0,0.0,0.0,1,4,Malicious,1,Malicious,1
3.79e-05,0.0,0.0,1,4,Malicious,1,Malicious,1
3.49e-06,0.0,0.0,1,1,Benign,0,Benign,0
1.27e-11,0.0,0.0,1,4,Malicious,1,Malicious,1
1.27e-11,0.0,0.0,1,4,Malicious,1,Malicious,1
1.27e-11,0.0,0.0,1,4,Malicious,1,Malicious,1
6.02e-08,2.75e-08,1.43e-07,2,8,Benign,0,Benign,0
3.99e-05,0.0,0.0,1,4,Malicious,1,Malicious,1
1.46e-07,0.0,0.0,1,8,Benign,0,Benign,0
3.8e-08,2.75e-08,1.43e-07,2,8,Benign,0,Benign,0
4.01e-05,0.0,0.0,1,4,Benign,0,Benign,1
1.27e-11,0.0,0.0,1,4,Malicious,1,Malicious,1
1.38e-05,4.3e-08,7.22e-07,1,7,Malicious,1,Malicious,0
3.22e-09,0.0,0.0,1,4,Malicious,1,Malicious,1
5.07e-11,0.0,0.0,1,4,Malicious,1,Malicious,1
1.48e-06,2.75e-08,1.43e-07,2,8,Benign,0,Benign,0
0.0,0.0,0.0,1,4,Malicious,1,Malicious,1
1.27e-11,0.0,0.0,1,4,Malicious,1,Malicious,1
1.27e-11,0.0,0.0,1,4,Malicious,1,Malicious,1
3.97e-05,0.0,0.0,1,4,Benign,0,Benign,1
2.84e-07,2.46e-08,3.3e-07,2,8,Benign,0,Benign,0
4e-05,0.0,0.0,1,4,Benign,0,Benign,1
3.79e-05,0.0,0.0,1,4,Malicious,1,Malicious,1
3.8e-05,0.0,0.0,1,4,Malicious,1,Malicious,1
1.27e-11,0.0,0.0,1,4,Malicious,1,Malicious,1
1.01e-10,0.0,0.0,1,4,Malicious,1,Malicious,1
3.8e-05,0.0,0.0,1,4,Malicious,1,Malicious,1
1.27e-11,0.0,0.0,1,4,Malicious,1,Malicious,1
6.33e-08,2.75e-08,1.43e-07,2,8,Benign,0,Benign,0
6.34e-11,0.0,0.0,1,4,Malicious,1,Malicious,1
4e-05,0.0,0.0,1,4,Benign,0,Benign,1
5.07e-11,0.0,0.0,1,4,Malicious,1,Malicious,1
1.27e-11,0.0,0.0,1,4,Malicious,1,Malicious,1
4e-05,0.0,0.0,1,4,Malicious,1,Malicious,1
3.22e-09,0.0,0.0,1,4,Malicious,1,Malicious,1
2.9e-09,0.0,0.0,1,4,Malicious,1,Malicious,1
1.27e-11,0.0,0.0,1,4,Malicious,1,Malicious,1
3.8e-08,2.75e-08,1.43e-07,2,8,Benign,0,Benign,0
1.56e-08,2.75e-08,1.43e-07,2,8,Benign,0,Benign,0
3.97e-05,0.0,0.0,1,4,Malicious,1,Malicious,1
3.91e-05,0.0,0.0,1,4,Malicious,1,Malicious,1
6.65e-08,2.75e-08,1.43e-07,2,8,Benign,0,Benign,0
9.67e-07,2.75e-08,1.43e-07,2,8,Benign,0,Benign,0
1.01e-10,0.0,0.0,1,4,Malicious,1,Malicious,1
5.53e-05,4.3e-08,7.22e-07,1,7,Malicious,1,Malicious,1
3.81e-11,0.0,0.0,1,4,Malicious,1,Malicious,1
3.99e-05,0.0,0.0,1,4,Benign,0,Benign,1
1.27e-11,0.0,0.0,1,4,Malicious,1,Malicious,1
6.97e-08,2.75e-08,1.43e-07,2,8,Benign,0,Benign,0
3.91e-05,0.0,0.0,1,4,Malicious,1,Malicious,1
9.49e-09,1.66e-08,1.34e-07,2,8,Benign,0,Benign,0
3.95e-05,0.0,0.0,1,4,Malicious,1,Malicious,1
1.27e-11,0.0,0.0,1,4,Malicious,1,Malicious,1
3.92e-05,0.0,0.0,1,4,Benign,0,Benign,1
5.07e-11,0.0,0.0,1,4,Malicious,1,Malicious,1
3.95e-05,0.0,0.0,1,4,Benign,0,Benign,1
1.21e-07,2.29e-08,1.66e-07,2,8,Benign,0,Benign,0
6.35e-05,4.47e-08,0.0,2,4,Benign,0,Benign,0
3.8e-05,0.0,0.0,1,4,Malicious,1,Malicious,1
2.64e-05,3.84e-08,6.92e-07,1,7,Benign,0,Benign,1
2.95e-07,2.58e-08,1.34e-07,2,8,Benign,0,Benign,0
3.94e-05,0.0,0.0,1,4,Malicious,1,Malicious,1
1.27e-11,0.0,0.0,1,4,Malicious,1,Malicious,1
8.55e-08,2.75e-08,1.43e-07,2,8,Benign,0,Benign,0
3.96e-05,0.0,0.0,1,4,Malicious,1,Malicious,1
3.99e-05,0.0,0.0,1,4,Benign,0,Benign,1
1.27e-11,0.0,0.0,1,4,Malicious,1,Malicious,1
3.94e-05,0.0,0.0,1,4,Benign,0,Benign,1
1.27e-11,0.0,0.0,1,4,Malicious,1,Malicious,1
6.41e-09,0.0,0.0,1,4,Malicious,1,Malicious,1
3.79e-05,0.0,0.0,1,4,Malicious,1,Malicious,1
3.22e-09,0.0,0.0,1,4,Malicious,1,Malicious,1
6.34e-11,0.0,0.0,1,4,Malicious,1,Malicious,1
3.95e-05,0.0,0.0,1,4,Malicious,1,Malicious,1
3.98e-05,0.0,0.0,1,4,Malicious,1,Malicious,1
3.99e-05,0.0,0.0,1,4,Benign,0,Benign,1
1.37e-05,3.84e-08,6.92e-07,1,7,Benign,0,Benign,0
5.07e-11,0.0,0.0,1,4,Malicious,1,Malicious,1
3.96e-05,0.0,0.0,1,4,Malicious,1,Malicious,1
1.27e-11,0.0,0.0,1,4,Malicious,1,Malicious,1
5.07e-11,0.0,0.0,1,4,Malicious,1,Malicious,1
5.07e-11,0.0,0.0,1,4,Malicious,1,Malicious,1
1.27e-11,0.0,0.0,1,4,Malicious,1,Malicious,1
0.0,0.0,0.0,1,4,Malicious,1,Malicious,1
3.81e-11,0.0,0.0,1,4,Malicious,1,Malicious,1
2.2e-08,2.75e-08,1.43e-07,2,8,Benign,0,Benign,0
3.93e-05,0.0,0.0,1,4,Benign,0,Benign,1
2.21e-08,2.75e-08,1.43e-07,2,8,Benign,0,Benign,0
1.27e-11,0.0,0.0,1,4,Malicious,1,Malicious,1
1.27e-11,0.0,0.0,1,4,Malicious,1,Malicious,1
1.27e-11,0.0,0.0,1,4,Malicious,1,Malicious,1
3.98e-05,0.0,0.0,1,4,Benign,0,Benign,1
0.0,0.0,0.0,1,4,Malicious,1,Malicious,1
3.27e-09,0.0,0.0,1,4,Malicious,1,Malicious,1
3.27e-09,0.0,0.0,1,4,Malicious,1,Malicious,1
6.34e-11,0.0,0.0,1,4,Malicious,1,Malicious,1
3.99e-05,0.0,0.0,1,4,Malicious,1,Malicious,1
1.42e-05,4.3e-08,7.22e-07,1,7,Malicious,1,Malicious,1
5.07e-11,0.0,0.0,1,4,Malicious,1,Malicious,1
3.91e-05,0.0,0.0,1,4,Malicious,1,Malicious,1
6.35e-05,4.47e-08,0.0,2,4,Benign,0,Benign,0
3.8e-05,0.0,0.0,1,4,Malicious,1,Malicious,1
2.56e-05,2.98e-08,3.68e-07,1,3,Benign,0,Benign,0
3.97e-05,0.0,0.0,1,4,Benign,0,Benign,1
3.99e-05,0.0,0.0,1,4,Benign,0,Benign,1
9.53e-09,0.0,0.0,1,4,Malicious,1,Malicious,1
3.97e-05,0.0,0.0,1,4,Benign,0,Benign,1
5.07e-11,0.0,0.0,1,4,Malicious,1,Malicious,1
1.27e-11,0.0,0.0,1,4,Malicious,1,Malicious,1
5.07e-11,0.0,0.0,1,4,Malicious,1,Malicious,1
3.95e-05,0.0,0.0,1,4,Benign,0,Benign,1
0.0,0.0,0.0,1,4,Malicious,1,Malicious,1
1.27e-11,0.0,0.0,1,4,Malicious,1,Malicious,1
3.93e-05,0.0,0.0,1,4,Malicious,1,Malicious,1
3.79e-05,0.0,0.0,1,4,Malicious,1,Malicious,1
1.27e-11,0.0,0.0,1,4,Malicious,1,Malicious,1
6.3e-09,0.0,0.0,1,4,Malicious,1,Malicious,1
3.99e-05,0.0,0.0,1,4,Malicious,1,Malicious,1
6.34e-11,0.0,0.0,1,4,Malicious,1,Malicious,1
6.35e-05,4.47e-08,0.0,2,4,Benign,0,Benign,0
3.21e-09,0.0,0.0,1,4,Malicious,1,Malicious,1
1.18e-06,0.0,0.0,1,1,Malicious,1,Malicious,1
3.91e-05,0.0,0.0,1,4,Benign,0,Benign,1
1.27e-11,0.0,0.0,1,4,Malicious,1,Malicious,1
1.27e-11,0.0,0.0,1,4,Malicious,1,Malicious,1
1.39e-05,3.84e-08,6.92e-07,1,7,Benign,0,Benign,1
3.95e-05,0.0,0.0,1,4,Malicious,1,Malicious,1
1.41e-05,3.84e-08,6.92e-07,1,7,Benign,0,Benign,1
0.0,0.0,0.0,1,4,Malicious,1,Malicious,1
1.29e-05,2.98e-08,3.68e-07,1,3,Benign,0,Benign,0
7.39e-07,2.75e-08,1.43e-07,2,8,Benign,0,Benign,0
6.34e-11,0.0,0.0,1,4,Malicious,1,Malicious,1
2.64e-05,3.84e-08,6.92e-07,1,7,Benign,0,Benign,1
1.27e-11,0.0,0.0,1,4,Malicious,1,Malicious,1
3.21e-09,0.0,0.0,1,4,Malicious,1,Malicious,1
2.57e-09,0.0,0.0,1,4,Malicious,1,Malicious,1
3.96e-05,0.0,0.0,1,4,Benign,0,Benign,1
5.07e-11,0.0,0.0,1,4,Malicious,1,Malicious,1
3.98e-05,0.0,0.0,1,4,Malicious,1,Malicious,1
1.27e-11,0.0,0.0,1,4,Malicious,1,Malicious,1
3.8e-05,0.0,0.0,1,4,Malicious,1,Malicious,1
3.92e-05,0.0,0.0,1,4,Benign,0,Benign,1
3.95e-05,0.0,0.0,1,4,Malicious,1,Malicious,1
2.9e-06,2.58e-08,1.34e-07,2,8,Benign,0,Benign,0
0.0,0.0,0.0,1,4,Malicious,1,Malicious,1
3.98e-05,0.0,0.0,1,4,Benign,0,Benign,1
3.81e-11,0.0,0.0,1,4,Malicious,1,Malicious,1
6.34e-11,0.0,0.0,1,4,Malicious,1,Malicious,1
0.00012728,1.65e-07,8.56e-07,2,8,Benign,0,Benign,0
5.07e-11,0.0,0.0,1,4,Malicious,1,Malicious,1
3.95e-05,0.0,0.0,1,4,Malicious,1,Malicious,1
3.94e-05,0.0,0.0,1,4,Malicious,1,Malicious,1
6.34e-11,0.0,0.0,1,4,Malicious,1,Malicious,1
9.46e-09,2.58e-08,1.34e-07,2,8,Benign,0,Benign,0
2.54e-11,5.5e-08,0.0,2,4,Benign,0,Benign,0
3.16e-09,0.0,0.0,1,4,Malicious,1,Malicious,1
3.93e-05,0.0,0.0,1,4,Malicious,1,Malicious,1
5.07e-11,0.0,0.0,1,4,Malicious,1,Malicious,1
3.93e-05,0.0,0.0,1,4,Benign,0,Benign,1
3.91e-05,0.0,0.0,1,4,Malicious,1,Malicious,1
1.27e-11,0.0,0.0,1,4,Malicious,1,Malicious,1
1.27e-11,0.0,0.0,1,4,Malicious,1,Malicious,1
6.34e-11,0.0,0.0,1,4,Malicious,1,Malicious,1
2.69e-07,2.58e-08,1.34e-07,2,8,Benign,0,Benign,0
1.27e-11,0.0,0.0,1,4,Malicious,1,Malicious,1
4e-05,0.0,0.0,1,4,Benign,0,Benign,1
3.48e-08,2.75e-08,1.43e-07,2,8,Benign,0,Benign,0
1.27e-11,0.0,0.0,1,4,Malicious,1,Malicious,1
1.27e-11,0.0,0.0,1,4,Malicious,1,Malicious,1
3.08e-09,0.0,0.0,1,4,Malicious,1,Malicious,1
0.000837241,1.93e-07,9.98e-07,2,8,Benign,0,Benign,0
3.79e-05,0.0,0.0,1,4,Malicious,1,Malicious,1
6.02e-08,2.75e-08,1.43e-07,2,8,Benign,0,Benign,0
3.8e-05,0.0,0.0,1,4,Benign,0,Benign,1
1.27e-11,0.0,0.0,1,4,Malicious,1,Malicious,1
1.27e-11,0.0,0.0,1,4,Malicious,1,Malicious,1
3.8e-05,0.0,0.0,1,4,Malicious,1,Malicious,1
0.0,0.0,0.0,1,4,Malicious,1,Malicious,1
3.52e-07,2.58e-08,1.34e-07,2,8,Benign,0,Benign,0
0.0,0.0,0.0,1,4,Malicious,1,Malicious,1
3.99e-05,0.0,0.0,1,4,Malicious,1,Malicious,1
1.27e-11,0.0,0.0,1,4,Malicious,1,Malicious,1
2.54e-11,0.0,0.0,1,4,Malicious,1,Malicious,1
3.97e-05,0.0,0.0,1,4,Malicious,1,Malicious,1
3.8e-05,0.0,0.0,1,4,Malicious,1,Malicious,1
5.64e-07,1.95e-08,8.83e-07,2,8,Benign,0,Benign,0
3.8e-05,0.0,0.0,1,4,Malicious,1,Malicious,1
2.54e-11,0.0,0.0,1,4,Malicious,1,Malicious,1
1.27e-11,0.0,0.0,1,4,Malicious,1,Malicious,1
3.21e-09,0.0,0.0,1,4,Malicious,1,Malicious,1
6.29e-09,1.66e-08,1.34e-07,2,8,Benign,0,Benign,0
3.8e-05,0.0,0.0,1,4,Malicious,1,Malicious,1
6.65e-08,2.75e-08,1.43e-07,2,8,Benign,0,Benign,0
3.91e-05,0.0,0.0,1,4,Malicious,1,Malicious,1
0.0,0.0,0.0,1,4,Malicious,1,Malicious,1
1.27e-11,0.0,0.0,1,4,Malicious,1,Malicious,1
1.27e-11,0.0,0.0,1,4,Malicious,1,Malicious,1
3.81e-11,0.0,0.0,1,4,Malicious,1,Malicious,1
5.18e-05,4.3e-08,7.22e-07,1,7,Malicious,1,Malicious,1
1.27e-11,0.0,0.0,1,4,Malicious,1,Malicious,1
3.8e-05,0.0,0.0,1,4,Malicious,1,Malicious,1
1.27e-11,0.0,0.0,1,4,Malicious,1,Malicious,1
6.35e-05,4.47e-08,0.0,2,4,Benign,0,Benign,0
1.77e-07,2.75e-08,1.43e-07,2,8,Benign,0,Benign,0
3.48e-08,2.75e-08,1.43e-07,2,8,Benign,0,Benign,0
3.95e-05,0.0,0.0,1,4,Malicious,1,Malicious,1
5.07e-11,0.0,0.0,1,4,Malicious,1,Malicious,1
2.2e-08,2.75e-08,1.43e-07,2,8,Benign,0,Benign,0
3.8e-05,0.0,0.0,1,4,Malicious,1,Malicious,1
1.27e-11,0.0,0.0,1,4,Malicious,1,Malicious,1
5.07e-11,0.0,0.0,1,4,Malicious,1,Malicious,1
4.75e-08,1.66e-08,1.34e-07,2,8,Benign,0,Benign,0
1.27e-11,0.0,0.0,1,4,Malicious,1,Malicious,1
3.8e-05,0.0,0.0,1,4,Malicious,1,Malicious,1
1.01e-10,0.0,0.0,1,4,Malicious,1,Malicious,1
9.7e-09,0.0,0.0,1,4,Malicious,1,Malicious,1
1.27e-11,0.0,0.0,1,4,Malicious,1,Malicious,1
1.27e-11,0.0,0.0,1,4,Malicious,1,Malicious,1
1.11e-07,2.58e-08,1.34e-07,2,8,Benign,0,Benign,0
1.27e-11,0.0,0.0,1,4,Malicious,1,Malicious,1
6.34e-11,0.0,0.0,1,4,Malicious,1,Malicious,1
5.07e-11,0.0,0.0,1,4,Malicious,1,Malicious,1
7.6e-08,2.75e-08,1.43e-07,2,8,Benign,0,Benign,0
1.27e-11,0.0,0.0,1,4,Malicious,1,Malicious,1
5.07e-11,0.0,0.0,1,4,Malicious,1,Malicious,1
3.99e-05,0.0,0.0,1,4,Malicious,1,Malicious,1
3.22e-09,0.0,0.0,1,4,Malicious,1,Malicious,1
1.27e-11,0.0,0.0,1,4,Malicious,1,Malicious,1
1.49e-07,2.58e-08,1.34e-07,2,8,Benign,0,Benign,0
0.0,0.0,0.0,1,4,Malicious,1,Malicious,1
3.94e-05,0.0,0.0,1,4,Benign,0,Benign,1
1.27e-11,0.0,0.0,1,4,Malicious,1,Malicious,1
1.26e-08,0.0,0.0,1,4,Malicious,1,Malicious,1
6.34e-11,0.0,0.0,1,4,Malicious,1,Malicious,1
4.44e-08,0.0,0.0,1,8,Benign,0,Benign,0
6.8e-05,4.67e-07,8.14e-05,1,8,Benign,0,Benign,0
3.95e-05,0.0,0.0,1,4,Malicious,1,Malicious,1
3.95e-05,0.0,0.0,1,4,Malicious,1,Malicious,1
6.65e-08,5.5e-08,2.85e-07,2,8,Benign,0,Benign,0
5.2e-05,4.3e-08,7.22e-07,1,7,Malicious,1,Malicious,1
1.27e-11,0.0,0.0,1,4,Malicious,1,Malicious,1
1.39e-05,3.84e-08,6.92e-07,1,7,Benign,0,Benign,1
1.27e-11,0.0,0.0,1,4,Malicious,1,Malicious,1
0.000416824,3.55e-08,7.99e-07,1,7,Malicious,1,Malicious,1
1.27e-11,0.0,0.0,1,4,Malicious,1,Malicious,1
3.91e-05,0.0,0.0,1,4,Malicious,1,Malicious,1
1.9e-08,2.75e-08,1.43e-07,2,8,Benign,0,Benign,0
3.95e-05,0.0,0.0,1,4,Malicious,1,Malicious,1
5.07e-11,0.0,0.0,1,4,Malicious,1,Malicious,1
3.8e-05,0.0,0.0,1,4,Malicious,1,Malicious,1
1.27e-11,0.0,0.0,1,4,Malicious,1,Malicious,1
3.8e-05,0.0,0.0,1,4,Malicious,1,Malicious,1
3.94e-05,0.0,0.0,1,4,Malicious,1,Malicious,1
6.34e-11,0.0,0.0,1,4,Malicious,1,Malicious,1
3.98e-05,0.0,0.0,1,4,Malicious,1,Malicious,1
3.8e-05,0.0,0.0,1,4,Malicious,1,Malicious,1
6.3e-09,1.66e-08,1.34e-07,2,8,Benign,0,Benign,0
1.27e-11,0.0,0.0,1,4,Malicious,1,Malicious,1
3.93e-05,0.0,0.0,1,4,Malicious,1,Malicious,1
3.91e-05,0.0,0.0,1,4,Malicious,1,Malicious,1
1.27e-11,0.0,0.0,1,4,Malicious,1,Malicious,1
6.34e-11,0.0,0.0,1,4,Malicious,1,Malicious,1
1.27e-11,0.0,0.0,1,4,Malicious,1,Malicious,1
1.27e-11,0.0,0.0,1,4,Malicious,1,Malicious,1
1.29e-05,2.98e-08,3.68e-07,1,3,Benign,0,Benign,0
3.98e-05,0.0,0.0,1,4,Malicious,1,Malicious,1
1.27e-11,0.0,0.0,1,4,Malicious,1,Malicious,1
4e-05,0.0,0.0,1,4,Benign,0,Benign,1
4.98e-07,2.58e-08,1.34e-07,2,8,Benign,0,Benign,0
2.52e-08,2.75e-08,1.43e-07,2,8,Benign,0,Benign,0
3.8e-05,0.0,0.0,1,4,Malicious,1,Malicious,1
3.95e-05,0.0,0.0,1,4,Malicious,1,Malicious,1
1.27e-11,0.0,0.0,1,4,Malicious,1,Malicious,1
1.27e-11,0.0,0.0,1,4,Malicious,1,Malicious,1
0.000266295,1.22e-07,0.0,2,4,Benign,0,Benign,0
1.27e-11,0.0,0.0,1,4,Malicious,1,Malicious,1
1.27e-11,0.0,0.0,1,4,Malicious,1,Malicious,1
0.000506707,3.55e-08,7.99e-07,1,7,Malicious,1,Malicious,1
1.05e-07,5.5e-08,2.85e-07,2,8,Benign,0,Benign,0
0.000456717,3.55e-08,7.99e-07,1,7,Malicious,1,Malicious,1
0.0,0.0,0.0,1,4,Malicious,1,Malicious,1
1.27e-11,0.0,0.0,1,4,Malicious,1,Malicious,1
1.27e-11,0.0,0.0,1,4,Malicious,1,Malicious,1
5.07e-11,0.0,0.0,1,4,Malicious,1,Malicious,1
1.27e-11,0.0,0.0,1,4,Malicious,1,Malicious,1
1.27e-11,0.0,0.0,1,4,Malicious,1,Malicious,1
1.27e-11,0.0,0.0,1,4,Malicious,1,Malicious,1
1.04e-06,2.58e-08,1.34e-07,2,8,Benign,0,Benign,0
3.99e-05,0.0,0.0,1,4,Malicious,1,Malicious,1
6.35e-05,4.47e-08,0.0,2,4,Benign,0,Benign,0
1.27e-11,0.0,0.0,1,4,Malicious,1,Malicious,1
6.65e-08,2.58e-08,1.34e-07,2,8,Benign,0,Benign,0
9.49e-09,2.58e-08,1.34e-07,2,8,Benign,0,Benign,0
3.8e-05,0.0,0.0,1,4,Malicious,1,Malicious,1
3.8e-05,0.0,0.0,1,4,Malicious,1,Malicious,1
5.07e-11,0.0,0.0,1,4,Malicious,1,Malicious,1
6.34e-11,0.0,0.0,1,4,Malicious,1,Malicious,1
3.95e-05,0.0,0.0,1,4,Malicious,1,Malicious,1
3.99e-05,0.0,0.0,1,4,Malicious,1,Malicious,1
6.35e-09,0.0,0.0,1,4,Malicious,1,Malicious,1
3.99e-05,0.0,0.0,1,4,Benign,0,Benign,1
1.73e-07,3.21e-07,1.66e-06,0,0,Benign,0,Benign,0
1.27e-11,0.0,0.0,1,4,Malicious,1,Malicious,1
3.96e-05,0.0,0.0,1,4,Benign,0,Benign,1
3.22e-09,0.0,0.0,1,4,Malicious,1,Malicious,1
3.95e-05,0.0,0.0,1,4,Malicious,1,Malicious,1
3.91e-05,0.0,0.0,1,4,Malicious,1,Malicious,1
3.99e-05,0.0,0.0,1,4,Malicious,1,Malicious,1
1.27e-11,0.0,0.0,1,4,Malicious,1,Malicious,1
1.27e-11,0.0,0.0,1,4,Malicious,1,Malicious,1
3.91e-05,0.0,0.0,1,4,Malicious,1,Malicious,1
1.27e-11,0.0,0.0,1,4,Malicious,1,Malicious,1
3.18e-09,0.0,0.0,1,4,Malicious,1,Malicious,1
3.79e-05,0.0,0.0,1,4,Malicious,1,Malicious,1
1.01e-10,0.0,0.0,1,4,Malicious,1,Malicious,1
6.01e-08,2.75e-08,1.43e-07,2,8,Benign,0,Benign,0
6.34e-11,0.0,0.0,1,4,Malicious,1,Malicious,1
3.93e-05,0.0,0.0,1,4,Benign,0,Benign,1
3.93e-05,0.0,0.0,1,4,Benign,0,Benign,1
3.79e-05,0.0,0.0,1,4,Malicious,1,Malicious,1
5.07e-11,0.0,0.0,1,4,Malicious,1,Malicious,1
6.29e-09,0.0,0.0,1,4,Malicious,1,Malicious,1
1.27e-11,0.0,0.0,1,4,Malicious,1,Malicious,1
3.8e-05,0.0,0.0,1,4,Malicious,1,Malicious,1
1.27e-11,0.0,0.0,1,4,Malicious,1,Malicious,1
6.34e-11,0.0,0.0,1,4,Malicious,1,Malicious,1
1.27e-11,0.0,0.0,1,4,Malicious,1,Malicious,1
4.43e-08,0.0,0.0,1,8,Benign,0,Benign,0
3.8e-08,2.75e-08,1.43e-07,2,8,Benign,0,Benign,0
3.99e-05,0.0,0.0,1,4,Benign,0,Benign,1
3.96e-05,0.0,0.0,1,4,Malicious,1,Malicious,1
1.27e-11,0.0,0.0,1,4,Malicious,1,Malicious,1
2.63e-05,3.84e-08,6.92e-07,1,7,Benign,0,Benign,1
6.34e-11,0.0,0.0,1,4,Malicious,1,Malicious,1
0.0,0.0,0.0,1,4,Malicious,1,Malicious,1
3.99e-05,0.0,0.0,1,4,Malicious,1,Malicious,1
3.13e-09,0.0,0.0,1,4,Malicious,1,Malicious,1
1.27e-11,0.0,0.0,1,4,Malicious,1,Malicious,1
0.000127036,1.65e-07,8.56e-07,2,8,Benign,0,Benign,0
3.99e-05,0.0,0.0,1,4,Malicious,1,Malicious,1
3.22e-09,0.0,0.0,1,4,Malicious,1,Malicious,1
3.8e-05,0.0,0.0,1,4,Malicious,1,Malicious,1
3.99e-05,0.0,0.0,1,4,Malicious,1,Malicious,1
5.07e-11,0.0,0.0,1,4,Malicious,1,Malicious,1
3.23e-09,0.0,0.0,1,4,Malicious,1,Malicious,1
5.37e-05,4.3e-08,7.22e-07,1,7,Malicious,1,Malicious,1
3.81e-11,0.0,0.0,1,4,Malicious,1,Malicious,1
4.01e-05,0.0,0.0,1,4,Benign,0,Benign,1
1.27e-11,0.0,0.0,1,4,Malicious,1,Malicious,1
1.27e-11,0.0,0.0,1,4,Malicious,1,Malicious,1
3.94e-05,0.0,0.0,1,4,Malicious,1,Malicious,1
3.8e-05,0.0,0.0,1,4,Malicious,1,Malicious,1
1.27e-11,0.0,0.0,1,4,Malicious,1,Malicious,1
3.22e-09,0.0,0.0,1,4,Malicious,1,Malicious,1
1.37e-05,3.84e-08,6.92e-07,1,7,Benign,0,Benign,0
3.99e-05,0.0,0.0,1,4,Malicious,1,Malicious,1
5.2e-07,2.75e-08,1.43e-07,2,8,Benign,0,Benign,0
3.8e-05,0.0,0.0,1,4,Malicious,1,Malicious,1
1.27e-11,0.0,0.0,1,4,Malicious,1,Malicious,1
3.98e-05,0.0,0.0,1,4,Benign,0,Benign,1
1.27e-11,0.0,0.0,1,4,Malicious,1,Malicious,1
3.99e-05,0.0,0.0,1,4,Malicious,1,Malicious,1
3.96e-05,0.0,0.0,1,4,Malicious,1,Malicious,1
1.01e-10,0.0,0.0,1,4,Malicious,1,Malicious,1
3.99e-05,0.0,0.0,1,4,Malicious,1,Malicious,1
4e-05,0.0,0.0,1,4,Benign,0,Benign,1
3.95e-05,0.0,0.0,1,4,Malicious,1,Malicious,1
3.22e-09,0.0,0.0,1,4,Malicious,1,Malicious,1
1.27e-11,0.0,0.0,1,4,Malicious,1,Malicious,1
0.0,0.0,0.0,1,4,Malicious,1,Malicious,1
5.07e-11,0.0,0.0,1,4,Malicious,1,Malicious,1
0.0,0.0,0.0,1,4,Malicious,1,Malicious,1
1.27e-11,0.0,0.0,1,4,Malicious,1,Malicious,1
6.65e-08,2.75e-08,1.43e-07,2,8,Benign,0,Benign,0
3.95e-05,0.0,0.0,1,4,Malicious,1,Malicious,1
2.86e-08,2.75e-08,1.43e-07,2,8,Benign,0,Benign,0
6.33e-09,2.58e-08,1.34e-07,2,8,Benign,0,Benign,0
3.8e-05,0.0,0.0,1,4,Malicious,1,Malicious,1
6.34e-11,0.0,0.0,1,4,Malicious,1,Malicious,1
4e-05,0.0,0.0,1,4,Benign,0,Benign,1
3.8e-05,0.0,0.0,1,4,Malicious,1,Malicious,1
1.27e-11,0.0,0.0,1,4,Malicious,1,Malicious,1
1.27e-11,0.0,0.0,1,4,Malicious,1,Malicious,1
3.22e-09,0.0,0.0,1,4,Malicious,1,Malicious,1
1.27e-11,0.0,0.0,1,4,Malicious,1,Malicious,1
2.22e-08,2.75e-08,1.43e-07,2,8,Benign,0,Benign,0
3.99e-05,0.0,0.0,1,4,Malicious,1,Malicious,1
3.22e-09,0.0,0.0,1,4,Malicious,1,Malicious,1
3.23e-09,0.0,0.0,1,4,Malicious,1,Malicious,1
3.95e-05,0.0,0.0,1,4,Malicious,1,Malicious,1
1.27e-11,0.0,0.0,1,4,Malicious,1,Malicious,1
3.99e-05,0.0,0.0,1,4,Benign,0,Benign,1
1.27e-11,0.0,0.0,1,4,Malicious,1,Malicious,1
0.0,0.0,0.0,1,4,Malicious,1,Malicious,1
1.27e-11,0.0,0.0,1,4,Malicious,1,Malicious,1
3.99e-05,0.0,0.0,1,4,Malicious,1,Malicious,1
6.33e-09,1.66e-08,1.34e-07,2,8,Benign,0,Benign,0
3.95e-05,0.0,0.0,1,4,Malicious,1,Malicious,1
2.21e-08,2.75e-08,1.43e-07,2,8,Benign,0,Benign,0
1.27e-11,0.0,0.0,1,4,Malicious,1,Malicious,1
3.97e-05,0.0,0.0,1,4,Benign,0,Benign,1
1.27e-11,0.0,0.0,1,4,Malicious,1,Malicious,1
2.28e-07,3.78e-08,3.27e-07,2,8,Benign,0,Benign,0
1.08e-07,5.5e-08,2.85e-07,2,8,Benign,0,Benign,0
1.27e-11,0.0,0.0,1,4,Malicious,1,Malicious,1
0.0,0.0,0.0,1,4,Malicious,1,Malicious,1
3.94e-05,0.0,0.0,1,4,Malicious,1,Malicious,1
3.8e-05,0.0,0.0,1,4,Malicious,1,Malicious,1
1.27e-11,0.0,0.0,1,4,Malicious,1,Malicious,1
1.27e-11,0.0,0.0,1,4,Malicious,1,Malicious,1
1.27e-11,0.0,0.0,1,4,Malicious,1,Malicious,1
5.07e-11,0.0,0.0,1,4,Malicious,1,Malicious,1
2.53e-08,2.75e-08,1.43e-07,2,8,Benign,0,Benign,0
1.27e-11,0.0,0.0,1,4,Malicious,1,Malicious,1
1.27e-11,0.0,0.0,1,4,Malicious,1,Malicious,1
1.27e-11,0.0,0.0,1,4,Malicious,1,Malicious,1
3.8e-05,0.0,0.0,1,4,Malicious,1,Malicious,1
6.01e-08,2.75e-08,1.43e-07,2,8,Benign,0,Benign,0
3.48e-08,2.75e-08,1.43e-07,2,8,Benign,0,Benign,0
3.92e-05,0.0,0.0,1,4,Malicious,1,Malicious,1
1.27e-11,0.0,0.0,1,4,Malicious,1,Malicious,1
1.39e-05,3.84e-08,6.92e-07,1,7,Benign,0,Benign,1
7.61e-11,0.0,0.0,1,4,Malicious,1,Malicious,1
1.27e-11,0.0,0.0,1,4,Malicious,1,Malicious,1
5.07e-11,0.0,0.0,1,4,Malicious,1,Malicious,1
1.27e-11,0.0,0.0,1,4,Malicious,1,Malicious,1
3.99e-05,0.0,0.0,1,4,Malicious,1,Malicious,1
1.27e-11,0.0,0.0,1,4,Malicious,1,Malicious,1
3.2e-05,4.36e-08,1.6e-07,2,8,Benign,0,Benign,0
3.8e-05,0.0,0.0,1,4,Malicious,1,Malicious,1
3.97e-05,0.0,0.0,1,4,Malicious,1,Malicious,1
5.07e-11,0.0,0.0,1,4,Malicious,1,Malicious,1
1.27e-11,0.0,0.0,1,4,Malicious,1,Malicious,1
1.27e-11,0.0,0.0,1,4,Malicious,1,Malicious,1
3.26e-09,0.0,0.0,1,4,Malicious,1,Malicious,1
3.94e-05,0.0,0.0,1,4,Malicious,1,Malicious,1
3.96e-05,0.0,0.0,1,4,Malicious,1,Malicious,1
5.07e-11,0.0,0.0,1,4,Malicious,1,Malicious,1
1.27e-11,0.0,0.0,1,4,Malicious,1,Malicious,1
3.8e-05,0.0,0.0,1,4,Malicious,1,Malicious,1
1.27e-11,0.0,0.0,1,4,Malicious,1,Malicious,1
1.27e-11,0.0,0.0,1,4,Malicious,1,Malicious,1
1.27e-11,0.0,0.0,1,4,Malicious,1,Malicious,1
4e-05,0.0,0.0,1,4,Benign,0,Benign,1
2.92e-06,7.74e-08,7.07e-07,1,8,Benign,0,Benign,0
0.000451938,3.55e-08,7.99e-07,1,7,Malicious,1,Malicious,1
3.98e-05,0.0,0.0,1,4,Benign,0,Benign,1
3.38e-06,0.0,0.0,1,1,Benign,0,Benign,0
2.64e-09,0.0,0.0,1,4,Malicious,1,Malicious,1
3.93e-05,0.0,0.0,1,4,Malicious,1,Malicious,1
3.8e-05,0.0,0.0,1,4,Malicious,1,Malicious,1
1.37e-05,3.84e-08,6.92e-07,1,7,Benign,0,Benign,0
1.27e-11,0.0,0.0,1,4,Malicious,1,Malicious,1
3.94e-05,0.0,0.0,1,4,Benign,0,Benign,1
3.95e-05,0.0,0.0,1,4,Benign,0,Benign,1
2.21e-08,2.75e-08,1.43e-07,2,8,Benign,0,Benign,0
6.34e-11,0.0,0.0,1,4,Malicious,1,Malicious,1
5.07e-11,0.0,0.0,1,4,Malicious,1,Malicious,1
1.18e-06,0.0,0.0,1,1,Malicious,1,Malicious,1
1.27e-11,0.0,0.0,1,4,Malicious,1,Malicious,1
1.27e-11,0.0,0.0,1,4,Malicious,1,Malicious,1
2.51e-08,2.75e-08,1.43e-07,2,8,Benign,0,Benign,0
7.28e-08,2.75e-08,1.43e-07,2,8,Benign,0,Benign,0
3.98e-05,0.0,0.0,1,4,Malicious,1,Malicious,1
3.94e-05,0.0,0.0,1,4,Benign,0,Benign,1
6.35e-05,5.16e-08,0.0,2,4,Benign,0,Benign,0
6.33e-08,2.75e-08,1.43e-07,2,8,Benign,0,Benign,0
6.34e-11,0.0,0.0,1,4,Malicious,1,Malicious,1
5.07e-11,0.0,0.0,1,4,Malicious,1,Malicious,1
4.69e-06,0.0,0.0,1,1,Benign,0,Benign,0
1.27e-11,0.0,0.0,1,4,Malicious,1,Malicious,1
3.93e-05,0.0,0.0,1,4,Benign,0,Benign,1
4e-05,0.0,0.0,1,4,Benign,0,Benign,1
4.01e-05,0.0,0.0,1,4,Malicious,1,Malicious,1
6.35e-05,4.47e-08,0.0,2,4,Benign,0,Benign,0
3.11e-07,2.75e-08,1.43e-07,2,8,Benign,0,Benign,0
6.34e-11,0.0,0.0,1,4,Malicious,1,Malicious,1
1.39e-05,3.84e-08,6.92e-07,1,7,Benign,0,Benign,1
3.95e-05,0.0,0.0,1,4,Malicious,1,Malicious,1
6.34e-11,0.0,0.0,1,4,Malicious,1,Malicious,1
6.34e-11,0.0,0.0,1,4,Malicious,1,Malicious,1
1.27e-11,0.0,0.0,1,4,Malicious,1,Malicious,1
3.91e-05,0.0,0.0,1,4,Malicious,1,Malicious,1
3.8e-05,0.0,0.0,1,4,Malicious,1,Malicious,1
3.93e-05,0.0,0.0,1,4,Malicious,1,Malicious,1
3.95e-05,0.0,0.0,1,4,Benign,0,Benign,1
3.95e-05,0.0,0.0,1,4,Malicious,1,Malicious,1
5.07e-11,0.0,0.0,1,4,Malicious,1,Malicious,1
3.96e-05,0.0,0.0,1,4,Malicious,1,Malicious,1
3.04e-06,0.0,0.0,1,8,Benign,0,Benign,0
1.27e-11,0.0,0.0,1,4,Malicious,1,Malicious,1
1.27e-11,0.0,0.0,1,4,Malicious,1,Malicious,1
3.98e-05,0.0,0.0,1,4,Benign,0,Benign,1
3.97e-05,0.0,0.0,1,4,Benign,0,Benign,1
1.27e-11,0.0,0.0,1,4,Malicious,1,Malicious,1
5.07e-11,0.0,0.0,1,4,Malicious,1,Malicious,1
1.27e-11,0.0,0.0,1,4,Malicious,1,Malicious,1
5.07e-11,0.0,0.0,1,4,Malicious,1,Malicious,1
1.27e-11,0.0,0.0,1,4,Malicious,1,Malicious,1
3.16e-09,0.0,0.0,1,4,Malicious,1,Malicious,1
5.07e-11,0.0,0.0,1,4,Malicious,1,Malicious,1
3.8e-05,0.0,0.0,1,4,Malicious,1,Malicious,1
1.66e-07,2.75e-08,1.43e-07,2,8,Benign,0,Benign,0
5.98e-05,8.6e-08,0.000327506,1,8,Benign,0,Benign,1
3.95e-05,0.0,0.0,1,4,Malicious,1,Malicious,1
3.98e-05,0.0,0.0,1,4,Malicious,1,Malicious,1
3.96e-05,0.0,0.0,1,4,Malicious,1,Malicious,1
1.27e-11,0.0,0.0,1,4,Malicious,1,Malicious,1
5.07e-11,0.0,0.0,1,4,Malicious,1,Malicious,1
1.27e-11,0.0,0.0,1,4,Malicious,1,Malicious,1
3.93e-05,0.0,0.0,1,4,Malicious,1,Malicious,1
6.34e-05,4.47e-08,0.0,2,4,Benign,0,Benign,0
7.28e-08,2.75e-08,1.43e-07,2,8,Benign,0,Benign,0
3.98e-05,0.0,0.0,1,4,Benign,0,Benign,1
0.0,0.0,0.0,1,4,Malicious,1,Malicious,1
6.35e-05,4.47e-08,0.0,2,4,Benign,0,Benign,0
3.95e-05,0.0,0.0,1,4,Malicious,1,Malicious,1
1.27e-11,0.0,0.0,1,4,Malicious,1,Malicious,1
1.27e-11,0.0,0.0,1,4,Malicious,1,Malicious,1
6.39e-05,4.47e-08,3.06e-07,2,8,Benign,0,Benign,0
5.07e-11,0.0,0.0,1,4,Malicious,1,Malicious,1
0.0,0.0,0.0,1,4,Malicious,1,Malicious,1
1.27e-11,0.0,0.0,1,4,Malicious,1,Malicious,1
6.34e-11,0.0,0.0,1,4,Malicious,1,Malicious,1
5.07e-11,0.0,0.0,1,4,Malicious,1,Malicious,1
4e-05,0.0,0.0,1,4,Benign,0,Benign,1
5.07e-11,0.0,0.0,1,4,Malicious,1,Malicious,1
3.16e-08,2.75e-08,1.43e-07,2,8,Benign,0,Benign,0
5.07e-11,0.0,0.0,1,4,Malicious,1,Malicious,1
1.27e-11,0.0,0.0,1,4,Malicious,1,Malicious,1
3.8e-05,0.0,0.0,1,4,Malicious,1,Malicious,1
6.31e-07,2.75e-08,1.43e-07,2,8,Benign,0,Benign,0
7.91e-08,2.75e-08,1.43e-07,2,8,Benign,0,Benign,0
5.07e-11,0.0,0.0,1,4,Malicious,1,Malicious,1
2.24e-07,2.75e-08,1.43e-07,2,8,Benign,0,Benign,0
3.99e-05,0.0,0.0,1,4,Malicious,1,Malicious,1
3.21e-09,0.0,0.0,1,4,Malicious,1,Malicious,1
6.34e-11,0.0,0.0,1,4,Malicious,1,Malicious,1
6.34e-11,0.0,0.0,1,4,Malicious,1,Malicious,1
0.003806744,1.67e-07,2.3e-06,1,8,Benign,0,Benign,0
1.27e-11,0.0,0.0,1,4,Malicious,1,Malicious,1
3.22e-09,0.0,0.0,1,4,Malicious,1,Malicious,1
3.99e-05,0.0,0.0,1,4,Malicious,1,Malicious,1
2.64e-05,3.84e-08,6.92e-07,1,7,Benign,0,Benign,1
3.99e-05,0.0,0.0,1,4,Benign,0,Benign,1
6.98e-08,5.5e-08,2.85e-07,2,8,Benign,0,Benign,0
3.96e-05,0.0,0.0,1,4,Malicious,1,Malicious,1
4.01e-05,0.0,0.0,1,4,Malicious,1,Malicious,1
3.97e-05,0.0,0.0,1,4,Malicious,1,Malicious,1
3.8e-05,0.0,0.0,1,4,Malicious,1,Malicious,1
3.92e-05,0.0,0.0,1,4,Malicious,1,Malicious,1
3.16e-08,2.75e-08,1.43e-07,2,8,Benign,0,Benign,0
3.92e-05,0.0,0.0,1,4,Malicious,1,Malicious,1
4e-05,0.0,0.0,1,4,Benign,0,Benign,1
6.18e-07,2.75e-08,1.43e-07,2,8,Benign,0,Benign,0
1.27e-11,0.0,0.0,1,4,Malicious,1,Malicious,1
0.000450132,3.55e-08,7.99e-07,1,7,Malicious,1,Malicious,1
3.79e-05,0.0,0.0,1,4,Malicious,1,Malicious,1
1.27e-11,0.0,0.0,1,4,Malicious,1,Malicious,1
1.27e-11,0.0,0.0,1,4,Malicious,1,Malicious,1
6.3e-09,1.66e-08,1.34e-07,2,8,Benign,0,Benign,0
1.27e-11,0.0,0.0,1,4,Malicious,1,Malicious,1
2.66e-09,0.0,0.0,1,4,Malicious,1,Malicious,1
3.98e-05,0.0,0.0,1,4,Malicious,1,Malicious,1
3.96e-05,0.0,0.0,1,4,Malicious,1,Malicious,1
6.91e-07,2.24e-08,3.06e-07,2,8,Benign,0,Benign,0
3.8e-05,0.0,0.0,1,4,Benign,0,Benign,1
3.8e-05,0.0,0.0,1,4,Malicious,1,Malicious,1
1.27e-11,0.0,0.0,1,4,Malicious,1,Malicious,1
5.07e-11,0.0,0.0,1,4,Malicious,1,Malicious,1
1.27e-11,0.0,0.0,1,4,Malicious,1,Malicious,1
3.98e-05,0.0,0.0,1,4,Benign,0,Benign,1
3.8e-05,0.0,0.0,1,4,Malicious,1,Malicious,1
3.91e-05,0.0,0.0,1,4,Malicious,1,Malicious,1
3.92e-05,0.0,0.0,1,4,Malicious,1,Malicious,1
5.19e-05,4.3e-08,7.22e-07,1,7,Malicious,1,Malicious,1
8.24e-08,2.75e-08,1.43e-07,2,8,Benign,0,Benign,0
5.07e-11,0.0,0.0,1,4,Malicious,1,Malicious,1
0.0,0.0,0.0,1,4,Malicious,1,Malicious,1
3.96e-05,0.0,0.0,1,4,Benign,0,Benign,1
1.27e-11,0.0,0.0,1,4,Malicious,1,Malicious,1
1.27e-11,0.0,0.0,1,4,Malicious,1,Malicious,1
1.27e-11,0.0,0.0,1,4,Malicious,1,Malicious,1
0.0,0.0,0.0,1,4,Malicious,1,Malicious,1
1.27e-11,0.0,0.0,1,4,Malicious,1,Malicious,1
4e-05,0.0,0.0,1,4,Benign,0,Benign,1
5.28e-06,0.0,0.0,1,1,Benign,0,Benign,0
1.27e-11,0.0,0.0,1,4,Malicious,1,Malicious,1
0.00024148,1.22e-07,2.07e-06,2,8,Benign,0,Benign,0
1.27e-11,0.0,0.0,1,4,Malicious,1,Malicious,1
1.27e-11,0.0,0.0,1,4,Malicious,1,Malicious,1
3.92e-05,0.0,0.0,1,4,Malicious,1,Malicious,1
3.96e-05,0.0,0.0,1,4,Malicious,1,Malicious,1
3.8e-05,0.0,0.0,1,4,Malicious,1,Malicious,1
0.0,0.0,0.0,1,4,Malicious,1,Malicious,1
3.8e-05,0.0,0.0,1,4,Malicious,1,Malicious,1
1.27e-11,0.0,0.0,1,4,Malicious,1,Malicious,1
8.89e-05,4.61e-07,0.0,2,4,Benign,0,Benign,0
1.27e-11,0.0,0.0,1,4,Malicious,1,Malicious,1
5.07e-11,0.0,0.0,1,4,Malicious,1,Malicious,1
1.4e-05,4.3e-08,7.22e-07,1,7,Malicious,1,Malicious,1
1.33e-05,4.3e-08,7.22e-07,1,7,Malicious,1,Malicious,0
3.99e-05,0.0,0.0,1,4,Benign,0,Benign,1
6.34e-11,0.0,0.0,1,4,Malicious,1,Malicious,1
4.01e-05,0.0,0.0,1,4,Malicious,1,Malicious,1
2.6e-09,0.0,0.0,1,4,Malicious,1,Malicious,1
1.27e-11,0.0,0.0,1,4,Malicious,1,Malicious,1
3.81e-11,0.0,0.0,1,4,Malicious,1,Malicious,1
1.27e-11,0.0,0.0,1,4,Malicious,1,Malicious,1
0.0,0.0,0.0,1,4,Malicious,1,Malicious,1
1.27e-11,0.0,0.0,1,4,Malicious,1,Malicious,1
5.07e-11,0.0,0.0,1,4,Malicious,1,Malicious,1
1.27e-11,0.0,0.0,1,4,Malicious,1,Malicious,1
1.27e-11,0.0,0.0,1,4,Malicious,1,Malicious,1
5.07e-11,0.0,0.0,1,4,Malicious,1,Malicious,1
1.27e-11,0.0,0.0,1,4,Malicious,1,Malicious,1
1.27e-11,0.0,0.0,1,4,Malicious,1,Malicious,1
6.34e-11,0.0,0.0,1,4,Malicious,1,Malicious,1
3.79e-05,0.0,0.0,1,4,Malicious,1,Malicious,1
3.81e-11,0.0,0.0,1,4,Malicious,1,Malicious,1
3.8e-05,0.0,0.0,1,4,Malicious,1,Malicious,1
0.0,0.0,0.0,1,4,Malicious,1,Malicious,1
1.27e-11,0.0,0.0,1,4,Malicious,1,Malicious,1
1.27e-11,0.0,0.0,1,4,Malicious,1,Malicious,1
1.27e-11,0.0,0.0,1,4,Malicious,1,Malicious,1
9.5e-09,1.66e-08,1.34e-07,2,8,Benign,0,Benign,0
6.32e-09,2.58e-08,1.34e-07,2,8,Benign,0,Benign,0
3.81e-11,0.0,0.0,1,4,Malicious,1,Malicious,1
1.27e-11,0.0,0.0,1,4,Malicious,1,Malicious,1
5.37e-08,2.75e-08,1.43e-07,2,8,Benign,0,Benign,0
3.21e-09,0.0,0.0,1,4,Malicious,1,Malicious,1
1.27e-11,0.0,0.0,1,4,Malicious,1,Malicious,1
6.35e-05,4.47e-08,0.0,2,4,Benign,0,Benign,0
1.27e-11,0.0,0.0,1,4,Malicious,1,Malicious,1
1.27e-11,0.0,0.0,1,4,Malicious,1,Malicious,1
5.07e-11,0.0,0.0,1,4,Malicious,1,Malicious,1
3.99e-05,0.0,0.0,1,4,Benign,0,Benign,1
7.61e-08,2.75e-08,1.43e-07,2,8,Benign,0,Benign,0
5.07e-11,0.0,0.0,1,4,Malicious,1,Malicious,1
4e-05,0.0,0.0,1,4,Malicious,1,Malicious,1
1.27e-11,0.0,0.0,1,4,Malicious,1,Malicious,1
3.98e-05,0.0,0.0,1,4,Benign,0,Benign,1
6.34e-11,0.0,0.0,1,4,Malicious,1,Malicious,1
1.96e-07,2.75e-08,1.43e-07,2,8,Benign,0,Benign,0
1.27e-11,0.0,0.0,1,4,Malicious,1,Malicious,1
2.68e-09,0.0,0.0,1,4,Malicious,1,Malicious,1
1.37e-05,3.84e-08,6.92e-07,1,7,Benign,0,Benign,0
1.55e-06,2.75e-08,1.43e-07,2,8,Benign,0,Benign,0
6.34e-11,0.0,0.0,1,4,Malicious,1,Malicious,1
3.95e-05,0.0,0.0,1,4,Malicious,1,Malicious,1
2.63e-05,3.84e-08,6.92e-07,1,7,Benign,0,Benign,1
3.96e-05,0.0,0.0,1,4,Malicious,1,Malicious,1
3.8e-05,0.0,0.0,1,4,Malicious,1,Malicious,1
3.93e-05,0.0,0.0,1,4,Benign,0,Benign,1
6.33e-09,1.66e-08,1.34e-07,2,8,Benign,0,Benign,0
3.8e-05,0.0,0.0,1,4,Malicious,1,Malicious,1
6.34e-11,0.0,0.0,1,4,Malicious,1,Malicious,1
5.07e-11,0.0,0.0,1,4,Malicious,1,Malicious,1
5.07e-11,0.0,0.0,1,4,Malicious,1,Malicious,1
9.6e-07,2.75e-08,1.43e-07,2,8,Benign,0,Benign,0
6.34e-11,0.0,0.0,1,4,Malicious,1,Malicious,1
3.95e-05,0.0,0.0,1,4,Malicious,1,Malicious,1
4e-05,0.0,0.0,1,4,Malicious,1,Malicious,1
6.34e-11,0.0,0.0,1,4,Malicious,1,Malicious,1
0.0,0.0,0.0,1,4,Malicious,1,Malicious,1
3.81e-11,0.0,0.0,1,4,Malicious,1,Malicious,1
6.32e-09,2.58e-08,1.34e-07,2,8,Benign,0,Benign,0
9.81e-08,2.75e-08,1.43e-07,2,8,Benign,0,Benign,0
3.21e-09,0.0,0.0,1,4,Malicious,1,Malicious,1
1.27e-11,0.0,0.0,1,4,Malicious,1,Malicious,1
3.98e-05,0.0,0.0,1,4,Benign,0,Benign,1
9.55e-09,0.0,0.0,1,4,Malicious,1,Malicious,1
1.27e-11,0.0,0.0,1,4,Malicious,1,Malicious,1
1.27e-11,0.0,0.0,1,4,Malicious,1,Malicious,1
1.27e-11,0.0,0.0,1,4,Malicious,1,Malicious,1
1.27e-11,0.0,0.0,1,4,Malicious,1,Malicious,1
3.96e-05,0.0,0.0,1,4,Benign,0,Benign,1
5.07e-11,0.0,0.0,1,4,Malicious,1,Malicious,1
3.8e-05,0.0,0.0,1,4,Malicious,1,Malicious,1
1.27e-11,0.0,0.0,1,4,Malicious,1,Malicious,1
2.21e-08,2.75e-08,1.43e-07,2,8,Benign,0,Benign,0
3.22e-09,0.0,0.0,1,4,Malicious,1,Malicious,1
1.27e-11,0.0,0.0,1,4,Malicious,1,Malicious,1
2.21e-08,2.75e-08,1.43e-07,2,8,Benign,0,Benign,0
6.41e-09,0.0,0.0,1,4,Malicious,1,Malicious,1
6.34e-11,0.0,0.0,1,4,Malicious,1,Malicious,1
0.0,0.0,0.0,1,4,Malicious,1,Malicious,1
1.27e-11,0.0,0.0,1,4,Malicious,1,Malicious,1
5.17e-05,4.24e-08,7.19e-07,1,7,Malicious,1,Malicious,1
3.93e-05,0.0,0.0,1,4,Malicious,1,Malicious,1
1.27e-11,0.0,0.0,1,4,Malicious,1,Malicious,1
9.61e-09,0.0,0.0,1,4,Malicious,1,Malicious,1
1.27e-11,0.0,0.0,1,4,Malicious,1,Malicious,1
0.0,0.0,0.0,1,4,Malicious,1,Malicious,1
7.32e-07,6.08e-08,9.24e-07,2,8,Benign,0,Benign,0
1.27e-11,0.0,0.0,1,4,Malicious,1,Malicious,1
6.34e-11,0.0,0.0,1,4,Malicious,1,Malicious,1
3.16e-09,0.0,0.0,1,4,Malicious,1,Malicious,1
1.27e-11,0.0,0.0,1,4,Malicious,1,Malicious,1
3.93e-05,0.0,0.0,1,4,Malicious,1,Malicious,1
3.78e-08,2.75e-08,1.43e-07,2,8,Benign,0,Benign,0
1.27e-11,0.0,0.0,1,4,Malicious,1,Malicious,1
2.54e-11,0.0,0.0,1,4,Malicious,1,Malicious,1
3.94e-05,0.0,0.0,1,4,Malicious,1,Malicious,1
9.42e-09,2.58e-08,1.34e-07,2,8,Benign,0,Benign,0
1.27e-11,0.0,0.0,1,4,Malicious,1,Malicious,1
1.27e-11,0.0,0.0,1,4,Malicious,1,Malicious,1
1.27e-11,0.0,0.0,1,4,Malicious,1,Malicious,1
6.29e-09,2.58e-08,1.34e-07,2,8,Benign,0,Benign,0
3.93e-05,0.0,0.0,1,4,Malicious,1,Malicious,1
5.07e-11,0.0,0.0,1,4,Malicious,1,Malicious,1
1.27e-11,0.0,0.0,1,4,Malicious,1,Malicious,1
1.27e-11,0.0,0.0,1,4,Malicious,1,Malicious,1
1.27e-11,0.0,0.0,1,4,Malicious,1,Malicious,1
1.27e-11,0.0,0.0,1,4,Malicious,1,Malicious,1
1.27e-11,0.0,0.0,1,4,Malicious,1,Malicious,1
1.27e-11,0.0,0.0,1,4,Malicious,1,Malicious,1
5.14e-06,0.0,0.0,1,3,Benign,0,Benign,0
1.27e-11,0.0,0.0,1,4,Malicious,1,Malicious,1
1.27e-11,0.0,0.0,1,4,Malicious,1,Malicious,1
3.8e-05,0.0,0.0,1,4,Malicious,1,Malicious,1
1.27e-11,0.0,0.0,1,4,Malicious,1,Malicious,1
3.99e-05,0.0,0.0,1,4,Malicious,1,Malicious,1
5.07e-11,0.0,0.0,1,4,Malicious,1,Malicious,1
1.27e-11,0.0,0.0,1,4,Malicious,1,Malicious,1
2.54e-11,0.0,0.0,1,4,Malicious,1,Malicious,1
9.5e-09,2.58e-08,1.34e-07,2,8,Benign,0,Benign,0
1.27e-11,0.0,0.0,1,4,Malicious,1,Malicious,1
1.27e-11,0.0,0.0,1,4,Malicious,1,Malicious,1
3.22e-09,0.0,0.0,1,4,Malicious,1,Malicious,1
4e-05,0.0,0.0,1,4,Malicious,1,Malicious,1
4.21e-07,2.75e-08,1.43e-07,2,8,Benign,0,Benign,0
3.07e-06,0.0,0.0,1,1,Benign,0,Benign,0
1.27e-11,0.0,0.0,1,4,Malicious,1,Malicious,1
5.07e-11,0.0,0.0,1,4,Malicious,1,Malicious,1
5.07e-11,0.0,0.0,1,4,Malicious,1,Malicious,1
3.8e-05,0.0,0.0,1,4,Malicious,1,Malicious,1
1.39e-07,2.29e-08,1.66e-07,2,8,Benign,0,Benign,0
5.07e-11,0.0,0.0,1,4,Malicious,1,Malicious,1
3.22e-09,0.0,0.0,1,4,Malicious,1,Malicious,1
3.96e-05,0.0,0.0,1,4,Malicious,1,Malicious,1
1.27e-11,0.0,0.0,1,4,Malicious,1,Malicious,1
1.27e-11,0.0,0.0,1,4,Malicious,1,Malicious,1
1.27e-11,0.0,0.0,1,4,Malicious,1,Malicious,1
2.92e-09,0.0,0.0,1,4,Malicious,1,Malicious,1
6.34e-11,0.0,0.0,1,4,Malicious,1,Malicious,1
3.91e-05,0.0,0.0,1,4,Malicious,1,Malicious,1
5.07e-11,0.0,0.0,1,4,Malicious,1,Malicious,1
6.02e-08,2.75e-08,1.43e-07,2,8,Benign,0,Benign,0
1.27e-11,0.0,0.0,1,4,Malicious,1,Malicious,1
5.07e-11,0.0,0.0,1,4,Malicious,1,Malicious,1
4.01e-05,0.0,0.0,1,4,Malicious,1,Malicious,1
1.27e-11,0.0,0.0,1,4,Malicious,1,Malicious,1
1.27e-11,0.0,0.0,1,4,Malicious,1,Malicious,1
1.03e-06,2.24e-08,1.16e-07,2,8,Benign,0,Benign,0
3.81e-11,0.0,0.0,1,4,Malicious,1,Malicious,1
3.49e-08,2.24e-08,1.63e-07,2,8,Benign,0,Benign,0
6.34e-11,0.0,0.0,1,4,Malicious,1,Malicious,1
1.27e-11,0.0,0.0,1,4,Malicious,1,Malicious,1
3.91e-05,0.0,0.0,1,4,Malicious,1,Malicious,1
6.3e-09,1.66e-08,1.34e-07,2,8,Benign,0,Benign,0
1.27e-11,0.0,0.0,1,4,Malicious,1,Malicious,1
1.27e-11,0.0,0.0,1,4,Malicious,1,Malicious,1
1.27e-11,0.0,0.0,1,4,Malicious,1,Malicious,1
3.8e-05,0.0,0.0,1,4,Malicious,1,Malicious,1
3.81e-11,0.0,0.0,1,4,Malicious,1,Malicious,1
1.8e-07,2.46e-08,3.3e-07,2,8,Benign,0,Benign,0
2.22e-08,2.58e-08,1.34e-07,2,8,Benign,0,Benign,0
1.27e-11,0.0,0.0,1,4,Malicious,1,Malicious,1
1.27e-11,0.0,0.0,1,4,Malicious,1,Malicious,1
3.99e-05,0.0,0.0,1,4,Benign,0,Benign,1
3.8e-05,0.0,0.0,1,4,Malicious,1,Malicious,1
5.07e-11,0.0,0.0,1,4,Malicious,1,Malicious,1
2.21e-08,2.75e-08,1.43e-07,2,8,Benign,0,Benign,0
1.32e-06,2.75e-08,1.43e-07,2,8,Benign,0,Benign,0
6.74e-05,3.38e-07,5.35e-06,1,8,Malicious,1,Malicious,1
3.97e-05,0.0,0.0,1,4,Malicious,1,Malicious,1
1.27e-11,0.0,0.0,1,4,Malicious,1,Malicious,1
1.27e-11,0.0,0.0,1,4,Malicious,1,Malicious,1
2.21e-08,2.75e-08,1.43e-07,2,8,Benign,0,Benign,0
1.27e-11,0.0,0.0,1,4,Malicious,1,Malicious,1
1.27e-11,0.0,0.0,1,4,Malicious,1,Malicious,1
3.8e-05,0.0,0.0,1,4,Malicious,1,Malicious,1
3.8e-05,0.0,0.0,1,4,Malicious,1,Malicious,1
3.94e-05,0.0,0.0,1,4,Malicious,1,Malicious,1
1.27e-11,0.0,0.0,1,4,Malicious,1,Malicious,1
1.27e-08,0.0,0.0,1,4,Malicious,1,Malicious,1
3.91e-05,0.0,0.0,1,4,Malicious,1,Malicious,1
9.47e-09,1.66e-08,1.34e-07,2,8,Benign,0,Benign,0
3.93e-05,0.0,0.0,1,4,Benign,0,Benign,1
1.27e-11,0.0,0.0,1,4,Malicious,1,Malicious,1
5.07e-08,2.58e-08,1.34e-07,2,8,Benign,0,Benign,0
1.27e-11,0.0,0.0,1,4,Malicious,1,Malicious,1
3.8e-05,0.0,0.0,1,4,Malicious,1,Malicious,1
2.64e-05,4.3e-08,7.22e-07,1,7,Malicious,1,Malicious,1
1.27e-11,0.0,0.0,1,4,Malicious,1,Malicious,1
3.93e-05,0.0,0.0,1,4,Malicious,1,Malicious,1
0.000570604,1.82e-07,0.0,2,4,Benign,0,Benign,0
1.27e-11,0.0,0.0,1,4,Malicious,1,Malicious,1
3.95e-05,0.0,0.0,1,4,Benign,0,Benign,1
3.8e-05,0.0,0.0,1,4,Malicious,1,Malicious,1
1.27e-11,0.0,0.0,1,4,Malicious,1,Malicious,1
3.98e-05,0.0,0.0,1,4,Malicious,1,Malicious,1
3.8e-05,0.0,0.0,1,4,Malicious,1,Malicious,1
3.99e-05,0.0,0.0,1,4,Malicious,1,Malicious,1
3.8e-05,0.0,0.0,1,4,Malicious,1,Malicious,1
6.34e-11,0.0,0.0,1,4,Malicious,1,Malicious,1
3.92e-05,0.0,0.0,1,4,Malicious,1,Malicious,1
3.8e-05,0.0,0.0,1,4,Malicious,1,Malicious,1
5.23e-05,4.3e-08,7.22e-07,1,7,Malicious,1,Malicious,1
1.27e-11,0.0,0.0,1,4,Malicious,1,Malicious,1
3.91e-05,0.0,0.0,1,4,Malicious,1,Malicious,1
1.19e-05,4.3e-08,7.22e-07,1,7,Malicious,1,Malicious,1
1.27e-11,0.0,0.0,1,4,Malicious,1,Malicious,1
5.07e-11,0.0,0.0,1,4,Malicious,1,Malicious,1
7.29e-08,2.58e-08,1.34e-07,2,8,Benign,0,Benign,0
2.64e-05,4.3e-08,7.22e-07,1,7,Malicious,1,Malicious,1
1.27e-11,0.0,0.0,1,4,Malicious,1,Malicious,1
1.27e-11,0.0,0.0,1,4,Malicious,1,Malicious,1
3.94e-05,0.0,0.0,1,4,Benign,0,Benign,1
5.07e-11,0.0,0.0,1,4,Malicious,1,Malicious,1
1.27e-11,0.0,0.0,1,4,Malicious,1,Malicious,1
6.43e-05,4.47e-08,3.06e-07,2,8,Benign,0,Benign,0
3.98e-05,0.0,0.0,1,4,Malicious,1,Malicious,1
3.8e-05,0.0,0.0,1,4,Malicious,1,Malicious,1
2.84e-08,2.24e-08,1.63e-07,2,8,Benign,0,Benign,0
1.27e-11,0.0,0.0,1,4,Malicious,1,Malicious,1
3.79e-05,0.0,0.0,1,4,Malicious,1,Malicious,1
0.020713312,3.46e-05,0.0,2,4,Benign,0,Benign,0
1.27e-11,0.0,0.0,1,4,Malicious,1,Malicious,1
2.19e-08,2.75e-08,1.43e-07,2,8,Benign,0,Benign,0
3.95e-05,0.0,0.0,1,4,Malicious,1,Malicious,1
3.01e-07,2.75e-08,1.43e-07,2,8,Benign,0,Benign,0
1.27e-11,0.0,0.0,1,4,Malicious,1,Malicious,1
5.17e-05,3.84e-08,6.92e-07,1,7,Benign,0,Benign,1
0.0,0.0,0.0,1,4,Malicious,1,Malicious,1
0.0,0.0,0.0,1,4,Malicious,1,Malicious,1
3.94e-05,0.0,0.0,1,4,Benign,0,Benign,1
3.95e-05,0.0,0.0,1,4,Malicious,1,Malicious,1
5.07e-11,0.0,0.0,1,4,Malicious,1,Malicious,1
4.39e-05,3.38e-07,5e-06,1,3,Benign,0,Benign,0
3.8e-05,0.0,0.0,1,4,Malicious,1,Malicious,1
0.0,0.0,0.0,1,4,Malicious,1,Malicious,1
5.07e-11,0.0,0.0,1,4,Malicious,1,Malicious,1
1.27e-11,0.0,0.0,1,4,Malicious,1,Malicious,1
2.85e-08,2.75e-08,1.43e-07,2,8,Benign,0,Benign,0
1.27e-11,0.0,0.0,1,4,Malicious,1,Malicious,1
4e-05,0.0,0.0,1,4,Benign,0,Benign,1
3.22e-09,0.0,0.0,1,4,Malicious,1,Malicious,1
2.69e-05,3.84e-08,6.92e-07,1,7,Benign,0,Benign,1
5.07e-11,0.0,0.0,1,4,Malicious,1,Malicious,1
1.27e-11,0.0,0.0,1,4,Malicious,1,Malicious,1
3.8e-05,0.0,0.0,1,4,Malicious,1,Malicious,1
5.07e-11,0.0,0.0,1,4,Malicious,1,Malicious,1
3.99e-05,0.0,0.0,1,4,Malicious,1,Malicious,1
1.27e-11,0.0,0.0,1,4,Malicious,1,Malicious,1
1.27e-11,0.0,0.0,1,4,Malicious,1,Malicious,1
3.22e-09,0.0,0.0,1,4,Malicious,1,Malicious,1
1.01e-10,0.0,0.0,1,4,Malicious,1,Malicious,1
5.07e-11,0.0,0.0,1,4,Malicious,1,Malicious,1
1.02e-07,2.75e-08,1.43e-07,2,8,Benign,0,Benign,0
0.0,0.0,0.0,1,4,Malicious,1,Malicious,1
2.53e-08,2.75e-08,1.43e-07,2,8,Benign,0,Benign,0
9.47e-09,1.66e-08,1.34e-07,2,8,Benign,0,Benign,0
3.21e-09,0.0,0.0,1,4,Malicious,1,Malicious,1
3.98e-05,0.0,0.0,1,4,Benign,0,Benign,1
5.07e-11,0.0,0.0,1,4,Malicious,1,Malicious,1
1.27e-11,0.0,0.0,1,4,Malicious,1,Malicious,1
3.22e-09,0.0,0.0,1,4,Malicious,1,Malicious,1
3.98e-05,0.0,0.0,1,4,Malicious,1,Malicious,1
5.07e-11,0.0,0.0,1,4,Malicious,1,Malicious,1
3.16e-08,2.75e-08,1.43e-07,2,8,Benign,0,Benign,0
3.81e-11,0.0,0.0,1,4,Malicious,1,Malicious,1
1.27e-11,0.0,0.0,1,4,Malicious,1,Malicious,1
0.0,0.0,0.0,1,4,Malicious,1,Malicious,1
5.07e-11,0.0,0.0,1,4,Malicious,1,Malicious,1
1.27e-11,0.0,0.0,1,4,Malicious,1,Malicious,1
1.27e-11,0.0,0.0,1,4,Malicious,1,Malicious,1
1.89e-08,1.66e-08,1.34e-07,2,8,Benign,0,Benign,0
3.81e-11,0.0,0.0,1,4,Malicious,1,Malicious,1
1.46e-07,0.0,0.0,1,8,Benign,0,Benign,0
1.27e-11,0.0,0.0,1,4,Malicious,1,Malicious,1
0.0,0.0,0.0,1,4,Malicious,1,Malicious,1
2.52e-08,2.75e-08,1.43e-07,2,8,Benign,0,Benign,0
3.16e-08,2.75e-08,1.43e-07,2,8,Benign,0,Benign,0
1.27e-11,0.0,0.0,1,4,Malicious,1,Malicious,1
0.0,0.0,0.0,1,4,Malicious,1,Malicious,1
1.27e-11,0.0,0.0,1,4,Malicious,1,Malicious,1
6.02e-08,5.5e-08,2.85e-07,2,8,Benign,0,Benign,0
3.94e-05,0.0,0.0,1,4,Malicious,1,Malicious,1
5.07e-11,0.0,0.0,1,4,Malicious,1,Malicious,1
5.07e-11,0.0,0.0,1,4,Malicious,1,Malicious,1
5.07e-11,0.0,0.0,1,4,Malicious,1,Malicious,1
3.95e-05,0.0,0.0,1,4,Benign,0,Benign,1
5.2e-05,4.3e-08,6.95e-07,1,7,Malicious,1,Malicious,1
3.93e-05,0.0,0.0,1,4,Malicious,1,Malicious,1
2.14e-05,8.54e-08,0.000510376,1,8,Malicious,1,Malicious,1
1.27e-11,0.0,0.0,1,4,Malicious,1,Malicious,1
1.27e-11,0.0,0.0,1,4,Malicious,1,Malicious,1
3.8e-05,0.0,0.0,1,4,Malicious,1,Malicious,1
2.88e-09,0.0,0.0,1,4,Malicious,1,Malicious,1
1.27e-11,0.0,0.0,1,4,Malicious,1,Malicious,1
1.27e-11,0.0,0.0,1,4,Malicious,1,Malicious,1
3.8e-05,0.0,0.0,1,4,Malicious,1,Malicious,1
6.3e-09,1.66e-08,1.34e-07,2,8,Benign,0,Benign,0
6.34e-08,2.75e-08,1.43e-07,2,8,Benign,0,Benign,0
1.27e-11,0.0,0.0,1,4,Malicious,1,Malicious,1
6.34e-11,0.0,0.0,1,4,Malicious,1,Malicious,1
3.95e-05,0.0,0.0,1,4,Malicious,1,Malicious,1
1.27e-11,0.0,0.0,1,4,Malicious,1,Malicious,1
6e-08,2.75e-08,1.43e-07,2,8,Benign,0,Benign,0
6.35e-05,4.47e-08,0.0,2,4,Benign,0,Benign,0
1.27e-11,0.0,0.0,1,4,Malicious,1,Malicious,1
3.98e-05,0.0,0.0,1,4,Malicious,1,Malicious,1
7.67e-07,2.75e-08,1.43e-07,2,8,Benign,0,Benign,0
4e-05,0.0,0.0,1,4,Benign,0,Benign,1
3.96e-05,0.0,0.0,1,4,Malicious,1,Malicious,1
5.07e-11,0.0,0.0,1,4,Malicious,1,Malicious,1
1.27e-11,0.0,0.0,1,4,Malicious,1,Malicious,1
1.27e-11,0.0,0.0,1,4,Malicious,1,Malicious,1
1.27e-11,0.0,0.0,1,4,Malicious,1,Malicious,1
1.89e-08,2.75e-08,1.43e-07,2,8,Benign,0,Benign,0
3.8e-05,0.0,0.0,1,4,Malicious,1,Malicious,1
5.07e-11,0.0,0.0,1,4,Malicious,1,Malicious,1
0.00045419,3.55e-08,7.99e-07,1,7,Malicious,1,Malicious,1
3.67e-07,2.46e-08,3.3e-07,2,8,Benign,0,Benign,0
3.8e-05,0.0,0.0,1,4,Malicious,1,Malicious,1
1.01e-10,0.0,0.0,1,4,Malicious,1,Malicious,1
2.53e-08,2.75e-08,1.43e-07,2,8,Benign,0,Benign,0
1.27e-11,0.0,0.0,1,4,Malicious,1,Malicious,1
3.95e-05,0.0,0.0,1,4,Benign,0,Benign,1
4e-05,0.0,0.0,1,4,Benign,0,Benign,1
3.99e-05,0.0,0.0,1,4,Malicious,1,Malicious,1
3.8e-05,0.0,0.0,1,4,Malicious,1,Malicious,1
3.48e-08,2.75e-08,1.43e-07,2,8,Benign,0,Benign,0
6.33e-09,2.58e-08,1.34e-07,2,8,Benign,0,Benign,0
3.97e-05,0.0,0.0,1,4,Benign,0,Benign,1
7.58e-08,2.75e-08,1.43e-07,2,8,Benign,0,Benign,0
5.07e-11,0.0,0.0,1,4,Malicious,1,Malicious,1
6.33e-09,1.66e-08,1.34e-07,2,8,Benign,0,Benign,0
6.34e-11,0.0,0.0,1,4,Malicious,1,Malicious,1
3.39e-07,2.75e-08,1.43e-07,2,8,Benign,0,Benign,0
3.93e-05,0.0,0.0,1,4,Malicious,1,Malicious,1
1.44e-05,4.3e-08,7.22e-07,1,7,Malicious,1,Malicious,1
3.8e-05,0.0,0.0,1,4,Malicious,1,Malicious,1
0.000707695,7.68e-08,0.0,2,4,Benign,0,Benign,0
1.89e-07,2.75e-08,1.43e-07,2,8,Benign,0,Benign,0
3.22e-09,0.0,0.0,1,4,Malicious,1,Malicious,1
1.27e-11,0.0,0.0,1,4,Malicious,1,Malicious,1
3.92e-05,0.0,0.0,1,4,Benign,0,Benign,1
2.87e-09,0.0,0.0,1,4,Malicious,1,Malicious,1
0.0,0.0,0.0,1,4,Malicious,1,Malicious,1
6.34e-11,0.0,0.0,1,4,Malicious,1,Malicious,1
5.07e-11,0.0,0.0,1,4,Malicious,1,Malicious,1
3.92e-05,0.0,0.0,1,4,Benign,0,Benign,1
1.27e-11,0.0,0.0,1,4,Malicious,1,Malicious,1
1.43e-07,2.75e-08,1.43e-07,2,8,Benign,0,Benign,0
6.34e-11,0.0,0.0,1,4,Malicious,1,Malicious,1
3.8e-05,0.0,0.0,1,4,Malicious,1,Malicious,1
1.27e-11,0.0,0.0,1,4,Malicious,1,Malicious,1
1.9e-08,2.75e-08,1.43e-07,2,8,Benign,0,Benign,0
3.97e-05,0.0,0.0,1,4,Malicious,1,Malicious,1
1.27e-11,0.0,0.0,1,4,Malicious,1,Malicious,1
1.27e-11,0.0,0.0,1,4,Malicious,1,Malicious,1
3.46e-08,2.75e-08,1.43e-07,2,8,Benign,0,Benign,0
9.5e-09,2.58e-08,1.34e-07,2,8,Benign,0,Benign,0
1.27e-11,0.0,0.0,1,4,Malicious,1,Malicious,1
3.8e-05,0.0,0.0,1,4,Malicious,1,Malicious,1
3.98e-05,0.0,0.0,1,4,Malicious,1,Malicious,1
3.96e-05,0.0,0.0,1,4,Benign,0,Benign,1
1.27e-11,0.0,0.0,1,4,Malicious,1,Malicious,1
5.07e-11,0.0,0.0,1,4,Malicious,1,Malicious,1
6.95e-08,2.75e-08,1.43e-07,2,8,Benign,0,Benign,0
3.81e-11,0.0,0.0,1,4,Malicious,1,Malicious,1
1.27e-11,0.0,0.0,1,4,Malicious,1,Malicious,1
3.93e-05,0.0,0.0,1,4,Benign,0,Benign,1
3.97e-05,0.0,0.0,1,4,Malicious,1,Malicious,1
6.35e-05,4.47e-08,0.0,2,4,Benign,0,Benign,0
3.8e-05,0.0,0.0,1,4,Malicious,1,Malicious,1
9.58e-09,0.0,0.0,1,4,Malicious,1,Malicious,1
3.93e-05,0.0,0.0,1,4,Malicious,1,Malicious,1
3.99e-05,0.0,0.0,1,4,Malicious,1,Malicious,1
0.0,0.0,0.0,1,4,Malicious,1,Malicious,1
2.67e-05,3.84e-08,6.92e-07,1,7,Benign,0,Benign,1
6.34e-11,0.0,0.0,1,4,Malicious,1,Malicious,1
5.07e-11,0.0,0.0,1,4,Malicious,1,Malicious,1
5.07e-11,0.0,0.0,1,4,Malicious,1,Malicious,1
3.92e-05,0.0,0.0,1,4,Benign,0,Benign,1
3.8e-05,0.0,0.0,1,4,Malicious,1,Malicious,1
6.35e-05,4.47e-08,0.0,2,4,Benign,0,Benign,0
3.16e-08,2.75e-08,1.43e-07,2,8,Benign,0,Benign,0
1.27e-11,0.0,0.0,1,4,Malicious,1,Malicious,1
7.92e-08,2.75e-08,1.43e-07,2,8,Benign,0,Benign,0
1.38e-05,4.24e-08,7.19e-07,1,7,Malicious,1,Malicious,0
0.0,0.0,0.0,1,4,Malicious,1,Malicious,1
6.32e-09,1.66e-08,1.34e-07,2,8,Benign,0,Benign,0
3.97e-05,0.0,0.0,1,4,Malicious,1,Malicious,1
3.98e-05,0.0,0.0,1,4,Malicious,1,Malicious,1
1.27e-11,0.0,0.0,1,4,Malicious,1,Malicious,1
3.21e-09,0.0,0.0,1,4,Malicious,1,Malicious,1
3.97e-05,0.0,0.0,1,4,Benign,0,Benign,1
1.27e-11,0.0,0.0,1,4,Malicious,1,Malicious,1
3.94e-05,0.0,0.0,1,4,Malicious,1,Malicious,1
1.27e-11,0.0,0.0,1,4,Malicious,1,Malicious,1
6.35e-05,4.47e-08,0.0,2,4,Benign,0,Benign,0
3.96e-05,0.0,0.0,1,4,Malicious,1,Malicious,1
1.27e-11,0.0,0.0,1,4,Malicious,1,Malicious,1
3.15e-08,2.75e-08,1.43e-07,2,8,Benign,0,Benign,0
1.27e-11,0.0,0.0,1,4,Malicious,1,Malicious,1
3.95e-05,0.0,0.0,1,4,Benign,0,Benign,1
1.27e-11,0.0,0.0,1,4,Malicious,1,Malicious,1
5.07e-11,0.0,0.0,1,4,Malicious,1,Malicious,1
1.27e-11,0.0,0.0,1,4,Malicious,1,Malicious,1
1.27e-11,0.0,0.0,1,4,Malicious,1,Malicious,1
3.8e-05,0.0,0.0,1,4,Malicious,1,Malicious,1
1.27e-11,0.0,0.0,1,4,Malicious,1,Malicious,1
1.27e-11,0.0,0.0,1,4,Malicious,1,Malicious,1
1.44e-05,4.3e-08,7.22e-07,1,7,Malicious,1,Malicious,1
3.15e-09,0.0,0.0,1,4,Malicious,1,Malicious,1
4.82e-07,2.75e-08,1.43e-07,2,8,Benign,0,Benign,0
1.27e-11,0.0,0.0,1,4,Malicious,1,Malicious,1
3.91e-05,0.0,0.0,1,4,Malicious,1,Malicious,1
1.27e-11,0.0,0.0,1,4,Malicious,1,Malicious,1
4.75e-08,2.75e-08,1.43e-07,2,8,Benign,0,Benign,0
3.8e-05,0.0,0.0,1,4,Malicious,1,Malicious,1
1.27e-11,0.0,0.0,1,4,Malicious,1,Malicious,1
3.97e-05,0.0,0.0,1,4,Malicious,1,Malicious,1
3.96e-05,0.0,0.0,1,4,Malicious,1,Malicious,1
0.0,0.0,0.0,1,4,Malicious,1,Malicious,1
1.27e-11,0.0,0.0,1,4,Malicious,1,Malicious,1
3.99e-05,0.0,0.0,1,4,Malicious,1,Malicious,1
1.27e-11,0.0,0.0,1,4,Malicious,1,Malicious,1
2.54e-11,0.0,0.0,1,4,Malicious,1,Malicious,1
1.27e-11,0.0,0.0,1,4,Malicious,1,Malicious,1
8.91e-07,2.75e-08,1.43e-07,2,8,Benign,0,Benign,0
6.34e-11,0.0,0.0,1,4,Malicious,1,Malicious,1
1.27e-11,0.0,0.0,1,4,Malicious,1,Malicious,1
6.34e-11,0.0,0.0,1,4,Malicious,1,Malicious,1
3.97e-05,0.0,0.0,1,4,Benign,0,Benign,1
1.27e-11,0.0,0.0,1,4,Malicious,1,Malicious,1
1.27e-11,0.0,0.0,1,4,Malicious,1,Malicious,1
3.22e-09,0.0,0.0,1,4,Malicious,1,Malicious,1
3.81e-05,0.0,0.0,1,4,Malicious,1,Malicious,1
3.15e-08,2.75e-08,1.43e-07,2,8,Benign,0,Benign,0
1.27e-11,0.0,0.0,1,4,Malicious,1,Malicious,1
1.27e-11,0.0,0.0,1,4,Malicious,1,Malicious,1
3.93e-05,0.0,0.0,1,4,Malicious,1,Malicious,1
1.27e-11,0.0,0.0,1,4,Malicious,1,Malicious,1
1.94e-06,2.75e-08,1.43e-07,2,8,Benign,0,Benign,0
3.79e-05,0.0,0.0,1,4,Malicious,1,Malicious,1
3.94e-05,0.0,0.0,1,4,Malicious,1,Malicious,1
3.99e-05,0.0,0.0,1,4,Malicious,1,Malicious,1
0.0,0.0,0.0,1,4,Malicious,1,Malicious,1
0.000483934,3.55e-08,7.99e-07,1,7,Malicious,1,Malicious,1
3.93e-05,0.0,0.0,1,4,Malicious,1,Malicious,1
3.96e-05,0.0,0.0,1,4,Benign,0,Benign,1
3.81e-11,0.0,0.0,1,4,Malicious,1,Malicious,1
3.93e-05,0.0,0.0,1,4,Malicious,1,Malicious,1
3.8e-05,0.0,0.0,1,4,Malicious,1,Malicious,1
6.44e-09,0.0,0.0,1,4,Malicious,1,Malicious,1
1.27e-11,0.0,0.0,1,4,Malicious,1,Malicious,1
1.27e-11,0.0,0.0,1,4,Malicious,1,Malicious,1
6.01e-08,2.75e-08,1.43e-07,2,8,Benign,0,Benign,0
1.27e-11,0.0,0.0,1,4,Malicious,1,Malicious,1
1.27e-11,0.0,0.0,1,4,Malicious,1,Malicious,1
1.27e-11,0.0,0.0,1,4,Malicious,1,Malicious,1
3.99e-05,0.0,0.0,1,4,Malicious,1,Malicious,1
3.17e-08,1.66e-08,1.34e-07,2,8,Benign,0,Benign,0
1.27e-11,0.0,0.0,1,4,Malicious,1,Malicious,1
0.0,0.0,0.0,1,4,Malicious,1,Malicious,1
1.17e-06,2.24e-08,3.06e-07,2,8,Benign,0,Benign,0
1.27e-11,0.0,0.0,1,4,Malicious,1,Malicious,1
5.07e-11,0.0,0.0,1,4,Malicious,1,Malicious,1
1.89e-08,2.75e-08,1.43e-07,2,8,Benign,0,Benign,0
3.94e-05,0.0,0.0,1,4,Malicious,1,Malicious,1
1.27e-11,0.0,0.0,1,4,Malicious,1,Malicious,1
1.39e-05,3.84e-08,6.92e-07,1,7,Benign,0,Benign,1
6.38e-09,0.0,0.0,1,4,Malicious,1,Malicious,1
6.32e-09,1.66e-08,1.34e-07,2,8,Benign,0,Benign,0
3.92e-05,0.0,0.0,1,4,Malicious,1,Malicious,1
1.27e-11,0.0,0.0,1,4,Malicious,1,Malicious,1
6.33e-09,2.58e-08,1.34e-07,2,8,Benign,0,Benign,0
6.29e-09,1.66e-08,1.34e-07,2,8,Benign,0,Benign,0
3.8e-05,0.0,0.0,1,4,Malicious,1,Malicious,1
3.91e-05,0.0,0.0,1,4,Malicious,1,Malicious,1
0.0,0.0,0.0,1,4,Malicious,1,Malicious,1
3.21e-09,0.0,0.0,1,4,Malicious,1,Malicious,1
3.79e-05,0.0,0.0,1,4,Malicious,1,Malicious,1
4.01e-05,0.0,0.0,1,4,Malicious,1,Malicious,1
6.3e-09,1.66e-08,1.34e-07,2,8,Benign,0,Benign,0
3.96e-05,0.0,0.0,1,4,Malicious,1,Malicious,1
1.27e-11,0.0,0.0,1,4,Malicious,1,Malicious,1
3.98e-05,0.0,0.0,1,4,Benign,0,Benign,1
3.99e-05,0.0,0.0,1,4,Benign,0,Benign,1
5.07e-11,0.0,0.0,1,4,Malicious,1,Malicious,1
6.34e-11,0.0,0.0,1,4,Malicious,1,Malicious,1
6.44e-09,0.0,0.0,1,4,Malicious,1,Malicious,1
5.07e-11,0.0,0.0,1,4,Malicious,1,Malicious,1
1.27e-11,0.0,0.0,1,4,Malicious,1,Malicious,1
6.29e-09,2.58e-08,1.34e-07,2,8,Benign,0,Benign,0
3.8e-05,0.0,0.0,1,4,Malicious,1,Malicious,1
1.27e-11,0.0,0.0,1,4,Malicious,1,Malicious,1
3.97e-05,0.0,0.0,1,4,Malicious,1,Malicious,1
3.64e-07,2.75e-08,1.43e-07,2,8,Benign,0,Benign,0
2.6e-09,0.0,0.0,1,4,Malicious,1,Malicious,1
3.23e-09,0.0,0.0,1,4,Malicious,1,Malicious,1
3.98e-05,0.0,0.0,1,4,Malicious,1,Malicious,1
1.27e-11,0.0,0.0,1,4,Malicious,1,Malicious,1
1.27e-11,0.0,0.0,1,4,Malicious,1,Malicious,1
5.07e-11,0.0,0.0,1,4,Malicious,1,Malicious,1
3.8e-05,0.0,0.0,1,4,Malicious,1,Malicious,1
0.004209926,0.002064528,0.0,2,4,Malicious,1,Malicious,1
3.92e-05,0.0,0.0,1,4,Malicious,1,Malicious,1
5.07e-11,0.0,0.0,1,4,Malicious,1,Malicious,1
1.01e-10,0.0,0.0,1,4,Malicious,1,Malicious,1
4e-05,0.0,0.0,1,4,Benign,0,Benign,1
1.27e-11,0.0,0.0,1,4,Malicious,1,Malicious,1
1.27e-11,0.0,0.0,1,4,Malicious,1,Malicious,1
3.98e-05,0.0,0.0,1,4,Benign,0,Benign,1
1.37e-05,3.84e-08,6.92e-07,1,7,Benign,0,Benign,0
1.27e-11,0.0,0.0,1,4,Malicious,1,Malicious,1
1.27e-11,0.0,0.0,1,4,Malicious,1,Malicious,1
3.94e-05,0.0,0.0,1,4,Malicious,1,Malicious,1
5.07e-11,0.0,0.0,1,4,Malicious,1,Malicious,1
1.62e-06,2.75e-08,1.43e-07,2,8,Benign,0,Benign,0
1.27e-11,0.0,0.0,1,4,Malicious,1,Malicious,1
1.27e-11,0.0,0.0,1,4,Malicious,1,Malicious,1
1.27e-11,0.0,0.0,1,4,Malicious,1,Malicious,1
1.27e-11,0.0,0.0,1,4,Malicious,1,Malicious,1
5.07e-11,0.0,0.0,1,4,Malicious,1,Malicious,1
6e-08,2.75e-08,1.43e-07,2,8,Benign,0,Benign,0
1.27e-11,0.0,0.0,1,4,Malicious,1,Malicious,1
1.27e-11,0.0,0.0,1,4,Malicious,1,Malicious,1
3.79e-05,0.0,0.0,1,4,Malicious,1,Malicious,1
5.07e-11,0.0,0.0,1,4,Malicious,1,Malicious,1
3.07e-06,0.0,0.0,1,8,Benign,0,Benign,0
1.9e-07,3.21e-07,1.66e-06,0,0,Benign,0,Benign,0
5.07e-11,0.0,0.0,1,4,Malicious,1,Malicious,1
7.28e-08,2.75e-08,1.43e-07,2,8,Benign,0,Benign,0
2.21e-08,2.75e-08,1.43e-07,2,8,Benign,0,Benign,0
0.00219164,3.61e-06,0.0,2,4,Benign,0,Benign,0
3.97e-05,0.0,0.0,1,4,Malicious,1,Malicious,1
3.48e-08,2.75e-08,1.43e-07,2,8,Benign,0,Benign,0
3.8e-05,0.0,0.0,1,4,Malicious,1,Malicious,1
3.48e-08,2.75e-08,1.43e-07,2,8,Benign,0,Benign,0
9.82e-08,2.75e-08,1.43e-07,2,8,Benign,0,Benign,0
5.07e-11,0.0,0.0,1,4,Malicious,1,Malicious,1
3.93e-05,0.0,0.0,1,4,Malicious,1,Malicious,1
3.95e-05,0.0,0.0,1,4,Benign,0,Benign,1
3.92e-05,0.0,0.0,1,4,Malicious,1,Malicious,1
1.27e-11,0.0,0.0,1,4,Malicious,1,Malicious,1
1.27e-11,0.0,0.0,1,4,Malicious,1,Malicious,1
1.27e-11,0.0,0.0,1,4,Malicious,1,Malicious,1
3.22e-09,0.0,0.0,1,4,Malicious,1,Malicious,1
1.27e-11,0.0,0.0,1,4,Malicious,1,Malicious,1
1.27e-11,0.0,0.0,1,4,Malicious,1,Malicious,1
3.95e-05,0.0,0.0,1,4,Benign,0,Benign,1
3.92e-05,0.0,0.0,1,4,Malicious,1,Malicious,1
1.27e-11,0.0,0.0,1,4,Malicious,1,Malicious,1
1.49e-07,0.0,0.0,1,8,Benign,0,Benign,0
3.8e-05,0.0,0.0,1,4,Malicious,1,Malicious,1
3.99e-05,0.0,0.0,1,4,Malicious,1,Malicious,1
3.99e-05,0.0,0.0,1,4,Benign,0,Benign,1
3.94e-05,0.0,0.0,1,4,Malicious,1,Malicious,1
3.96e-05,0.0,0.0,1,4,Benign,0,Benign,1
6.32e-09,1.66e-08,1.34e-07,2,8,Benign,0,Benign,0
3.8e-05,0.0,0.0,1,4,Malicious,1,Malicious,1
3.8e-05,0.0,0.0,1,4,Malicious,1,Malicious,1
1.27e-11,0.0,0.0,1,4,Malicious,1,Malicious,1
0.0,0.0,0.0,1,4,Malicious,1,Malicious,1
3.21e-09,0.0,0.0,1,4,Malicious,1,Malicious,1
1.27e-11,0.0,0.0,1,4,Malicious,1,Malicious,1
1.27e-11,0.0,0.0,1,4,Malicious,1,Malicious,1
1.42e-07,2.12e-08,1.57e-07,2,8,Benign,0,Benign,0
2.85e-09,0.0,0.0,1,4,Malicious,1,Malicious,1
3.93e-05,0.0,0.0,1,4,Benign,0,Benign,1
0.0,0.0,0.0,1,4,Malicious,1,Malicious,1
5.07e-11,0.0,0.0,1,4,Malicious,1,Malicious,1
5.33e-05,4.3e-08,7.22e-07,1,7,Malicious,1,Malicious,1
3.8e-08,1.66e-08,1.34e-07,2,8,Benign,0,Benign,0
3.98e-05,0.0,0.0,1,4,Malicious,1,Malicious,1
1.27e-11,0.0,0.0,1,4,Malicious,1,Malicious,1
1.27e-11,0.0,0.0,1,4,Malicious,1,Malicious,1
3.8e-05,0.0,0.0,1,4,Malicious,1,Malicious,1
1.27e-11,0.0,0.0,1,4,Malicious,1,Malicious,1
5.07e-11,0.0,0.0,1,4,Malicious,1,Malicious,1
1.27e-11,0.0,0.0,1,4,Malicious,1,Malicious,1
3.8e-05,0.0,0.0,1,4,Malicious,1,Malicious,1
1.27e-11,0.0,0.0,1,4,Malicious,1,Malicious,1
3.58e-07,2.75e-08,1.43e-07,2,8,Benign,0,Benign,0
6.34e-11,0.0,0.0,1,4,Malicious,1,Malicious,1
3.21e-09,0.0,0.0,1,4,Malicious,1,Malicious,1
3.96e-05,0.0,0.0,1,4,Malicious,1,Malicious,1
0.0,0.0,0.0,1,4,Malicious,1,Malicious,1
1.27e-11,0.0,0.0,1,4,Malicious,1,Malicious,1
1.27e-11,0.0,0.0,1,4,Malicious,1,Malicious,1
3.99e-05,0.0,0.0,1,4,Benign,0,Benign,1
5.07e-11,0.0,0.0,1,4,Malicious,1,Malicious,1
1.27e-11,0.0,0.0,1,4,Malicious,1,Malicious,1
1.88e-08,2.75e-08,1.43e-07,2,8,Benign,0,Benign,0
7.29e-08,2.75e-08,1.43e-07,2,8,Benign,0,Benign,0
3.8e-05,0.0,0.0,1,4,Malicious,1,Malicious,1
1.27e-11,0.0,0.0,1,4,Malicious,1,Malicious,1
1.27e-11,0.0,0.0,1,4,Malicious,1,Malicious,1
1.27e-11,0.0,0.0,1,4,Malicious,1,Malicious,1
6.34e-11,0.0,0.0,1,4,Malicious,1,Malicious,1
1.27e-11,0.0,0.0,1,4,Malicious,1,Malicious,1
1.27e-11,0.0,0.0,1,4,Malicious,1,Malicious,1
1.27e-11,0.0,0.0,1,4,Malicious,1,Malicious,1
1.27e-11,0.0,0.0,1,4,Malicious,1,Malicious,1
5.08e-05,3.38e-07,5.35e-06,1,8,Malicious,1,Malicious,1
0.0,0.0,0.0,1,4,Malicious,1,Malicious,1
1.27e-11,0.0,0.0,1,4,Malicious,1,Malicious,1
1.27e-11,0.0,0.0,1,4,Malicious,1,Malicious,1
0.0,0.0,0.0,1,4,Malicious,1,Malicious,1
1.89e-08,2.75e-08,1.43e-07,2,8,Benign,0,Benign,0
3.17e-08,2.75e-08,1.43e-07,2,8,Benign,0,Benign,0
1.27e-11,0.0,0.0,1,4,Malicious,1,Malicious,1
3.79e-05,0.0,0.0,1,4,Malicious,1,Malicious,1
5.07e-11,0.0,0.0,1,4,Malicious,1,Malicious,1
3.99e-05,0.0,0.0,1,4,Benign,0,Benign,1
3.48e-08,2.75e-08,1.43e-07,2,8,Benign,0,Benign,0
1.27e-11,0.0,0.0,1,4,Malicious,1,Malicious,1
1.27e-11,0.0,0.0,1,4,Malicious,1,Malicious,1
1.01e-10,0.0,0.0,1,4,Malicious,1,Malicious,1
0.0,0.0,0.0,1,4,Malicious,1,Malicious,1
3.92e-05,0.0,0.0,1,4,Malicious,1,Malicious,1
1.27e-11,0.0,0.0,1,4,Malicious,1,Malicious,1
1.15e-06,2.64e-08,1.84e-07,2,8,Benign,0,Benign,0
6.33e-08,2.75e-08,1.43e-07,2,8,Benign,0,Benign,0
2.54e-11,0.0,0.0,1,4,Malicious,1,Malicious,1
1.27e-11,0.0,0.0,1,4,Malicious,1,Malicious,1
1.27e-11,0.0,0.0,1,4,Malicious,1,Malicious,1
0.0,0.0,0.0,1,4,Malicious,1,Malicious,1
2.59e-05,4.3e-08,7.22e-07,1,7,Malicious,1,Malicious,1
6.34e-11,0.0,0.0,1,4,Malicious,1,Malicious,1
4e-05,0.0,0.0,1,4,Malicious,1,Malicious,1
3.8e-05,0.0,0.0,1,4,Malicious,1,Malicious,1
1.27e-11,0.0,0.0,1,4,Malicious,1,Malicious,1
1.27e-11,0.0,0.0,1,4,Malicious,1,Malicious,1
3.8e-05,0.0,0.0,1,4,Malicious,1,Malicious,1
4.15e-07,2.75e-08,1.43e-07,2,8,Benign,0,Benign,0
3.92e-05,0.0,0.0,1,4,Malicious,1,Malicious,1
3.94e-05,0.0,0.0,1,4,Malicious,1,Malicious,1
1.27e-11,0.0,0.0,1,4,Malicious,1,Malicious,1
2.19e-08,2.75e-08,1.43e-07,2,8,Benign,0,Benign,0
3.48e-08,2.75e-08,1.43e-07,2,8,Benign,0,Benign,0
1.27e-11,0.0,0.0,1,4,Malicious,1,Malicious,1
2.54e-11,0.0,0.0,1,4,Malicious,1,Malicious,1
0.0,0.0,0.0,1,4,Malicious,1,Malicious,1
6.38e-09,0.0,0.0,1,4,Malicious,1,Malicious,1
1.27e-11,0.0,0.0,1,4,Malicious,1,Malicious,1
1.27e-11,0.0,0.0,1,4,Malicious,1,Malicious,1
3.8e-05,0.0,0.0,1,4,Malicious,1,Malicious,1
9.32e-07,2.75e-08,1.43e-07,2,8,Benign,0,Benign,0
3.22e-09,0.0,0.0,1,4,Malicious,1,Malicious,1
3.95e-05,0.0,0.0,1,4,Malicious,1,Malicious,1
1.27e-11,0.0,0.0,1,4,Malicious,1,Malicious,1
3.47e-08,2.75e-08,1.43e-07,2,8,Benign,0,Benign,0
4.01e-05,0.0,0.0,1,4,Benign,0,Benign,1
3.97e-05,0.0,0.0,1,4,Malicious,1,Malicious,1
3.94e-05,0.0,0.0,1,4,Malicious,1,Malicious,1
1.27e-11,0.0,0.0,1,4,Malicious,1,Malicious,1
3.21e-09,0.0,0.0,1,4,Malicious,1,Malicious,1
3.97e-05,0.0,0.0,1,4,Benign,0,Benign,1
3.8e-05,0.0,0.0,1,4,Malicious,1,Malicious,1
1.03e-06,2.75e-08,1.43e-07,2,8,Benign,0,Benign,0
5.19e-05,4.3e-08,7.22e-07,1,7,Malicious,1,Malicious,1
3.8e-05,0.0,0.0,1,4,Malicious,1,Malicious,1
2.54e-11,0.0,0.0,1,4,Malicious,1,Malicious,1
3.94e-05,0.0,0.0,1,4,Malicious,1,Malicious,1
1.27e-11,0.0,0.0,1,4,Malicious,1,Malicious,1
1.11e-07,2.75e-08,1.43e-07,2,8,Benign,0,Benign,0
3.94e-05,0.0,0.0,1,4,Malicious,1,Malicious,1
2.63e-05,3.84e-08,6.92e-07,1,7,Benign,0,Benign,1
2.79e-07,2.58e-08,1.34e-07,2,8,Benign,0,Benign,0
0.0,0.0,0.0,1,4,Malicious,1,Malicious,1
3.97e-05,0.0,0.0,1,4,Malicious,1,Malicious,1
5.07e-11,0.0,0.0,1,4,Malicious,1,Malicious,1
3.96e-05,0.0,0.0,1,4,Benign,0,Benign,1
6.35e-05,4.47e-08,0.0,2,4,Benign,0,Benign,0
1.27e-11,0.0,0.0,1,4,Malicious,1,Malicious,1
3.8e-05,0.0,0.0,1,4,Malicious,1,Malicious,1
2.72e-05,3.84e-08,6.92e-07,1,7,Benign,0,Benign,1
3.8e-05,0.0,0.0,1,4,Malicious,1,Malicious,1
1.27e-11,0.0,0.0,1,4,Malicious,1,Malicious,1
1.19e-05,4.3e-08,7.22e-07,1,7,Malicious,1,Malicious,1
2.21e-08,2.75e-08,1.43e-07,2,8,Benign,0,Benign,0
3.95e-05,0.0,0.0,1,4,Malicious,1,Malicious,1
1.27e-11,0.0,0.0,1,4,Malicious,1,Malicious,1
3.8e-05,0.0,0.0,1,4,Malicious,1,Malicious,1
1.27e-11,0.0,0.0,1,4,Malicious,1,Malicious,1
3.8e-05,0.0,0.0,1,4,Malicious,1,Malicious,1
2.21e-08,2.75e-08,1.43e-07,2,8,Benign,0,Benign,0
3.8e-05,0.0,0.0,1,4,Malicious,1,Malicious,1
1.27e-11,0.0,0.0,1,4,Malicious,1,Malicious,1
3.22e-09,0.0,0.0,1,4,Malicious,1,Malicious,1
5.64e-07,2.58e-08,1.34e-07,2,8,Benign,0,Benign,0
2.2e-08,2.75e-08,1.43e-07,2,8,Benign,0,Benign,0
0.0,0.0,0.0,1,4,Malicious,1,Malicious,1
3.95e-05,0.0,0.0,1,4,Malicious,1,Malicious,1
3.8e-05,0.0,0.0,1,4,Malicious,1,Malicious,1
0.0,0.0,0.0,1,4,Malicious,1,Malicious,1
4e-05,0.0,0.0,1,4,Malicious,1,Malicious,1
0.0,0.0,0.0,1,4,Malicious,1,Malicious,1
1.27e-11,0.0,0.0,1,4,Malicious,1,Malicious,1
3.97e-05,0.0,0.0,1,4,Malicious,1,Malicious,1
4.12e-08,0.0,0.0,1,8,Benign,0,Benign,0
0.0,0.0,0.0,1,4,Malicious,1,Malicious,1
1.27e-11,0.0,0.0,1,4,Malicious,1,Malicious,1
3.96e-05,0.0,0.0,1,4,Benign,0,Benign,1
1.27e-11,0.0,0.0,1,4,Malicious,1,Malicious,1
1.27e-11,0.0,0.0,1,4,Malicious,1,Malicious,1
1.27e-11,0.0,0.0,1,4,Malicious,1,Malicious,1
3.94e-05,0.0,0.0,1,4,Malicious,1,Malicious,1
0.0,0.0,0.0,1,4,Malicious,1,Malicious,1
0.0,0.0,0.0,1,4,Malicious,1,Malicious,1
3.79e-05,0.0,0.0,1,4,Malicious,1,Malicious,1
3.71e-06,0.0,0.0,1,1,Benign,0,Benign,0
6.34e-09,0.0,0.0,1,4,Malicious,1,Malicious,1
5.07e-11,0.0,0.0,1,4,Malicious,1,Malicious,1
1.27e-11,0.0,0.0,1,4,Malicious,1,Malicious,1
5.07e-11,0.0,0.0,1,4,Malicious,1,Malicious,1
3.97e-05,0.0,0.0,1,4,Benign,0,Benign,1
8.89e-05,4.61e-07,0.0,2,4,Benign,0,Benign,0
1.27e-11,0.0,0.0,1,4,Malicious,1,Malicious,1
1.27e-07,2.75e-08,1.43e-07,2,8,Benign,0,Benign,0
1.27e-11,0.0,0.0,1,4,Malicious,1,Malicious,1
1.27e-11,0.0,0.0,1,4,Malicious,1,Malicious,1
1.27e-11,0.0,0.0,1,4,Malicious,1,Malicious,1
1.27e-11,0.0,0.0,1,4,Malicious,1,Malicious,1
3.97e-05,0.0,0.0,1,4,Malicious,1,Malicious,1
5.07e-11,0.0,0.0,1,4,Malicious,1,Malicious,1
6.35e-05,4.47e-08,0.0,2,4,Benign,0,Benign,0
2.52e-08,2.75e-08,1.43e-07,2,8,Benign,0,Benign,0
3.8e-05,0.0,0.0,1,4,Malicious,1,Malicious,1
5.07e-11,0.0,0.0,1,4,Malicious,1,Malicious,1
3.21e-09,0.0,0.0,1,4,Malicious,1,Malicious,1
1.91e-07,2.75e-08,1.43e-07,2,8,Benign,0,Benign,0
3.95e-05,0.0,0.0,1,4,Malicious,1,Malicious,1
2.63e-05,3.84e-08,6.92e-07,1,7,Benign,0,Benign,1
3.26e-06,2.75e-08,1.43e-07,2,8,Benign,0,Benign,0
3.8e-05,0.0,0.0,1,4,Malicious,1,Malicious,1
3.8e-05,0.0,0.0,1,4,Malicious,1,Malicious,1
3.91e-05,0.0,0.0,1,4,Malicious,1,Malicious,1
1.27e-11,0.0,0.0,1,4,Malicious,1,Malicious,1
1.27e-11,0.0,0.0,1,4,Malicious,1,Malicious,1
1.27e-11,0.0,0.0,1,4,Malicious,1,Malicious,1
3.8e-05,0.0,0.0,1,4,Malicious,1,Malicious,1
3.8e-05,0.0,0.0,1,4,Malicious,1,Malicious,1
1.27e-11,0.0,0.0,1,4,Malicious,1,Malicious,1
3.93e-05,0.0,0.0,1,4,Benign,0,Benign,1
9.37e-09,2.58e-08,1.34e-07,2,8,Benign,0,Benign,0
1.27e-11,0.0,0.0,1,4,Malicious,1,Malicious,1
3.98e-05,0.0,0.0,1,4,Malicious,1,Malicious,1
1.88e-05,0.0,0.0,1,1,Benign,0,Benign,0
1.27e-11,0.0,0.0,1,4,Malicious,1,Malicious,1
1.27e-11,0.0,0.0,1,4,Malicious,1,Malicious,1
4e-05,0.0,0.0,1,4,Malicious,1,Malicious,1
2.12e-07,1.66e-08,1.34e-07,2,8,Benign,0,Benign,0
1.27e-11,0.0,0.0,1,4,Malicious,1,Malicious,1
2.64e-05,4.3e-08,7.22e-07,1,7,Malicious,1,Malicious,1
1.27e-11,0.0,0.0,1,4,Malicious,1,Malicious,1
1.27e-11,0.0,0.0,1,4,Malicious,1,Malicious,1
1.27e-11,0.0,0.0,1,4,Malicious,1,Malicious,1
5.07e-11,0.0,0.0,1,4,Malicious,1,Malicious,1
0.0,0.0,0.0,1,4,Malicious,1,Malicious,1
3.81e-11,0.0,0.0,1,4,Malicious,1,Malicious,1
4.71e-06,0.0,0.0,1,1,Benign,0,Benign,0
3.8e-05,0.0,0.0,1,4,Malicious,1,Malicious,1
4.91e-07,2.75e-08,1.43e-07,2,8,Benign,0,Benign,0
1.27e-11,0.0,0.0,1,4,Malicious,1,Malicious,1
3.8e-05,0.0,0.0,1,4,Malicious,1,Malicious,1
3.79e-05,0.0,0.0,1,4,Malicious,1,Malicious,1
1.27e-11,0.0,0.0,1,4,Malicious,1,Malicious,1
8.55e-08,2.75e-08,1.43e-07,2,8,Benign,0,Benign,0
1.27e-11,0.0,0.0,1,4,Malicious,1,Malicious,1
1.27e-11,0.0,0.0,1,4,Malicious,1,Malicious,1
0.000950558,2.75e-07,1.43e-06,2,8,Benign,0,Benign,0
5.07e-11,0.0,0.0,1,4,Malicious,1,Malicious,1
0.0,0.0,0.0,1,4,Malicious,1,Malicious,1
1.27e-11,0.0,0.0,1,4,Malicious,1,Malicious,1
1.01e-10,0.0,0.0,1,4,Malicious,1,Malicious,1
3.99e-05,0.0,0.0,1,4,Malicious,1,Malicious,1
1.27e-11,0.0,0.0,1,4,Malicious,1,Malicious,1
5.07e-11,0.0,0.0,1,4,Malicious,1,Malicious,1
3.29e-09,0.0,0.0,1,4,Malicious,1,Malicious,1
3.8e-05,0.0,0.0,1,4,Malicious,1,Malicious,1
6.34e-11,0.0,0.0,1,4,Malicious,1,Malicious,1
0.0,0.0,0.0,1,4,Malicious,1,Malicious,1
3.93e-05,0.0,0.0,1,4,Malicious,1,Malicious,1
3.91e-05,0.0,0.0,1,4,Malicious,1,Malicious,1
3.98e-05,0.0,0.0,1,4,Malicious,1,Malicious,1
3.8e-05,0.0,0.0,1,4,Malicious,1,Malicious,1
5.07e-11,0.0,0.0,1,4,Malicious,1,Malicious,1
1.27e-11,0.0,0.0,1,4,Malicious,1,Malicious,1
1.01e-10,0.0,0.0,1,4,Malicious,1,Malicious,1
3.94e-05,0.0,0.0,1,4,Benign,0,Benign,1
3.95e-05,0.0,0.0,1,4,Malicious,1,Malicious,1
3.98e-05,0.0,0.0,1,4,Benign,0,Benign,1
5.07e-11,0.0,0.0,1,4,Malicious,1,Malicious,1
3.92e-05,0.0,0.0,1,4,Malicious,1,Malicious,1
1.27e-11,0.0,0.0,1,4,Malicious,1,Malicious,1
3.81e-11,0.0,0.0,1,4,Malicious,1,Malicious,1
3.81e-11,0.0,0.0,1,4,Malicious,1,Malicious,1
1.27e-11,0.0,0.0,1,4,Malicious,1,Malicious,1
0.0,0.0,0.0,1,4,Malicious,1,Malicious,1
3.97e-05,0.0,0.0,1,4,Benign,0,Benign,1
0.0,0.0,0.0,1,4,Malicious,1,Malicious,1
3.98e-05,0.0,0.0,1,4,Benign,0,Benign,1
0.0,0.0,0.0,1,4,Malicious,1,Malicious,1
3.8e-05,0.0,0.0,1,4,Malicious,1,Malicious,1
1.55e-07,5.16e-08,5.02e-07,2,8,Benign,0,Benign,0
3.94e-05,0.0,0.0,1,4,Malicious,1,Malicious,1
0.002282385,3.44e-07,0.0,0,0,Benign,0,Benign,0
7.41e-05,3.47e-07,5.35e-06,1,8,Malicious,1,Malicious,1
1.27e-11,0.0,0.0,1,4,Malicious,1,Malicious,1
2.84e-08,2.75e-08,1.43e-07,2,8,Benign,0,Benign,0
3.98e-05,0.0,0.0,1,4,Malicious,1,Malicious,1
1.27e-11,0.0,0.0,1,4,Malicious,1,Malicious,1
5.86e-07,2.24e-08,2.79e-07,2,8,Benign,0,Benign,0
1.27e-11,0.0,0.0,1,4,Malicious,1,Malicious,1
3.99e-05,0.0,0.0,1,4,Malicious,1,Malicious,1
5.2e-05,4.3e-08,7.22e-07,1,7,Malicious,1,Malicious,1
3.8e-05,0.0,0.0,1,4,Malicious,1,Malicious,1
4.11e-08,2.75e-08,1.43e-07,2,8,Benign,0,Benign,0
1.27e-11,0.0,0.0,1,4,Malicious,1,Malicious,1
1.42e-06,2.75e-08,1.43e-07,2,8,Benign,0,Benign,0
5.07e-11,0.0,0.0,1,4,Malicious,1,Malicious,1
9.56e-09,0.0,0.0,1,4,Malicious,1,Malicious,1
1.27e-11,0.0,0.0,1,4,Malicious,1,Malicious,1
1.27e-11,0.0,0.0,1,4,Malicious,1,Malicious,1
6.11e-09,1.66e-08,1.34e-07,2,8,Benign,0,Benign,0
1.27e-11,0.0,0.0,1,4,Malicious,1,Malicious,1
3.91e-05,0.0,0.0,1,4,Benign,0,Benign,1
3.93e-05,0.0,0.0,1,4,Malicious,1,Malicious,1
3.8e-05,0.0,0.0,1,4,Malicious,1,Malicious,1
3.98e-05,0.0,0.0,1,4,Malicious,1,Malicious,1
6.33e-09,2.58e-08,1.34e-07,2,8,Benign,0,Benign,0
1.27e-11,0.0,0.0,1,4,Malicious,1,Malicious,1
1.27e-11,0.0,0.0,1,4,Malicious,1,Malicious,1
2.64e-05,3.84e-08,6.92e-07,1,7,Benign,0,Benign,1
1.27e-11,0.0,0.0,1,4,Malicious,1,Malicious,1
3.93e-05,0.0,0.0,1,4,Benign,0,Benign,1
1.27e-11,0.0,0.0,1,4,Malicious,1,Malicious,1
6.33e-09,2.58e-08,1.34e-07,2,8,Benign,0,Benign,0
1.27e-11,0.0,0.0,1,4,Malicious,1,Malicious,1
3.94e-05,0.0,0.0,1,4,Benign,0,Benign,1
6.34e-11,0.0,0.0,1,4,Malicious,1,Malicious,1
2.7e-05,4.3e-08,7.22e-07,1,7,Malicious,1,Malicious,1
6.34e-11,0.0,0.0,1,4,Malicious,1,Malicious,1
4.91e-05,5.02e-07,0.0,2,4,Benign,0,Benign,0
3.82e-05,5.5e-08,0.0,2,4,Benign,0,Benign,0
3.27e-09,0.0,0.0,1,4,Malicious,1,Malicious,1
3.93e-05,0.0,0.0,1,4,Benign,0,Benign,1
1.27e-11,0.0,0.0,1,4,Malicious,1,Malicious,1
9.45e-09,2.58e-08,1.34e-07,2,8,Benign,0,Benign,0
1.27e-11,0.0,0.0,1,4,Malicious,1,Malicious,1
1.88e-08,2.75e-08,1.43e-07,2,8,Benign,0,Benign,0
3.98e-05,0.0,0.0,1,4,Benign,0,Benign,1
3.97e-05,0.0,0.0,1,4,Malicious,1,Malicious,1
1.27e-11,0.0,0.0,1,4,Malicious,1,Malicious,1
6.34e-11,0.0,0.0,1,4,Malicious,1,Malicious,1
3.95e-05,0.0,0.0,1,4,Malicious,1,Malicious,1
0.0,0.0,0.0,1,4,Malicious,1,Malicious,1
3.97e-05,0.0,0.0,1,4,Benign,0,Benign,1
1.27e-09,5.61e-07,0.0,2,4,Benign,0,Benign,0
3.91e-05,0.0,0.0,1,4,Benign,0,Benign,1
2.28e-07,1.66e-08,1.34e-07,2,8,Benign,0,Benign,0
3.98e-05,0.0,0.0,1,4,Benign,0,Benign,1
3.79e-05,0.0,0.0,1,4,Malicious,1,Malicious,1
3.98e-05,0.0,0.0,1,4,Malicious,1,Malicious,1
3.8e-05,0.0,0.0,1,4,Benign,0,Benign,1
1.37e-05,4.3e-08,7.22e-07,1,7,Malicious,1,Malicious,0
5.07e-11,0.0,0.0,1,4,Malicious,1,Malicious,1
6.35e-05,4.47e-08,0.0,2,4,Benign,0,Benign,0
1.27e-11,0.0,0.0,1,4,Malicious,1,Malicious,1
0.0,0.0,0.0,1,4,Malicious,1,Malicious,1
0.0,0.0,0.0,1,4,Malicious,1,Malicious,1
1.37e-05,3.84e-08,6.92e-07,1,7,Benign,0,Benign,0
4.01e-05,0.0,0.0,1,4,Benign,0,Benign,1
0.0,0.0,0.0,1,4,Malicious,1,Malicious,1
6.34e-11,0.0,0.0,1,4,Malicious,1,Malicious,1
9.49e-09,2.58e-08,1.34e-07,2,8,Benign,0,Benign,0
3.99e-05,0.0,0.0,1,4,Malicious,1,Malicious,1
5.07e-11,0.0,0.0,1,4,Malicious,1,Malicious,1
6.34e-11,0.0,0.0,1,4,Malicious,1,Malicious,1
1.27e-11,0.0,0.0,1,4,Malicious,1,Malicious,1
0.0,0.0,0.0,1,4,Malicious,1,Malicious,1
1.27e-11,0.0,0.0,1,4,Malicious,1,Malicious,1
3.93e-05,0.0,0.0,1,4,Malicious,1,Malicious,1
0.0,0.0,0.0,1,4,Malicious,1,Malicious,1
5.07e-11,0.0,0.0,1,4,Malicious,1,Malicious,1
1.27e-11,0.0,0.0,1,4,Malicious,1,Malicious,1
5.07e-11,0.0,0.0,1,4,Malicious,1,Malicious,1
1.27e-11,0.0,0.0,1,4,Malicious,1,Malicious,1
4.1e-08,2.75e-08,1.43e-07,2,8,Benign,0,Benign,0
1.27e-11,0.0,0.0,1,4,Malicious,1,Malicious,1
1.27e-11,0.0,0.0,1,4,Malicious,1,Malicious,1
1.28e-06,2.75e-08,1.43e-07,2,8,Benign,0,Benign,0
6.34e-11,0.0,0.0,1,4,Malicious,1,Malicious,1
5.07e-11,0.0,0.0,1,4,Malicious,1,Malicious,1
1.27e-11,0.0,0.0,1,4,Malicious,1,Malicious,1
3.8e-05,0.0,0.0,1,4,Malicious,1,Malicious,1
1.27e-11,0.0,0.0,1,4,Malicious,1,Malicious,1
1.27e-11,0.0,0.0,1,4,Malicious,1,Malicious,1
5.07e-11,0.0,0.0,1,4,Malicious,1,Malicious,1
1.27e-11,0.0,0.0,1,4,Malicious,1,Malicious,1
3.22e-09,0.0,0.0,1,4,Malicious,1,Malicious,1
3.8e-05,0.0,0.0,1,4,Malicious,1,Malicious,1
5.07e-11,0.0,0.0,1,4,Malicious,1,Malicious,1
1.27e-11,0.0,0.0,1,4,Malicious,1,Malicious,1
3.98e-05,0.0,0.0,1,4,Benign,0,Benign,1
3.98e-05,0.0,0.0,1,4,Benign,0,Benign,1
1.27e-11,0.0,0.0,1,4,Malicious,1,Malicious,1
6.34e-08,2.75e-08,1.43e-07,2,8,Benign,0,Benign,0
1.27e-11,0.0,0.0,1,4,Malicious,1,Malicious,1
5.07e-11,0.0,0.0,1,4,Malicious,1,Malicious,1
3.99e-05,0.0,0.0,1,4,Malicious,1,Malicious,1
3.8e-05,3.19e-07,0.0,2,4,Benign,0,Benign,0
1.27e-11,0.0,0.0,1,4,Malicious,1,Malicious,1
1.27e-11,0.0,0.0,1,4,Malicious,1,Malicious,1
5.07e-11,0.0,0.0,1,4,Malicious,1,Malicious,1
5.07e-10,1.15e-07,0.0,0,0,Benign,0,Benign,0
6.34e-11,0.0,0.0,1,4,Malicious,1,Malicious,1
5.73e-06,0.0,0.0,1,8,Malicious,1,Malicious,1
3.94e-05,0.0,0.0,1,4,Malicious,1,Malicious,1
6.35e-05,4.47e-08,0.0,2,4,Benign,0,Benign,0
5.07e-11,0.0,0.0,1,4,Malicious,1,Malicious,1
3.96e-05,0.0,0.0,1,4,Benign,0,Benign,1
1.29e-07,2.75e-08,1.43e-07,2,8,Benign,0,Benign,0
3.96e-05,0.0,0.0,1,4,Benign,0,Benign,1
1.27e-11,0.0,0.0,1,4,Malicious,1,Malicious,1
1.27e-11,0.0,0.0,1,4,Malicious,1,Malicious,1
1.27e-11,0.0,0.0,1,4,Malicious,1,Malicious,1
0.0,0.0,0.0,1,4,Malicious,1,Malicious,1
3.8e-05,0.0,0.0,1,4,Malicious,1,Malicious,1
6.35e-05,4.47e-08,0.0,2,4,Benign,0,Benign,0
3.95e-05,0.0,0.0,1,4,Benign,0,Benign,1
3.99e-05,0.0,0.0,1,4,Malicious,1,Malicious,1
5.07e-11,0.0,0.0,1,4,Malicious,1,Malicious,1
1.39e-06,2.75e-08,1.43e-07,2,8,Benign,0,Benign,0
1.01e-10,0.0,0.0,1,4,Malicious,1,Malicious,1
3.8e-05,0.0,0.0,1,4,Malicious,1,Malicious,1
1.27e-11,0.0,0.0,1,4,Malicious,1,Malicious,1
3.96e-05,0.0,0.0,1,4,Malicious,1,Malicious,1
3.96e-05,0.0,0.0,1,4,Malicious,1,Malicious,1
3.48e-08,2.75e-08,1.43e-07,2,8,Benign,0,Benign,0
1.27e-11,0.0,0.0,1,4,Malicious,1,Malicious,1
3.96e-05,0.0,0.0,1,4,Benign,0,Benign,1
3.8e-05,0.0,0.0,1,4,Malicious,1,Malicious,1
3.99e-05,0.0,0.0,1,4,Malicious,1,Malicious,1
1.27e-11,0.0,0.0,1,4,Malicious,1,Malicious,1
3.91e-05,0.0,0.0,1,4,Malicious,1,Malicious,1
4e-05,0.0,0.0,1,4,Malicious,1,Malicious,1
3.8e-05,0.0,0.0,1,4,Malicious,1,Malicious,1
0.0,0.0,0.0,1,4,Malicious,1,Malicious,1
1.16e-05,2.29e-08,0.0,0,0,Benign,0,Benign,0
2.65e-05,2.97e-07,1.96e-07,1,3,Malicious,1,Malicious,1
1.27e-11,0.0,0.0,1,4,Malicious,1,Malicious,1
3.98e-05,0.0,0.0,1,4,Malicious,1,Malicious,1
3.8e-05,0.0,0.0,1,4,Malicious,1,Malicious,1
1.27e-11,0.0,0.0,1,4,Malicious,1,Malicious,1
4.01e-05,0.0,0.0,1,4,Benign,0,Benign,1
1.27e-11,0.0,0.0,1,4,Malicious,1,Malicious,1
1.27e-11,0.0,0.0,1,4,Malicious,1,Malicious,1
8.59e-06,8.65e-08,0.000191821,1,8,Malicious,1,Malicious,1
5.07e-11,0.0,0.0,1,4,Malicious,1,Malicious,1
2.54e-11,0.0,0.0,1,4,Malicious,1,Malicious,1
3.07e-06,0.0,0.0,1,8,Benign,0,Benign,0
1.27e-11,0.0,0.0,1,4,Malicious,1,Malicious,1
1.27e-11,0.0,0.0,1,4,Malicious,1,Malicious,1
3.95e-05,0.0,0.0,1,4,Malicious,1,Malicious,1
4e-05,0.0,0.0,1,4,Benign,0,Benign,1
1.27e-11,0.0,0.0,1,4,Malicious,1,Malicious,1
0.0,0.0,0.0,1,4,Malicious,1,Malicious,1
3.95e-05,0.0,0.0,1,4,Benign,0,Benign,1
3.8e-05,0.0,0.0,1,4,Malicious,1,Malicious,1
3.92e-05,0.0,0.0,1,4,Malicious,1,Malicious,1
3.8e-05,0.0,0.0,1,4,Malicious,1,Malicious,1
6.35e-05,4.47e-08,0.0,2,4,Benign,0,Benign,0
1.27e-11,0.0,0.0,1,4,Malicious,1,Malicious,1
1.27e-11,0.0,0.0,1,4,Malicious,1,Malicious,1
3.3e-07,2.75e-08,1.43e-07,2,8,Benign,0,Benign,0
3.95e-05,0.0,0.0,1,4,Malicious,1,Malicious,1
3.8e-05,0.0,0.0,1,4,Malicious,1,Malicious,1
1.27e-11,0.0,0.0,1,4,Malicious,1,Malicious,1
1.27e-11,0.0,0.0,1,4,Malicious,1,Malicious,1
3.8e-05,0.0,0.0,1,4,Malicious,1,Malicious,1
1.27e-11,0.0,0.0,1,4,Malicious,1,Malicious,1
1.27e-11,0.0,0.0,1,4,Malicious,1,Malicious,1
4.02e-07,4.47e-08,5.85e-07,2,8,Benign,0,Benign,0
1.27e-11,0.0,0.0,1,4,Malicious,1,Malicious,1
3.99e-05,0.0,0.0,1,4,Benign,0,Benign,1
1.27e-11,0.0,0.0,1,4,Malicious,1,Malicious,1
1.28e-05,4.3e-08,7.22e-07,1,7,Malicious,1,Malicious,1
3.8e-05,0.0,0.0,1,4,Benign,0,Benign,1
3.94e-05,0.0,0.0,1,4,Malicious,1,Malicious,1
1.27e-11,0.0,0.0,1,4,Malicious,1,Malicious,1
3.91e-05,0.0,0.0,1,4,Malicious,1,Malicious,1
1.27e-11,0.0,0.0,1,4,Malicious,1,Malicious,1
3.93e-05,0.0,0.0,1,4,Malicious,1,Malicious,1
7.75e-06,0.0,0.0,1,2,Benign,0,Benign,1
3.98e-05,0.0,0.0,1,4,Malicious,1,Malicious,1
1.27e-11,0.0,0.0,1,4,Malicious,1,Malicious,1
5.07e-11,0.0,0.0,1,4,Malicious,1,Malicious,1
6.32e-09,1.66e-08,1.34e-07,2,8,Benign,0,Benign,0
1.27e-11,0.0,0.0,1,4,Malicious,1,Malicious,1
3.97e-05,0.0,0.0,1,4,Malicious,1,Malicious,1
3.22e-09,0.0,0.0,1,4,Malicious,1,Malicious,1
1.27e-11,0.0,0.0,1,4,Malicious,1,Malicious,1
2.6e-06,2.12e-08,5.32e-07,2,8,Benign,0,Benign,0
1.27e-11,0.0,0.0,1,4,Malicious,1,Malicious,1
6.37e-09,0.0,0.0,1,4,Malicious,1,Malicious,1
2.19e-08,2.75e-08,1.43e-07,2,8,Benign,0,Benign,0
3.06e-06,0.0,0.0,1,8,Benign,0,Benign,0
3.95e-05,0.0,0.0,1,4,Malicious,1,Malicious,1
5.07e-11,0.0,0.0,1,4,Malicious,1,Malicious,1
3.49e-08,2.75e-08,1.43e-07,2,8,Benign,0,Benign,0
3.98e-05,0.0,0.0,1,4,Malicious,1,Malicious,1
3.8e-06,0.0,0.0,1,1,Benign,0,Benign,0
1.27e-11,0.0,0.0,1,4,Malicious,1,Malicious,1
1.27e-11,0.0,0.0,1,4,Malicious,1,Malicious,1
3.8e-05,0.0,0.0,1,4,Malicious,1,Malicious,1
3.97e-05,0.0,0.0,1,4,Malicious,1,Malicious,1
1.27e-11,0.0,0.0,1,4,Malicious,1,Malicious,1
3.99e-05,0.0,0.0,1,4,Malicious,1,Malicious,1
7.76e-07,2.75e-08,1.43e-07,2,8,Benign,0,Benign,0
1.27e-11,0.0,0.0,1,4,Malicious,1,Malicious,1
3.95e-05,0.0,0.0,1,4,Malicious,1,Malicious,1
1.27e-11,0.0,0.0,1,4,Malicious,1,Malicious,1
1.27e-11,0.0,0.0,1,4,Malicious,1,Malicious,1
1.27e-11,0.0,0.0,1,4,Malicious,1,Malicious,1
5.07e-11,0.0,0.0,1,4,Malicious,1,Malicious,1
1.62e-07,2.75e-08,1.43e-07,2,8,Benign,0,Benign,0
3.93e-05,0.0,0.0,1,4,Malicious,1,Malicious,1
3.94e-05,0.0,0.0,1,4,Malicious,1,Malicious,1
5.99e-05,3.38e-07,5.35e-06,1,8,Malicious,1,Malicious,1
1.27e-11,0.0,0.0,1,4,Malicious,1,Malicious,1
0.0,0.0,0.0,1,4,Malicious,1,Malicious,1
4e-05,0.0,0.0,1,4,Malicious,1,Malicious,1
2.3e-09,0.0,0.0,1,4,Malicious,1,Malicious,1
0.0,0.0,0.0,1,4,Malicious,1,Malicious,1
3.92e-05,0.0,0.0,1,4,Benign,0,Benign,1
3.22e-09,0.0,0.0,1,4,Malicious,1,Malicious,1
0.0,0.0,0.0,1,4,Malicious,1,Malicious,1
3.8e-05,0.0,0.0,1,4,Benign,0,Benign,1
1.27e-11,0.0,0.0,1,4,Malicious,1,Malicious,1
0.0,0.0,0.0,1,4,Malicious,1,Malicious,1
1.27e-11,0.0,0.0,1,4,Malicious,1,Malicious,1
1.27e-11,0.0,0.0,1,4,Malicious,1,Malicious,1
1.27e-11,0.0,0.0,1,4,Malicious,1,Malicious,1
0.0,0.0,0.0,1,4,Malicious,1,Malicious,1
3.93e-05,0.0,0.0,1,4,Malicious,1,Malicious,1
3.22e-09,0.0,0.0,1,4,Malicious,1,Malicious,1
3.94e-05,0.0,0.0,1,4,Malicious,1,Malicious,1
6.34e-11,0.0,0.0,1,4,Malicious,1,Malicious,1
3.07e-09,0.0,0.0,1,4,Malicious,1,Malicious,1
1.27e-11,0.0,0.0,1,4,Malicious,1,Malicious,1
1.27e-11,0.0,0.0,1,4,Malicious,1,Malicious,1
1.27e-11,0.0,0.0,1,4,Malicious,1,Malicious,1
3.8e-05,0.0,0.0,1,4,Malicious,1,Malicious,1
1.61e-07,2.75e-08,1.43e-07,2,8,Benign,0,Benign,0
1.34e-06,1.95e-08,9.24e-07,2,8,Benign,0,Benign,0
1.27e-11,0.0,0.0,1,4,Malicious,1,Malicious,1
1.27e-11,0.0,0.0,1,4,Malicious,1,Malicious,1
6.33e-08,2.75e-08,1.43e-07,2,8,Benign,0,Benign,0
1.27e-11,0.0,0.0,1,4,Malicious,1,Malicious,1
5.07e-11,0.0,0.0,1,4,Malicious,1,Malicious,1
3.79e-05,0.0,0.0,1,4,Malicious,1,Malicious,1
1.27e-11,0.0,0.0,1,4,Malicious,1,Malicious,1
0.0,0.0,0.0,1,4,Malicious,1,Malicious,1
3.81e-11,0.0,0.0,1,4,Malicious,1,Malicious,1
9.49e-09,1.66e-08,1.34e-07,2,8,Benign,0,Benign,0
1.27e-11,0.0,0.0,1,4,Malicious,1,Malicious,1
3.97e-05,0.0,0.0,1,4,Malicious,1,Malicious,1
5.07e-11,0.0,0.0,1,4,Malicious,1,Malicious,1
3.81e-08,2.75e-08,1.43e-07,2,8,Benign,0,Benign,0
2.97e-07,0.0,0.0,1,8,Benign,0,Benign,0
0.0,0.0,0.0,1,4,Malicious,1,Malicious,1
3.8e-05,0.0,0.0,1,4,Malicious,1,Malicious,1
1.27e-11,0.0,0.0,1,4,Malicious,1,Malicious,1
5.07e-11,0.0,0.0,1,4,Malicious,1,Malicious,1
3.25e-06,0.0,0.0,1,1,Benign,0,Benign,0
5e-05,3.38e-07,5.35e-06,1,8,Malicious,1,Malicious,1
3.94e-05,0.0,0.0,1,4,Malicious,1,Malicious,1
5.69e-08,2.75e-08,1.43e-07,2,8,Benign,0,Benign,0
3.79e-05,0.0,0.0,1,4,Malicious,1,Malicious,1
1.27e-11,0.0,0.0,1,4,Malicious,1,Malicious,1
1.27e-11,0.0,0.0,1,4,Malicious,1,Malicious,1
3.8e-05,0.0,0.0,1,4,Malicious,1,Malicious,1
4.01e-05,0.0,0.0,1,4,Malicious,1,Malicious,1
1.27e-11,0.0,0.0,1,4,Malicious,1,Malicious,1
1.39e-06,2.75e-08,1.43e-07,2,8,Benign,0,Benign,0
0.0,0.0,0.0,1,4,Malicious,1,Malicious,1
1.27e-11,0.0,0.0,1,4,Malicious,1,Malicious,1
3.93e-05,0.0,0.0,1,4,Malicious,1,Malicious,1
7.26e-05,3.38e-07,5.35e-06,1,8,Malicious,1,Malicious,1
3.98e-05,0.0,0.0,1,4,Malicious,1,Malicious,1
1.27e-11,0.0,0.0,1,4,Malicious,1,Malicious,1
1.33e-05,3.84e-08,6.92e-07,1,7,Benign,0,Benign,0
3.79e-05,0.0,0.0,1,4,Malicious,1,Malicious,1
3.8e-05,0.0,0.0,1,4,Malicious,1,Malicious,1
4e-05,0.0,0.0,1,4,Malicious,1,Malicious,1
0.000427114,3.55e-08,7.99e-07,1,7,Malicious,1,Malicious,1
1.27e-11,0.0,0.0,1,4,Malicious,1,Malicious,1
3.99e-05,0.0,0.0,1,4,Malicious,1,Malicious,1
3.92e-05,0.0,0.0,1,4,Malicious,1,Malicious,1
3.8e-05,0.0,0.0,1,4,Malicious,1,Malicious,1
1.01e-10,0.0,0.0,1,4,Malicious,1,Malicious,1
6.52e-05,4.47e-08,3.06e-07,2,8,Benign,0,Benign,0
3.99e-05,0.0,0.0,1,4,Benign,0,Benign,1
2.66e-05,4.3e-08,7.22e-07,1,7,Malicious,1,Malicious,1
0.0,0.0,0.0,1,4,Malicious,1,Malicious,1
3.97e-05,0.0,0.0,1,4,Malicious,1,Malicious,1
0.000739585,1.72e-06,0.0,2,4,Benign,0,Benign,0
6.65e-08,2.75e-08,1.43e-07,2,8,Benign,0,Benign,0
6.34e-11,0.0,0.0,1,4,Malicious,1,Malicious,1
3.92e-05,0.0,0.0,1,4,Malicious,1,Malicious,1
3.94e-05,0.0,0.0,1,4,Malicious,1,Malicious,1
1.27e-11,0.0,0.0,1,4,Malicious,1,Malicious,1
6.34e-11,0.0,0.0,1,4,Malicious,1,Malicious,1
1.37e-05,3.84e-08,6.92e-07,1,7,Benign,0,Benign,0
3.92e-05,0.0,0.0,1,4,Malicious,1,Malicious,1
3.98e-05,0.0,0.0,1,4,Benign,0,Benign,1
1.75e-07,3.21e-07,1.66e-06,0,0,Benign,0,Benign,0
5.07e-11,0.0,0.0,1,4,Malicious,1,Malicious,1
1.27e-11,0.0,0.0,1,4,Malicious,1,Malicious,1
2.21e-08,2.75e-08,1.43e-07,2,8,Benign,0,Benign,0
2.21e-08,2.75e-08,1.43e-07,2,8,Benign,0,Benign,0
3.23e-09,0.0,0.0,1,4,Malicious,1,Malicious,1
1.26e-08,1.66e-08,1.34e-07,2,8,Benign,0,Benign,0
3.95e-05,0.0,0.0,1,4,Benign,0,Benign,1
6.34e-11,0.0,0.0,1,4,Malicious,1,Malicious,1
1.27e-11,0.0,0.0,1,4,Malicious,1,Malicious,1
3.8e-05,0.0,0.0,1,4,Malicious,1,Malicious,1
3.95e-05,0.0,0.0,1,4,Benign,0,Benign,1
6.3e-09,1.66e-08,1.34e-07,2,8,Benign,0,Benign,0
2.83e-08,2.75e-08,1.43e-07,2,8,Benign,0,Benign,0
3.94e-05,0.0,0.0,1,4,Malicious,1,Malicious,1
3.99e-05,0.0,0.0,1,4,Malicious,1,Malicious,1
3.91e-05,0.0,0.0,1,4,Malicious,1,Malicious,1
3.93e-05,0.0,0.0,1,4,Malicious,1,Malicious,1
6.34e-11,0.0,0.0,1,4,Malicious,1,Malicious,1
2.21e-08,2.75e-08,1.43e-07,2,8,Benign,0,Benign,0
2.21e-08,2.75e-08,1.43e-07,2,8,Benign,0,Benign,0
6.35e-05,4.47e-08,0.0,2,4,Benign,0,Benign,0
6.32e-09,0.0,0.0,1,4,Malicious,1,Malicious,1
3.98e-05,0.0,0.0,1,4,Benign,0,Benign,1
1.27e-11,0.0,0.0,1,4,Malicious,1,Malicious,1
6.34e-11,0.0,0.0,1,4,Malicious,1,Malicious,1
1.27e-11,0.0,0.0,1,4,Malicious,1,Malicious,1
3.8e-05,0.0,0.0,1,4,Malicious,1,Malicious,1
1.27e-11,0.0,0.0,1,4,Malicious,1,Malicious,1
1.27e-11,0.0,0.0,1,4,Malicious,1,Malicious,1
3.95e-05,0.0,0.0,1,4,Malicious,1,Malicious,1
1.27e-11,0.0,0.0,1,4,Malicious,1,Malicious,1
1.27e-11,0.0,0.0,1,4,Malicious,1,Malicious,1
1.27e-11,0.0,0.0,1,4,Malicious,1,Malicious,1
1.27e-11,0.0,0.0,1,4,Malicious,1,Malicious,1
5.38e-05,3.78e-08,6.89e-07,1,7,Benign,0,Benign,1
1.27e-11,0.0,0.0,1,4,Malicious,1,Malicious,1
5.18e-05,4.3e-08,7.22e-07,1,7,Malicious,1,Malicious,1
0.0,0.0,0.0,1,4,Malicious,1,Malicious,1
1.27e-11,0.0,0.0,1,4,Malicious,1,Malicious,1
5.07e-11,0.0,0.0,1,4,Malicious,1,Malicious,1
3.97e-05,0.0,0.0,1,4,Benign,0,Benign,1
3.98e-05,0.0,0.0,1,4,Benign,0,Benign,1
1.27e-11,0.0,0.0,1,4,Malicious,1,Malicious,1
1.27e-11,0.0,0.0,1,4,Malicious,1,Malicious,1
4.43e-06,0.0,0.0,1,1,Malicious,1,Malicious,0
5.07e-11,0.0,0.0,1,4,Malicious,1,Malicious,1
1.27e-11,0.0,0.0,1,4,Malicious,1,Malicious,1
1.27e-11,0.0,0.0,1,4,Malicious,1,Malicious,1
9.95e-07,2.75e-08,1.43e-07,2,8,Benign,0,Benign,0
6.34e-05,4.47e-08,0.0,2,4,Benign,0,Benign,0
5.2e-05,4.3e-08,7.22e-07,1,7,Malicious,1,Malicious,1
1.27e-11,0.0,0.0,1,4,Malicious,1,Malicious,1
0.0,0.0,0.0,1,4,Malicious,1,Malicious,1
6.29e-09,1.66e-08,1.34e-07,2,8,Benign,0,Benign,0
3.15e-08,2.75e-08,1.43e-07,2,8,Benign,0,Benign,0
2.53e-08,2.75e-08,1.43e-07,2,8,Benign,0,Benign,0
1.27e-11,0.0,0.0,1,4,Malicious,1,Malicious,1
1.27e-11,0.0,0.0,1,4,Malicious,1,Malicious,1
3.94e-05,0.0,0.0,1,4,Benign,0,Benign,1
3.8e-05,0.0,0.0,1,4,Malicious,1,Malicious,1
1.27e-11,0.0,0.0,1,4,Malicious,1,Malicious,1
2.66e-09,0.0,0.0,1,4,Malicious,1,Malicious,1
1.27e-11,0.0,0.0,1,4,Malicious,1,Malicious,1
3.96e-05,0.0,0.0,1,4,Benign,0,Benign,1
3.22e-09,0.0,0.0,1,4,Malicious,1,Malicious,1
6.65e-08,1.66e-08,1.34e-07,2,8,Benign,0,Benign,0
1.27e-11,0.0,0.0,1,4,Malicious,1,Malicious,1
1.27e-11,0.0,0.0,1,4,Malicious,1,Malicious,1
5.07e-11,0.0,0.0,1,4,Malicious,1,Malicious,1
3.22e-09,0.0,0.0,1,4,Malicious,1,Malicious,1
6.34e-11,0.0,0.0,1,4,Malicious,1,Malicious,1
1.27e-11,0.0,0.0,1,4,Malicious,1,Malicious,1
6.29e-09,1.66e-08,1.34e-07,2,8,Benign,0,Benign,0
3.8e-05,0.0,0.0,1,4,Malicious,1,Malicious,1
3.27e-09,0.0,0.0,1,4,Malicious,1,Malicious,1
6.34e-09,2.58e-08,1.34e-07,2,8,Benign,0,Benign,0
1.27e-11,0.0,0.0,1,4,Malicious,1,Malicious,1
1.27e-11,0.0,0.0,1,4,Malicious,1,Malicious,1
5.07e-11,0.0,0.0,1,4,Malicious,1,Malicious,1
3.99e-05,0.0,0.0,1,4,Malicious,1,Malicious,1
3.96e-05,0.0,0.0,1,4,Malicious,1,Malicious,1
3.8e-05,0.0,0.0,1,4,Malicious,1,Malicious,1
6.34e-09,1.66e-08,1.34e-07,2,8,Benign,0,Benign,0
1.27e-11,0.0,0.0,1,4,Malicious,1,Malicious,1
1.27e-11,0.0,0.0,1,4,Malicious,1,Malicious,1
1.27e-11,0.0,0.0,1,4,Malicious,1,Malicious,1
3.97e-05,0.0,0.0,1,4,Malicious,1,Malicious,1
1.27e-11,0.0,0.0,1,4,Malicious,1,Malicious,1
1.27e-11,0.0,0.0,1,4,Malicious,1,Malicious,1
1.27e-11,0.0,0.0,1,4,Malicious,1,Malicious,1
3.96e-05,0.0,0.0,1,4,Malicious,1,Malicious,1
2.52e-08,2.75e-08,1.43e-07,2,8,Benign,0,Benign,0
1.27e-11,0.0,0.0,1,4,Malicious,1,Malicious,1
3.97e-05,0.0,0.0,1,4,Malicious,1,Malicious,1
5.07e-11,0.0,0.0,1,4,Malicious,1,Malicious,1
3.97e-05,0.0,0.0,1,4,Malicious,1,Malicious,1
6.34e-11,0.0,0.0,1,4,Malicious,1,Malicious,1
3.96e-05,0.0,0.0,1,4,Malicious,1,Malicious,1
3.92e-05,0.0,0.0,1,4,Malicious,1,Malicious,1
1.27e-11,0.0,0.0,1,4,Malicious,1,Malicious,1
3.8e-05,0.0,0.0,1,4,Malicious,1,Malicious,1
3.92e-05,0.0,0.0,1,4,Benign,0,Benign,1
3.97e-05,0.0,0.0,1,4,Benign,0,Benign,1
5.07e-11,0.0,0.0,1,4,Malicious,1,Malicious,1
3.47e-08,2.75e-08,1.43e-07,2,8,Benign,0,Benign,0
1.27e-11,0.0,0.0,1,4,Malicious,1,Malicious,1
1.27e-11,0.0,0.0,1,4,Malicious,1,Malicious,1
1.27e-11,0.0,0.0,1,4,Malicious,1,Malicious,1
3.8e-05,0.0,0.0,1,4,Malicious,1,Malicious,1
3.81e-11,5.5e-08,0.0,2,4,Benign,0,Benign,0
3.99e-05,0.0,0.0,1,4,Malicious,1,Malicious,1
3.8e-05,0.0,0.0,1,4,Malicious,1,Malicious,1
2.54e-11,0.0,0.0,1,4,Malicious,1,Malicious,1
1.27e-11,0.0,0.0,1,4,Malicious,1,Malicious,1
5.07e-11,0.0,0.0,1,4,Malicious,1,Malicious,1
3.8e-05,0.0,0.0,1,4,Malicious,1,Malicious,1
1.27e-11,0.0,0.0,1,4,Malicious,1,Malicious,1
2.51e-08,2.75e-08,1.43e-07,2,8,Benign,0,Benign,0
1.27e-11,0.0,0.0,1,4,Malicious,1,Malicious,1
5.07e-11,0.0,0.0,1,4,Malicious,1,Malicious,1
3.99e-05,0.0,0.0,1,4,Benign,0,Benign,1
5.07e-11,0.0,0.0,1,4,Malicious,1,Malicious,1
5.07e-11,0.0,0.0,1,4,Malicious,1,Malicious,1
1.27e-11,0.0,0.0,1,4,Malicious,1,Malicious,1
9.49e-09,2.58e-08,1.34e-07,2,8,Benign,0,Benign,0
1.27e-11,0.0,0.0,1,4,Malicious,1,Malicious,1
0.0,0.0,0.0,1,4,Malicious,1,Malicious,1
2.2e-08,2.75e-08,1.43e-07,2,8,Benign,0,Benign,0
3.12e-09,0.0,0.0,1,4,Malicious,1,Malicious,1
1.27e-11,0.0,0.0,1,4,Malicious,1,Malicious,1
5.17e-05,5.02e-07,0.0,2,4,Benign,0,Benign,0
3.8e-05,0.0,0.0,1,4,Malicious,1,Malicious,1
1.27e-11,0.0,0.0,1,4,Malicious,1,Malicious,1
6.18e-09,2.58e-08,1.34e-07,2,8,Benign,0,Benign,0
6.34e-11,0.0,0.0,1,4,Malicious,1,Malicious,1
2.77e-09,0.0,0.0,1,4,Malicious,1,Malicious,1
5.07e-11,0.0,0.0,1,4,Malicious,1,Malicious,1
3.78e-08,2.24e-08,1.63e-07,2,8,Benign,0,Benign,0
1.27e-11,0.0,0.0,1,4,Malicious,1,Malicious,1
6.43e-09,0.0,0.0,1,4,Malicious,1,Malicious,1
1.27e-11,0.0,0.0,1,4,Malicious,1,Malicious,1
1.4e-05,3.84e-08,6.92e-07,1,7,Benign,0,Benign,1
1.27e-11,0.0,0.0,1,4,Malicious,1,Malicious,1
6.35e-05,4.47e-08,0.0,2,4,Benign,0,Benign,0
0.000403345,3.55e-08,7.99e-07,1,7,Malicious,1,Malicious,1
2.53e-08,2.75e-08,1.43e-07,2,8,Benign,0,Benign,0
1.38e-06,5.9e-08,7.96e-07,2,8,Benign,0,Benign,0
1.27e-11,0.0,0.0,1,4,Malicious,1,Malicious,1
1.27e-11,0.0,0.0,1,4,Malicious,1,Malicious,1
0.0,0.0,0.0,1,4,Malicious,1,Malicious,1
3.64e-07,1.66e-08,1.34e-07,2,8,Benign,0,Benign,0
1.27e-11,0.0,0.0,1,4,Malicious,1,Malicious,1
0.001527056,4.75e-07,1.75e-05,1,7,Benign,0,Benign,0
3.8e-05,0.0,0.0,1,4,Malicious,1,Malicious,1
1.27e-11,0.0,0.0,1,4,Malicious,1,Malicious,1
1.27e-11,0.0,0.0,1,4,Malicious,1,Malicious,1
0.0,0.0,0.0,1,4,Malicious,1,Malicious,1
6.34e-11,0.0,0.0,1,4,Malicious,1,Malicious,1
3.79e-05,0.0,0.0,1,4,Malicious,1,Malicious,1
1.37e-05,4.3e-08,7.22e-07,1,7,Malicious,1,Malicious,0
3.79e-05,0.0,0.0,1,4,Malicious,1,Malicious,1
1.27e-11,0.0,0.0,1,4,Malicious,1,Malicious,1
8.88e-11,0.0,0.0,1,4,Malicious,1,Malicious,1
1.18e-06,0.0,0.0,1,1,Malicious,1,Malicious,1
3.95e-05,0.0,0.0,1,4,Benign,0,Benign,1
3.8e-05,0.0,0.0,1,4,Malicious,1,Malicious,1
3.81e-11,0.0,0.0,1,4,Malicious,1,Malicious,1
3.8e-05,0.0,0.0,1,4,Malicious,1,Malicious,1
2.21e-08,1.66e-08,1.34e-07,2,8,Benign,0,Benign,0
4e-05,0.0,0.0,1,4,Benign,0,Benign,1
3.8e-05,0.0,0.0,1,4,Malicious,1,Malicious,1
3.8e-05,0.0,0.0,1,4,Malicious,1,Malicious,1
0.0,0.0,0.0,1,4,Malicious,1,Malicious,1
2.89e-09,0.0,0.0,1,4,Malicious,1,Malicious,1
4e-05,0.0,0.0,1,4,Malicious,1,Malicious,1
1.27e-11,0.0,0.0,1,4,Malicious,1,Malicious,1
9.5e-08,5.5e-08,2.85e-07,2,8,Benign,0,Benign,0
1.27e-11,0.0,0.0,1,4,Malicious,1,Malicious,1
1.27e-11,0.0,0.0,1,4,Malicious,1,Malicious,1
9.32e-09,2.58e-08,1.34e-07,2,8,Benign,0,Benign,0
5.07e-11,0.0,0.0,1,4,Malicious,1,Malicious,1
5.07e-11,0.0,0.0,1,4,Malicious,1,Malicious,1
1.27e-11,0.0,0.0,1,4,Malicious,1,Malicious,1
3.97e-05,0.0,0.0,1,4,Malicious,1,Malicious,1
6.34e-11,0.0,0.0,1,4,Malicious,1,Malicious,1
9.18e-08,2.24e-08,1.16e-07,2,8,Benign,0,Benign,0
3.98e-05,0.0,0.0,1,4,Benign,0,Benign,1
0.0,0.0,0.0,1,4,Malicious,1,Malicious,1
3.8e-05,0.0,0.0,1,4,Malicious,1,Malicious,1
6.3e-09,1.66e-08,1.34e-07,2,8,Benign,0,Benign,0
1.05e-07,2.75e-08,1.43e-07,2,8,Benign,0,Benign,0
3.93e-05,0.0,0.0,1,4,Benign,0,Benign,1
6.33e-08,2.75e-08,1.43e-07,2,8,Benign,0,Benign,0
2.65e-05,4.3e-08,7.22e-07,1,7,Malicious,1,Malicious,1
1.27e-11,0.0,0.0,1,4,Malicious,1,Malicious,1
1.27e-11,0.0,0.0,1,4,Malicious,1,Malicious,1
3.99e-05,0.0,0.0,1,4,Malicious,1,Malicious,1
3.91e-05,0.0,0.0,1,4,Benign,0,Benign,1
5.08e-05,3.38e-07,5.35e-06,1,8,Malicious,1,Malicious,1
1.27e-11,0.0,0.0,1,4,Malicious,1,Malicious,1
3.79e-05,0.0,0.0,1,4,Malicious,1,Malicious,1
6.34e-11,0.0,0.0,1,4,Malicious,1,Malicious,1
5.07e-11,0.0,0.0,1,4,Malicious,1,Malicious,1
3.8e-05,0.0,0.0,1,4,Malicious,1,Malicious,1
3.67e-07,2.75e-08,1.43e-07,2,8,Benign,0,Benign,0
1.27e-11,0.0,0.0,1,4,Malicious,1,Malicious,1
3.97e-05,0.0,0.0,1,4,Malicious,1,Malicious,1
4e-05,0.0,0.0,1,4,Benign,0,Benign,1
3.8e-05,0.0,0.0,1,4,Malicious,1,Malicious,1
3.94e-05,0.0,0.0,1,4,Benign,0,Benign,1
5.07e-11,0.0,0.0,1,4,Malicious,1,Malicious,1
1.27e-11,0.0,0.0,1,4,Malicious,1,Malicious,1
0.0,0.0,0.0,1,4,Malicious,1,Malicious,1
3.8e-05,0.0,0.0,1,4,Malicious,1,Malicious,1
6.39e-09,0.0,0.0,1,4,Malicious,1,Malicious,1
3.8e-05,0.0,0.0,1,4,Malicious,1,Malicious,1
3.91e-05,0.0,0.0,1,4,Malicious,1,Malicious,1
1.27e-11,0.0,0.0,1,4,Malicious,1,Malicious,1
1.27e-11,0.0,0.0,1,4,Malicious,1,Malicious,1
3.8e-05,0.0,0.0,1,4,Malicious,1,Malicious,1
5.07e-11,0.0,0.0,1,4,Malicious,1,Malicious,1
3.99e-05,0.0,0.0,1,4,Benign,0,Benign,1
1.27e-11,0.0,0.0,1,4,Malicious,1,Malicious,1
0.0,0.0,0.0,1,4,Malicious,1,Malicious,1
3.8e-05,0.0,0.0,1,4,Malicious,1,Malicious,1
3.97e-05,0.0,0.0,1,4,Benign,0,Benign,1
3.98e-05,0.0,0.0,1,4,Benign,0,Benign,1
6.22e-09,2.58e-08,1.34e-07,2,8,Benign,0,Benign,0
3.99e-05,0.0,0.0,1,4,Malicious,1,Malicious,1
6.97e-08,2.58e-08,1.34e-07,2,8,Benign,0,Benign,0
9.39e-09,2.58e-08,1.34e-07,2,8,Benign,0,Benign,0
6.3e-09,1.66e-08,1.34e-07,2,8,Benign,0,Benign,0
4e-05,0.0,0.0,1,4,Malicious,1,Malicious,1
1.27e-11,0.0,0.0,1,4,Malicious,1,Malicious,1
1.27e-11,0.0,0.0,1,4,Malicious,1,Malicious,1
3.94e-05,0.0,0.0,1,4,Benign,0,Benign,1
3.97e-05,0.0,0.0,1,4,Malicious,1,Malicious,1
1.27e-11,0.0,0.0,1,4,Malicious,1,Malicious,1
5.36e-07,2.75e-08,1.43e-07,2,8,Benign,0,Benign,0
5.07e-11,0.0,0.0,1,4,Malicious,1,Malicious,1
3.99e-05,0.0,0.0,1,4,Malicious,1,Malicious,1
1.27e-11,0.0,0.0,1,4,Malicious,1,Malicious,1
3.8e-05,0.0,0.0,1,4,Malicious,1,Malicious,1
1.27e-11,0.0,0.0,1,4,Malicious,1,Malicious,1
0.0,0.0,0.0,1,4,Malicious,1,Malicious,1
4.75e-08,2.75e-08,1.43e-07,2,8,Benign,0,Benign,0
1.27e-11,0.0,0.0,1,4,Malicious,1,Malicious,1
5.07e-11,0.0,0.0,1,4,Malicious,1,Malicious,1
6.34e-11,0.0,0.0,1,4,Malicious,1,Malicious,1
2.54e-11,0.0,0.0,1,4,Malicious,1,Malicious,1
1.27e-11,0.0,0.0,1,4,Malicious,1,Malicious,1
3.21e-09,0.0,0.0,1,4,Malicious,1,Malicious,1
3.09e-09,0.0,0.0,1,4,Malicious,1,Malicious,1
3.98e-05,0.0,0.0,1,4,Benign,0,Benign,1
3.26e-09,0.0,0.0,1,4,Malicious,1,Malicious,1
1.27e-11,0.0,0.0,1,4,Malicious,1,Malicious,1
3.91e-05,0.0,0.0,1,4,Malicious,1,Malicious,1
3.96e-05,0.0,0.0,1,4,Malicious,1,Malicious,1
1.27e-11,0.0,0.0,1,4,Malicious,1,Malicious,1
5.07e-11,0.0,0.0,1,4,Malicious,1,Malicious,1
1.27e-11,0.0,0.0,1,4,Malicious,1,Malicious,1
5.07e-11,0.0,0.0,1,4,Malicious,1,Malicious,1
6.34e-11,0.0,0.0,1,4,Malicious,1,Malicious,1
3.99e-05,0.0,0.0,1,4,Benign,0,Benign,1
3.8e-05,0.0,0.0,1,4,Malicious,1,Malicious,1
5.07e-11,0.0,0.0,1,4,Malicious,1,Malicious,1
5.07e-11,0.0,0.0,1,4,Malicious,1,Malicious,1
3.95e-05,0.0,0.0,1,4,Malicious,1,Malicious,1
1.27e-11,0.0,0.0,1,4,Malicious,1,Malicious,1
1.27e-11,0.0,0.0,1,4,Malicious,1,Malicious,1
1.27e-11,0.0,0.0,1,4,Malicious,1,Malicious,1
1.27e-11,0.0,0.0,1,4,Malicious,1,Malicious,1
3.8e-08,2.75e-08,1.43e-07,2,8,Benign,0,Benign,0
3.39e-05,5.22e-08,0.00040275,1,8,Malicious,1,Malicious,1
2.67e-05,3.84e-08,6.92e-07,1,7,Benign,0,Benign,1
3.16e-08,2.75e-08,1.43e-07,2,8,Benign,0,Benign,0
5.07e-11,0.0,0.0,1,4,Malicious,1,Malicious,1
3.8e-05,0.0,0.0,1,4,Malicious,1,Malicious,1
3.8e-05,0.0,0.0,1,4,Malicious,1,Malicious,1
1.27e-11,0.0,0.0,1,4,Malicious,1,Malicious,1
0.0,0.0,0.0,1,4,Malicious,1,Malicious,1
3.96e-05,0.0,0.0,1,4,Malicious,1,Malicious,1
1.27e-11,0.0,0.0,1,4,Malicious,1,Malicious,1
2.85e-08,2.75e-08,1.43e-07,2,8,Benign,0,Benign,0
5.86e-07,2.75e-08,1.43e-07,2,8,Benign,0,Benign,0
3.8e-05,0.0,0.0,1,4,Malicious,1,Malicious,1
1.27e-11,0.0,0.0,1,4,Malicious,1,Malicious,1
3.95e-05,0.0,0.0,1,4,Benign,0,Benign,1
3.92e-05,0.0,0.0,1,4,Benign,0,Benign,1
5.07e-11,0.0,0.0,1,4,Malicious,1,Malicious,1
3.21e-09,0.0,0.0,1,4,Malicious,1,Malicious,1
3.8e-05,0.0,0.0,1,4,Malicious,1,Malicious,1
2.64e-05,3.84e-08,6.92e-07,1,7,Benign,0,Benign,1
3.8e-05,0.0,0.0,1,4,Malicious,1,Malicious,1
1.27e-11,0.0,0.0,1,4,Malicious,1,Malicious,1
6.41e-09,0.0,0.0,1,4,Malicious,1,Malicious,1
1.27e-11,0.0,0.0,1,4,Malicious,1,Malicious,1
1.27e-11,0.0,0.0,1,4,Malicious,1,Malicious,1
3.96e-05,0.0,0.0,1,4,Malicious,1,Malicious,1
3.93e-05,0.0,0.0,1,4,Benign,0,Benign,1
1.27e-11,0.0,0.0,1,4,Malicious,1,Malicious,1
5.07e-11,0.0,0.0,1,4,Malicious,1,Malicious,1
0.0,0.0,0.0,1,4,Malicious,1,Malicious,1
1.27e-11,0.0,0.0,1,4,Malicious,1,Malicious,1
1.89e-08,2.75e-08,1.43e-07,2,8,Benign,0,Benign,0
1.27e-11,0.0,0.0,1,4,Malicious,1,Malicious,1
3.93e-05,0.0,0.0,1,4,Malicious,1,Malicious,1
1.32e-05,2.98e-08,3.68e-07,1,3,Benign,0,Benign,0
3.91e-05,0.0,0.0,1,4,Benign,0,Benign,1
3.95e-05,0.0,0.0,1,4,Benign,0,Benign,1
1.01e-10,0.0,0.0,1,4,Malicious,1,Malicious,1
5.07e-11,0.0,0.0,1,4,Malicious,1,Malicious,1
3.94e-05,0.0,0.0,1,4,Benign,0,Benign,1
3.95e-05,0.0,0.0,1,4,Benign,0,Benign,1
1.27e-11,0.0,0.0,1,4,Malicious,1,Malicious,1
6.83e-05,3.38e-07,5.35e-06,1,8,Malicious,1,Malicious,1
1.27e-11,0.0,0.0,1,4,Malicious,1,Malicious,1
1.27e-11,0.0,0.0,1,4,Malicious,1,Malicious,1
6.34e-11,0.0,0.0,1,4,Malicious,1,Malicious,1
0.0,0.0,0.0,1,4,Malicious,1,Malicious,1
0.0,0.0,0.0,1,4,Malicious,1,Malicious,1
1.9e-08,2.75e-08,1.43e-07,2,8,Benign,0,Benign,0
1.27e-11,0.0,0.0,1,4,Malicious,1,Malicious,1
1.27e-11,0.0,0.0,1,4,Malicious,1,Malicious,1
1.27e-11,0.0,0.0,1,4,Malicious,1,Malicious,1
3.16e-08,2.75e-08,1.43e-07,2,8,Benign,0,Benign,0
5.07e-11,0.0,0.0,1,4,Malicious,1,Malicious,1
1.27e-11,0.0,0.0,1,4,Malicious,1,Malicious,1
1.27e-11,0.0,0.0,1,4,Malicious,1,Malicious,1
3.99e-05,0.0,0.0,1,4,Benign,0,Benign,1
9.56e-09,0.0,0.0,1,4,Malicious,1,Malicious,1
0.0,0.0,0.0,1,4,Malicious,1,Malicious,1
3.98e-05,0.0,0.0,1,4,Malicious,1,Malicious,1
3.81e-11,0.0,0.0,1,4,Malicious,1,Malicious,1
2.44e-07,2.75e-08,1.43e-07,2,8,Benign,0,Benign,0
5.07e-11,0.0,0.0,1,4,Malicious,1,Malicious,1
3.8e-05,0.0,0.0,1,4,Malicious,1,Malicious,1
6.34e-11,0.0,0.0,1,4,Malicious,1,Malicious,1
1.27e-11,0.0,0.0,1,4,Malicious,1,Malicious,1
3.97e-05,0.0,0.0,1,4,Benign,0,Benign,1
3.8e-05,0.0,0.0,1,4,Malicious,1,Malicious,1
3.8e-05,0.0,0.0,1,4,Malicious,1,Malicious,1
3.97e-05,0.0,0.0,1,4,Malicious,1,Malicious,1
6.65e-08,5.5e-08,2.85e-07,2,8,Benign,0,Benign,0
1.27e-11,0.0,0.0,1,4,Malicious,1,Malicious,1
8.89e-05,4.61e-07,0.0,2,4,Benign,0,Benign,0
0.000532621,1.82e-07,0.0,2,4,Benign,0,Benign,0
1.27e-11,0.0,0.0,1,4,Malicious,1,Malicious,1
1.05e-07,2.75e-08,1.43e-07,2,8,Benign,0,Benign,0
3.93e-05,0.0,0.0,1,4,Benign,0,Benign,1
3.8e-05,0.0,0.0,1,4,Malicious,1,Malicious,1
6.34e-05,4.47e-08,0.0,2,4,Benign,0,Benign,0
1.27e-11,0.0,0.0,1,4,Malicious,1,Malicious,1
2.54e-11,0.0,0.0,1,4,Malicious,1,Malicious,1
6.32e-09,2.58e-08,1.34e-07,2,8,Benign,0,Benign,0
9.47e-09,1.66e-08,1.34e-07,2,8,Benign,0,Benign,0
1.27e-11,0.0,0.0,1,4,Malicious,1,Malicious,1
3.8e-05,0.0,0.0,1,4,Malicious,1,Malicious,1
0.0,0.0,0.0,1,4,Malicious,1,Malicious,1
5.94e-05,3.38e-07,5.35e-06,1,8,Malicious,1,Malicious,1
3.96e-05,0.0,0.0,1,4,Benign,0,Benign,1
3.96e-05,0.0,0.0,1,4,Benign,0,Benign,1
3.8e-05,0.0,0.0,1,4,Malicious,1,Malicious,1
3.74e-07,2.75e-08,1.43e-07,2,8,Benign,0,Benign,0
1.27e-11,0.0,0.0,1,4,Malicious,1,Malicious,1
5.16e-05,3.84e-08,6.92e-07,1,7,Benign,0,Benign,1
3.94e-05,0.0,0.0,1,4,Malicious,1,Malicious,1
0.0,0.0,0.0,1,4,Malicious,1,Malicious,1
3.07e-09,0.0,0.0,1,4,Malicious,1,Malicious,1
1.27e-11,0.0,0.0,1,4,Malicious,1,Malicious,1
5.07e-11,0.0,0.0,1,4,Malicious,1,Malicious,1
1.27e-11,0.0,0.0,1,4,Malicious,1,Malicious,1
4e-05,0.0,0.0,1,4,Malicious,1,Malicious,1
3.97e-05,0.0,0.0,1,4,Malicious,1,Malicious,1
5.07e-11,0.0,0.0,1,4,Malicious,1,Malicious,1
3.8e-05,0.0,0.0,1,4,Malicious,1,Malicious,1
1.01e-10,0.0,0.0,1,4,Malicious,1,Malicious,1
1.27e-11,0.0,0.0,1,4,Malicious,1,Malicious,1
9.5e-09,2.58e-08,1.34e-07,2,8,Benign,0,Benign,0
3.81e-11,0.0,0.0,1,4,Malicious,1,Malicious,1
1.27e-11,0.0,0.0,1,4,Malicious,1,Malicious,1
3.8e-05,0.0,0.0,1,4,Malicious,1,Malicious,1
3.94e-05,0.0,0.0,1,4,Malicious,1,Malicious,1
1.27e-11,0.0,0.0,1,4,Malicious,1,Malicious,1
2.54e-11,0.0,0.0,1,4,Malicious,1,Malicious,1
2.2e-08,2.75e-08,1.43e-07,2,8,Benign,0,Benign,0
2.63e-09,0.0,0.0,1,4,Malicious,1,Malicious,1
5.07e-11,0.0,0.0,1,4,Malicious,1,Malicious,1
3.96e-05,0.0,0.0,1,4,Malicious,1,Malicious,1
4e-05,0.0,0.0,1,4,Benign,0,Benign,1
1.27e-11,0.0,0.0,1,4,Malicious,1,Malicious,1
1.57e-08,2.75e-08,1.43e-07,2,8,Benign,0,Benign,0
1.27e-11,0.0,0.0,1,4,Malicious,1,Malicious,1
1.27e-11,0.0,0.0,1,4,Malicious,1,Malicious,1
6.34e-11,0.0,0.0,1,4,Malicious,1,Malicious,1
7.42e-07,1.95e-08,9.24e-07,2,8,Benign,0,Benign,0
1.27e-11,0.0,0.0,1,4,Malicious,1,Malicious,1
1.27e-11,0.0,0.0,1,4,Malicious,1,Malicious,1
5.07e-11,0.0,0.0,1,4,Malicious,1,Malicious,1
3.93e-05,0.0,0.0,1,4,Malicious,1,Malicious,1
2.22e-08,2.75e-08,1.43e-07,2,8,Benign,0,Benign,0
6.35e-05,4.47e-08,0.0,2,4,Benign,0,Benign,0
3.22e-09,0.0,0.0,1,4,Malicious,1,Malicious,1
3.94e-05,0.0,0.0,1,4,Benign,0,Benign,1
2.09e-06,2.75e-08,1.43e-07,2,8,Benign,0,Benign,0
2.52e-08,2.75e-08,1.43e-07,2,8,Benign,0,Benign,0
1.27e-11,0.0,0.0,1,4,Malicious,1,Malicious,1
1.27e-11,0.0,0.0,1,4,Malicious,1,Malicious,1
1.27e-11,0.0,0.0,1,4,Malicious,1,Malicious,1
6.97e-08,2.75e-08,1.43e-07,2,8,Benign,0,Benign,0
1.27e-11,0.0,0.0,1,4,Malicious,1,Malicious,1
2.19e-08,2.75e-08,1.43e-07,2,8,Benign,0,Benign,0
3.96e-05,0.0,0.0,1,4,Benign,0,Benign,1
3.8e-06,0.0,0.0,1,1,Benign,0,Benign,0
1.27e-11,0.0,0.0,1,4,Malicious,1,Malicious,1
3.06e-09,0.0,0.0,1,4,Malicious,1,Malicious,1
3.91e-05,0.0,0.0,1,4,Malicious,1,Malicious,1
3.97e-05,0.0,0.0,1,4,Benign,0,Benign,1
5.07e-11,0.0,0.0,1,4,Malicious,1,Malicious,1
3.94e-05,0.0,0.0,1,4,Malicious,1,Malicious,1
1.27e-11,0.0,0.0,1,4,Malicious,1,Malicious,1
1.27e-11,0.0,0.0,1,4,Malicious,1,Malicious,1
3.8e-05,0.0,0.0,1,4,Malicious,1,Malicious,1
5.07e-11,0.0,0.0,1,4,Malicious,1,Malicious,1
1.27e-11,0.0,0.0,1,4,Malicious,1,Malicious,1
1.27e-11,0.0,0.0,1,4,Malicious,1,Malicious,1
3.8e-05,0.0,0.0,1,4,Malicious,1,Malicious,1
6.97e-08,2.75e-08,1.43e-07,2,8,Benign,0,Benign,0
5.07e-11,0.0,0.0,1,4,Malicious,1,Malicious,1
3.22e-09,0.0,0.0,1,4,Malicious,1,Malicious,1
5.07e-11,0.0,0.0,1,4,Malicious,1,Malicious,1
1.27e-11,0.0,0.0,1,4,Malicious,1,Malicious,1
3.22e-09,0.0,0.0,1,4,Malicious,1,Malicious,1
1.27e-11,0.0,0.0,1,4,Malicious,1,Malicious,1
5.07e-11,0.0,0.0,1,4,Malicious,1,Malicious,1
0.0,0.0,0.0,1,4,Malicious,1,Malicious,1
5.07e-11,0.0,0.0,1,4,Malicious,1,Malicious,1
0.0,0.0,0.0,1,4,Malicious,1,Malicious,1
3.96e-05,0.0,0.0,1,4,Benign,0,Benign,1
1.27e-11,0.0,0.0,1,4,Malicious,1,Malicious,1
1.27e-11,0.0,0.0,1,4,Malicious,1,Malicious,1
1.27e-11,0.0,0.0,1,4,Malicious,1,Malicious,1
3.97e-05,0.0,0.0,1,4,Malicious,1,Malicious,1
3.95e-05,0.0,0.0,1,4,Benign,0,Benign,1
3.81e-11,0.0,0.0,1,4,Malicious,1,Malicious,1
2.95e-06,7.74e-08,7.07e-07,1,8,Benign,0,Benign,0
1.27e-11,0.0,0.0,1,4,Malicious,1,Malicious,1
1.27e-11,0.0,0.0,1,4,Malicious,1,Malicious,1
2.53e-08,2.75e-08,1.43e-07,2,8,Benign,0,Benign,0
3.47e-08,2.75e-08,1.43e-07,2,8,Benign,0,Benign,0
1.27e-08,0.0,0.0,1,4,Malicious,1,Malicious,1
3.8e-05,0.0,0.0,1,4,Malicious,1,Malicious,1
1.36e-06,2.75e-08,1.43e-07,2,8,Benign,0,Benign,0
1.27e-11,0.0,0.0,1,4,Malicious,1,Malicious,1
1.27e-11,0.0,0.0,1,4,Malicious,1,Malicious,1
2.31e-05,2.97e-07,1.96e-07,1,3,Malicious,1,Malicious,1
5.07e-11,0.0,0.0,1,4,Malicious,1,Malicious,1
0.003807184,1.67e-07,2.3e-06,1,8,Benign,0,Benign,0
3.97e-05,0.0,0.0,1,4,Malicious,1,Malicious,1
3.97e-05,0.0,0.0,1,4,Malicious,1,Malicious,1
1.27e-11,0.0,0.0,1,4,Malicious,1,Malicious,1
3.95e-05,0.0,0.0,1,4,Malicious,1,Malicious,1
3.8e-05,0.0,0.0,1,4,Malicious,1,Malicious,1
1.27e-11,0.0,0.0,1,4,Malicious,1,Malicious,1
3.96e-05,0.0,0.0,1,4,Malicious,1,Malicious,1
4.01e-05,0.0,0.0,1,4,Benign,0,Benign,1
2.89e-09,1.03e-07,0.0,0,0,Benign,0,Benign,0
1.27e-11,0.0,0.0,1,4,Malicious,1,Malicious,1
5.08e-06,7.74e-08,7.07e-07,1,8,Benign,0,Benign,0
1.27e-11,0.0,0.0,1,4,Malicious,1,Malicious,1
5.07e-11,0.0,0.0,1,4,Malicious,1,Malicious,1
2.21e-08,2.75e-08,1.43e-07,2,8,Benign,0,Benign,0
6.34e-11,0.0,0.0,1,4,Malicious,1,Malicious,1
1.27e-11,0.0,0.0,1,4,Malicious,1,Malicious,1
1.27e-11,0.0,0.0,1,4,Malicious,1,Malicious,1
1.27e-11,0.0,0.0,1,4,Malicious,1,Malicious,1
1.27e-11,0.0,0.0,1,4,Malicious,1,Malicious,1
3.04e-07,2.75e-08,1.43e-07,2,8,Benign,0,Benign,0
1.27e-11,0.0,0.0,1,4,Malicious,1,Malicious,1
1.27e-11,0.0,0.0,1,4,Malicious,1,Malicious,1
5.07e-11,0.0,0.0,1,4,Malicious,1,Malicious,1
1.27e-11,0.0,0.0,1,4,Malicious,1,Malicious,1
1.27e-11,0.0,0.0,1,4,Malicious,1,Malicious,1
1.27e-11,0.0,0.0,1,4,Malicious,1,Malicious,1
1.27e-11,0.0,0.0,1,4,Malicious,1,Malicious,1
4e-05,0.0,0.0,1,4,Benign,0,Benign,1
3.8e-05,0.0,0.0,1,4,Malicious,1,Malicious,1
6.35e-05,4.47e-08,0.0,2,4,Benign,0,Benign,0
5.07e-11,0.0,0.0,1,4,Malicious,1,Malicious,1
1.27e-11,0.0,0.0,1,4,Malicious,1,Malicious,1
1.27e-11,0.0,0.0,1,4,Malicious,1,Malicious,1
4e-05,0.0,0.0,1,4,Malicious,1,Malicious,1
4e-05,0.0,0.0,1,4,Benign,0,Benign,1
7.55e-05,4.47e-08,3.06e-07,2,8,Benign,0,Benign,0
1.05e-07,1.66e-08,1.34e-07,2,8,Benign,0,Benign,0
6.34e-11,0.0,0.0,1,4,Malicious,1,Malicious,1
1.4e-05,4.3e-08,7.22e-07,1,7,Malicious,1,Malicious,1
3.8e-05,0.0,0.0,1,4,Malicious,1,Malicious,1
5.07e-11,0.0,0.0,1,4,Malicious,1,Malicious,1
5.07e-11,0.0,0.0,1,4,Malicious,1,Malicious,1
1.27e-11,0.0,0.0,1,4,Malicious,1,Malicious,1
6.96e-08,2.75e-08,1.43e-07,2,8,Benign,0,Benign,0
6.3e-09,1.66e-08,1.34e-07,2,8,Benign,0,Benign,0
0.0,0.0,0.0,1,4,Malicious,1,Malicious,1
3.8e-05,0.0,0.0,1,4,Malicious,1,Malicious,1
3.92e-05,0.0,0.0,1,4,Malicious,1,Malicious,1
3.94e-05,0.0,0.0,1,4,Benign,0,Benign,1
3.22e-09,0.0,0.0,1,4,Malicious,1,Malicious,1
3.8e-05,0.0,0.0,1,4,Malicious,1,Malicious,1
1.27e-11,0.0,0.0,1,4,Malicious,1,Malicious,1
3.94e-05,0.0,0.0,1,4,Benign,0,Benign,1
2.54e-11,0.0,0.0,1,4,Malicious,1,Malicious,1
3.16e-09,0.0,0.0,1,4,Malicious,1,Malicious,1
1.27e-11,0.0,0.0,1,4,Malicious,1,Malicious,1
3.81e-11,0.0,0.0,1,4,Malicious,1,Malicious,1
0.0,0.0,0.0,1,4,Malicious,1,Malicious,1
6.34e-09,2.58e-08,1.34e-07,2,8,Benign,0,Benign,0
1.27e-11,0.0,0.0,1,4,Malicious,1,Malicious,1
1.91e-08,2.58e-08,1.34e-07,2,8,Benign,0,Benign,0
3.96e-05,0.0,0.0,1,4,Malicious,1,Malicious,1
5.74e-07,2.75e-08,1.43e-07,2,8,Benign,0,Benign,0
6.34e-11,0.0,0.0,1,4,Malicious,1,Malicious,1
3.97e-05,0.0,0.0,1,4,Malicious,1,Malicious,1
0.0,0.0,0.0,1,4,Malicious,1,Malicious,1
1.27e-11,0.0,0.0,1,4,Malicious,1,Malicious,1
3.99e-05,0.0,0.0,1,4,Malicious,1,Malicious,1
1.41e-07,2.75e-08,1.43e-07,2,8,Benign,0,Benign,0
4.01e-05,0.0,0.0,1,4,Malicious,1,Malicious,1
3.8e-05,0.0,0.0,1,4,Malicious,1,Malicious,1
1.27e-11,0.0,0.0,1,4,Malicious,1,Malicious,1
4.16e-06,0.0,0.0,1,1,Benign,0,Benign,0
6.59e-07,2.75e-08,1.43e-07,2,8,Benign,0,Benign,0
1.27e-11,0.0,0.0,1,4,Malicious,1,Malicious,1
1.22e-05,4.3e-08,6.95e-07,1,7,Malicious,1,Malicious,1
1.05e-06,2.75e-08,1.43e-07,2,8,Benign,0,Benign,0
1.27e-11,0.0,0.0,1,4,Malicious,1,Malicious,1
1.27e-11,0.0,0.0,1,4,Malicious,1,Malicious,1
1.27e-11,0.0,0.0,1,4,Malicious,1,Malicious,1
1.27e-11,0.0,0.0,1,4,Malicious,1,Malicious,1
6.65e-08,2.75e-08,1.43e-07,2,8,Benign,0,Benign,0
1.27e-11,0.0,0.0,1,4,Malicious,1,Malicious,1
6.32e-09,2.12e-08,2.97e-07,2,8,Benign,0,Benign,0
1.27e-11,0.0,0.0,1,4,Malicious,1,Malicious,1
1.27e-11,0.0,0.0,1,4,Malicious,1,Malicious,1
1.27e-11,0.0,0.0,1,4,Malicious,1,Malicious,1
3.96e-05,0.0,0.0,1,4,Benign,0,Benign,1
1.27e-11,0.0,0.0,1,4,Malicious,1,Malicious,1
6.29e-09,1.66e-08,1.34e-07,2,8,Benign,0,Benign,0
6.96e-08,2.75e-08,1.43e-07,2,8,Benign,0,Benign,0
1.27e-11,0.0,0.0,1,4,Malicious,1,Malicious,1
3.22e-09,0.0,0.0,1,4,Malicious,1,Malicious,1
3.48e-08,2.75e-08,1.43e-07,2,8,Benign,0,Benign,0
4e-05,0.0,0.0,1,4,Benign,0,Benign,1
0.0,0.0,0.0,1,4,Malicious,1,Malicious,1
3.98e-05,0.0,0.0,1,4,Malicious,1,Malicious,1
3.93e-05,0.0,0.0,1,4,Benign,0,Benign,1
9.49e-09,2.58e-08,1.34e-07,2,8,Benign,0,Benign,0
3.8e-05,0.0,0.0,1,4,Malicious,1,Malicious,1
3.81e-11,0.0,0.0,1,4,Malicious,1,Malicious,1
3.94e-05,0.0,0.0,1,4,Malicious,1,Malicious,1
1.27e-11,0.0,0.0,1,4,Malicious,1,Malicious,1
1.27e-11,0.0,0.0,1,4,Malicious,1,Malicious,1
3.8e-05,0.0,0.0,1,4,Malicious,1,Malicious,1
9.49e-09,2.58e-08,1.34e-07,2,8,Benign,0,Benign,0
3.21e-09,0.0,0.0,1,4,Malicious,1,Malicious,1
5.07e-11,0.0,0.0,1,4,Malicious,1,Malicious,1
1.27e-11,0.0,0.0,1,4,Malicious,1,Malicious,1
3.81e-11,0.0,0.0,1,4,Malicious,1,Malicious,1
3.79e-05,0.0,0.0,1,4,Malicious,1,Malicious,1
8.55e-08,1.66e-08,1.34e-07,2,8,Benign,0,Benign,0
1.27e-11,0.0,0.0,1,4,Malicious,1,Malicious,1
1.27e-11,0.0,0.0,1,4,Malicious,1,Malicious,1
1.27e-11,0.0,0.0,1,4,Malicious,1,Malicious,1
1.27e-11,0.0,0.0,1,4,Malicious,1,Malicious,1
0.0,0.0,0.0,1,4,Malicious,1,Malicious,1
3.98e-05,0.0,0.0,1,4,Malicious,1,Malicious,1
2.53e-08,2.75e-08,1.43e-07,2,8,Benign,0,Benign,0
2.53e-08,2.75e-08,1.43e-07,2,8,Benign,0,Benign,0
6.34e-08,2.75e-08,1.43e-07,2,8,Benign,0,Benign,0
0.000463442,3.55e-08,7.99e-07,1,7,Malicious,1,Malicious,1
3.92e-05,0.0,0.0,1,4,Malicious,1,Malicious,1
1.27e-11,0.0,0.0,1,4,Malicious,1,Malicious,1
6.34e-11,0.0,0.0,1,4,Malicious,1,Malicious,1
3.93e-05,0.0,0.0,1,4,Benign,0,Benign,1
5.07e-11,0.0,0.0,1,4,Malicious,1,Malicious,1
1.27e-11,0.0,0.0,1,4,Malicious,1,Malicious,1
3.94e-05,0.0,0.0,1,4,Benign,0,Benign,1
1.27e-11,0.0,0.0,1,4,Malicious,1,Malicious,1
1.27e-11,0.0,0.0,1,4,Malicious,1,Malicious,1
3.98e-05,0.0,0.0,1,4,Malicious,1,Malicious,1
1.27e-11,0.0,0.0,1,4,Malicious,1,Malicious,1
4.53e-06,0.0,0.0,1,1,Benign,0,Benign,0
1.27e-11,0.0,0.0,1,4,Malicious,1,Malicious,1
2.21e-08,2.75e-08,1.43e-07,2,8,Benign,0,Benign,0
1.27e-11,0.0,0.0,1,4,Malicious,1,Malicious,1
1.27e-11,0.0,0.0,1,4,Malicious,1,Malicious,1
6.34e-11,0.0,0.0,1,4,Malicious,1,Malicious,1
3.92e-05,0.0,0.0,1,4,Benign,0,Benign,1
1.27e-11,0.0,0.0,1,4,Malicious,1,Malicious,1
1.27e-11,0.0,0.0,1,4,Malicious,1,Malicious,1
3.98e-05,0.0,0.0,1,4,Benign,0,Benign,1
1.27e-11,0.0,0.0,1,4,Malicious,1,Malicious,1
6.97e-08,2.75e-08,1.43e-07,2,8,Benign,0,Benign,0
1.27e-11,0.0,0.0,1,4,Malicious,1,Malicious,1
3.26e-06,3.84e-08,2.08e-07,2,8,Benign,0,Benign,0
1.28e-06,4.54e-07,0.0,2,4,Benign,0,Benign,0
2.2e-08,2.75e-08,1.43e-07,2,8,Benign,0,Benign,0
1.27e-11,0.0,0.0,1,4,Malicious,1,Malicious,1
0.0,0.0,0.0,1,4,Malicious,1,Malicious,1
1.27e-11,0.0,0.0,1,4,Malicious,1,Malicious,1
1.27e-11,0.0,0.0,1,4,Malicious,1,Malicious,1
5.68e-06,0.0,0.0,1,1,Benign,0,Benign,0
0.0,0.0,0.0,1,4,Malicious,1,Malicious,1
1.27e-11,0.0,0.0,1,4,Malicious,1,Malicious,1
1.27e-11,0.0,0.0,1,4,Malicious,1,Malicious,1
0.0,0.0,0.0,1,4,Malicious,1,Malicious,1
1.27e-11,0.0,0.0,1,4,Malicious,1,Malicious,1
3.94e-05,0.0,0.0,1,4,Malicious,1,Malicious,1
5.39e-08,2.75e-08,1.43e-07,2,8,Benign,0,Benign,0
1.05e-07,5.5e-08,2.85e-07,2,8,Benign,0,Benign,0
1.27e-11,0.0,0.0,1,4,Malicious,1,Malicious,1
1.38e-05,3.84e-08,6.92e-07,1,7,Benign,0,Benign,0
1.38e-05,4.24e-08,7.19e-07,1,7,Malicious,1,Malicious,0
4.94e-07,2.58e-08,1.34e-07,2,8,Benign,0,Benign,0
1.27e-11,0.0,0.0,1,4,Malicious,1,Malicious,1
3.95e-05,0.0,0.0,1,4,Malicious,1,Malicious,1
6.35e-05,4.47e-08,0.0,2,4,Benign,0,Benign,0
3.93e-05,0.0,0.0,1,4,Malicious,1,Malicious,1
1.27e-11,0.0,0.0,1,4,Malicious,1,Malicious,1
1.01e-10,0.0,0.0,1,4,Malicious,1,Malicious,1
3.8e-05,0.0,0.0,1,4,Malicious,1,Malicious,1
0.0,0.0,0.0,1,4,Malicious,1,Malicious,1
0.0,0.0,0.0,1,4,Malicious,1,Malicious,1
6.34e-11,0.0,0.0,1,4,Malicious,1,Malicious,1
4e-05,0.0,0.0,1,4,Benign,0,Benign,1
4.01e-05,0.0,0.0,1,4,Malicious,1,Malicious,1
3.79e-05,0.0,0.0,1,4,Malicious,1,Malicious,1
3.97e-05,0.0,0.0,1,4,Malicious,1,Malicious,1
5.07e-11,0.0,0.0,1,4,Malicious,1,Malicious,1
3.8e-05,0.0,0.0,1,4,Malicious,1,Malicious,1
1.27e-11,0.0,0.0,1,4,Malicious,1,Malicious,1
2.92e-09,0.0,0.0,1,4,Malicious,1,Malicious,1
1.27e-11,0.0,0.0,1,4,Malicious,1,Malicious,1
1.27e-11,0.0,0.0,1,4,Malicious,1,Malicious,1
3.8e-05,0.0,0.0,1,4,Malicious,1,Malicious,1
1.39e-05,3.84e-08,6.92e-07,1,7,Benign,0,Benign,1
2.21e-08,2.75e-08,1.43e-07,2,8,Benign,0,Benign,0
1.89e-07,3.21e-07,1.66e-06,0,0,Benign,0,Benign,0
3.99e-05,0.0,0.0,1,4,Malicious,1,Malicious,1
3.93e-05,0.0,0.0,1,4,Malicious,1,Malicious,1
0.000126858,1.65e-07,8.56e-07,2,8,Benign,0,Benign,0
5.07e-11,0.0,0.0,1,4,Malicious,1,Malicious,1
2.54e-09,0.0,0.0,1,4,Malicious,1,Malicious,1
6.34e-11,0.0,0.0,1,4,Malicious,1,Malicious,1
3.93e-05,0.0,0.0,1,4,Malicious,1,Malicious,1
1.27e-11,0.0,0.0,1,4,Malicious,1,Malicious,1
3.94e-05,0.0,0.0,1,4,Benign,0,Benign,1
3.8e-08,2.58e-08,1.34e-07,2,8,Benign,0,Benign,0
1.27e-11,0.0,0.0,1,4,Malicious,1,Malicious,1
1.27e-11,0.0,0.0,1,4,Malicious,1,Malicious,1
3.8e-05,0.0,0.0,1,4,Malicious,1,Malicious,1
1.27e-11,0.0,0.0,1,4,Malicious,1,Malicious,1
5.07e-11,0.0,0.0,1,4,Malicious,1,Malicious,1
3.8e-05,0.0,0.0,1,4,Malicious,1,Malicious,1
1.27e-11,0.0,0.0,1,4,Malicious,1,Malicious,1
3.91e-05,0.0,0.0,1,4,Benign,0,Benign,1
6.29e-09,0.0,0.0,1,4,Malicious,1,Malicious,1
3.21e-09,0.0,0.0,1,4,Malicious,1,Malicious,1
3.8e-05,0.0,0.0,1,4,Malicious,1,Malicious,1
1.27e-11,0.0,0.0,1,4,Malicious,1,Malicious,1
3.8e-05,0.0,0.0,1,4,Malicious,1,Malicious,1
1.27e-11,0.0,0.0,1,4,Malicious,1,Malicious,1
3.95e-05,0.0,0.0,1,4,Malicious,1,Malicious,1
3.95e-05,0.0,0.0,1,4,Benign,0,Benign,1
0.0,0.0,0.0,1,4,Malicious,1,Malicious,1
3.8e-05,0.0,0.0,1,4,Malicious,1,Malicious,1
3.98e-05,0.0,0.0,1,4,Malicious,1,Malicious,1
3.96e-05,0.0,0.0,1,4,Benign,0,Benign,1
1.27e-11,0.0,0.0,1,4,Malicious,1,Malicious,1
1.27e-11,0.0,0.0,1,4,Malicious,1,Malicious,1
3.48e-08,2.75e-08,1.43e-07,2,8,Benign,0,Benign,0
7.76e-07,2.75e-08,1.43e-07,2,8,Benign,0,Benign,0
1.27e-11,0.0,0.0,1,4,Malicious,1,Malicious,1
2.34e-05,2.97e-07,1.96e-07,1,3,Malicious,1,Malicious,1
3.8e-05,0.0,0.0,1,4,Malicious,1,Malicious,1
1.27e-11,0.0,0.0,1,4,Malicious,1,Malicious,1
5.38e-08,2.75e-08,1.43e-07,2,8,Benign,0,Benign,0
3.93e-05,0.0,0.0,1,4,Malicious,1,Malicious,1
0.0,0.0,0.0,1,4,Malicious,1,Malicious,1
6.34e-11,0.0,0.0,1,4,Malicious,1,Malicious,1
1.04e-07,5.5e-08,2.85e-07,2,8,Benign,0,Benign,0
1.27e-11,0.0,0.0,1,4,Malicious,1,Malicious,1
3.96e-05,0.0,0.0,1,4,Benign,0,Benign,1
1.27e-11,0.0,0.0,1,4,Malicious,1,Malicious,1
1.27e-11,0.0,0.0,1,4,Malicious,1,Malicious,1
1.37e-05,3.84e-08,6.92e-07,1,7,Benign,0,Benign,0
3.17e-08,2.75e-08,1.43e-07,2,8,Benign,0,Benign,0
1.27e-11,0.0,0.0,1,4,Malicious,1,Malicious,1
3.95e-05,0.0,0.0,1,4,Benign,0,Benign,1
1.27e-11,0.0,0.0,1,4,Malicious,1,Malicious,1
3.92e-05,0.0,0.0,1,4,Benign,0,Benign,1
6.65e-08,5.5e-08,2.85e-07,2,8,Benign,0,Benign,0
4e-05,0.0,0.0,1,4,Benign,0,Benign,1
5.07e-11,0.0,0.0,1,4,Malicious,1,Malicious,1
3.82e-05,3.44e-08,0.0,2,4,Benign,0,Benign,0
3.99e-05,0.0,0.0,1,4,Malicious,1,Malicious,1
6.34e-08,2.58e-08,1.34e-07,2,8,Benign,0,Benign,0
5.07e-11,0.0,0.0,1,4,Malicious,1,Malicious,1
3.96e-05,0.0,0.0,1,4,Malicious,1,Malicious,1
3.97e-05,0.0,0.0,1,4,Benign,0,Benign,1
3.97e-05,0.0,0.0,1,4,Malicious,1,Malicious,1
3.94e-05,0.0,0.0,1,4,Malicious,1,Malicious,1
4.2e-06,0.0,0.0,1,1,Benign,0,Benign,0
4e-05,0.0,0.0,1,4,Benign,0,Benign,1
2.31e-05,2.97e-07,1.96e-07,1,3,Malicious,1,Malicious,1
6.32e-09,1.66e-08,1.34e-07,2,8,Benign,0,Benign,0
1.27e-11,0.0,0.0,1,4,Malicious,1,Malicious,1
6.65e-08,2.75e-08,1.43e-07,2,8,Benign,0,Benign,0
1.27e-11,0.0,0.0,1,4,Malicious,1,Malicious,1
3.99e-05,0.0,0.0,1,4,Malicious,1,Malicious,1
1.14e-10,0.0,0.0,1,4,Malicious,1,Malicious,1
1.27e-11,0.0,0.0,1,4,Malicious,1,Malicious,1
3.93e-05,0.0,0.0,1,4,Benign,0,Benign,1
5.07e-11,0.0,0.0,1,4,Malicious,1,Malicious,1
3.97e-05,0.0,0.0,1,4,Malicious,1,Malicious,1
2.41e-07,2.75e-08,1.43e-07,2,8,Benign,0,Benign,0
1.27e-11,0.0,0.0,1,4,Malicious,1,Malicious,1
0.525371762,1.05e-05,5.44e-05,1,8,Malicious,1,Malicious,0
1.27e-11,0.0,0.0,1,4,Malicious,1,Malicious,1
2.53e-08,2.75e-08,1.43e-07,2,8,Benign,0,Benign,0
1.27e-11,0.0,0.0,1,4,Malicious,1,Malicious,1
1.39e-05,3.84e-08,6.92e-07,1,7,Benign,0,Benign,1
5.07e-11,0.0,0.0,1,4,Malicious,1,Malicious,1
1.27e-11,0.0,0.0,1,4,Malicious,1,Malicious,1
3.07e-09,0.0,0.0,1,4,Malicious,1,Malicious,1
1.27e-11,0.0,0.0,1,4,Malicious,1,Malicious,1
1.27e-11,0.0,0.0,1,4,Malicious,1,Malicious,1
1.27e-11,0.0,0.0,1,4,Malicious,1,Malicious,1
5.07e-11,0.0,0.0,1,4,Malicious,1,Malicious,1
6.35e-05,9.17e-08,0.0,2,4,Benign,0,Benign,0
3.8e-05,0.0,0.0,1,4,Malicious,1,Malicious,1
6.34e-11,0.0,0.0,1,4,Malicious,1,Malicious,1
6.35e-05,4.47e-08,0.0,2,4,Benign,0,Benign,0
6.34e-11,0.0,0.0,1,4,Malicious,1,Malicious,1
1.27e-11,0.0,0.0,1,4,Malicious,1,Malicious,1
1.39e-05,3.84e-08,6.92e-07,1,7,Benign,0,Benign,1
6.35e-05,5.16e-08,0.0,2,4,Benign,0,Benign,0
3.8e-05,0.0,0.0,1,4,Malicious,1,Malicious,1
1.27e-11,0.0,0.0,1,4,Malicious,1,Malicious,1
2.21e-08,2.75e-08,1.43e-07,2,8,Benign,0,Benign,0
6.3e-09,1.66e-08,1.34e-07,2,8,Benign,0,Benign,0
6.34e-11,0.0,0.0,1,4,Malicious,1,Malicious,1
5.07e-11,0.0,0.0,1,4,Malicious,1,Malicious,1
1.27e-11,0.0,0.0,1,4,Malicious,1,Malicious,1
2.84e-08,2.75e-08,1.43e-07,2,8,Benign,0,Benign,0
3.95e-05,0.0,0.0,1,4,Malicious,1,Malicious,1
1.27e-11,0.0,0.0,1,4,Malicious,1,Malicious,1
4.01e-05,0.0,0.0,1,4,Malicious,1,Malicious,1
1.27e-11,0.0,0.0,1,4,Malicious,1,Malicious,1
6.34e-11,0.0,0.0,1,4,Malicious,1,Malicious,1
1.27e-11,0.0,0.0,1,4,Malicious,1,Malicious,1
3.8e-05,0.0,0.0,1,4,Malicious,1,Malicious,1
6.35e-05,4.47e-08,0.0,2,4,Benign,0,Benign,0
3.93e-05,0.0,0.0,1,4,Benign,0,Benign,1
1.27e-11,0.0,0.0,1,4,Malicious,1,Malicious,1
4.72e-07,2.24e-08,3.06e-07,2,8,Benign,0,Benign,0
1.27e-11,0.0,0.0,1,4,Malicious,1,Malicious,1
3.97e-05,0.0,0.0,1,4,Malicious,1,Malicious,1
6.33e-09,2.58e-08,1.34e-07,2,8,Benign,0,Benign,0
1.35e-05,3.84e-08,6.92e-07,1,7,Benign,0,Benign,0
1.27e-11,0.0,0.0,1,4,Malicious,1,Malicious,1
3.95e-05,0.0,0.0,1,4,Benign,0,Benign,1
1.27e-11,0.0,0.0,1,4,Malicious,1,Malicious,1
1.27e-11,0.0,0.0,1,4,Malicious,1,Malicious,1
3.47e-08,2.75e-08,1.43e-07,2,8,Benign,0,Benign,0
3.99e-05,0.0,0.0,1,4,Benign,0,Benign,1
3.17e-05,4.47e-08,2.32e-07,2,8,Benign,0,Benign,0
3.95e-05,0.0,0.0,1,4,Malicious,1,Malicious,1
0.000422297,3.55e-08,7.99e-07,1,7,Malicious,1,Malicious,1
3.8e-05,0.0,0.0,1,4,Malicious,1,Malicious,1
1.27e-11,0.0,0.0,1,4,Malicious,1,Malicious,1
1.46e-05,8.48e-08,0.000304074,1,8,Malicious,1,Malicious,0
1.27e-11,0.0,0.0,1,4,Malicious,1,Malicious,1
3.8e-05,0.0,0.0,1,4,Malicious,1,Malicious,1
3.8e-05,0.0,0.0,1,4,Malicious,1,Malicious,1
3.96e-05,0.0,0.0,1,4,Benign,0,Benign,1
3.94e-05,0.0,0.0,1,4,Benign,0,Benign,1
3.93e-05,0.0,0.0,1,4,Malicious,1,Malicious,1
3.93e-05,0.0,0.0,1,4,Malicious,1,Malicious,1
3.92e-05,0.0,0.0,1,4,Malicious,1,Malicious,1
3.96e-05,0.0,0.0,1,4,Benign,0,Benign,1
4e-05,0.0,0.0,1,4,Benign,0,Benign,1
0.0,0.0,0.0,1,4,Malicious,1,Malicious,1
3.8e-05,0.0,0.0,1,4,Malicious,1,Malicious,1
1.32e-07,2.29e-08,1.66e-07,2,8,Benign,0,Benign,0
4e-05,0.0,0.0,1,4,Malicious,1,Malicious,1
1.27e-11,0.0,0.0,1,4,Malicious,1,Malicious,1
3.23e-09,0.0,0.0,1,4,Malicious,1,Malicious,1
2.84e-08,2.75e-08,1.43e-07,2,8,Benign,0,Benign,0
7.27e-08,2.75e-08,1.43e-07,2,8,Benign,0,Benign,0
3.8e-05,0.0,0.0,1,4,Benign,0,Benign,1
5.07e-11,0.0,0.0,1,4,Malicious,1,Malicious,1
1.27e-11,0.0,0.0,1,4,Malicious,1,Malicious,1
3.2e-09,0.0,0.0,1,4,Malicious,1,Malicious,1
4.44e-07,2.24e-08,3.06e-07,2,8,Benign,0,Benign,0
3.98e-05,0.0,0.0,1,4,Malicious,1,Malicious,1
3.95e-05,0.0,0.0,1,4,Benign,0,Benign,1
3.94e-05,0.0,0.0,1,4,Benign,0,Benign,1
1.27e-11,0.0,0.0,1,4,Malicious,1,Malicious,1
3.94e-05,0.0,0.0,1,4,Benign,0,Benign,1
1.27e-11,0.0,0.0,1,4,Malicious,1,Malicious,1
3.8e-05,0.0,0.0,1,4,Malicious,1,Malicious,1
8.26e-08,2.75e-08,1.43e-07,2,8,Benign,0,Benign,0
3.99e-05,0.0,0.0,1,4,Malicious,1,Malicious,1
3.8e-05,0.0,0.0,1,4,Malicious,1,Malicious,1
1.27e-11,0.0,0.0,1,4,Malicious,1,Malicious,1
1.36e-05,3.84e-08,6.92e-07,1,7,Benign,0,Benign,0
6.29e-09,1.66e-08,1.34e-07,2,8,Benign,0,Benign,0
2.21e-08,2.75e-08,1.43e-07,2,8,Benign,0,Benign,0
0.003810567,8.37e-08,2.3e-06,1,8,Benign,0,Benign,0
0.0,0.0,0.0,1,4,Malicious,1,Malicious,1
3.82e-05,3.44e-08,0.0,2,4,Benign,0,Benign,0
2.7e-07,2.75e-08,1.43e-07,2,8,Benign,0,Benign,0
3.93e-07,2.75e-08,1.43e-07,2,8,Benign,0,Benign,0
1.27e-11,0.0,0.0,1,4,Malicious,1,Malicious,1
5.07e-11,0.0,0.0,1,4,Malicious,1,Malicious,1
1.27e-11,0.0,0.0,1,4,Malicious,1,Malicious,1
1.27e-11,0.0,0.0,1,4,Malicious,1,Malicious,1
4e-05,0.0,0.0,1,4,Malicious,1,Malicious,1
3.93e-05,0.0,0.0,1,4,Benign,0,Benign,1
1.27e-11,0.0,0.0,1,4,Malicious,1,Malicious,1
5.07e-11,0.0,0.0,1,4,Malicious,1,Malicious,1
1.27e-11,0.0,0.0,1,4,Malicious,1,Malicious,1
3.99e-05,0.0,0.0,1,4,Benign,0,Benign,1
2.88e-09,0.0,0.0,1,4,Malicious,1,Malicious,1
1.27e-11,0.0,0.0,1,4,Malicious,1,Malicious,1
6.34e-11,0.0,0.0,1,4,Malicious,1,Malicious,1
3.92e-05,0.0,0.0,1,4,Malicious,1,Malicious,1
3.81e-11,0.0,0.0,1,4,Malicious,1,Malicious,1
3.99e-05,0.0,0.0,1,4,Malicious,1,Malicious,1
1.27e-11,0.0,0.0,1,4,Malicious,1,Malicious,1
5.9e-05,3.38e-07,5.35e-06,1,8,Malicious,1,Malicious,1
5.07e-11,0.0,0.0,1,4,Malicious,1,Malicious,1
1.27e-11,0.0,0.0,1,4,Malicious,1,Malicious,1
0.000126836,1.65e-07,5.71e-07,2,8,Benign,0,Benign,0
6.34e-11,0.0,0.0,1,4,Malicious,1,Malicious,1
1.27e-11,0.0,0.0,1,4,Malicious,1,Malicious,1
5.29e-05,4.3e-08,7.22e-07,1,7,Malicious,1,Malicious,1
2.94e-06,7.74e-08,7.07e-07,1,8,Benign,0,Benign,0
3.8e-05,0.0,0.0,1,4,Malicious,1,Malicious,1
0.000251844,1.15e-07,5.44e-07,2,8,Benign,0,Benign,0
2.21e-08,2.75e-08,1.43e-07,2,8,Benign,0,Benign,0
3.93e-05,0.0,0.0,1,4,Benign,0,Benign,1
3.8e-05,0.0,0.0,1,4,Benign,0,Benign,1
1.27e-11,0.0,0.0,1,4,Malicious,1,Malicious,1
1.01e-10,0.0,0.0,1,4,Malicious,1,Malicious,1
3.81e-11,0.0,0.0,1,4,Malicious,1,Malicious,1
1.27e-11,0.0,0.0,1,4,Malicious,1,Malicious,1
5.07e-11,0.0,0.0,1,4,Malicious,1,Malicious,1
1.27e-11,0.0,0.0,1,4,Malicious,1,Malicious,1
3.95e-05,0.0,0.0,1,4,Malicious,1,Malicious,1
4e-05,0.0,0.0,1,4,Benign,0,Benign,1
1.27e-11,0.0,0.0,1,4,Malicious,1,Malicious,1
5.07e-11,0.0,0.0,1,4,Malicious,1,Malicious,1
2.21e-08,2.75e-08,1.43e-07,2,8,Benign,0,Benign,0
4.01e-05,0.0,0.0,1,4,Malicious,1,Malicious,1
9.44e-09,1.66e-08,1.34e-07,2,8,Benign,0,Benign,0
3.21e-09,0.0,0.0,1,4,Malicious,1,Malicious,1
3.8e-05,0.0,0.0,1,4,Malicious,1,Malicious,1
1.27e-11,0.0,0.0,1,4,Malicious,1,Malicious,1
3.93e-05,0.0,0.0,1,4,Malicious,1,Malicious,1
5.07e-11,0.0,0.0,1,4,Malicious,1,Malicious,1
5.39e-05,4.3e-08,7.22e-07,1,7,Malicious,1,Malicious,1
3.81e-11,0.0,0.0,1,4,Malicious,1,Malicious,1
0.003806932,1.67e-07,2.3e-06,1,8,Benign,0,Benign,0
0.0,0.0,0.0,1,4,Malicious,1,Malicious,1
6.34e-11,0.0,0.0,1,4,Malicious,1,Malicious,1
2.4e-06,2.75e-08,1.43e-07,2,8,Benign,0,Benign,0
1.27e-11,0.0,0.0,1,4,Malicious,1,Malicious,1
1.27e-11,0.0,0.0,1,4,Malicious,1,Malicious,1
3.48e-08,2.75e-08,1.43e-07,2,8,Benign,0,Benign,0
1.27e-11,0.0,0.0,1,4,Malicious,1,Malicious,1
4.44e-08,2.58e-08,1.34e-07,2,8,Benign,0,Benign,0
3.8e-05,0.0,0.0,1,4,Malicious,1,Malicious,1
3.96e-05,0.0,0.0,1,4,Malicious,1,Malicious,1
4.01e-05,0.0,0.0,1,4,Malicious,1,Malicious,1
2.54e-11,0.0,0.0,1,4,Malicious,1,Malicious,1
0.0,0.0,0.0,1,4,Malicious,1,Malicious,1
0.0,0.0,0.0,1,4,Malicious,1,Malicious,1
3.95e-05,0.0,0.0,1,4,Benign,0,Benign,1
6.35e-05,4.47e-08,0.0,2,4,Benign,0,Benign,0
1.27e-11,0.0,0.0,1,4,Malicious,1,Malicious,1
1.27e-11,0.0,0.0,1,4,Malicious,1,Malicious,1
1.27e-11,0.0,0.0,1,4,Malicious,1,Malicious,1
3.99e-05,0.0,0.0,1,4,Malicious,1,Malicious,1
0.0,0.0,0.0,1,4,Malicious,1,Malicious,1
1.27e-11,0.0,0.0,1,4,Malicious,1,Malicious,1
3.94e-05,0.0,0.0,1,4,Malicious,1,Malicious,1
6.39e-09,0.0,0.0,1,4,Malicious,1,Malicious,1
3.94e-05,0.0,0.0,1,4,Malicious,1,Malicious,1
3.92e-05,0.0,0.0,1,4,Malicious,1,Malicious,1
0.0,0.0,0.0,1,4,Malicious,1,Malicious,1
4e-05,0.0,0.0,1,4,Benign,0,Benign,1
3.22e-09,0.0,0.0,1,4,Malicious,1,Malicious,1
3.95e-05,0.0,0.0,1,4,Malicious,1,Malicious,1
1.27e-11,0.0,0.0,1,4,Malicious,1,Malicious,1
1.48e-07,2.64e-08,1.84e-07,2,8,Benign,0,Benign,0
1.27e-11,0.0,0.0,1,4,Malicious,1,Malicious,1
3.22e-09,0.0,0.0,1,4,Malicious,1,Malicious,1
3.91e-05,0.0,0.0,1,4,Malicious,1,Malicious,1
1.27e-11,0.0,0.0,1,4,Malicious,1,Malicious,1
1.27e-11,0.0,0.0,1,4,Malicious,1,Malicious,1
3.8e-05,0.0,0.0,1,4,Malicious,1,Malicious,1
7.28e-08,2.75e-08,1.43e-07,2,8,Benign,0,Benign,0
5.07e-11,0.0,0.0,1,4,Malicious,1,Malicious,1
3.95e-05,0.0,0.0,1,4,Benign,0,Benign,1
3.97e-05,0.0,0.0,1,4,Malicious,1,Malicious,1
2.64e-05,4.3e-08,7.22e-07,1,7,Malicious,1,Malicious,1
1.27e-11,0.0,0.0,1,4,Malicious,1,Malicious,1
1.27e-11,0.0,0.0,1,4,Malicious,1,Malicious,1
1.27e-11,0.0,0.0,1,4,Malicious,1,Malicious,1
3.98e-05,0.0,0.0,1,4,Malicious,1,Malicious,1
2.54e-11,5.5e-08,0.0,2,4,Benign,0,Benign,0
5.07e-11,0.0,0.0,1,4,Malicious,1,Malicious,1
1.27e-11,0.0,0.0,1,4,Malicious,1,Malicious,1
3.8e-05,0.0,0.0,1,4,Malicious,1,Malicious,1
5.07e-11,0.0,0.0,1,4,Malicious,1,Malicious,1
5.07e-11,0.0,0.0,1,4,Malicious,1,Malicious,1
0.000380575,5.03e-06,0.0,2,4,Benign,0,Benign,0
1.27e-11,0.0,0.0,1,4,Malicious,1,Malicious,1
1.27e-11,0.0,0.0,1,4,Malicious,1,Malicious,1
3.22e-09,0.0,0.0,1,4,Malicious,1,Malicious,1
3.95e-05,0.0,0.0,1,4,Benign,0,Benign,1
3.98e-05,0.0,0.0,1,4,Benign,0,Benign,1
4.01e-05,0.0,0.0,1,4,Benign,0,Benign,1
3.8e-05,0.0,0.0,1,4,Malicious,1,Malicious,1
3.48e-08,2.75e-08,1.43e-07,2,8,Benign,0,Benign,0
3.81e-11,0.0,0.0,1,4,Malicious,1,Malicious,1
6.35e-05,4.47e-08,0.0,2,4,Benign,0,Benign,0
3.22e-09,0.0,0.0,1,4,Malicious,1,Malicious,1
2.65e-09,0.0,0.0,1,4,Malicious,1,Malicious,1
2.21e-08,2.75e-08,1.43e-07,2,8,Benign,0,Benign,0
3.92e-05,0.0,0.0,1,4,Malicious,1,Malicious,1
6.64e-08,5.5e-08,2.85e-07,2,8,Benign,0,Benign,0
3.48e-08,2.75e-08,1.43e-07,2,8,Benign,0,Benign,0
5.07e-11,0.0,0.0,1,4,Malicious,1,Malicious,1
1.27e-11,0.0,0.0,1,4,Malicious,1,Malicious,1
3.99e-05,0.0,0.0,1,4,Malicious,1,Malicious,1
1.27e-11,0.0,0.0,1,4,Malicious,1,Malicious,1
3.8e-05,0.0,0.0,1,4,Malicious,1,Malicious,1
3.98e-05,0.0,0.0,1,4,Benign,0,Benign,1
3.91e-05,0.0,0.0,1,4,Malicious,1,Malicious,1
3.99e-05,0.0,0.0,1,4,Benign,0,Benign,1
1.27e-11,0.0,0.0,1,4,Malicious,1,Malicious,1
1.27e-11,0.0,0.0,1,4,Malicious,1,Malicious,1
3.98e-05,0.0,0.0,1,4,Malicious,1,Malicious,1
3.99e-05,0.0,0.0,1,4,Malicious,1,Malicious,1
3.99e-05,0.0,0.0,1,4,Malicious,1,Malicious,1
3.92e-05,0.0,0.0,1,4,Malicious,1,Malicious,1
1.27e-11,0.0,0.0,1,4,Malicious,1,Malicious,1
5.07e-11,0.0,0.0,1,4,Malicious,1,Malicious,1
1.27e-11,0.0,0.0,1,4,Malicious,1,Malicious,1
3.99e-05,0.0,0.0,1,4,Benign,0,Benign,1
3.8e-05,0.0,0.0,1,4,Malicious,1,Malicious,1
2.21e-08,2.75e-08,1.43e-07,2,8,Benign,0,Benign,0
3.96e-05,0.0,0.0,1,4,Malicious,1,Malicious,1
3.99e-05,0.0,0.0,1,4,Malicious,1,Malicious,1
1.27e-11,0.0,0.0,1,4,Malicious,1,Malicious,1
3.17e-08,1.66e-08,1.34e-07,2,8,Benign,0,Benign,0
9.34e-09,2.58e-08,1.34e-07,2,8,Benign,0,Benign,0
0.0,0.0,0.0,1,4,Malicious,1,Malicious,1
3.95e-05,0.0,0.0,1,4,Benign,0,Benign,1
1.9e-08,2.75e-08,1.43e-07,2,8,Benign,0,Benign,0
1.27e-11,0.0,0.0,1,4,Malicious,1,Malicious,1
1.27e-11,0.0,0.0,1,4,Malicious,1,Malicious,1
3.99e-05,0.0,0.0,1,4,Malicious,1,Malicious,1
2.21e-08,2.75e-08,1.43e-07,2,8,Benign,0,Benign,0
2.54e-11,5.5e-08,0.0,2,4,Benign,0,Benign,0
1.27e-11,0.0,0.0,1,4,Malicious,1,Malicious,1
3.94e-05,0.0,0.0,1,4,Benign,0,Benign,1
4e-05,0.0,0.0,1,4,Benign,0,Benign,1
3.98e-05,0.0,0.0,1,4,Benign,0,Benign,1
3.97e-05,0.0,0.0,1,4,Benign,0,Benign,1
9.49e-09,2.58e-08,1.34e-07,2,8,Benign,0,Benign,0
3.99e-05,0.0,0.0,1,4,Malicious,1,Malicious,1
5.07e-11,0.0,0.0,1,4,Malicious,1,Malicious,1
1.35e-05,3.78e-08,6.89e-07,1,7,Benign,0,Benign,0
1.27e-11,0.0,0.0,1,4,Malicious,1,Malicious,1
1.27e-11,0.0,0.0,1,4,Malicious,1,Malicious,1
1.39e-05,3.84e-08,6.92e-07,1,7,Benign,0,Benign,1
3.8e-05,0.0,0.0,1,4,Malicious,1,Malicious,1
1.27e-11,0.0,0.0,1,4,Malicious,1,Malicious,1
3.96e-05,0.0,0.0,1,4,Malicious,1,Malicious,1
1.01e-10,0.0,0.0,1,4,Malicious,1,Malicious,1
3.8e-05,0.0,0.0,1,4,Malicious,1,Malicious,1
3.81e-11,0.0,0.0,1,4,Malicious,1,Malicious,1
1.74e-05,4.3e-08,7.22e-07,1,7,Malicious,1,Malicious,1
3.8e-05,0.0,0.0,1,4,Malicious,1,Malicious,1
3.22e-09,0.0,0.0,1,4,Malicious,1,Malicious,1
1.27e-11,0.0,0.0,1,4,Malicious,1,Malicious,1
3.8e-05,0.0,0.0,1,4,Malicious,1,Malicious,1
1.01e-10,0.0,0.0,1,4,Malicious,1,Malicious,1
5.07e-11,0.0,0.0,1,4,Malicious,1,Malicious,1
5.07e-11,0.0,0.0,1,4,Malicious,1,Malicious,1
3.96e-05,0.0,0.0,1,4,Benign,0,Benign,1
3.99e-05,0.0,0.0,1,4,Malicious,1,Malicious,1
3.91e-05,0.0,0.0,1,4,Malicious,1,Malicious,1
1.27e-11,0.0,0.0,1,4,Malicious,1,Malicious,1
1.27e-11,0.0,0.0,1,4,Malicious,1,Malicious,1
3.8e-05,0.0,0.0,1,4,Malicious,1,Malicious,1
1.27e-11,0.0,0.0,1,4,Malicious,1,Malicious,1
3.95e-05,0.0,0.0,1,4,Benign,0,Benign,1
1.27e-11,0.0,0.0,1,4,Malicious,1,Malicious,1
3.99e-05,0.0,0.0,1,4,Malicious,1,Malicious,1
0.0,0.0,0.0,1,4,Malicious,1,Malicious,1
1.67e-07,2.69e-08,3.3e-07,2,8,Benign,0,Benign,0
1.27e-11,0.0,0.0,1,4,Malicious,1,Malicious,1
3.96e-05,0.0,0.0,1,4,Malicious,1,Malicious,1
0.0,0.0,0.0,1,4,Malicious,1,Malicious,1
9.65e-09,1.66e-08,1.34e-07,2,8,Benign,0,Benign,0
6.34e-11,0.0,0.0,1,4,Malicious,1,Malicious,1
6.34e-11,0.0,0.0,1,4,Malicious,1,Malicious,1
1.27e-11,0.0,0.0,1,4,Malicious,1,Malicious,1
6.3e-09,1.66e-08,1.34e-07,2,8,Benign,0,Benign,0
3.96e-05,0.0,0.0,1,4,Benign,0,Benign,1
1.27e-11,0.0,0.0,1,4,Malicious,1,Malicious,1
3.99e-05,0.0,0.0,1,4,Malicious,1,Malicious,1
3.97e-05,0.0,0.0,1,4,Benign,0,Benign,1
1.27e-11,0.0,0.0,1,4,Malicious,1,Malicious,1
6.34e-11,0.0,0.0,1,4,Malicious,1,Malicious,1
3.95e-05,0.0,0.0,1,4,Malicious,1,Malicious,1
0.000400294,2.14e-06,1.45e-05,1,3,Benign,0,Benign,0
0.0,0.0,0.0,1,4,Malicious,1,Malicious,1
3.99e-05,0.0,0.0,1,4,Malicious,1,Malicious,1
4.01e-05,0.0,0.0,1,4,Malicious,1,Malicious,1
3.97e-05,0.0,0.0,1,4,Benign,0,Benign,1
1.27e-11,0.0,0.0,1,4,Malicious,1,Malicious,1
6.01e-08,2.75e-08,1.43e-07,2,8,Benign,0,Benign,0
1.27e-11,0.0,0.0,1,4,Malicious,1,Malicious,1
2.54e-11,0.0,0.0,1,4,Malicious,1,Malicious,1
0.0,0.0,0.0,1,4,Malicious,1,Malicious,1
2.53e-08,2.75e-08,1.43e-07,2,8,Benign,0,Benign,0
3.94e-05,0.0,0.0,1,4,Malicious,1,Malicious,1
3.96e-05,0.0,0.0,1,4,Malicious,1,Malicious,1
5.07e-11,0.0,0.0,1,4,Malicious,1,Malicious,1
0.0,0.0,0.0,1,4,Malicious,1,Malicious,1
3.8e-05,0.0,0.0,1,4,Malicious,1,Malicious,1
6.34e-11,0.0,0.0,1,4,Malicious,1,Malicious,1
3.79e-05,0.0,0.0,1,4,Malicious,1,Malicious,1
1.27e-11,0.0,0.0,1,4,Malicious,1,Malicious,1
1.27e-11,0.0,0.0,1,4,Malicious,1,Malicious,1
1.27e-11,0.0,0.0,1,4,Malicious,1,Malicious,1
1.27e-11,0.0,0.0,1,4,Malicious,1,Malicious,1
0.0,0.0,0.0,1,4,Malicious,1,Malicious,1
5.07e-11,0.0,0.0,1,4,Malicious,1,Malicious,1
3.8e-05,0.0,0.0,1,4,Malicious,1,Malicious,1
5.07e-11,0.0,0.0,1,4,Malicious,1,Malicious,1
3.98e-05,0.0,0.0,1,4,Benign,0,Benign,1
0.0,0.0,0.0,1,4,Malicious,1,Malicious,1
5.07e-11,0.0,0.0,1,4,Malicious,1,Malicious,1
3.95e-05,0.0,0.0,1,4,Benign,0,Benign,1
5.07e-11,0.0,0.0,1,4,Malicious,1,Malicious,1
6.1e-09,2.58e-08,1.34e-07,2,8,Benign,0,Benign,0
6.33e-08,2.75e-08,1.43e-07,2,8,Benign,0,Benign,0
5.17e-05,4.3e-08,7.22e-07,1,7,Malicious,1,Malicious,1
3.8e-05,0.0,0.0,1,4,Malicious,1,Malicious,1
2.56e-05,3.44e-08,3.68e-07,1,3,Malicious,1,Malicious,0
1.27e-11,0.0,0.0,1,4,Malicious,1,Malicious,1
1.27e-11,0.0,0.0,1,4,Malicious,1,Malicious,1
2.54e-11,0.0,0.0,1,4,Malicious,1,Malicious,1
1.27e-11,0.0,0.0,1,4,Malicious,1,Malicious,1
1.27e-11,0.0,0.0,1,4,Malicious,1,Malicious,1
1.27e-11,0.0,0.0,1,4,Malicious,1,Malicious,1
3.27e-09,0.0,0.0,1,4,Malicious,1,Malicious,1
9.55e-09,0.0,0.0,1,4,Malicious,1,Malicious,1
0.0,0.0,0.0,1,4,Malicious,1,Malicious,1
1.27e-11,0.0,0.0,1,4,Malicious,1,Malicious,1
4.01e-05,0.0,0.0,1,4,Malicious,1,Malicious,1
5.07e-11,0.0,0.0,1,4,Malicious,1,Malicious,1
1.27e-11,0.0,0.0,1,4,Malicious,1,Malicious,1
1.27e-11,0.0,0.0,1,4,Malicious,1,Malicious,1
6.34e-11,0.0,0.0,1,4,Malicious,1,Malicious,1
1.27e-11,0.0,0.0,1,4,Malicious,1,Malicious,1
1.27e-11,0.0,0.0,1,4,Malicious,1,Malicious,1
1.27e-11,0.0,0.0,1,4,Malicious,1,Malicious,1
3.93e-05,0.0,0.0,1,4,Malicious,1,Malicious,1
3.94e-05,0.0,0.0,1,4,Malicious,1,Malicious,1
3.99e-05,0.0,0.0,1,4,Malicious,1,Malicious,1
1.27e-11,0.0,0.0,1,4,Malicious,1,Malicious,1
3.92e-05,0.0,0.0,1,4,Malicious,1,Malicious,1
1.27e-11,0.0,0.0,1,4,Malicious,1,Malicious,1
1.27e-11,0.0,0.0,1,4,Malicious,1,Malicious,1
9.47e-09,2.58e-08,1.34e-07,2,8,Benign,0,Benign,0
3.8e-05,0.0,0.0,1,4,Malicious,1,Malicious,1
1.27e-11,0.0,0.0,1,4,Malicious,1,Malicious,1
1.73e-07,2.75e-08,1.43e-07,2,8,Benign,0,Benign,0
2.54e-06,2.12e-08,5.32e-07,2,8,Benign,0,Benign,0
5.07e-11,0.0,0.0,1,4,Malicious,1,Malicious,1
1.27e-11,0.0,0.0,1,4,Malicious,1,Malicious,1
3.49e-07,2.75e-08,1.43e-07,2,8,Benign,0,Benign,0
3.23e-09,0.0,0.0,1,4,Malicious,1,Malicious,1
6.34e-11,0.0,0.0,1,4,Malicious,1,Malicious,1
3.99e-05,0.0,0.0,1,4,Malicious,1,Malicious,1
3.81e-05,0.0,0.0,1,4,Malicious,1,Malicious,1
3.98e-05,0.0,0.0,1,4,Benign,0,Benign,1
4e-05,0.0,0.0,1,4,Benign,0,Benign,1
3.99e-05,0.0,0.0,1,4,Malicious,1,Malicious,1
1.27e-11,0.0,0.0,1,4,Malicious,1,Malicious,1
1.27e-11,0.0,0.0,1,4,Malicious,1,Malicious,1
0.0,0.0,0.0,1,4,Malicious,1,Malicious,1
1.27e-11,0.0,0.0,1,4,Malicious,1,Malicious,1
3.22e-09,0.0,0.0,1,4,Malicious,1,Malicious,1
3.8e-05,0.0,0.0,1,4,Malicious,1,Malicious,1
1.27e-11,0.0,0.0,1,4,Malicious,1,Malicious,1
1.27e-11,0.0,0.0,1,4,Malicious,1,Malicious,1
3.95e-05,0.0,0.0,1,4,Malicious,1,Malicious,1
3.8e-05,0.0,0.0,1,4,Malicious,1,Malicious,1
3.98e-05,0.0,0.0,1,4,Benign,0,Benign,1
0.000215785,7.68e-08,0.0,2,4,Benign,0,Benign,0
3.99e-05,0.0,0.0,1,4,Malicious,1,Malicious,1
0.0,0.0,0.0,1,4,Malicious,1,Malicious,1
3.23e-09,0.0,0.0,1,4,Malicious,1,Malicious,1
1.27e-11,0.0,0.0,1,4,Malicious,1,Malicious,1
3.98e-05,0.0,0.0,1,4,Malicious,1,Malicious,1
5.07e-11,0.0,0.0,1,4,Malicious,1,Malicious,1
3.95e-05,0.0,0.0,1,4,Benign,0,Benign,1
1.27e-11,0.0,0.0,1,4,Malicious,1,Malicious,1
6.24e-09,2.58e-08,1.34e-07,2,8,Benign,0,Benign,0
3.94e-05,0.0,0.0,1,4,Malicious,1,Malicious,1
1.89e-08,2.75e-08,1.43e-07,2,8,Benign,0,Benign,0
3.22e-09,0.0,0.0,1,4,Malicious,1,Malicious,1
1.27e-11,0.0,0.0,1,4,Malicious,1,Malicious,1
1.27e-11,0.0,0.0,1,4,Malicious,1,Malicious,1
1.27e-11,0.0,0.0,1,4,Malicious,1,Malicious,1
3.94e-05,0.0,0.0,1,4,Malicious,1,Malicious,1
5.07e-11,0.0,0.0,1,4,Malicious,1,Malicious,1
5.07e-11,0.0,0.0,1,4,Malicious,1,Malicious,1
1.9e-08,2.75e-08,1.43e-07,2,8,Benign,0,Benign,0
2.51e-08,2.75e-08,1.43e-07,2,8,Benign,0,Benign,0
1.27e-11,0.0,0.0,1,4,Malicious,1,Malicious,1
3.99e-05,0.0,0.0,1,4,Benign,0,Benign,1
0.0,0.0,0.0,1,4,Malicious,1,Malicious,1
6.3e-09,2.58e-08,1.34e-07,2,8,Benign,0,Benign,0
3.91e-05,0.0,0.0,1,4,Benign,0,Benign,1
5.07e-11,0.0,0.0,1,4,Malicious,1,Malicious,1
0.000746692,1.72e-06,0.0,2,4,Benign,0,Benign,0
1.27e-11,0.0,0.0,1,4,Malicious,1,Malicious,1
1.27e-11,0.0,0.0,1,4,Malicious,1,Malicious,1
1.27e-11,0.0,0.0,1,4,Malicious,1,Malicious,1
7.6e-08,2.75e-08,1.43e-07,2,8,Benign,0,Benign,0
4e-05,0.0,0.0,1,4,Malicious,1,Malicious,1
9.46e-09,2.24e-08,3.06e-07,2,8,Benign,0,Benign,0
6.39e-05,4.47e-08,3.06e-07,2,8,Benign,0,Benign,0
0.0,0.0,0.0,1,4,Malicious,1,Malicious,1
3.8e-05,0.0,0.0,1,4,Malicious,1,Malicious,1
1.05e-07,2.75e-08,1.43e-07,2,8,Benign,0,Benign,0
3.99e-05,0.0,0.0,1,4,Malicious,1,Malicious,1
3.91e-05,0.0,0.0,1,4,Malicious,1,Malicious,1
6.32e-09,1.66e-08,1.34e-07,2,8,Benign,0,Benign,0
3.98e-05,0.0,0.0,1,4,Malicious,1,Malicious,1
3.91e-05,0.0,0.0,1,4,Malicious,1,Malicious,1
6.34e-11,0.0,0.0,1,4,Malicious,1,Malicious,1
3.91e-05,0.0,0.0,1,4,Malicious,1,Malicious,1
3.91e-05,0.0,0.0,1,4,Malicious,1,Malicious,1
0.0,0.0,0.0,1,4,Malicious,1,Malicious,1
1.27e-11,0.0,0.0,1,4,Malicious,1,Malicious,1
3.93e-05,0.0,0.0,1,4,Malicious,1,Malicious,1
4.18e-07,2.24e-08,2.79e-07,2,8,Benign,0,Benign,0
6.01e-08,2.75e-08,1.43e-07,2,8,Benign,0,Benign,0
3.92e-05,0.0,0.0,1,4,Benign,0,Benign,1
3.96e-05,0.0,0.0,1,4,Benign,0,Benign,1
1.9e-08,2.75e-08,1.43e-07,2,8,Benign,0,Benign,0
5.28e-05,3.84e-08,6.92e-07,1,7,Benign,0,Benign,1
1.4e-07,2.75e-08,1.43e-07,2,8,Benign,0,Benign,0
6.35e-05,4.47e-08,0.0,2,4,Benign,0,Benign,0
5.07e-11,0.0,0.0,1,4,Malicious,1,Malicious,1
1.46e-06,1.38e-07,2.73e-07,1,0,Benign,0,Benign,0
5.07e-11,0.0,0.0,1,4,Malicious,1,Malicious,1
3.8e-05,0.0,0.0,1,4,Malicious,1,Malicious,1
6.34e-11,0.0,0.0,1,4,Malicious,1,Malicious,1
1.01e-10,1.03e-07,0.0,0,0,Benign,0,Benign,0
3.8e-05,0.0,0.0,1,4,Malicious,1,Malicious,1
0.0,0.0,0.0,1,4,Malicious,1,Malicious,1
1.27e-11,0.0,0.0,1,4,Malicious,1,Malicious,1
1.27e-11,0.0,0.0,1,4,Malicious,1,Malicious,1
3.95e-05,0.0,0.0,1,4,Malicious,1,Malicious,1
2.21e-08,2.75e-08,1.43e-07,2,8,Benign,0,Benign,0
3.99e-05,0.0,0.0,1,4,Malicious,1,Malicious,1
1.59e-07,2.75e-08,1.43e-07,2,8,Benign,0,Benign,0
1.27e-11,0.0,0.0,1,4,Malicious,1,Malicious,1
0.0,0.0,0.0,1,4,Malicious,1,Malicious,1
9.49e-09,1.66e-08,1.34e-07,2,8,Benign,0,Benign,0
3.95e-05,0.0,0.0,1,4,Malicious,1,Malicious,1
1.27e-11,0.0,0.0,1,4,Malicious,1,Malicious,1
1.27e-11,0.0,0.0,1,4,Malicious,1,Malicious,1
3.8e-05,0.0,0.0,1,4,Malicious,1,Malicious,1
3.96e-05,0.0,0.0,1,4,Benign,0,Benign,1
3.8e-05,0.0,0.0,1,4,Malicious,1,Malicious,1
1.27e-11,0.0,0.0,1,4,Malicious,1,Malicious,1
5.07e-11,0.0,0.0,1,4,Malicious,1,Malicious,1
1.27e-11,0.0,0.0,1,4,Malicious,1,Malicious,1
3.8e-05,0.0,0.0,1,4,Malicious,1,Malicious,1
3.49e-08,2.75e-08,1.43e-07,2,8,Benign,0,Benign,0
3.8e-05,0.0,0.0,1,4,Benign,0,Benign,1
2.54e-11,0.0,0.0,1,4,Malicious,1,Malicious,1
3.98e-05,0.0,0.0,1,4,Benign,0,Benign,1
0.016778683,4.6e-06,3.02e-05,1,5,Benign,0,Benign,0
1.27e-11,0.0,0.0,1,4,Malicious,1,Malicious,1
3.99e-05,0.0,0.0,1,4,Malicious,1,Malicious,1
3.92e-05,0.0,0.0,1,4,Benign,0,Benign,1
3.95e-05,0.0,0.0,1,4,Malicious,1,Malicious,1
3.8e-05,0.0,0.0,1,4,Malicious,1,Malicious,1
1.27e-11,0.0,0.0,1,4,Malicious,1,Malicious,1
5.42e-08,5.5e-08,1.85e-06,2,8,Benign,0,Benign,0
1.14e-06,2.75e-08,1.43e-07,2,8,Benign,0,Benign,0
5.07e-11,0.0,0.0,1,4,Malicious,1,Malicious,1
4.01e-05,0.0,0.0,1,4,Malicious,1,Malicious,1
4e-05,0.0,0.0,1,4,Malicious,1,Malicious,1
3.96e-05,0.0,0.0,1,4,Benign,0,Benign,1
6.15e-07,2.75e-08,1.43e-07,2,8,Benign,0,Benign,0
3.98e-05,0.0,0.0,1,4,Benign,0,Benign,1
7.28e-08,2.75e-08,1.43e-07,2,8,Benign,0,Benign,0
3.8e-05,0.0,0.0,1,4,Malicious,1,Malicious,1
8.88e-11,0.0,0.0,1,4,Malicious,1,Malicious,1
3.22e-09,0.0,0.0,1,4,Malicious,1,Malicious,1
1.27e-11,0.0,0.0,1,4,Malicious,1,Malicious,1
1.27e-11,0.0,0.0,1,4,Malicious,1,Malicious,1
1.27e-11,0.0,0.0,1,4,Malicious,1,Malicious,1
3.8e-05,0.0,0.0,1,4,Malicious,1,Malicious,1
1.27e-11,0.0,0.0,1,4,Malicious,1,Malicious,1
1.4e-05,4.3e-08,7.22e-07,1,7,Malicious,1,Malicious,1
1.27e-11,0.0,0.0,1,4,Malicious,1,Malicious,1
3.48e-08,2.75e-08,1.43e-07,2,8,Benign,0,Benign,0
3.99e-05,0.0,0.0,1,4,Benign,0,Benign,1
4.01e-05,0.0,0.0,1,4,Malicious,1,Malicious,1
3.93e-05,0.0,0.0,1,4,Benign,0,Benign,1
3.95e-05,0.0,0.0,1,4,Malicious,1,Malicious,1
3.8e-05,0.0,0.0,1,4,Malicious,1,Malicious,1
1.27e-11,0.0,0.0,1,4,Malicious,1,Malicious,1
1.46e-07,0.0,0.0,1,8,Benign,0,Benign,0
1.27e-11,0.0,0.0,1,4,Malicious,1,Malicious,1
0.0,0.0,0.0,1,4,Malicious,1,Malicious,1
1.27e-11,0.0,0.0,1,4,Malicious,1,Malicious,1
1.05e-07,5.5e-08,2.85e-07,2,8,Benign,0,Benign,0
1.27e-11,0.0,0.0,1,4,Malicious,1,Malicious,1
0.0,0.0,0.0,1,4,Malicious,1,Malicious,1
2.47e-07,2.58e-08,1.34e-07,2,8,Benign,0,Benign,0
3.8e-05,0.0,0.0,1,4,Malicious,1,Malicious,1
2.89e-06,7.74e-08,7.07e-07,1,8,Benign,0,Benign,0
1.27e-11,0.0,0.0,1,4,Malicious,1,Malicious,1
3.92e-05,0.0,0.0,1,4,Malicious,1,Malicious,1
1.27e-11,0.0,0.0,1,4,Malicious,1,Malicious,1
0.0,0.0,0.0,1,4,Malicious,1,Malicious,1
1.27e-11,0.0,0.0,1,4,Malicious,1,Malicious,1
1.27e-11,0.0,0.0,1,4,Malicious,1,Malicious,1
1.27e-11,0.0,0.0,1,4,Malicious,1,Malicious,1
1.27e-11,0.0,0.0,1,4,Malicious,1,Malicious,1
6.35e-05,4.47e-08,0.0,2,4,Benign,0,Benign,0
3.95e-05,0.0,0.0,1,4,Malicious,1,Malicious,1
3.48e-08,1.66e-08,1.34e-07,2,8,Benign,0,Benign,0
1.27e-11,0.0,0.0,1,4,Malicious,1,Malicious,1
1.27e-11,0.0,0.0,1,4,Malicious,1,Malicious,1
6.35e-05,4.47e-08,0.0,2,4,Benign,0,Benign,0
5.07e-11,0.0,0.0,1,4,Malicious,1,Malicious,1
3.8e-05,0.0,0.0,1,4,Malicious,1,Malicious,1
1.27e-11,0.0,0.0,1,4,Malicious,1,Malicious,1
1.27e-11,0.0,0.0,1,4,Malicious,1,Malicious,1
6.24e-09,2.58e-08,1.34e-07,2,8,Benign,0,Benign,0
1.88e-08,2.75e-08,1.43e-07,2,8,Benign,0,Benign,0
5.07e-11,0.0,0.0,1,4,Malicious,1,Malicious,1
3.98e-05,0.0,0.0,1,4,Benign,0,Benign,1
1.27e-11,0.0,0.0,1,4,Malicious,1,Malicious,1
1.05e-07,5.5e-08,2.85e-07,2,8,Benign,0,Benign,0
1.27e-11,0.0,0.0,1,4,Malicious,1,Malicious,1
6.43e-09,0.0,0.0,1,4,Malicious,1,Malicious,1
6.34e-11,0.0,0.0,1,4,Malicious,1,Malicious,1
3.95e-05,0.0,0.0,1,4,Malicious,1,Malicious,1
3.93e-05,0.0,0.0,1,4,Malicious,1,Malicious,1
1.27e-11,0.0,0.0,1,4,Malicious,1,Malicious,1
1.27e-11,0.0,0.0,1,4,Malicious,1,Malicious,1
1.27e-11,0.0,0.0,1,4,Malicious,1,Malicious,1
3.27e-09,0.0,0.0,1,4,Malicious,1,Malicious,1
1.27e-11,0.0,0.0,1,4,Malicious,1,Malicious,1
1.27e-11,0.0,0.0,1,4,Malicious,1,Malicious,1
0.0,0.0,0.0,1,4,Malicious,1,Malicious,1
1.27e-11,0.0,0.0,1,4,Malicious,1,Malicious,1
1.27e-11,0.0,0.0,1,4,Malicious,1,Malicious,1
0.0,0.0,0.0,1,4,Malicious,1,Malicious,1
5.07e-11,0.0,0.0,1,4,Malicious,1,Malicious,1
1.74e-07,2.75e-08,1.43e-07,2,8,Benign,0,Benign,0
1.27e-11,0.0,0.0,1,4,Malicious,1,Malicious,1
5.07e-11,0.0,0.0,1,4,Malicious,1,Malicious,1
1.27e-11,0.0,0.0,1,4,Malicious,1,Malicious,1
3.96e-05,0.0,0.0,1,4,Benign,0,Benign,1
3.79e-05,0.0,0.0,1,4,Malicious,1,Malicious,1
3.92e-05,0.0,0.0,1,4,Benign,0,Benign,1
5.07e-11,0.0,0.0,1,4,Malicious,1,Malicious,1
1.14e-07,2.75e-08,1.43e-07,2,8,Benign,0,Benign,0
1.27e-11,0.0,0.0,1,4,Malicious,1,Malicious,1
1.27e-11,0.0,0.0,1,4,Malicious,1,Malicious,1
1.01e-10,0.0,0.0,1,4,Malicious,1,Malicious,1
6.33e-08,2.75e-08,1.43e-07,2,8,Benign,0,Benign,0
0.001212655,1.95e-07,8.59e-07,2,8,Benign,0,Benign,0
1.27e-11,0.0,0.0,1,4,Malicious,1,Malicious,1
3.93e-05,0.0,0.0,1,4,Malicious,1,Malicious,1
1.27e-11,0.0,0.0,1,4,Malicious,1,Malicious,1
2.21e-08,2.75e-08,1.43e-07,2,8,Benign,0,Benign,0
4.01e-05,0.0,0.0,1,4,Malicious,1,Malicious,1
1.27e-08,0.0,0.0,1,4,Malicious,1,Malicious,1
1.27e-11,0.0,0.0,1,4,Malicious,1,Malicious,1
0.0,0.0,0.0,1,4,Malicious,1,Malicious,1
6.34e-11,0.0,0.0,1,4,Malicious,1,Malicious,1
4e-05,0.0,0.0,1,4,Benign,0,Benign,1
6.96e-08,2.75e-08,1.43e-07,2,8,Benign,0,Benign,0
3.8e-05,0.0,0.0,1,4,Malicious,1,Malicious,1
1.27e-11,0.0,0.0,1,4,Malicious,1,Malicious,1
3.99e-05,0.0,0.0,1,4,Malicious,1,Malicious,1
3.8e-05,0.0,0.0,1,4,Malicious,1,Malicious,1
1.27e-11,0.0,0.0,1,4,Malicious,1,Malicious,1
1.34e-05,4.3e-08,7.22e-07,1,7,Malicious,1,Malicious,0
3.8e-05,0.0,0.0,1,4,Malicious,1,Malicious,1
1.42e-07,2.12e-08,1.57e-07,2,8,Benign,0,Benign,0
3.99e-05,0.0,0.0,1,4,Malicious,1,Malicious,1
3.94e-05,0.0,0.0,1,4,Malicious,1,Malicious,1
1.27e-11,0.0,0.0,1,4,Malicious,1,Malicious,1
1.27e-11,0.0,0.0,1,4,Malicious,1,Malicious,1
6.34e-11,0.0,0.0,1,4,Malicious,1,Malicious,1
3.94e-05,0.0,0.0,1,4,Malicious,1,Malicious,1
6.34e-11,0.0,0.0,1,4,Malicious,1,Malicious,1
3.8e-05,0.0,0.0,1,4,Malicious,1,Malicious,1
6.35e-05,4.47e-08,0.0,2,4,Benign,0,Benign,0
1.27e-11,0.0,0.0,1,4,Malicious,1,Malicious,1
3.03e-06,0.0,0.0,1,8,Benign,0,Benign,0
9.46e-09,2.24e-08,3.06e-07,2,8,Benign,0,Benign,0
1.27e-11,0.0,0.0,1,4,Malicious,1,Malicious,1
5.29e-05,4.3e-08,7.22e-07,1,7,Malicious,1,Malicious,1
2.03e-06,2.24e-08,3.06e-07,2,8,Benign,0,Benign,0
3.98e-05,0.0,0.0,1,4,Malicious,1,Malicious,1
0.000680984,1.38e-07,0.0,2,4,Benign,0,Benign,0
3.95e-05,0.0,0.0,1,4,Malicious,1,Malicious,1
1.27e-11,0.0,0.0,1,4,Malicious,1,Malicious,1
1.27e-11,0.0,0.0,1,4,Malicious,1,Malicious,1
3.8e-05,0.0,0.0,1,4,Malicious,1,Malicious,1
1.08e-05,4.3e-08,7.22e-07,1,7,Malicious,1,Malicious,1
1.27e-11,0.0,0.0,1,4,Malicious,1,Malicious,1
0.0,0.0,0.0,1,4,Malicious,1,Malicious,1
5.07e-11,0.0,0.0,1,4,Malicious,1,Malicious,1
5.07e-11,0.0,0.0,1,4,Malicious,1,Malicious,1
5.07e-11,0.0,0.0,1,4,Malicious,1,Malicious,1
2.54e-11,5.5e-08,0.0,2,4,Benign,0,Benign,0
3.8e-05,0.0,0.0,1,4,Malicious,1,Malicious,1
3.78e-08,2.75e-08,1.43e-07,2,8,Benign,0,Benign,0
5.07e-11,0.0,0.0,1,4,Malicious,1,Malicious,1
1.27e-11,0.0,0.0,1,4,Malicious,1,Malicious,1
3.98e-05,0.0,0.0,1,4,Benign,0,Benign,1
1.12e-06,2.75e-08,1.43e-07,2,8,Benign,0,Benign,0
6.35e-05,4.47e-08,0.0,2,4,Benign,0,Benign,0
8.55e-08,2.75e-08,1.43e-07,2,8,Benign,0,Benign,0
1.27e-11,0.0,0.0,1,4,Malicious,1,Malicious,1
3.46e-08,2.75e-08,1.43e-07,2,8,Benign,0,Benign,0
1.27e-11,0.0,0.0,1,4,Malicious,1,Malicious,1
3.93e-05,0.0,0.0,1,4,Benign,0,Benign,1
6.37e-09,0.0,0.0,1,4,Malicious,1,Malicious,1
1.27e-11,0.0,0.0,1,4,Malicious,1,Malicious,1
0.0,0.0,0.0,1,4,Malicious,1,Malicious,1
3.94e-05,0.0,0.0,1,4,Malicious,1,Malicious,1
6.64e-08,2.75e-08,1.43e-07,2,8,Benign,0,Benign,0
1.27e-11,0.0,0.0,1,4,Malicious,1,Malicious,1
1.27e-11,0.0,0.0,1,4,Malicious,1,Malicious,1
5.39e-08,5.5e-08,2.85e-07,2,8,Benign,0,Benign,0
1.27e-11,0.0,0.0,1,4,Malicious,1,Malicious,1
5.07e-11,0.0,0.0,1,4,Malicious,1,Malicious,1
2.64e-05,3.84e-08,6.92e-07,1,7,Benign,0,Benign,1
1.3e-07,1.66e-08,1.34e-07,2,8,Benign,0,Benign,0
3.97e-05,0.0,0.0,1,4,Malicious,1,Malicious,1
4e-05,0.0,0.0,1,4,Malicious,1,Malicious,1
0.0,0.0,0.0,1,4,Malicious,1,Malicious,1
3.15e-06,2.24e-08,3.06e-07,2,8,Benign,0,Benign,0
3.81e-11,0.0,0.0,1,4,Malicious,1,Malicious,1
3.8e-05,0.0,0.0,1,4,Malicious,1,Malicious,1
1.27e-11,0.0,0.0,1,4,Malicious,1,Malicious,1
1.76e-07,2.75e-08,1.43e-07,2,8,Benign,0,Benign,0
3.8e-05,0.0,0.0,1,4,Malicious,1,Malicious,1
5.07e-11,0.0,0.0,1,4,Malicious,1,Malicious,1
1.27e-11,0.0,0.0,1,4,Malicious,1,Malicious,1
3.8e-05,0.0,0.0,1,4,Malicious,1,Malicious,1
3.97e-05,0.0,0.0,1,4,Malicious,1,Malicious,1
1.27e-11,0.0,0.0,1,4,Malicious,1,Malicious,1
1.27e-11,0.0,0.0,1,4,Malicious,1,Malicious,1
1.43e-05,3.84e-08,6.66e-07,1,7,Benign,0,Benign,1
1.27e-11,0.0,0.0,1,4,Malicious,1,Malicious,1
2.64e-05,4.3e-08,7.22e-07,1,7,Malicious,1,Malicious,1
3.8e-05,0.0,0.0,1,4,Malicious,1,Malicious,1
6.1e-09,2.58e-08,1.34e-07,2,8,Benign,0,Benign,0
5.07e-11,0.0,0.0,1,4,Malicious,1,Malicious,1
0.0,0.0,0.0,1,4,Malicious,1,Malicious,1
6.34e-11,0.0,0.0,1,4,Malicious,1,Malicious,1
1.27e-11,0.0,0.0,1,4,Malicious,1,Malicious,1
3.94e-05,0.0,0.0,1,4,Malicious,1,Malicious,1
3.99e-05,0.0,0.0,1,4,Malicious,1,Malicious,1
3.98e-05,0.0,0.0,1,4,Benign,0,Benign,1
3.94e-05,0.0,0.0,1,4,Benign,0,Benign,1
0.0,0.0,0.0,1,4,Malicious,1,Malicious,1
0.0,0.0,0.0,1,4,Malicious,1,Malicious,1
5.07e-11,0.0,0.0,1,4,Malicious,1,Malicious,1
4.21e-07,2.75e-08,1.43e-07,2,8,Benign,0,Benign,0
5.07e-11,0.0,0.0,1,4,Malicious,1,Malicious,1
3.8e-05,0.0,0.0,1,4,Malicious,1,Malicious,1
1.27e-11,0.0,0.0,1,4,Malicious,1,Malicious,1
4e-05,0.0,0.0,1,4,Benign,0,Benign,1
4.21e-06,0.0,0.0,1,1,Benign,0,Benign,0
6.34e-11,0.0,0.0,1,4,Malicious,1,Malicious,1
5.07e-11,0.0,0.0,1,4,Malicious,1,Malicious,1
3.8e-05,0.0,0.0,1,4,Malicious,1,Malicious,1
3.99e-05,0.0,0.0,1,4,Malicious,1,Malicious,1
3.22e-09,0.0,0.0,1,4,Malicious,1,Malicious,1
1.27e-11,0.0,0.0,1,4,Malicious,1,Malicious,1
4e-05,0.0,0.0,1,4,Benign,0,Benign,1
3.79e-05,0.0,0.0,1,4,Malicious,1,Malicious,1
3.99e-05,0.0,0.0,1,4,Malicious,1,Malicious,1
6.01e-08,5.5e-08,2.85e-07,2,8,Benign,0,Benign,0
3.97e-05,0.0,0.0,1,4,Benign,0,Benign,1
1.29e-05,2.98e-08,3.68e-07,1,3,Benign,0,Benign,0
1.27e-11,0.0,0.0,1,4,Malicious,1,Malicious,1
6.34e-11,0.0,0.0,1,4,Malicious,1,Malicious,1
1.27e-11,0.0,0.0,1,4,Malicious,1,Malicious,1
6.34e-11,0.0,0.0,1,4,Malicious,1,Malicious,1
1.27e-11,0.0,0.0,1,4,Malicious,1,Malicious,1
3.99e-05,0.0,0.0,1,4,Benign,0,Benign,1
9.39e-09,1.66e-08,1.34e-07,2,8,Benign,0,Benign,0
6.64e-08,2.75e-08,1.43e-07,2,8,Benign,0,Benign,0
4.44e-07,2.75e-08,1.43e-07,2,8,Benign,0,Benign,0
1.27e-11,0.0,0.0,1,4,Malicious,1,Malicious,1
1.27e-11,0.0,0.0,1,4,Malicious,1,Malicious,1
0.0,0.0,0.0,1,4,Malicious,1,Malicious,1
5.07e-11,0.0,0.0,1,4,Malicious,1,Malicious,1
1.27e-11,0.0,0.0,1,4,Malicious,1,Malicious,1
4e-05,0.0,0.0,1,4,Malicious,1,Malicious,1
3.92e-05,0.0,0.0,1,4,Malicious,1,Malicious,1
7.29e-08,2.75e-08,1.43e-07,2,8,Benign,0,Benign,0
2.84e-06,9.14e-07,5.26e-07,1,8,Benign,0,Benign,0
1.27e-11,0.0,0.0,1,4,Malicious,1,Malicious,1
1.27e-11,0.0,0.0,1,4,Malicious,1,Malicious,1
3.93e-05,0.0,0.0,1,4,Malicious,1,Malicious,1
1.38e-05,4.3e-08,7.22e-07,1,7,Malicious,1,Malicious,0
3.91e-05,0.0,0.0,1,4,Benign,0,Benign,1
1.27e-11,0.0,0.0,1,4,Malicious,1,Malicious,1
3.48e-08,2.75e-08,1.43e-07,2,8,Benign,0,Benign,0
1.27e-11,0.0,0.0,1,4,Malicious,1,Malicious,1
1.27e-11,0.0,0.0,1,4,Malicious,1,Malicious,1
1.27e-11,0.0,0.0,1,4,Malicious,1,Malicious,1
3.3e-09,0.0,0.0,1,4,Malicious,1,Malicious,1
1.27e-11,0.0,0.0,1,4,Malicious,1,Malicious,1
0.0,0.0,0.0,1,4,Malicious,1,Malicious,1
2.19e-08,2.75e-08,1.43e-07,2,8,Benign,0,Benign,0
3.97e-05,0.0,0.0,1,4,Malicious,1,Malicious,1
3.92e-05,0.0,0.0,1,4,Benign,0,Benign,1
3.95e-05,0.0,0.0,1,4,Benign,0,Benign,1
3.99e-05,0.0,0.0,1,4,Malicious,1,Malicious,1
3.92e-05,0.0,0.0,1,4,Malicious,1,Malicious,1
3.79e-05,0.0,0.0,1,4,Malicious,1,Malicious,1
3.8e-05,0.0,0.0,1,4,Malicious,1,Malicious,1
0.0,0.0,0.0,1,4,Malicious,1,Malicious,1
3.81e-11,0.0,0.0,1,4,Malicious,1,Malicious,1
6.33e-09,1.66e-08,1.34e-07,2,8,Benign,0,Benign,0
1.27e-11,0.0,0.0,1,4,Malicious,1,Malicious,1
3.81e-05,0.0,0.0,1,4,Malicious,1,Malicious,1
1.27e-11,0.0,0.0,1,4,Malicious,1,Malicious,1
4.01e-05,0.0,0.0,1,4,Malicious,1,Malicious,1
1.27e-11,0.0,0.0,1,4,Malicious,1,Malicious,1
5.07e-11,0.0,0.0,1,4,Malicious,1,Malicious,1
0.001281129,4.25e-07,0.0,2,4,Benign,0,Benign,0
2.86e-06,0.0,0.0,1,1,Benign,0,Benign,0
3.99e-05,0.0,0.0,1,4,Benign,0,Benign,1
4.12e-08,2.75e-08,1.43e-07,2,8,Benign,0,Benign,0
3.93e-05,0.0,0.0,1,4,Malicious,1,Malicious,1
3.8e-05,0.0,0.0,1,4,Malicious,1,Malicious,1
3.97e-05,0.0,0.0,1,4,Malicious,1,Malicious,1
3.8e-05,0.0,0.0,1,4,Malicious,1,Malicious,1
6.32e-09,2.58e-08,1.34e-07,2,8,Benign,0,Benign,0
1.27e-11,0.0,0.0,1,4,Malicious,1,Malicious,1
6.34e-11,0.0,0.0,1,4,Malicious,1,Malicious,1
0.001683829,2.33e-07,2.01e-06,2,8,Benign,0,Benign,0
3.8e-08,2.75e-08,1.43e-07,2,8,Benign,0,Benign,0
0.0,0.0,0.0,1,4,Malicious,1,Malicious,1
6.34e-11,0.0,0.0,1,4,Malicious,1,Malicious,1
3.91e-05,0.0,0.0,1,4,Malicious,1,Malicious,1
3.8e-05,0.0,0.0,1,4,Malicious,1,Malicious,1
1.44e-05,4.3e-08,7.22e-07,1,7,Malicious,1,Malicious,1
1.27e-11,0.0,0.0,1,4,Malicious,1,Malicious,1
1.27e-11,0.0,0.0,1,4,Malicious,1,Malicious,1
6.3e-09,1.66e-08,1.34e-07,2,8,Benign,0,Benign,0
9.82e-08,2.75e-08,1.43e-07,2,8,Benign,0,Benign,0
3.96e-05,0.0,0.0,1,4,Malicious,1,Malicious,1
1.01e-10,0.0,0.0,1,4,Malicious,1,Malicious,1
0.0,0.0,0.0,1,4,Malicious,1,Malicious,1
3.8e-05,0.0,0.0,1,4,Malicious,1,Malicious,1
1.27e-11,0.0,0.0,1,4,Malicious,1,Malicious,1
3.81e-11,0.0,0.0,1,4,Malicious,1,Malicious,1
1.27e-11,0.0,0.0,1,4,Malicious,1,Malicious,1
1.27e-11,0.0,0.0,1,4,Malicious,1,Malicious,1
3.91e-05,0.0,0.0,1,4,Malicious,1,Malicious,1
1.27e-11,0.0,0.0,1,4,Malicious,1,Malicious,1
3.07e-09,0.0,0.0,1,4,Malicious,1,Malicious,1
9.47e-09,1.66e-08,1.34e-07,2,8,Benign,0,Benign,0
3.96e-05,0.0,0.0,1,4,Malicious,1,Malicious,1
2.63e-07,2.58e-08,1.34e-07,2,8,Benign,0,Benign,0
6.97e-08,2.75e-08,1.43e-07,2,8,Benign,0,Benign,0
1.01e-10,0.0,0.0,1,4,Malicious,1,Malicious,1
6.39e-09,0.0,0.0,1,4,Malicious,1,Malicious,1
1.27e-11,0.0,0.0,1,4,Malicious,1,Malicious,1
1.27e-11,0.0,0.0,1,4,Malicious,1,Malicious,1
0.0,0.0,0.0,1,4,Malicious,1,Malicious,1
1.27e-11,0.0,0.0,1,4,Malicious,1,Malicious,1
3.17e-09,0.0,0.0,1,4,Malicious,1,Malicious,1
3.8e-05,0.0,0.0,1,4,Malicious,1,Malicious,1
3.92e-05,0.0,0.0,1,4,Malicious,1,Malicious,1
3.99e-05,0.0,0.0,1,4,Malicious,1,Malicious,1
9.55e-09,0.0,0.0,1,4,Malicious,1,Malicious,1
3.96e-05,0.0,0.0,1,4,Benign,0,Benign,1
3.8e-05,0.0,0.0,1,4,Malicious,1,Malicious,1
1.27e-11,0.0,0.0,1,4,Malicious,1,Malicious,1
1.27e-11,0.0,0.0,1,4,Malicious,1,Malicious,1
3.99e-05,0.0,0.0,1,4,Benign,0,Benign,1
3.99e-05,0.0,0.0,1,4,Malicious,1,Malicious,1
3.95e-05,0.0,0.0,1,4,Benign,0,Benign,1
3.81e-11,0.0,0.0,1,4,Malicious,1,Malicious,1
1.27e-11,0.0,0.0,1,4,Malicious,1,Malicious,1
1.27e-11,0.0,0.0,1,4,Malicious,1,Malicious,1
6.39e-05,4.47e-08,3.06e-07,2,8,Benign,0,Benign,0
3.8e-05,0.0,0.0,1,4,Malicious,1,Malicious,1
1.27e-11,0.0,0.0,1,4,Malicious,1,Malicious,1
3.8e-05,0.0,0.0,1,4,Malicious,1,Malicious,1
1.27e-11,0.0,0.0,1,4,Malicious,1,Malicious,1
3.21e-09,0.0,0.0,1,4,Malicious,1,Malicious,1
4.24e-06,0.0,0.0,1,1,Benign,0,Benign,0
1.27e-11,0.0,0.0,1,4,Malicious,1,Malicious,1
1.27e-11,0.0,0.0,1,4,Malicious,1,Malicious,1
3.48e-08,1.66e-08,1.34e-07,2,8,Benign,0,Benign,0
3.81e-11,0.0,0.0,1,4,Malicious,1,Malicious,1
2.54e-11,0.0,0.0,1,4,Malicious,1,Malicious,1
1.35e-05,3.84e-08,6.92e-07,1,7,Benign,0,Benign,0
6.32e-09,1.66e-08,1.34e-07,2,8,Benign,0,Benign,0
3.97e-05,0.0,0.0,1,4,Benign,0,Benign,1
3.97e-05,0.0,0.0,1,4,Malicious,1,Malicious,1
2.87e-09,0.0,0.0,1,4,Malicious,1,Malicious,1
3.79e-05,0.0,0.0,1,4,Malicious,1,Malicious,1
2.85e-07,2.58e-08,1.34e-07,2,8,Benign,0,Benign,0
5.07e-11,0.0,0.0,1,4,Malicious,1,Malicious,1
1.27e-11,0.0,0.0,1,4,Malicious,1,Malicious,1
1.27e-11,0.0,0.0,1,4,Malicious,1,Malicious,1
0.0,0.0,0.0,1,4,Malicious,1,Malicious,1
3.48e-08,2.75e-08,1.43e-07,2,8,Benign,0,Benign,0
1.27e-11,0.0,0.0,1,4,Malicious,1,Malicious,1
1.27e-11,0.0,0.0,1,4,Malicious,1,Malicious,1
3.64e-07,2.58e-08,1.34e-07,2,8,Benign,0,Benign,0
3.94e-05,0.0,0.0,1,4,Malicious,1,Malicious,1
6.3e-09,1.66e-08,1.34e-07,2,8,Benign,0,Benign,0
3.94e-05,0.0,0.0,1,4,Malicious,1,Malicious,1
0.0,0.0,0.0,1,4,Malicious,1,Malicious,1
5.25e-05,3.38e-07,5.35e-06,1,8,Malicious,1,Malicious,1
2.87e-09,0.0,0.0,1,4,Malicious,1,Malicious,1
3.15e-09,0.0,0.0,1,4,Malicious,1,Malicious,1
3.98e-05,0.0,0.0,1,4,Benign,0,Benign,1
1.27e-11,0.0,0.0,1,4,Malicious,1,Malicious,1
1.27e-11,0.0,0.0,1,4,Malicious,1,Malicious,1
6.34e-11,0.0,0.0,1,4,Malicious,1,Malicious,1
0.106739889,1.47e-06,5.11e-05,1,7,Malicious,1,Malicious,0
1.14e-10,0.0,0.0,1,4,Malicious,1,Malicious,1
1.27e-11,0.0,0.0,1,4,Malicious,1,Malicious,1
5.07e-11,0.0,0.0,1,4,Malicious,1,Malicious,1
1.27e-11,0.0,0.0,1,4,Malicious,1,Malicious,1
3.79e-05,0.0,0.0,1,4,Malicious,1,Malicious,1
6.66e-08,5.5e-08,2.85e-07,2,8,Benign,0,Benign,0
5.07e-11,0.0,0.0,1,4,Malicious,1,Malicious,1
9.82e-08,2.75e-08,1.43e-07,2,8,Benign,0,Benign,0
3.81e-11,0.0,0.0,1,4,Malicious,1,Malicious,1
6.34e-11,0.0,0.0,1,4,Malicious,1,Malicious,1
0.0,0.0,0.0,1,4,Malicious,1,Malicious,1
3.93e-05,0.0,0.0,1,4,Benign,0,Benign,1
1.27e-11,0.0,0.0,1,4,Malicious,1,Malicious,1
3.48e-08,2.75e-08,1.43e-07,2,8,Benign,0,Benign,0
3.99e-05,0.0,0.0,1,4,Malicious,1,Malicious,1
6.3e-09,1.66e-08,1.34e-07,2,8,Benign,0,Benign,0
1.41e-05,3.84e-08,6.92e-07,1,7,Benign,0,Benign,1
3.95e-05,0.0,0.0,1,4,Malicious,1,Malicious,1
1.37e-05,3.84e-08,6.92e-07,1,7,Benign,0,Benign,0
6.35e-05,5.16e-08,0.0,2,4,Benign,0,Benign,0
3.94e-05,0.0,0.0,1,4,Malicious,1,Malicious,1
3.95e-05,0.0,0.0,1,4,Benign,0,Benign,1
3.99e-05,0.0,0.0,1,4,Malicious,1,Malicious,1
5.38e-08,2.75e-08,1.43e-07,2,8,Benign,0,Benign,0
1.78e-05,0.0,0.0,1,1,Benign,0,Benign,0
3.95e-05,0.0,0.0,1,4,Malicious,1,Malicious,1
1.68e-07,2.75e-08,1.43e-07,2,8,Benign,0,Benign,0
1.27e-11,0.0,0.0,1,4,Malicious,1,Malicious,1
3.79e-05,0.0,0.0,1,4,Malicious,1,Malicious,1
1.27e-11,0.0,0.0,1,4,Malicious,1,Malicious,1
3.93e-05,0.0,0.0,1,4,Benign,0,Benign,1
1.27e-11,0.0,0.0,1,4,Malicious,1,Malicious,1
1.27e-11,0.0,0.0,1,4,Malicious,1,Malicious,1
1.27e-11,0.0,0.0,1,4,Malicious,1,Malicious,1
0.0,0.0,0.0,1,4,Malicious,1,Malicious,1
6.34e-11,0.0,0.0,1,4,Malicious,1,Malicious,1
1.27e-11,0.0,0.0,1,4,Malicious,1,Malicious,1
3.8e-05,0.0,0.0,1,4,Malicious,1,Malicious,1
3.8e-05,0.0,0.0,1,4,Malicious,1,Malicious,1
3.99e-05,0.0,0.0,1,4,Malicious,1,Malicious,1
3.95e-05,0.0,0.0,1,4,Benign,0,Benign,1
3.99e-05,0.0,0.0,1,4,Malicious,1,Malicious,1
3.99e-05,0.0,0.0,1,4,Malicious,1,Malicious,1
1.27e-11,0.0,0.0,1,4,Malicious,1,Malicious,1
3.95e-05,0.0,0.0,1,4,Malicious,1,Malicious,1
3.8e-05,0.0,0.0,1,4,Malicious,1,Malicious,1
0.0,0.0,0.0,1,4,Malicious,1,Malicious,1
3.22e-09,0.0,0.0,1,4,Malicious,1,Malicious,1
1.27e-11,0.0,0.0,1,4,Malicious,1,Malicious,1
1.27e-08,0.0,0.0,1,4,Malicious,1,Malicious,1
3.92e-05,0.0,0.0,1,4,Benign,0,Benign,1
0.0,0.0,0.0,1,4,Malicious,1,Malicious,1
1.27e-11,0.0,0.0,1,4,Malicious,1,Malicious,1
3.81e-11,0.0,0.0,1,4,Malicious,1,Malicious,1
1.59e-07,2.29e-08,1.66e-07,2,8,Benign,0,Benign,0
3.94e-05,0.0,0.0,1,4,Malicious,1,Malicious,1
1.01e-10,0.0,0.0,1,4,Malicious,1,Malicious,1
0.0,0.0,0.0,1,4,Malicious,1,Malicious,1
3.21e-09,0.0,0.0,1,4,Malicious,1,Malicious,1
2.21e-08,2.75e-08,1.43e-07,2,8,Benign,0,Benign,0
1.27e-11,0.0,0.0,1,4,Malicious,1,Malicious,1
3.8e-05,0.0,0.0,1,4,Malicious,1,Malicious,1
3.98e-05,0.0,0.0,1,4,Malicious,1,Malicious,1
3.92e-05,0.0,0.0,1,4,Malicious,1,Malicious,1
3.98e-05,0.0,0.0,1,4,Malicious,1,Malicious,1
6.34e-11,0.0,0.0,1,4,Malicious,1,Malicious,1
3.8e-05,0.0,0.0,1,4,Malicious,1,Malicious,1
6.35e-05,4.47e-08,0.0,2,4,Benign,0,Benign,0
1.27e-11,0.0,0.0,1,4,Malicious,1,Malicious,1
3.8e-05,0.0,0.0,1,4,Malicious,1,Malicious,1
3.93e-05,0.0,0.0,1,4,Malicious,1,Malicious,1
2.56e-05,2.98e-08,3.68e-07,1,3,Benign,0,Benign,0
2.28e-09,0.0,0.0,1,4,Malicious,1,Malicious,1
3.13e-09,0.0,0.0,1,4,Malicious,1,Malicious,1
1.27e-11,0.0,0.0,1,4,Malicious,1,Malicious,1
1.38e-05,3.84e-08,6.92e-07,1,7,Benign,0,Benign,0
5.07e-11,0.0,0.0,1,4,Malicious,1,Malicious,1
1.27e-11,0.0,0.0,1,4,Malicious,1,Malicious,1
1.27e-11,0.0,0.0,1,4,Malicious,1,Malicious,1
1.27e-11,0.0,0.0,1,4,Malicious,1,Malicious,1
5.07e-11,0.0,0.0,1,4,Malicious,1,Malicious,1
1.27e-11,0.0,0.0,1,4,Malicious,1,Malicious,1
6.3e-09,0.0,0.0,1,4,Malicious,1,Malicious,1
7.73e-07,2.75e-08,1.43e-07,2,8,Benign,0,Benign,0
6.34e-11,0.0,0.0,1,4,Malicious,1,Malicious,1
3.79e-05,0.0,0.0,1,4,Malicious,1,Malicious,1
5.07e-11,0.0,0.0,1,4,Malicious,1,Malicious,1
6.65e-08,2.75e-08,1.43e-07,2,8,Benign,0,Benign,0
0.0,0.0,0.0,1,4,Malicious,1,Malicious,1
1.27e-11,0.0,0.0,1,4,Malicious,1,Malicious,1
3.8e-08,1.66e-08,1.34e-07,2,8,Benign,0,Benign,0
9.42e-09,2.58e-08,1.34e-07,2,8,Benign,0,Benign,0
6.33e-08,2.75e-08,1.43e-07,2,8,Benign,0,Benign,0
3.97e-05,0.0,0.0,1,4,Benign,0,Benign,1
3.49e-05,0.0,0.0,1,4,Benign,0,Benign,1
3.97e-05,0.0,0.0,1,4,Malicious,1,Malicious,1
3.8e-05,0.0,0.0,1,4,Malicious,1,Malicious,1
3.98e-05,0.0,0.0,1,4,Benign,0,Benign,1
3.97e-05,0.0,0.0,1,4,Benign,0,Benign,1
6.27e-07,5.9e-08,8.53e-07,2,8,Benign,0,Benign,0
3.91e-05,0.0,0.0,1,4,Malicious,1,Malicious,1
0.0,0.0,0.0,1,4,Malicious,1,Malicious,1
5.07e-11,0.0,0.0,1,4,Malicious,1,Malicious,1
1.9e-08,2.75e-08,1.43e-07,2,8,Benign,0,Benign,0
1.92e-05,8.83e-08,0.000414696,1,8,Malicious,1,Malicious,1
6.63e-08,2.75e-08,1.43e-07,2,8,Benign,0,Benign,0
4.97e-07,2.24e-08,3.06e-07,2,8,Benign,0,Benign,0
3.99e-05,0.0,0.0,1,4,Malicious,1,Malicious,1
1.27e-11,0.0,0.0,1,4,Malicious,1,Malicious,1
4e-05,0.0,0.0,1,4,Benign,0,Benign,1
1.27e-11,0.0,0.0,1,4,Malicious,1,Malicious,1
1.27e-11,0.0,0.0,1,4,Malicious,1,Malicious,1
8.88e-11,0.0,0.0,1,4,Malicious,1,Malicious,1
3.99e-05,0.0,0.0,1,4,Benign,0,Benign,1
1.27e-11,0.0,0.0,1,4,Malicious,1,Malicious,1
8.88e-11,0.0,0.0,1,4,Malicious,1,Malicious,1
3.97e-05,0.0,0.0,1,4,Malicious,1,Malicious,1
3.91e-05,0.0,0.0,1,4,Malicious,1,Malicious,1
3.8e-05,0.0,0.0,1,4,Malicious,1,Malicious,1
1.27e-11,0.0,0.0,1,4,Malicious,1,Malicious,1
4.01e-05,0.0,0.0,1,4,Malicious,1,Malicious,1
1.27e-11,0.0,0.0,1,4,Malicious,1,Malicious,1
5.99e-07,2.75e-08,1.43e-07,2,8,Benign,0,Benign,0
7.58e-08,2.75e-08,1.43e-07,2,8,Benign,0,Benign,0
1.39e-05,3.84e-08,6.92e-07,1,7,Benign,0,Benign,1
3.98e-05,0.0,0.0,1,4,Malicious,1,Malicious,1
1.27e-11,0.0,0.0,1,4,Malicious,1,Malicious,1
3.8e-05,0.0,0.0,1,4,Malicious,1,Malicious,1
5.07e-11,0.0,0.0,1,4,Malicious,1,Malicious,1
3.8e-05,0.0,0.0,1,4,Malicious,1,Malicious,1
0.0,0.0,0.0,1,4,Malicious,1,Malicious,1
3.16e-08,2.12e-08,1.57e-07,2,8,Benign,0,Benign,0
5.07e-11,0.0,0.0,1,4,Malicious,1,Malicious,1
0.0,0.0,0.0,1,4,Malicious,1,Malicious,1
1.27e-11,0.0,0.0,1,4,Malicious,1,Malicious,1
8.88e-11,0.0,0.0,1,4,Malicious,1,Malicious,1
1.27e-11,0.0,0.0,1,4,Malicious,1,Malicious,1
1.39e-05,4.3e-08,7.22e-07,1,7,Malicious,1,Malicious,1
5.38e-08,2.75e-08,1.43e-07,2,8,Benign,0,Benign,0
0.0,0.0,0.0,1,4,Malicious,1,Malicious,1
6.41e-09,0.0,0.0,1,4,Malicious,1,Malicious,1
3.17e-09,0.0,0.0,1,4,Malicious,1,Malicious,1
1.27e-11,0.0,0.0,1,4,Malicious,1,Malicious,1
0.0,0.0,0.0,1,4,Malicious,1,Malicious,1
3.8e-05,0.0,0.0,1,4,Malicious,1,Malicious,1
2.85e-08,2.75e-08,1.43e-07,2,8,Benign,0,Benign,0
3.94e-05,0.0,0.0,1,4,Malicious,1,Malicious,1
3.8e-05,0.0,0.0,1,4,Malicious,1,Malicious,1
1.27e-11,0.0,0.0,1,4,Malicious,1,Malicious,1
3.22e-09,0.0,0.0,1,4,Malicious,1,Malicious,1
5.07e-11,0.0,0.0,1,4,Malicious,1,Malicious,1
6.34e-11,0.0,0.0,1,4,Malicious,1,Malicious,1
3.93e-05,0.0,0.0,1,4,Malicious,1,Malicious,1
1.27e-11,0.0,0.0,1,4,Malicious,1,Malicious,1
1.27e-11,0.0,0.0,1,4,Malicious,1,Malicious,1
3.94e-05,0.0,0.0,1,4,Benign,0,Benign,1
0.0,0.0,0.0,1,4,Malicious,1,Malicious,1
3.99e-05,0.0,0.0,1,4,Malicious,1,Malicious,1
0.0,0.0,0.0,1,4,Malicious,1,Malicious,1
3.94e-05,0.0,0.0,1,4,Benign,0,Benign,1
3.16e-08,2.75e-08,1.43e-07,2,8,Benign,0,Benign,0
0.0,0.0,0.0,1,4,Malicious,1,Malicious,1
1.27e-11,0.0,0.0,1,4,Malicious,1,Malicious,1
3.91e-05,0.0,0.0,1,4,Malicious,1,Malicious,1
5.07e-11,0.0,0.0,1,4,Malicious,1,Malicious,1
1.27e-11,0.0,0.0,1,4,Malicious,1,Malicious,1
1.27e-11,0.0,0.0,1,4,Malicious,1,Malicious,1
1.27e-11,0.0,0.0,1,4,Malicious,1,Malicious,1
1.27e-11,0.0,0.0,1,4,Malicious,1,Malicious,1
3.8e-05,0.0,0.0,1,4,Malicious,1,Malicious,1
3.09e-06,9e-08,1.1e-06,1,8,Benign,0,Benign,0
0.0,0.0,0.0,1,4,Malicious,1,Malicious,1
3.8e-05,0.0,0.0,1,4,Malicious,1,Malicious,1
1.27e-11,0.0,0.0,1,4,Malicious,1,Malicious,1
1.27e-11,0.0,0.0,1,4,Malicious,1,Malicious,1
2.53e-08,2.75e-08,1.43e-07,2,8,Benign,0,Benign,0
5.07e-08,3.32e-08,4.34e-07,2,8,Benign,0,Benign,0
1.27e-11,0.0,0.0,1,4,Malicious,1,Malicious,1
9.55e-09,0.0,0.0,1,4,Malicious,1,Malicious,1
1.89e-08,2.75e-08,1.43e-07,2,8,Benign,0,Benign,0
1.27e-11,0.0,0.0,1,4,Malicious,1,Malicious,1
6.29e-09,0.0,0.0,1,4,Malicious,1,Malicious,1
1.27e-11,0.0,0.0,1,4,Malicious,1,Malicious,1
4.82e-05,5.02e-07,0.0,2,4,Benign,0,Benign,0
1.27e-11,0.0,0.0,1,4,Malicious,1,Malicious,1
1.27e-11,0.0,0.0,1,4,Malicious,1,Malicious,1
3.22e-09,0.0,0.0,1,4,Malicious,1,Malicious,1
4.73e-08,2.75e-08,1.43e-07,2,8,Benign,0,Benign,0
4.01e-05,0.0,0.0,1,4,Malicious,1,Malicious,1
6.34e-05,4.47e-08,0.0,2,4,Benign,0,Benign,0
3.93e-05,0.0,0.0,1,4,Malicious,1,Malicious,1
1.27e-11,0.0,0.0,1,4,Malicious,1,Malicious,1
3.8e-05,0.0,0.0,1,4,Malicious,1,Malicious,1
3.81e-11,0.0,0.0,1,4,Malicious,1,Malicious,1
3.97e-05,0.0,0.0,1,4,Malicious,1,Malicious,1
0.0,0.0,0.0,1,4,Malicious,1,Malicious,1
5.07e-11,0.0,0.0,1,4,Malicious,1,Malicious,1
6.34e-11,0.0,0.0,1,4,Malicious,1,Malicious,1
3.81e-11,0.0,0.0,1,4,Malicious,1,Malicious,1
1.27e-11,0.0,0.0,1,4,Malicious,1,Malicious,1
1.27e-11,0.0,0.0,1,4,Malicious,1,Malicious,1
3.94e-05,0.0,0.0,1,4,Malicious,1,Malicious,1
0.0,0.0,0.0,1,4,Malicious,1,Malicious,1
6.02e-08,2.75e-08,1.43e-07,2,8,Benign,0,Benign,0
0.0,0.0,0.0,1,4,Malicious,1,Malicious,1
1.27e-11,0.0,0.0,1,4,Malicious,1,Malicious,1
0.0008621,2.75e-07,1.72e-06,2,8,Benign,0,Benign,0
1.27e-11,0.0,0.0,1,4,Malicious,1,Malicious,1
1.27e-11,0.0,0.0,1,4,Malicious,1,Malicious,1
3.96e-05,0.0,0.0,1,4,Malicious,1,Malicious,1
0.0,0.0,0.0,1,4,Malicious,1,Malicious,1
3.8e-05,0.0,0.0,1,4,Malicious,1,Malicious,1
1.78e-07,2.75e-08,1.43e-07,2,8,Benign,0,Benign,0
3.98e-05,0.0,0.0,1,4,Benign,0,Benign,1
6.34e-11,0.0,0.0,1,4,Malicious,1,Malicious,1
5.07e-11,0.0,0.0,1,4,Malicious,1,Malicious,1
3.99e-05,0.0,0.0,1,4,Malicious,1,Malicious,1
3.22e-09,0.0,0.0,1,4,Malicious,1,Malicious,1
3.16e-08,2.75e-08,1.43e-07,2,8,Benign,0,Benign,0
1.27e-11,0.0,0.0,1,4,Malicious,1,Malicious,1
2.54e-06,2.12e-08,5.32e-07,2,8,Benign,0,Benign,0
3.99e-05,0.0,0.0,1,4,Benign,0,Benign,1
5.07e-11,0.0,0.0,1,4,Malicious,1,Malicious,1
1.27e-11,0.0,0.0,1,4,Malicious,1,Malicious,1
3.98e-05,0.0,0.0,1,4,Malicious,1,Malicious,1
0.0,0.0,0.0,1,4,Malicious,1,Malicious,1
2.69e-09,0.0,0.0,1,4,Malicious,1,Malicious,1
3.22e-09,0.0,0.0,1,4,Malicious,1,Malicious,1
1.14e-06,2.75e-08,1.43e-07,2,8,Benign,0,Benign,0
1.27e-11,0.0,0.0,1,4,Malicious,1,Malicious,1
1.01e-10,0.0,0.0,1,4,Malicious,1,Malicious,1
5.07e-11,0.0,0.0,1,4,Malicious,1,Malicious,1
1.27e-11,0.0,0.0,1,4,Malicious,1,Malicious,1
1.18e-06,0.0,0.0,1,1,Malicious,1,Malicious,1
1.27e-11,0.0,0.0,1,4,Malicious,1,Malicious,1
1.27e-11,0.0,0.0,1,4,Malicious,1,Malicious,1
6.31e-08,2.75e-08,1.43e-07,2,8,Benign,0,Benign,0
0.0,0.0,0.0,1,4,Malicious,1,Malicious,1
0.0,0.0,0.0,1,4,Malicious,1,Malicious,1
9.51e-09,1.66e-08,1.34e-07,2,8,Benign,0,Benign,0
3.95e-05,0.0,0.0,1,4,Malicious,1,Malicious,1
5.07e-11,0.0,0.0,1,4,Malicious,1,Malicious,1
1.27e-11,0.0,0.0,1,4,Malicious,1,Malicious,1
5.07e-11,0.0,0.0,1,4,Malicious,1,Malicious,1
3.96e-05,0.0,0.0,1,4,Malicious,1,Malicious,1
1.27e-11,0.0,0.0,1,4,Malicious,1,Malicious,1
2.64e-09,0.0,0.0,1,4,Malicious,1,Malicious,1
3.97e-05,0.0,0.0,1,4,Malicious,1,Malicious,1
3.97e-05,0.0,0.0,1,4,Benign,0,Benign,1
1.27e-11,0.0,0.0,1,4,Malicious,1,Malicious,1
1.27e-11,0.0,0.0,1,4,Malicious,1,Malicious,1
4.01e-05,0.0,0.0,1,4,Benign,0,Benign,1
1.27e-11,0.0,0.0,1,4,Malicious,1,Malicious,1
6.39e-09,0.0,0.0,1,4,Malicious,1,Malicious,1
3.8e-05,0.0,0.0,1,4,Malicious,1,Malicious,1
1.27e-11,0.0,0.0,1,4,Malicious,1,Malicious,1
6.39e-09,0.0,0.0,1,4,Malicious,1,Malicious,1
1.27e-11,0.0,0.0,1,4,Malicious,1,Malicious,1
3.98e-05,0.0,0.0,1,4,Benign,0,Benign,1
3.98e-05,0.0,0.0,1,4,Benign,0,Benign,1
3.48e-08,2.75e-08,1.43e-07,2,8,Benign,0,Benign,0
1.58e-08,2.75e-08,1.43e-07,2,8,Benign,0,Benign,0
1.27e-11,0.0,0.0,1,4,Malicious,1,Malicious,1
0.000126057,3.3e-07,1.71e-06,2,8,Benign,0,Benign,0
5.07e-11,0.0,0.0,1,4,Malicious,1,Malicious,1
5.07e-11,0.0,0.0,1,4,Malicious,1,Malicious,1
1.27e-11,0.0,0.0,1,4,Malicious,1,Malicious,1
1.27e-11,0.0,0.0,1,4,Malicious,1,Malicious,1
1.27e-11,0.0,0.0,1,4,Malicious,1,Malicious,1
5.07e-11,0.0,0.0,1,4,Malicious,1,Malicious,1
3.8e-05,0.0,0.0,1,4,Malicious,1,Malicious,1
6.35e-05,4.47e-08,0.0,2,4,Benign,0,Benign,0
3.8e-05,0.0,0.0,1,4,Malicious,1,Malicious,1
3.21e-09,0.0,0.0,1,4,Malicious,1,Malicious,1
3.79e-05,0.0,0.0,1,4,Malicious,1,Malicious,1
1.38e-05,3.84e-08,6.92e-07,1,7,Benign,0,Benign,0
4.01e-05,0.0,0.0,1,4,Malicious,1,Malicious,1
3.99e-05,0.0,0.0,1,4,Benign,0,Benign,1
3.92e-05,0.0,0.0,1,4,Benign,0,Benign,1
3.81e-11,0.0,0.0,1,4,Malicious,1,Malicious,1
5.07e-11,0.0,0.0,1,4,Malicious,1,Malicious,1
3.8e-05,0.0,0.0,1,4,Malicious,1,Malicious,1
1.27e-11,0.0,0.0,1,4,Malicious,1,Malicious,1
0.0,0.0,0.0,1,4,Malicious,1,Malicious,1
1.27e-11,0.0,0.0,1,4,Malicious,1,Malicious,1
1.27e-11,0.0,0.0,1,4,Malicious,1,Malicious,1
5.07e-11,0.0,0.0,1,4,Malicious,1,Malicious,1
3.2e-09,0.0,0.0,1,4,Malicious,1,Malicious,1
1.01e-10,0.0,0.0,1,4,Malicious,1,Malicious,1
3.93e-05,0.0,0.0,1,4,Benign,0,Benign,1
5.94e-05,3.38e-07,5.35e-06,1,8,Malicious,1,Malicious,1
1.27e-11,0.0,0.0,1,4,Malicious,1,Malicious,1
1.27e-11,0.0,0.0,1,4,Malicious,1,Malicious,1
5.07e-11,0.0,0.0,1,4,Malicious,1,Malicious,1
1.27e-11,0.0,0.0,1,4,Malicious,1,Malicious,1
6.34e-11,0.0,0.0,1,4,Malicious,1,Malicious,1
1.27e-11,0.0,0.0,1,4,Malicious,1,Malicious,1
1.3e-07,1.66e-08,1.34e-07,2,8,Benign,0,Benign,0
9.49e-09,2.58e-08,1.34e-07,2,8,Benign,0,Benign,0
0.0,0.0,0.0,1,4,Malicious,1,Malicious,1
6.34e-11,0.0,0.0,1,4,Malicious,1,Malicious,1
3.98e-05,0.0,0.0,1,4,Benign,0,Benign,1
1.27e-11,0.0,0.0,1,4,Malicious,1,Malicious,1
3.92e-05,0.0,0.0,1,4,Malicious,1,Malicious,1
3.8e-05,0.0,0.0,1,4,Malicious,1,Malicious,1
1.27e-11,0.0,0.0,1,4,Malicious,1,Malicious,1
1.14e-10,0.0,0.0,1,4,Malicious,1,Malicious,1
1.27e-11,0.0,0.0,1,4,Malicious,1,Malicious,1
1.27e-11,0.0,0.0,1,4,Malicious,1,Malicious,1
1.27e-11,0.0,0.0,1,4,Malicious,1,Malicious,1
1.39e-05,4.3e-08,7.22e-07,1,7,Malicious,1,Malicious,1
6.34e-11,0.0,0.0,1,4,Malicious,1,Malicious,1
1.57e-08,2.75e-08,1.43e-07,2,8,Benign,0,Benign,0
1.9e-08,1.66e-08,1.34e-07,2,8,Benign,0,Benign,0
1.27e-11,0.0,0.0,1,4,Malicious,1,Malicious,1
4e-05,0.0,0.0,1,4,Benign,0,Benign,1
2.54e-11,0.0,0.0,1,4,Malicious,1,Malicious,1
3.8e-05,0.0,0.0,1,4,Malicious,1,Malicious,1
3.8e-05,0.0,0.0,1,4,Malicious,1,Malicious,1
3.94e-05,0.0,0.0,1,4,Malicious,1,Malicious,1
3.16e-08,2.75e-08,1.43e-07,2,8,Benign,0,Benign,0
3.35e-09,0.0,0.0,1,4,Malicious,1,Malicious,1
5.07e-11,0.0,0.0,1,4,Malicious,1,Malicious,1
3.99e-05,0.0,0.0,1,4,Malicious,1,Malicious,1
1.27e-11,0.0,0.0,1,4,Malicious,1,Malicious,1
3.98e-05,0.0,0.0,1,4,Malicious,1,Malicious,1
1.79e-06,2.58e-08,1.34e-07,2,8,Benign,0,Benign,0
1.27e-11,0.0,0.0,1,4,Malicious,1,Malicious,1
3.17e-08,2.75e-08,1.43e-07,2,8,Benign,0,Benign,0
6.34e-11,0.0,0.0,1,4,Malicious,1,Malicious,1
3.97e-05,0.0,0.0,1,4,Malicious,1,Malicious,1
3.81e-11,0.0,0.0,1,4,Malicious,1,Malicious,1
0.0,0.0,0.0,1,4,Malicious,1,Malicious,1
6.65e-08,2.75e-08,1.43e-07,2,8,Benign,0,Benign,0
3.8e-05,0.0,0.0,1,4,Malicious,1,Malicious,1
2.66e-06,2.24e-08,3.06e-07,2,8,Benign,0,Benign,0
2.21e-08,2.75e-08,1.43e-07,2,8,Benign,0,Benign,0
3.8e-05,0.0,0.0,1,4,Malicious,1,Malicious,1
1.29e-07,2.69e-08,3.3e-07,2,8,Benign,0,Benign,0
3.81e-11,0.0,0.0,1,4,Malicious,1,Malicious,1
3.8e-05,0.0,0.0,1,4,Malicious,1,Malicious,1
3.91e-05,0.0,0.0,1,4,Malicious,1,Malicious,1
3.34e-06,7.74e-08,7.07e-07,1,8,Benign,0,Benign,0
3.48e-08,2.75e-08,1.43e-07,2,8,Benign,0,Benign,0
2.82e-05,3.84e-08,6.92e-07,1,7,Benign,0,Benign,0
0.0,0.0,0.0,1,4,Malicious,1,Malicious,1
3.95e-05,0.0,0.0,1,4,Benign,0,Benign,1
1.27e-11,0.0,0.0,1,4,Malicious,1,Malicious,1
6.35e-05,4.47e-08,0.0,2,4,Benign,0,Benign,0
1.27e-11,0.0,0.0,1,4,Malicious,1,Malicious,1
1.27e-11,0.0,0.0,1,4,Malicious,1,Malicious,1
3.94e-05,0.0,0.0,1,4,Malicious,1,Malicious,1
1.27e-11,0.0,0.0,1,4,Malicious,1,Malicious,1
3.94e-05,0.0,0.0,1,4,Benign,0,Benign,1
6.35e-05,4.47e-08,0.0,2,4,Benign,0,Benign,0
3.93e-05,0.0,0.0,1,4,Benign,0,Benign,1
1.41e-05,4.3e-08,7.22e-07,1,7,Malicious,1,Malicious,1
3.23e-09,0.0,0.0,1,4,Malicious,1,Malicious,1
0.0,0.0,0.0,1,4,Malicious,1,Malicious,1
1.27e-11,0.0,0.0,1,4,Malicious,1,Malicious,1
6.29e-09,1.66e-08,1.34e-07,2,8,Benign,0,Benign,0
3.98e-05,0.0,0.0,1,4,Benign,0,Benign,1
9.5e-09,2.58e-08,1.34e-07,2,8,Benign,0,Benign,0
1.27e-11,0.0,0.0,1,4,Malicious,1,Malicious,1
1.27e-11,0.0,0.0,1,4,Malicious,1,Malicious,1
3.95e-05,0.0,0.0,1,4,Malicious,1,Malicious,1
1.27e-11,0.0,0.0,1,4,Malicious,1,Malicious,1
1.27e-11,0.0,0.0,1,4,Malicious,1,Malicious,1
3.8e-05,0.0,0.0,1,4,Malicious,1,Malicious,1
3.22e-09,0.0,0.0,1,4,Malicious,1,Malicious,1
3.94e-05,0.0,0.0,1,4,Malicious,1,Malicious,1
1.27e-11,0.0,0.0,1,4,Malicious,1,Malicious,1
1.27e-11,0.0,0.0,1,4,Malicious,1,Malicious,1
3.81e-11,0.0,0.0,1,4,Malicious,1,Malicious,1
6.33e-09,2.24e-08,1.16e-07,2,8,Benign,0,Benign,0
1.27e-11,0.0,0.0,1,4,Malicious,1,Malicious,1
1.27e-11,0.0,0.0,1,4,Malicious,1,Malicious,1
3.95e-05,0.0,0.0,1,4,Malicious,1,Malicious,1
1.27e-11,0.0,0.0,1,4,Malicious,1,Malicious,1
7.6e-08,2.75e-08,1.43e-07,2,8,Benign,0,Benign,0
1.27e-11,0.0,0.0,1,4,Malicious,1,Malicious,1
3.99e-05,0.0,0.0,1,4,Benign,0,Benign,1
1.27e-11,0.0,0.0,1,4,Malicious,1,Malicious,1
5.07e-11,0.0,0.0,1,4,Malicious,1,Malicious,1
3.27e-09,0.0,0.0,1,4,Malicious,1,Malicious,1
6.35e-05,4.47e-08,0.0,2,4,Benign,0,Benign,0
3.94e-05,0.0,0.0,1,4,Benign,0,Benign,1
4.11e-07,3.21e-07,1.66e-06,0,0,Benign,0,Benign,0
2.84e-08,2.75e-08,1.43e-07,2,8,Benign,0,Benign,0
3.97e-05,0.0,0.0,1,4,Malicious,1,Malicious,1
3.8e-05,0.0,0.0,1,4,Malicious,1,Malicious,1
3.48e-08,1.66e-08,1.34e-07,2,8,Benign,0,Benign,0
2.2e-08,2.75e-08,1.43e-07,2,8,Benign,0,Benign,0
6.14e-05,4.3e-08,7.22e-07,1,7,Malicious,1,Malicious,1
6.33e-09,2.58e-08,1.34e-07,2,8,Benign,0,Benign,0
6.34e-11,0.0,0.0,1,4,Malicious,1,Malicious,1
3.13e-09,0.0,0.0,1,4,Malicious,1,Malicious,1
1.27e-11,0.0,0.0,1,4,Malicious,1,Malicious,1
0.0,0.0,0.0,1,4,Malicious,1,Malicious,1
2.21e-08,2.75e-08,1.43e-07,2,8,Benign,0,Benign,0
3.95e-05,0.0,0.0,1,4,Benign,0,Benign,1
1.27e-11,0.0,0.0,1,4,Malicious,1,Malicious,1
1.27e-11,0.0,0.0,1,4,Malicious,1,Malicious,1
2.21e-08,2.75e-08,1.43e-07,2,8,Benign,0,Benign,0
6.65e-08,2.75e-08,1.43e-07,2,8,Benign,0,Benign,0
3.98e-05,0.0,0.0,1,4,Malicious,1,Malicious,1
3.99e-05,0.0,0.0,1,4,Benign,0,Benign,1
6.31e-08,2.75e-08,1.43e-07,2,8,Benign,0,Benign,0
3.21e-09,0.0,0.0,1,4,Malicious,1,Malicious,1
1.27e-11,0.0,0.0,1,4,Malicious,1,Malicious,1
2.71e-09,0.0,0.0,1,4,Malicious,1,Malicious,1
3.97e-05,0.0,0.0,1,4,Benign,0,Benign,1
6.34e-11,0.0,0.0,1,4,Malicious,1,Malicious,1
1.27e-11,0.0,0.0,1,4,Malicious,1,Malicious,1
4e-05,0.0,0.0,1,4,Benign,0,Benign,1
5.07e-11,0.0,0.0,1,4,Malicious,1,Malicious,1
3.91e-05,0.0,0.0,1,4,Malicious,1,Malicious,1
1.27e-11,0.0,0.0,1,4,Malicious,1,Malicious,1
4.01e-05,0.0,0.0,1,4,Malicious,1,Malicious,1
1.27e-11,0.0,0.0,1,4,Malicious,1,Malicious,1
0.000408048,3.55e-08,7.99e-07,1,7,Malicious,1,Malicious,1
3.95e-05,0.0,0.0,1,4,Malicious,1,Malicious,1
0.002056756,3.78e-06,0.0,2,4,Benign,0,Benign,0
0.0,0.0,0.0,1,4,Malicious,1,Malicious,1
6.34e-11,0.0,0.0,1,4,Malicious,1,Malicious,1
3.8e-05,0.0,0.0,1,4,Malicious,1,Malicious,1
3.91e-05,0.0,0.0,1,4,Malicious,1,Malicious,1
3.15e-09,0.0,0.0,1,4,Malicious,1,Malicious,1
4e-05,0.0,0.0,1,4,Benign,0,Benign,1
1.27e-11,0.0,0.0,1,4,Malicious,1,Malicious,1
3.48e-08,2.75e-08,1.43e-07,2,8,Benign,0,Benign,0
1.27e-11,0.0,0.0,1,4,Malicious,1,Malicious,1
1.27e-11,0.0,0.0,1,4,Malicious,1,Malicious,1
3.97e-05,0.0,0.0,1,4,Malicious,1,Malicious,1
3.93e-05,0.0,0.0,1,4,Malicious,1,Malicious,1
9.47e-09,1.66e-08,1.34e-07,2,8,Benign,0,Benign,0
0.0,0.0,0.0,1,4,Malicious,1,Malicious,1
3.26e-09,0.0,0.0,1,4,Malicious,1,Malicious,1
6.33e-08,2.75e-08,1.43e-07,2,8,Benign,0,Benign,0
1.27e-11,0.0,0.0,1,4,Malicious,1,Malicious,1
5.07e-11,0.0,0.0,1,4,Malicious,1,Malicious,1
3.94e-05,0.0,0.0,1,4,Benign,0,Benign,1
2.12e-09,0.0,0.0,1,4,Malicious,1,Malicious,1
3.94e-05,0.0,0.0,1,4,Malicious,1,Malicious,1
0.0,0.0,0.0,1,4,Malicious,1,Malicious,1
1.27e-11,0.0,0.0,1,4,Malicious,1,Malicious,1
0.0,0.0,0.0,1,4,Malicious,1,Malicious,1
0.0,0.0,0.0,1,4,Malicious,1,Malicious,1
0.000126906,1.65e-07,8.56e-07,2,8,Benign,0,Benign,0
3.96e-05,0.0,0.0,1,4,Malicious,1,Malicious,1
1.27e-11,0.0,0.0,1,4,Malicious,1,Malicious,1
2.85e-09,0.0,0.0,1,4,Malicious,1,Malicious,1
1.27e-11,0.0,0.0,1,4,Malicious,1,Malicious,1
1.63e-06,2.75e-08,1.43e-07,2,8,Benign,0,Benign,0
5.38e-08,2.75e-08,1.43e-07,2,8,Benign,0,Benign,0
8.88e-11,0.0,0.0,1,4,Malicious,1,Malicious,1
1.27e-11,0.0,0.0,1,4,Malicious,1,Malicious,1
1.27e-11,0.0,0.0,1,4,Malicious,1,Malicious,1
1.27e-11,0.0,0.0,1,4,Malicious,1,Malicious,1
5.07e-11,0.0,0.0,1,4,Malicious,1,Malicious,1
3.98e-05,0.0,0.0,1,4,Benign,0,Benign,1
3.97e-05,0.0,0.0,1,4,Benign,0,Benign,1
2.09e-07,2.75e-08,1.43e-07,2,8,Benign,0,Benign,0
3.09e-06,0.0,0.0,1,8,Benign,0,Benign,0
3.99e-05,0.0,0.0,1,4,Malicious,1,Malicious,1
5.07e-11,0.0,0.0,1,4,Malicious,1,Malicious,1
3.97e-05,0.0,0.0,1,4,Malicious,1,Malicious,1
6.34e-11,0.0,0.0,1,4,Malicious,1,Malicious,1
1.27e-11,0.0,0.0,1,4,Malicious,1,Malicious,1
6.33e-08,2.75e-08,1.43e-07,2,8,Benign,0,Benign,0
1.27e-11,0.0,0.0,1,4,Malicious,1,Malicious,1
1.27e-11,0.0,0.0,1,4,Malicious,1,Malicious,1
6.34e-11,0.0,0.0,1,4,Malicious,1,Malicious,1
1.27e-11,0.0,0.0,1,4,Malicious,1,Malicious,1
1.27e-11,0.0,0.0,1,4,Malicious,1,Malicious,1
9.81e-08,5.5e-08,2.85e-07,2,8,Benign,0,Benign,0
1.27e-11,0.0,0.0,1,4,Malicious,1,Malicious,1
5.07e-11,0.0,0.0,1,4,Malicious,1,Malicious,1
3.98e-05,0.0,0.0,1,4,Malicious,1,Malicious,1
3.81e-11,0.0,0.0,1,4,Malicious,1,Malicious,1
3.93e-05,0.0,0.0,1,4,Malicious,1,Malicious,1
3.98e-05,0.0,0.0,1,4,Benign,0,Benign,1
6.1e-09,2.58e-08,1.34e-07,2,8,Benign,0,Benign,0
1.27e-11,0.0,0.0,1,4,Malicious,1,Malicious,1
1.27e-11,0.0,0.0,1,4,Malicious,1,Malicious,1
7.28e-08,2.75e-08,1.43e-07,2,8,Benign,0,Benign,0
6.29e-09,1.66e-08,1.34e-07,2,8,Benign,0,Benign,0
1.27e-11,0.0,0.0,1,4,Malicious,1,Malicious,1
2.69e-07,2.58e-08,1.34e-07,2,8,Benign,0,Benign,0
2.75e-09,0.0,0.0,1,4,Malicious,1,Malicious,1
2.21e-08,2.75e-08,1.43e-07,2,8,Benign,0,Benign,0
5.39e-08,5.5e-08,2.85e-07,2,8,Benign,0,Benign,0
3.97e-05,0.0,0.0,1,4,Malicious,1,Malicious,1
0.0,0.0,0.0,1,4,Malicious,1,Malicious,1
3.8e-05,0.0,0.0,1,4,Malicious,1,Malicious,1
2.63e-05,3.84e-08,6.92e-07,1,7,Benign,0,Benign,1
4.75e-08,2.75e-08,1.43e-07,2,8,Benign,0,Benign,0
6.65e-08,2.75e-08,1.43e-07,2,8,Benign,0,Benign,0
3.8e-05,0.0,0.0,1,4,Malicious,1,Malicious,1
0.0,0.0,0.0,1,4,Malicious,1,Malicious,1
1.27e-11,0.0,0.0,1,4,Malicious,1,Malicious,1
3.95e-05,0.0,0.0,1,4,Benign,0,Benign,1
1.27e-11,0.0,0.0,1,4,Malicious,1,Malicious,1
0.0,0.0,0.0,1,4,Malicious,1,Malicious,1
3.96e-05,0.0,0.0,1,4,Malicious,1,Malicious,1
0.000352443,2.74e-06,1.45e-05,1,3,Benign,0,Benign,0
1.27e-11,0.0,0.0,1,4,Malicious,1,Malicious,1
3.95e-05,0.0,0.0,1,4,Benign,0,Benign,1
3.8e-05,0.0,0.0,1,4,Malicious,1,Malicious,1
3.49e-07,2.75e-08,1.43e-07,2,8,Benign,0,Benign,0
5.07e-11,0.0,0.0,1,4,Malicious,1,Malicious,1
3.94e-05,0.0,0.0,1,4,Malicious,1,Malicious,1
5.23e-05,3.84e-08,6.92e-07,1,7,Benign,0,Benign,1
6.34e-11,0.0,0.0,1,4,Malicious,1,Malicious,1
1.27e-11,0.0,0.0,1,4,Malicious,1,Malicious,1
3.97e-05,0.0,0.0,1,4,Malicious,1,Malicious,1
1.27e-11,0.0,0.0,1,4,Malicious,1,Malicious,1
6.34e-11,0.0,0.0,1,4,Malicious,1,Malicious,1
3.8e-05,0.0,0.0,1,4,Malicious,1,Malicious,1
2.54e-11,0.0,0.0,1,4,Malicious,1,Malicious,1
9.5e-09,2.58e-08,1.34e-07,2,8,Benign,0,Benign,0
5.07e-11,0.0,0.0,1,4,Malicious,1,Malicious,1
3.92e-05,0.0,0.0,1,4,Benign,0,Benign,1
3.79e-05,0.0,0.0,1,4,Malicious,1,Malicious,1
3.92e-05,0.0,0.0,1,4,Malicious,1,Malicious,1
1.27e-11,0.0,0.0,1,4,Malicious,1,Malicious,1
5.07e-11,0.0,0.0,1,4,Malicious,1,Malicious,1
1.27e-11,0.0,0.0,1,4,Malicious,1,Malicious,1
6.97e-08,2.75e-08,1.43e-07,2,8,Benign,0,Benign,0
3.98e-05,0.0,0.0,1,4,Benign,0,Benign,1
1.27e-11,0.0,0.0,1,4,Malicious,1,Malicious,1
5.07e-11,0.0,0.0,1,4,Malicious,1,Malicious,1
1.88e-08,2.75e-08,1.43e-07,2,8,Benign,0,Benign,0
3.8e-05,0.0,0.0,1,4,Malicious,1,Malicious,1
1.27e-11,0.0,0.0,1,4,Malicious,1,Malicious,1
3.97e-05,0.0,0.0,1,4,Benign,0,Benign,1
0.0017113,0.0,0.0,0,0,Benign,0,Benign,0
5.07e-11,0.0,0.0,1,4,Malicious,1,Malicious,1
1.27e-11,0.0,0.0,1,4,Malicious,1,Malicious,1
3.81e-11,0.0,0.0,1,4,Malicious,1,Malicious,1
6.35e-05,4.47e-08,0.0,2,4,Benign,0,Benign,0
3.94e-05,0.0,0.0,1,4,Malicious,1,Malicious,1
3.23e-09,0.0,0.0,1,4,Malicious,1,Malicious,1
3.99e-05,0.0,0.0,1,4,Malicious,1,Malicious,1
9.51e-09,2.58e-08,1.34e-07,2,8,Benign,0,Benign,0
0.0,0.0,0.0,1,4,Malicious,1,Malicious,1
3.97e-05,0.0,0.0,1,4,Malicious,1,Malicious,1
3.97e-05,0.0,0.0,1,4,Benign,0,Benign,1
5.07e-11,0.0,0.0,1,4,Malicious,1,Malicious,1
3.48e-08,2.75e-08,1.43e-07,2,8,Benign,0,Benign,0
1.27e-11,0.0,0.0,1,4,Malicious,1,Malicious,1
6.64e-08,2.75e-08,1.43e-07,2,8,Benign,0,Benign,0
6.34e-11,0.0,0.0,1,4,Malicious,1,Malicious,1
3.32e-09,0.0,0.0,1,4,Malicious,1,Malicious,1
1.27e-11,0.0,0.0,1,4,Malicious,1,Malicious,1
6.35e-05,4.47e-08,0.0,2,4,Benign,0,Benign,0
3.96e-05,0.0,0.0,1,4,Malicious,1,Malicious,1
6.34e-11,0.0,0.0,1,4,Malicious,1,Malicious,1
6.35e-05,4.47e-08,0.0,2,4,Benign,0,Benign,0
3.8e-05,0.0,0.0,1,4,Malicious,1,Malicious,1
1.27e-11,0.0,0.0,1,4,Malicious,1,Malicious,1
3.79e-05,0.0,0.0,1,4,Malicious,1,Malicious,1
3.94e-05,0.0,0.0,1,4,Benign,0,Benign,1
3.97e-05,0.0,0.0,1,4,Malicious,1,Malicious,1
3.81e-11,0.0,0.0,1,4,Malicious,1,Malicious,1
3.82e-05,6.65e-08,0.0,0,0,Benign,0,Benign,0
6.34e-11,0.0,0.0,1,4,Malicious,1,Malicious,1
3.96e-05,0.0,0.0,1,4,Malicious,1,Malicious,1
3.99e-05,0.0,0.0,1,4,Benign,0,Benign,1
1.27e-11,0.0,0.0,1,4,Malicious,1,Malicious,1
6.34e-11,0.0,0.0,1,4,Malicious,1,Malicious,1
7.48e-07,1.95e-08,9.24e-07,2,8,Benign,0,Benign,0
1.27e-11,0.0,0.0,1,4,Malicious,1,Malicious,1
3.95e-05,0.0,0.0,1,4,Malicious,1,Malicious,1
1.27e-11,0.0,0.0,1,4,Malicious,1,Malicious,1
1.38e-05,3.84e-08,6.92e-07,1,7,Benign,0,Benign,0
3.81e-11,0.0,0.0,1,4,Malicious,1,Malicious,1
3.79e-05,0.0,0.0,1,4,Malicious,1,Malicious,1
4e-05,0.0,0.0,1,4,Benign,0,Benign,1
3.98e-05,0.0,0.0,1,4,Benign,0,Benign,1
6.66e-08,1.66e-08,1.34e-07,2,8,Benign,0,Benign,0
1.27e-11,0.0,0.0,1,4,Malicious,1,Malicious,1
7.13e-07,5.04e-08,5.19e-06,1,8,Benign,0,Benign,0
3.8e-05,0.0,0.0,1,4,Malicious,1,Malicious,1
2.7e-05,4.3e-08,7.22e-07,1,7,Malicious,1,Malicious,1
3.8e-05,0.0,0.0,1,4,Malicious,1,Malicious,1
1.39e-05,3.84e-08,6.92e-07,1,7,Benign,0,Benign,1
4.72e-07,2.58e-08,1.34e-07,2,8,Benign,0,Benign,0
0.0,0.0,0.0,1,4,Malicious,1,Malicious,1
7.06e-07,2.12e-08,5.32e-07,2,8,Benign,0,Benign,0
6.34e-11,0.0,0.0,1,4,Malicious,1,Malicious,1
3.99e-05,0.0,0.0,1,4,Benign,0,Benign,1
3.94e-05,0.0,0.0,1,4,Malicious,1,Malicious,1
1.27e-11,0.0,0.0,1,4,Malicious,1,Malicious,1
6.34e-11,0.0,0.0,1,4,Malicious,1,Malicious,1
3.99e-05,0.0,0.0,1,4,Benign,0,Benign,1
9.49e-09,1.66e-08,1.34e-07,2,8,Benign,0,Benign,0
1.27e-11,0.0,0.0,1,4,Malicious,1,Malicious,1
3.8e-05,0.0,0.0,1,4,Malicious,1,Malicious,1
3.95e-05,0.0,0.0,1,4,Malicious,1,Malicious,1
3.96e-05,0.0,0.0,1,4,Malicious,1,Malicious,1
5.07e-11,0.0,0.0,1,4,Malicious,1,Malicious,1
3.96e-05,0.0,0.0,1,4,Benign,0,Benign,1
6.34e-11,0.0,0.0,1,4,Malicious,1,Malicious,1
2.2e-08,2.75e-08,1.43e-07,2,8,Benign,0,Benign,0
6.35e-05,4.47e-08,0.0,2,4,Benign,0,Benign,0
1.27e-11,0.0,0.0,1,4,Malicious,1,Malicious,1
3.8e-05,0.0,0.0,1,4,Malicious,1,Malicious,1
3.8e-05,0.0,0.0,1,4,Malicious,1,Malicious,1
6.34e-11,0.0,0.0,1,4,Malicious,1,Malicious,1
3.97e-05,0.0,0.0,1,4,Malicious,1,Malicious,1
1.27e-11,0.0,0.0,1,4,Malicious,1,Malicious,1
1.27e-11,0.0,0.0,1,4,Malicious,1,Malicious,1
0.002287256,3.44e-07,0.0,0,0,Benign,0,Benign,0
5.07e-11,0.0,0.0,1,4,Malicious,1,Malicious,1
4e-05,0.0,0.0,1,4,Benign,0,Benign,1
1.27e-11,0.0,0.0,1,4,Malicious,1,Malicious,1
3.98e-05,0.0,0.0,1,4,Benign,0,Benign,1
6.32e-09,1.66e-08,1.34e-07,2,8,Benign,0,Benign,0
3.91e-05,0.0,0.0,1,4,Malicious,1,Malicious,1
5.07e-11,0.0,0.0,1,4,Malicious,1,Malicious,1
1.27e-11,0.0,0.0,1,4,Malicious,1,Malicious,1
1.42e-05,4.3e-08,7.22e-07,1,7,Malicious,1,Malicious,1
1.27e-11,0.0,0.0,1,4,Malicious,1,Malicious,1
3.93e-05,0.0,0.0,1,4,Malicious,1,Malicious,1
0.0,0.0,0.0,1,4,Malicious,1,Malicious,1
5.07e-11,0.0,0.0,1,4,Malicious,1,Malicious,1
1.27e-11,0.0,0.0,1,4,Malicious,1,Malicious,1
3.93e-05,0.0,0.0,1,4,Benign,0,Benign,1
1.27e-11,0.0,0.0,1,4,Malicious,1,Malicious,1
1.27e-11,0.0,0.0,1,4,Malicious,1,Malicious,1
6.97e-08,2.58e-08,1.34e-07,2,8,Benign,0,Benign,0
6.2e-09,2.58e-08,1.34e-07,2,8,Benign,0,Benign,0
3.8e-05,0.0,0.0,1,4,Malicious,1,Malicious,1
2.7e-05,4.3e-08,7.22e-07,1,7,Malicious,1,Malicious,1
1.74e-07,2.64e-08,1.84e-07,2,8,Benign,0,Benign,0
8.56e-08,2.75e-08,1.43e-07,2,8,Benign,0,Benign,0
0.0,0.0,0.0,1,4,Malicious,1,Malicious,1
1.27e-11,0.0,0.0,1,4,Malicious,1,Malicious,1
3.92e-05,0.0,0.0,1,4,Benign,0,Benign,1
1.39e-05,3.84e-08,6.92e-07,1,7,Benign,0,Benign,1
1.27e-11,0.0,0.0,1,4,Malicious,1,Malicious,1
2.72e-05,4.3e-08,7.22e-07,1,7,Malicious,1,Malicious,1
5.99e-05,3.38e-07,5.35e-06,1,8,Malicious,1,Malicious,1
5.74e-07,2.75e-08,1.43e-07,2,8,Benign,0,Benign,0
0.0,0.0,0.0,1,4,Malicious,1,Malicious,1
3.94e-05,0.0,0.0,1,4,Malicious,1,Malicious,1
3.81e-11,0.0,0.0,1,4,Malicious,1,Malicious,1
1.27e-11,0.0,0.0,1,4,Malicious,1,Malicious,1
4.34e-07,2.75e-08,1.43e-07,2,8,Benign,0,Benign,0
5.07e-11,0.0,0.0,1,4,Malicious,1,Malicious,1
3.8e-05,0.0,0.0,1,4,Malicious,1,Malicious,1
0.0,0.0,0.0,1,4,Malicious,1,Malicious,1
5.07e-11,0.0,0.0,1,4,Malicious,1,Malicious,1
1.27e-11,0.0,0.0,1,4,Malicious,1,Malicious,1
3.23e-09,0.0,0.0,1,4,Malicious,1,Malicious,1
3.22e-09,0.0,0.0,1,4,Malicious,1,Malicious,1
1.27e-11,0.0,0.0,1,4,Malicious,1,Malicious,1
1.27e-11,0.0,0.0,1,4,Malicious,1,Malicious,1
2.54e-11,0.0,0.0,1,4,Malicious,1,Malicious,1
5.07e-11,0.0,0.0,1,4,Malicious,1,Malicious,1
0.0,0.0,0.0,1,4,Malicious,1,Malicious,1
1.27e-11,0.0,0.0,1,4,Malicious,1,Malicious,1
3.97e-05,0.0,0.0,1,4,Malicious,1,Malicious,1
3.79e-05,0.0,0.0,1,4,Malicious,1,Malicious,1
1.27e-11,0.0,0.0,1,4,Malicious,1,Malicious,1
1.37e-05,3.84e-08,6.92e-07,1,7,Benign,0,Benign,0
1.27e-11,0.0,0.0,1,4,Malicious,1,Malicious,1
1.27e-11,0.0,0.0,1,4,Malicious,1,Malicious,1
1.27e-11,0.0,0.0,1,4,Malicious,1,Malicious,1
3.16e-09,0.0,0.0,1,4,Malicious,1,Malicious,1
5.69e-08,2.75e-08,1.43e-07,2,8,Benign,0,Benign,0
1.27e-11,0.0,0.0,1,4,Malicious,1,Malicious,1
3.8e-05,0.0,0.0,1,4,Malicious,1,Malicious,1
3.91e-05,0.0,0.0,1,4,Malicious,1,Malicious,1
3.94e-05,0.0,0.0,1,4,Malicious,1,Malicious,1
5.07e-11,0.0,0.0,1,4,Malicious,1,Malicious,1
3.92e-05,0.0,0.0,1,4,Malicious,1,Malicious,1
1.27e-11,0.0,0.0,1,4,Malicious,1,Malicious,1
1.27e-11,0.0,0.0,1,4,Malicious,1,Malicious,1
2.19e-08,2.75e-08,1.43e-07,2,8,Benign,0,Benign,0
5.07e-11,0.0,0.0,1,4,Malicious,1,Malicious,1
5.07e-11,0.0,0.0,1,4,Malicious,1,Malicious,1
3.94e-05,0.0,0.0,1,4,Malicious,1,Malicious,1
3.15e-08,2.12e-08,1.57e-07,2,8,Benign,0,Benign,0
1.27e-11,0.0,0.0,1,4,Malicious,1,Malicious,1
2.54e-11,5.5e-08,0.0,2,4,Benign,0,Benign,0
3.99e-05,0.0,0.0,1,4,Malicious,1,Malicious,1
1.27e-11,0.0,0.0,1,4,Malicious,1,Malicious,1
1.27e-11,0.0,0.0,1,4,Malicious,1,Malicious,1
1.27e-11,0.0,0.0,1,4,Malicious,1,Malicious,1
6.19e-09,2.58e-08,1.34e-07,2,8,Benign,0,Benign,0
1.27e-11,0.0,0.0,1,4,Malicious,1,Malicious,1
3.97e-05,0.0,0.0,1,4,Malicious,1,Malicious,1
1.27e-11,0.0,0.0,1,4,Malicious,1,Malicious,1
3.94e-05,0.0,0.0,1,4,Malicious,1,Malicious,1
6.38e-09,0.0,0.0,1,4,Malicious,1,Malicious,1
3.81e-11,0.0,0.0,1,4,Malicious,1,Malicious,1
1.27e-11,0.0,0.0,1,4,Malicious,1,Malicious,1
1.27e-11,0.0,0.0,1,4,Malicious,1,Malicious,1
6.32e-09,1.66e-08,1.34e-07,2,8,Benign,0,Benign,0
0.0,0.0,0.0,1,4,Malicious,1,Malicious,1
3.96e-05,0.0,0.0,1,4,Malicious,1,Malicious,1
5.07e-11,0.0,0.0,1,4,Malicious,1,Malicious,1
3.8e-05,0.0,0.0,1,4,Malicious,1,Malicious,1
3.92e-05,0.0,0.0,1,4,Benign,0,Benign,1
1.9e-08,2.75e-08,1.43e-07,2,8,Benign,0,Benign,0
1.39e-05,4.3e-08,7.22e-07,1,7,Malicious,1,Malicious,1
0.000849648,1.93e-07,9.98e-07,2,8,Benign,0,Benign,0
3.94e-05,0.0,0.0,1,4,Malicious,1,Malicious,1
3.95e-05,0.0,0.0,1,4,Benign,0,Benign,1
1.27e-11,0.0,0.0,1,4,Malicious,1,Malicious,1
1.27e-11,0.0,0.0,1,4,Malicious,1,Malicious,1
3.93e-05,0.0,0.0,1,4,Malicious,1,Malicious,1
6.35e-05,4.47e-08,0.0,2,4,Benign,0,Benign,0
3.96e-05,0.0,0.0,1,4,Benign,0,Benign,1
3.98e-05,0.0,0.0,1,4,Benign,0,Benign,1
1.27e-11,0.0,0.0,1,4,Malicious,1,Malicious,1
3.99e-05,0.0,0.0,1,4,Benign,0,Benign,1
3.8e-05,0.0,0.0,1,4,Malicious,1,Malicious,1
1.27e-11,0.0,0.0,1,4,Malicious,1,Malicious,1
1.88e-08,2.75e-08,1.43e-07,2,8,Benign,0,Benign,0
1.27e-11,0.0,0.0,1,4,Malicious,1,Malicious,1
6.38e-09,0.0,0.0,1,4,Malicious,1,Malicious,1
5.07e-11,0.0,0.0,1,4,Malicious,1,Malicious,1
1.27e-08,0.0,0.0,1,4,Malicious,1,Malicious,1
0.0,0.0,0.0,1,4,Malicious,1,Malicious,1
3.92e-05,0.0,0.0,1,4,Benign,0,Benign,1
1.39e-05,4.3e-08,7.22e-07,1,7,Malicious,1,Malicious,1
1.27e-08,2.24e-08,1.63e-07,2,8,Benign,0,Benign,0
1.27e-11,0.0,0.0,1,4,Malicious,1,Malicious,1
3.97e-05,0.0,0.0,1,4,Malicious,1,Malicious,1
3.8e-08,2.75e-08,1.43e-07,2,8,Benign,0,Benign,0
3.8e-05,0.0,0.0,1,4,Malicious,1,Malicious,1
3.8e-05,0.0,0.0,1,4,Malicious,1,Malicious,1
3.97e-05,0.0,0.0,1,4,Malicious,1,Malicious,1
1.27e-11,0.0,0.0,1,4,Malicious,1,Malicious,1
7.59e-08,2.75e-08,1.43e-07,2,8,Benign,0,Benign,0
3.97e-05,0.0,0.0,1,4,Malicious,1,Malicious,1
5.07e-11,0.0,0.0,1,4,Malicious,1,Malicious,1
1.27e-11,0.0,0.0,1,4,Malicious,1,Malicious,1
1.27e-11,0.0,0.0,1,4,Malicious,1,Malicious,1
3.81e-11,0.0,0.0,1,4,Malicious,1,Malicious,1
3.97e-05,0.0,0.0,1,4,Malicious,1,Malicious,1
3.81e-11,0.0,0.0,1,4,Malicious,1,Malicious,1
3.22e-09,0.0,0.0,1,4,Malicious,1,Malicious,1
1.27e-11,0.0,0.0,1,4,Malicious,1,Malicious,1
1.27e-11,0.0,0.0,1,4,Malicious,1,Malicious,1
6.34e-11,0.0,0.0,1,4,Malicious,1,Malicious,1
1.27e-11,0.0,0.0,1,4,Malicious,1,Malicious,1
3.92e-05,0.0,0.0,1,4,Malicious,1,Malicious,1
0.0,0.0,0.0,1,4,Malicious,1,Malicious,1
0.0,0.0,0.0,1,4,Malicious,1,Malicious,1
3.97e-05,0.0,0.0,1,4,Malicious,1,Malicious,1
3.98e-05,0.0,0.0,1,4,Benign,0,Benign,1
0.0,0.0,0.0,1,4,Malicious,1,Malicious,1
0.000849772,2.2e-07,9.98e-07,2,8,Benign,0,Benign,0
3.81e-11,0.0,0.0,1,4,Malicious,1,Malicious,1
0.0,0.0,0.0,1,4,Malicious,1,Malicious,1
5.42e-05,4.3e-08,7.22e-07,1,7,Malicious,1,Malicious,1
9.25e-09,2.58e-08,1.34e-07,2,8,Benign,0,Benign,0
5.07e-11,0.0,0.0,1,4,Malicious,1,Malicious,1
5.07e-11,0.0,0.0,1,4,Malicious,1,Malicious,1
1.29e-05,3.44e-08,3.68e-07,1,3,Malicious,1,Malicious,0
1.27e-11,0.0,0.0,1,4,Malicious,1,Malicious,1
5.07e-11,0.0,0.0,1,4,Malicious,1,Malicious,1
3.8e-05,0.0,0.0,1,4,Malicious,1,Malicious,1
3.99e-05,0.0,0.0,1,4,Malicious,1,Malicious,1
6.37e-09,0.0,0.0,1,4,Malicious,1,Malicious,1
3.8e-05,0.0,0.0,1,4,Malicious,1,Malicious,1
3.92e-05,0.0,0.0,1,4,Benign,0,Benign,1
1.27e-11,0.0,0.0,1,4,Malicious,1,Malicious,1
1.27e-11,0.0,0.0,1,4,Malicious,1,Malicious,1
3.91e-05,0.0,0.0,1,4,Malicious,1,Malicious,1
1.27e-11,0.0,0.0,1,4,Malicious,1,Malicious,1
1.27e-11,0.0,0.0,1,4,Malicious,1,Malicious,1
3.97e-05,0.0,0.0,1,4,Malicious,1,Malicious,1
5.07e-11,0.0,0.0,1,4,Malicious,1,Malicious,1
5.02e-06,0.0,0.0,1,1,Benign,0,Benign,0
1.08e-07,5.5e-08,2.85e-07,2,8,Benign,0,Benign,0
1.27e-11,0.0,0.0,1,4,Malicious,1,Malicious,1
6.29e-09,1.66e-08,1.34e-07,2,8,Benign,0,Benign,0
1.27e-11,0.0,0.0,1,4,Malicious,1,Malicious,1
2.54e-11,0.0,0.0,1,4,Malicious,1,Malicious,1
3.8e-05,0.0,0.0,1,4,Malicious,1,Malicious,1
1.45e-05,4.24e-08,7.19e-07,1,7,Malicious,1,Malicious,1
3.81e-11,0.0,0.0,1,4,Malicious,1,Malicious,1
6.34e-11,0.0,0.0,1,4,Malicious,1,Malicious,1
3.16e-08,2.75e-08,1.43e-07,2,8,Benign,0,Benign,0
1.27e-11,0.0,0.0,1,4,Malicious,1,Malicious,1
1.14e-06,2.75e-08,1.43e-07,2,8,Benign,0,Benign,0
2.21e-08,2.75e-08,1.43e-07,2,8,Benign,0,Benign,0
3.95e-05,0.0,0.0,1,4,Malicious,1,Malicious,1
1.62e-07,2.75e-08,1.43e-07,2,8,Benign,0,Benign,0
1.27e-11,0.0,0.0,1,4,Malicious,1,Malicious,1
5.07e-11,0.0,0.0,1,4,Malicious,1,Malicious,1
0.0,0.0,0.0,1,4,Malicious,1,Malicious,1
1.24e-07,2.75e-08,1.43e-07,2,8,Benign,0,Benign,0
6.34e-11,0.0,0.0,1,4,Malicious,1,Malicious,1
3.95e-05,0.0,0.0,1,4,Malicious,1,Malicious,1
1.27e-11,0.0,0.0,1,4,Malicious,1,Malicious,1
3.22e-09,0.0,0.0,1,4,Malicious,1,Malicious,1
1.27e-11,0.0,0.0,1,4,Malicious,1,Malicious,1
0.009050621,0.004525094,0.0,2,4,Malicious,1,Malicious,1
5.07e-11,0.0,0.0,1,4,Malicious,1,Malicious,1
1.27e-11,0.0,0.0,1,4,Malicious,1,Malicious,1
3.23e-09,0.0,0.0,1,4,Malicious,1,Malicious,1
1.27e-11,0.0,0.0,1,4,Malicious,1,Malicious,1
6.34e-11,0.0,0.0,1,4,Malicious,1,Malicious,1
1.27e-11,0.0,0.0,1,4,Malicious,1,Malicious,1
3.81e-05,0.0,0.0,1,4,Malicious,1,Malicious,1
1.27e-11,0.0,0.0,1,4,Malicious,1,Malicious,1
3.8e-05,0.0,0.0,1,4,Malicious,1,Malicious,1
1.27e-11,0.0,0.0,1,4,Malicious,1,Malicious,1
3.98e-05,0.0,0.0,1,4,Benign,0,Benign,1
3.96e-05,0.0,0.0,1,4,Benign,0,Benign,1
3.22e-09,0.0,0.0,1,4,Malicious,1,Malicious,1
2.98e-07,2.58e-08,1.34e-07,2,8,Benign,0,Benign,0
3.81e-11,0.0,0.0,1,4,Malicious,1,Malicious,1
3.8e-05,0.0,0.0,1,4,Malicious,1,Malicious,1
3.8e-05,0.0,0.0,1,4,Malicious,1,Malicious,1
5.07e-11,0.0,0.0,1,4,Malicious,1,Malicious,1
1.33e-07,2.75e-08,1.43e-07,2,8,Benign,0,Benign,0
3.93e-05,0.0,0.0,1,4,Malicious,1,Malicious,1
3.99e-05,0.0,0.0,1,4,Malicious,1,Malicious,1
1.27e-11,0.0,0.0,1,4,Malicious,1,Malicious,1
1.27e-11,0.0,0.0,1,4,Malicious,1,Malicious,1
2.22e-07,2.75e-08,1.43e-07,2,8,Benign,0,Benign,0
1.27e-11,0.0,0.0,1,4,Malicious,1,Malicious,1
3.94e-05,0.0,0.0,1,4,Benign,0,Benign,1
1.27e-11,0.0,0.0,1,4,Malicious,1,Malicious,1
1.27e-11,0.0,0.0,1,4,Malicious,1,Malicious,1
9.81e-08,2.75e-08,1.43e-07,2,8,Benign,0,Benign,0
5.07e-11,0.0,0.0,1,4,Malicious,1,Malicious,1
1.27e-11,0.0,0.0,1,4,Malicious,1,Malicious,1
3.95e-05,0.0,0.0,1,4,Benign,0,Benign,1
1.27e-11,0.0,0.0,1,4,Malicious,1,Malicious,1
5e-06,0.0,0.0,1,1,Benign,0,Benign,0
3.8e-05,0.0,0.0,1,4,Malicious,1,Malicious,1
1.52e-10,0.0,0.0,1,4,Malicious,1,Malicious,1
3.8e-05,0.0,0.0,1,4,Malicious,1,Malicious,1
1.27e-11,0.0,0.0,1,4,Malicious,1,Malicious,1
3.95e-05,0.0,0.0,1,4,Malicious,1,Malicious,1
1.01e-10,0.0,0.0,1,4,Malicious,1,Malicious,1
3.8e-05,0.0,0.0,1,4,Benign,0,Benign,1
3.97e-05,0.0,0.0,1,4,Malicious,1,Malicious,1
1.27e-11,0.0,0.0,1,4,Malicious,1,Malicious,1
3.97e-05,0.0,0.0,1,4,Malicious,1,Malicious,1
1.27e-11,0.0,0.0,1,4,Malicious,1,Malicious,1
1.27e-11,0.0,0.0,1,4,Malicious,1,Malicious,1
3.8e-05,0.0,0.0,1,4,Malicious,1,Malicious,1
0.000500502,3.55e-08,7.99e-07,1,7,Malicious,1,Malicious,1
5.1e-07,2.75e-08,1.43e-07,2,8,Benign,0,Benign,0
0.0,0.0,0.0,1,4,Malicious,1,Malicious,1
6.34e-11,0.0,0.0,1,4,Malicious,1,Malicious,1
3.8e-05,0.0,0.0,1,4,Malicious,1,Malicious,1
1.27e-11,0.0,0.0,1,4,Malicious,1,Malicious,1
3.8e-05,0.0,0.0,1,4,Malicious,1,Malicious,1
1.27e-11,0.0,0.0,1,4,Malicious,1,Malicious,1
1.27e-11,0.0,0.0,1,4,Malicious,1,Malicious,1
1.27e-11,0.0,0.0,1,4,Malicious,1,Malicious,1
1.27e-11,0.0,0.0,1,4,Malicious,1,Malicious,1
3.48e-08,2.75e-08,1.43e-07,2,8,Benign,0,Benign,0
1.27e-11,0.0,0.0,1,4,Malicious,1,Malicious,1
9.51e-08,5.5e-08,2.85e-07,2,8,Benign,0,Benign,0
3.96e-05,0.0,0.0,1,4,Benign,0,Benign,1
1.72e-07,2.75e-08,1.43e-07,2,8,Benign,0,Benign,0
3.92e-05,0.0,0.0,1,4,Malicious,1,Malicious,1
1.27e-11,0.0,0.0,1,4,Malicious,1,Malicious,1
3.8e-05,0.0,0.0,1,4,Malicious,1,Malicious,1
5.07e-11,0.0,0.0,1,4,Malicious,1,Malicious,1
1.39e-05,3.84e-08,6.92e-07,1,7,Benign,0,Benign,1
1.29e-07,2.69e-08,3.3e-07,2,8,Benign,0,Benign,0
3.26e-07,2.75e-08,1.43e-07,2,8,Benign,0,Benign,0
6.23e-09,1.66e-08,1.34e-07,2,8,Benign,0,Benign,0
5.07e-11,0.0,0.0,1,4,Malicious,1,Malicious,1
3.8e-05,0.0,0.0,1,4,Malicious,1,Malicious,1
3.46e-07,0.0,0.0,1,8,Benign,0,Benign,0
3.8e-05,0.0,0.0,1,4,Malicious,1,Malicious,1
5.07e-11,0.0,0.0,1,4,Malicious,1,Malicious,1
3.2e-09,0.0,0.0,1,4,Malicious,1,Malicious,1
3.99e-05,0.0,0.0,1,4,Malicious,1,Malicious,1
5.33e-05,3.84e-08,6.92e-07,1,7,Benign,0,Benign,1
0.0,0.0,0.0,1,4,Malicious,1,Malicious,1
0.0,0.0,0.0,1,4,Malicious,1,Malicious,1
5.07e-11,0.0,0.0,1,4,Malicious,1,Malicious,1
3.8e-05,0.0,0.0,1,4,Malicious,1,Malicious,1
0.0,0.0,0.0,1,4,Malicious,1,Malicious,1
1.27e-11,0.0,0.0,1,4,Malicious,1,Malicious,1
1.27e-11,0.0,0.0,1,4,Malicious,1,Malicious,1
3.92e-05,0.0,0.0,1,4,Malicious,1,Malicious,1
6.33e-09,1.66e-08,1.34e-07,2,8,Benign,0,Benign,0
1.27e-11,0.0,0.0,1,4,Malicious,1,Malicious,1
3.97e-05,0.0,0.0,1,4,Malicious,1,Malicious,1
3.96e-05,0.0,0.0,1,4,Benign,0,Benign,1
5.07e-11,0.0,0.0,1,4,Malicious,1,Malicious,1
2.54e-11,5.5e-08,0.0,2,4,Benign,0,Benign,0
6.34e-11,0.0,0.0,1,4,Malicious,1,Malicious,1
1.27e-11,0.0,0.0,1,4,Malicious,1,Malicious,1
3.95e-05,0.0,0.0,1,4,Benign,0,Benign,1
5.07e-11,0.0,0.0,1,4,Malicious,1,Malicious,1
3.81e-11,0.0,0.0,1,4,Malicious,1,Malicious,1
1.27e-11,0.0,0.0,1,4,Malicious,1,Malicious,1
5.93e-05,3.38e-07,5.35e-06,1,8,Malicious,1,Malicious,1
6.52e-05,3.38e-07,5.26e-06,1,8,Malicious,1,Malicious,1
5.07e-11,0.0,0.0,1,4,Malicious,1,Malicious,1
6.34e-11,0.0,0.0,1,4,Malicious,1,Malicious,1
3.8e-05,0.0,0.0,1,4,Malicious,1,Malicious,1
1.27e-11,0.0,0.0,1,4,Malicious,1,Malicious,1
6.34e-11,0.0,0.0,1,4,Malicious,1,Malicious,1
2.22e-08,2.75e-08,1.43e-07,2,8,Benign,0,Benign,0
3.93e-05,0.0,0.0,1,4,Benign,0,Benign,1
6.37e-09,0.0,0.0,1,4,Malicious,1,Malicious,1
6.35e-05,4.47e-08,0.0,2,4,Benign,0,Benign,0
1.27e-11,0.0,0.0,1,4,Malicious,1,Malicious,1
2.72e-05,4.3e-08,7.22e-07,1,7,Malicious,1,Malicious,1
3.22e-09,0.0,0.0,1,4,Malicious,1,Malicious,1
5.07e-11,0.0,0.0,1,4,Malicious,1,Malicious,1
1.27e-11,0.0,0.0,1,4,Malicious,1,Malicious,1
1.27e-11,0.0,0.0,1,4,Malicious,1,Malicious,1
1.27e-11,0.0,0.0,1,4,Malicious,1,Malicious,1
0.0,0.0,0.0,1,4,Malicious,1,Malicious,1
3.99e-05,0.0,0.0,1,4,Malicious,1,Malicious,1
3.82e-05,3.44e-08,0.0,2,4,Benign,0,Benign,0
4.01e-05,0.0,0.0,1,4,Malicious,1,Malicious,1
1.27e-11,0.0,0.0,1,4,Malicious,1,Malicious,1
1.27e-11,0.0,0.0,1,4,Malicious,1,Malicious,1
3.29e-06,0.0,0.0,1,8,Benign,0,Benign,0
3.97e-05,0.0,0.0,1,4,Malicious,1,Malicious,1
3.79e-05,0.0,0.0,1,4,Malicious,1,Malicious,1
1.27e-11,0.0,0.0,1,4,Malicious,1,Malicious,1
1.27e-11,0.0,0.0,1,4,Malicious,1,Malicious,1
1.27e-11,0.0,0.0,1,4,Malicious,1,Malicious,1
6.29e-09,2.58e-08,1.34e-07,2,8,Benign,0,Benign,0
5.07e-11,0.0,0.0,1,4,Malicious,1,Malicious,1
5.07e-11,0.0,0.0,1,4,Malicious,1,Malicious,1
1.27e-11,0.0,0.0,1,4,Malicious,1,Malicious,1
1.27e-11,0.0,0.0,1,4,Malicious,1,Malicious,1
0.0,0.0,0.0,1,4,Malicious,1,Malicious,1
3.95e-05,0.0,0.0,1,4,Malicious,1,Malicious,1
1.27e-07,2.75e-08,1.43e-07,2,8,Benign,0,Benign,0
3.79e-05,0.0,0.0,1,4,Malicious,1,Malicious,1
3.98e-05,0.0,0.0,1,4,Benign,0,Benign,1
1.27e-11,0.0,0.0,1,4,Malicious,1,Malicious,1
5.1e-07,2.75e-08,1.43e-07,2,8,Benign,0,Benign,0
5.07e-11,0.0,0.0,1,4,Malicious,1,Malicious,1
3.93e-05,0.0,0.0,1,4,Malicious,1,Malicious,1
3.99e-05,0.0,0.0,1,4,Benign,0,Benign,1
3.8e-05,0.0,0.0,1,4,Malicious,1,Malicious,1
6.29e-09,1.66e-08,1.34e-07,2,8,Benign,0,Benign,0
1.27e-11,0.0,0.0,1,4,Malicious,1,Malicious,1
0.0,0.0,0.0,1,4,Malicious,1,Malicious,1
3.8e-05,0.0,0.0,1,4,Malicious,1,Malicious,1
1.01e-10,0.0,0.0,1,4,Malicious,1,Malicious,1
3.27e-09,0.0,0.0,1,4,Malicious,1,Malicious,1
5.07e-11,0.0,0.0,1,4,Malicious,1,Malicious,1
5.07e-11,0.0,0.0,1,4,Malicious,1,Malicious,1
3.99e-05,0.0,0.0,1,4,Malicious,1,Malicious,1
1.27e-11,0.0,0.0,1,4,Malicious,1,Malicious,1
6.3e-09,1.66e-08,1.34e-07,2,8,Benign,0,Benign,0
1.27e-11,0.0,0.0,1,4,Malicious,1,Malicious,1
1.01e-10,0.0,0.0,1,4,Malicious,1,Malicious,1
3.22e-09,0.0,0.0,1,4,Malicious,1,Malicious,1
0.001051605,1.15e-07,0.0,2,4,Benign,0,Benign,0
1.27e-11,0.0,0.0,1,4,Malicious,1,Malicious,1
3.98e-05,0.0,0.0,1,4,Malicious,1,Malicious,1
1.27e-11,0.0,0.0,1,4,Malicious,1,Malicious,1
1.27e-11,0.0,0.0,1,4,Malicious,1,Malicious,1
0.0,0.0,0.0,1,4,Malicious,1,Malicious,1
6.95e-08,2.75e-08,1.43e-07,2,8,Benign,0,Benign,0
4.07e-06,0.0,0.0,1,1,Benign,0,Benign,0
3.95e-05,0.0,0.0,1,4,Benign,0,Benign,1
4e-05,0.0,0.0,1,4,Benign,0,Benign,1
3.13e-09,0.0,0.0,1,4,Malicious,1,Malicious,1
3.98e-05,0.0,0.0,1,4,Malicious,1,Malicious,1
4.1e-06,0.0,0.0,1,1,Benign,0,Benign,0
3.8e-05,0.0,0.0,1,4,Malicious,1,Malicious,1
6.3e-09,1.66e-08,1.34e-07,2,8,Benign,0,Benign,0
4e-05,0.0,0.0,1,4,Benign,0,Benign,1
0.0,0.0,0.0,1,4,Malicious,1,Malicious,1
1.27e-11,0.0,0.0,1,4,Malicious,1,Malicious,1
3.99e-05,0.0,0.0,1,4,Malicious,1,Malicious,1
3.8e-08,2.75e-08,1.43e-07,2,8,Benign,0,Benign,0
1.27e-11,0.0,0.0,1,4,Malicious,1,Malicious,1
1.27e-11,0.0,0.0,1,4,Malicious,1,Malicious,1
3.79e-05,0.0,0.0,1,4,Malicious,1,Malicious,1
3.93e-05,0.0,0.0,1,4,Benign,0,Benign,1
5.39e-07,2.24e-08,3.06e-07,2,8,Benign,0,Benign,0
4e-05,0.0,0.0,1,4,Benign,0,Benign,1
3.97e-05,0.0,0.0,1,4,Benign,0,Benign,1
5.7e-07,2.12e-08,1.57e-07,2,8,Benign,0,Benign,0
1.27e-11,0.0,0.0,1,4,Malicious,1,Malicious,1
3.96e-05,0.0,0.0,1,4,Benign,0,Benign,1
1.27e-11,0.0,0.0,1,4,Malicious,1,Malicious,1
1.27e-11,0.0,0.0,1,4,Malicious,1,Malicious,1
3.39e-07,2.75e-08,1.43e-07,2,8,Benign,0,Benign,0
8.68e-07,2.75e-08,1.43e-07,2,8,Benign,0,Benign,0
0.0,0.0,0.0,1,4,Malicious,1,Malicious,1
3.98e-05,0.0,0.0,1,4,Benign,0,Benign,1
1.36e-05,3.84e-08,6.66e-07,1,7,Benign,0,Benign,0
1.27e-11,0.0,0.0,1,4,Malicious,1,Malicious,1
3.46e-08,2.75e-08,1.43e-07,2,8,Benign,0,Benign,0
3.99e-05,0.0,0.0,1,4,Malicious,1,Malicious,1
1.27e-11,0.0,0.0,1,4,Malicious,1,Malicious,1
1.27e-11,0.0,0.0,1,4,Malicious,1,Malicious,1
3.95e-05,0.0,0.0,1,4,Malicious,1,Malicious,1
3.8e-05,0.0,0.0,1,4,Malicious,1,Malicious,1
1.27e-11,0.0,0.0,1,4,Malicious,1,Malicious,1
1.27e-11,0.0,0.0,1,4,Malicious,1,Malicious,1
3.8e-05,0.0,0.0,1,4,Malicious,1,Malicious,1
6.33e-08,2.75e-08,1.43e-07,2,8,Benign,0,Benign,0
1.27e-11,0.0,0.0,1,4,Malicious,1,Malicious,1
6.35e-05,4.47e-08,0.0,2,4,Benign,0,Benign,0
9.49e-09,2.58e-08,1.34e-07,2,8,Benign,0,Benign,0
0.0,0.0,0.0,1,4,Malicious,1,Malicious,1
1.27e-11,0.0,0.0,1,4,Malicious,1,Malicious,1
3.8e-05,0.0,0.0,1,4,Malicious,1,Malicious,1
6.35e-05,4.47e-08,0.0,2,4,Benign,0,Benign,0
2.54e-11,0.0,0.0,1,4,Malicious,1,Malicious,1
3.99e-05,0.0,0.0,1,4,Malicious,1,Malicious,1
1.27e-11,0.0,0.0,1,4,Malicious,1,Malicious,1
3.94e-05,0.0,0.0,1,4,Malicious,1,Malicious,1
3.8e-05,0.0,0.0,1,4,Malicious,1,Malicious,1
1.29e-05,2.98e-08,3.68e-07,1,3,Benign,0,Benign,0
1.27e-11,0.0,0.0,1,4,Malicious,1,Malicious,1
3.94e-05,0.0,0.0,1,4,Malicious,1,Malicious,1
1.27e-11,0.0,0.0,1,4,Malicious,1,Malicious,1
2.21e-08,2.75e-08,1.43e-07,2,8,Benign,0,Benign,0
1.27e-11,0.0,0.0,1,4,Malicious,1,Malicious,1
1.36e-05,3.78e-08,6.89e-07,1,7,Benign,0,Benign,0
1.27e-11,0.0,0.0,1,4,Malicious,1,Malicious,1
1.35e-05,3.84e-08,6.92e-07,1,7,Benign,0,Benign,0
3.95e-05,0.0,0.0,1,4,Malicious,1,Malicious,1
3.8e-05,0.0,0.0,1,4,Malicious,1,Malicious,1
5.07e-11,0.0,0.0,1,4,Malicious,1,Malicious,1
1.27e-11,0.0,0.0,1,4,Malicious,1,Malicious,1
3.81e-05,0.0,0.0,1,4,Malicious,1,Malicious,1
6.32e-09,2.12e-08,2.97e-07,2,8,Benign,0,Benign,0
0.000680984,1.38e-07,0.0,2,4,Benign,0,Benign,0
1.27e-11,0.0,0.0,1,4,Malicious,1,Malicious,1
3.98e-05,0.0,0.0,1,4,Malicious,1,Malicious,1
3.99e-05,0.0,0.0,1,4,Benign,0,Benign,1
6.01e-08,2.75e-08,1.43e-07,2,8,Benign,0,Benign,0
6.34e-08,2.75e-08,1.43e-07,2,8,Benign,0,Benign,0
1.27e-11,0.0,0.0,1,4,Malicious,1,Malicious,1
1.27e-11,0.0,0.0,1,4,Malicious,1,Malicious,1
0.0,0.0,0.0,1,4,Malicious,1,Malicious,1
1.27e-11,0.0,0.0,1,4,Malicious,1,Malicious,1
0.0,0.0,0.0,1,4,Malicious,1,Malicious,1
5.07e-11,0.0,0.0,1,4,Malicious,1,Malicious,1
3.96e-05,0.0,0.0,1,4,Malicious,1,Malicious,1
2.2e-08,2.75e-08,1.43e-07,2,8,Benign,0,Benign,0
1.27e-11,0.0,0.0,1,4,Malicious,1,Malicious,1
6.34e-11,0.0,0.0,1,9,Benign,0,Benign,0
3.78e-08,3.78e-08,3.27e-07,2,8,Benign,0,Benign,0
3.8e-05,0.0,0.0,1,4,Malicious,1,Malicious,1
1.27e-11,0.0,0.0,1,4,Malicious,1,Malicious,1
2.66e-09,0.0,0.0,1,4,Malicious,1,Malicious,1
2.63e-05,3.84e-08,6.92e-07,1,7,Benign,0,Benign,1
1.27e-11,0.0,0.0,1,4,Malicious,1,Malicious,1
1.27e-11,0.0,0.0,1,4,Malicious,1,Malicious,1
1.27e-07,2.58e-08,1.34e-07,2,8,Benign,0,Benign,0
1.27e-11,0.0,0.0,1,4,Malicious,1,Malicious,1
3.8e-05,0.0,0.0,1,4,Malicious,1,Malicious,1
3.81e-11,0.0,0.0,1,4,Malicious,1,Malicious,1
3.94e-05,0.0,0.0,1,4,Malicious,1,Malicious,1
3.98e-05,0.0,0.0,1,4,Benign,0,Benign,1
3.97e-05,0.0,0.0,1,4,Malicious,1,Malicious,1
3.91e-05,0.0,0.0,1,4,Malicious,1,Malicious,1
3.8e-05,0.0,0.0,1,4,Malicious,1,Malicious,1
3.26e-09,0.0,0.0,1,4,Malicious,1,Malicious,1
1.27e-11,0.0,0.0,1,4,Malicious,1,Malicious,1
3.95e-05,0.0,0.0,1,4,Benign,0,Benign,1
1.27e-11,0.0,0.0,1,4,Malicious,1,Malicious,1
1.27e-11,0.0,0.0,1,4,Malicious,1,Malicious,1
3.91e-05,0.0,0.0,1,4,Benign,0,Benign,1
6.44e-09,0.0,0.0,1,4,Malicious,1,Malicious,1
1.27e-11,0.0,0.0,1,4,Malicious,1,Malicious,1
3.98e-05,0.0,0.0,1,4,Benign,0,Benign,1
3.95e-05,0.0,0.0,1,4,Benign,0,Benign,1
3.94e-05,0.0,0.0,1,4,Malicious,1,Malicious,1
1.27e-11,0.0,0.0,1,4,Malicious,1,Malicious,1
4e-05,0.0,0.0,1,4,Benign,0,Benign,1
3.99e-05,0.0,0.0,1,4,Malicious,1,Malicious,1
0.0,0.0,0.0,1,4,Malicious,1,Malicious,1
3.92e-05,0.0,0.0,1,4,Benign,0,Benign,1
1.27e-11,0.0,0.0,1,4,Malicious,1,Malicious,1
1.46e-07,2.64e-08,1.84e-07,2,8,Benign,0,Benign,0
3.13e-06,0.0,0.0,1,8,Benign,0,Benign,0
1.27e-11,0.0,0.0,1,4,Malicious,1,Malicious,1
3.81e-11,0.0,0.0,1,4,Malicious,1,Malicious,1
3.98e-05,0.0,0.0,1,4,Benign,0,Benign,1
5.07e-11,0.0,0.0,1,4,Malicious,1,Malicious,1
5.07e-11,0.0,0.0,1,4,Malicious,1,Malicious,1
1.27e-11,0.0,0.0,1,4,Malicious,1,Malicious,1
2.21e-08,2.75e-08,1.43e-07,2,8,Benign,0,Benign,0
3.99e-05,0.0,0.0,1,4,Malicious,1,Malicious,1
5.07e-11,0.0,0.0,1,4,Malicious,1,Malicious,1
3.8e-05,0.0,0.0,1,4,Malicious,1,Malicious,1
3.27e-09,0.0,0.0,1,4,Malicious,1,Malicious,1
3.8e-05,0.0,0.0,1,4,Malicious,1,Malicious,1
3.97e-05,0.0,0.0,1,4,Benign,0,Benign,1
3.8e-05,0.0,0.0,1,4,Malicious,1,Malicious,1
3.8e-05,0.0,0.0,1,4,Malicious,1,Malicious,1
3.94e-05,0.0,0.0,1,4,Benign,0,Benign,1
1.27e-11,0.0,0.0,1,4,Malicious,1,Malicious,1
4e-05,0.0,0.0,1,4,Malicious,1,Malicious,1
3.95e-05,0.0,0.0,1,4,Benign,0,Benign,1
3.8e-05,0.0,0.0,1,4,Malicious,1,Malicious,1
3.22e-09,0.0,0.0,1,4,Malicious,1,Malicious,1
6.34e-11,0.0,0.0,1,4,Malicious,1,Malicious,1
1.27e-11,0.0,0.0,1,4,Malicious,1,Malicious,1
3.97e-05,0.0,0.0,1,4,Benign,0,Benign,1
1.27e-11,0.0,0.0,1,4,Malicious,1,Malicious,1
2.2e-08,2.75e-08,1.43e-07,2,8,Benign,0,Benign,0
2.84e-08,2.75e-08,1.43e-07,2,8,Benign,0,Benign,0
3.96e-05,0.0,0.0,1,4,Benign,0,Benign,1
1.27e-11,0.0,0.0,1,4,Malicious,1,Malicious,1
3.98e-05,0.0,0.0,1,4,Benign,0,Benign,1
1.27e-11,0.0,0.0,1,4,Malicious,1,Malicious,1
1.27e-11,0.0,0.0,1,4,Malicious,1,Malicious,1
1.27e-11,0.0,0.0,1,4,Malicious,1,Malicious,1
1.87e-07,1.66e-08,1.34e-07,2,8,Benign,0,Benign,0
5.07e-11,0.0,0.0,1,4,Malicious,1,Malicious,1
0.000420392,3.55e-08,7.99e-07,1,7,Malicious,1,Malicious,1
1.27e-11,0.0,0.0,1,4,Malicious,1,Malicious,1
3.97e-05,0.0,0.0,1,4,Malicious,1,Malicious,1
3.92e-05,0.0,0.0,1,4,Malicious,1,Malicious,1
3.22e-09,0.0,0.0,1,4,Malicious,1,Malicious,1
2.52e-08,2.75e-08,1.43e-07,2,8,Benign,0,Benign,0
3.16e-08,2.75e-08,1.43e-07,2,8,Benign,0,Benign,0
3.93e-05,0.0,0.0,1,4,Benign,0,Benign,1
4.22e-08,2.29e-08,1.66e-07,2,8,Benign,0,Benign,0
3.8e-05,0.0,0.0,1,4,Malicious,1,Malicious,1
1.27e-11,0.0,0.0,1,4,Malicious,1,Malicious,1
3.96e-05,0.0,0.0,1,4,Benign,0,Benign,1
2.63e-05,3.84e-08,6.92e-07,1,7,Benign,0,Benign,1
3.99e-05,0.0,0.0,1,4,Benign,0,Benign,1
9.25e-09,2.58e-08,1.34e-07,2,8,Benign,0,Benign,0
3.8e-05,0.0,0.0,1,4,Malicious,1,Malicious,1
3.8e-05,0.0,0.0,1,4,Malicious,1,Malicious,1
6.35e-05,4.47e-08,0.0,2,4,Benign,0,Benign,0
1.27e-11,0.0,0.0,1,4,Malicious,1,Malicious,1
6.35e-05,4.47e-08,0.0,2,4,Benign,0,Benign,0
3.8e-05,0.0,0.0,1,4,Malicious,1,Malicious,1
3.22e-09,0.0,0.0,1,4,Malicious,1,Malicious,1
1.27e-11,0.0,0.0,1,4,Malicious,1,Malicious,1
3.96e-05,0.0,0.0,1,4,Benign,0,Benign,1
3.47e-08,2.75e-08,1.43e-07,2,8,Benign,0,Benign,0
5.07e-11,0.0,0.0,1,4,Malicious,1,Malicious,1
3.93e-05,0.0,0.0,1,4,Malicious,1,Malicious,1
1.27e-11,0.0,0.0,1,4,Malicious,1,Malicious,1
1.27e-11,0.0,0.0,1,4,Malicious,1,Malicious,1
0.0,0.0,0.0,1,4,Malicious,1,Malicious,1
6.34e-05,4.47e-08,0.0,2,4,Benign,0,Benign,0
6.3e-09,2.58e-08,1.34e-07,2,8,Benign,0,Benign,0
3.91e-05,0.0,0.0,1,4,Malicious,1,Malicious,1
1.27e-11,0.0,0.0,1,4,Malicious,1,Malicious,1
3.94e-05,0.0,0.0,1,4,Malicious,1,Malicious,1
5.38e-08,2.75e-08,1.43e-07,2,8,Benign,0,Benign,0
6.34e-11,0.0,0.0,1,4,Malicious,1,Malicious,1
1.27e-11,0.0,0.0,1,4,Malicious,1,Malicious,1
1.27e-11,0.0,0.0,1,4,Malicious,1,Malicious,1
3.92e-05,0.0,0.0,1,4,Malicious,1,Malicious,1
5.07e-11,0.0,0.0,1,4,Malicious,1,Malicious,1
1.27e-11,0.0,0.0,1,4,Malicious,1,Malicious,1
3.99e-05,0.0,0.0,1,4,Benign,0,Benign,1
1.37e-05,3.84e-08,6.92e-07,1,7,Benign,0,Benign,0
4.11e-08,1.66e-08,1.34e-07,2,8,Benign,0,Benign,0
7.41e-08,2.06e-08,2.02e-07,2,8,Benign,0,Benign,0
1.27e-11,0.0,0.0,1,4,Malicious,1,Malicious,1
2.52e-08,2.75e-08,1.43e-07,2,8,Benign,0,Benign,0
3.94e-05,0.0,0.0,1,4,Benign,0,Benign,1
1.51e-06,2.24e-08,3.06e-07,2,8,Benign,0,Benign,0
3.8e-05,0.0,0.0,1,4,Malicious,1,Malicious,1
1.4e-05,3.84e-08,6.92e-07,1,7,Benign,0,Benign,1
3.6e-06,0.0,0.0,1,1,Benign,0,Benign,0
3.97e-05,0.0,0.0,1,4,Benign,0,Benign,1
1.27e-11,0.0,0.0,1,4,Malicious,1,Malicious,1
3.8e-05,0.0,0.0,1,4,Malicious,1,Malicious,1
0.0,0.0,0.0,1,4,Malicious,1,Malicious,1
3.8e-05,0.0,0.0,1,4,Malicious,1,Malicious,1
1.01e-10,0.0,0.0,1,4,Malicious,1,Malicious,1
0.0,0.0,0.0,1,4,Malicious,1,Malicious,1
1.66e-06,2.35e-08,3.68e-07,2,8,Benign,0,Benign,0
5.07e-11,0.0,0.0,1,4,Malicious,1,Malicious,1
3.97e-05,0.0,0.0,1,4,Benign,0,Benign,1
5.07e-11,0.0,0.0,1,4,Malicious,1,Malicious,1
1.01e-06,5.04e-08,5.19e-06,1,8,Benign,0,Benign,0
0.0,0.0,0.0,1,4,Malicious,1,Malicious,1
6.32e-08,2.75e-08,1.43e-07,2,8,Benign,0,Benign,0
1.27e-11,0.0,0.0,1,4,Malicious,1,Malicious,1
6.32e-09,1.66e-08,1.34e-07,2,8,Benign,0,Benign,0
3.92e-05,0.0,0.0,1,4,Malicious,1,Malicious,1
6.34e-11,0.0,0.0,1,4,Malicious,1,Malicious,1
1.01e-10,0.0,0.0,1,4,Malicious,1,Malicious,1
5.07e-11,0.0,0.0,1,4,Malicious,1,Malicious,1
0.0,0.0,0.0,1,4,Malicious,1,Malicious,1
1.27e-11,0.0,0.0,1,4,Malicious,1,Malicious,1
2.54e-11,0.0,0.0,1,4,Malicious,1,Malicious,1
3.79e-05,0.0,0.0,1,4,Malicious,1,Malicious,1
1.27e-11,0.0,0.0,1,4,Malicious,1,Malicious,1
5.07e-11,0.0,0.0,1,4,Malicious,1,Malicious,1
3.8e-05,0.0,0.0,1,4,Malicious,1,Malicious,1
1.27e-11,0.0,0.0,1,4,Malicious,1,Malicious,1
3.8e-05,0.0,0.0,1,4,Malicious,1,Malicious,1
0.0,0.0,0.0,1,4,Malicious,1,Malicious,1
9.39e-09,2.58e-08,1.34e-07,2,8,Benign,0,Benign,0
0.0,0.0,0.0,1,4,Malicious,1,Malicious,1
0.0,0.0,0.0,1,4,Malicious,1,Malicious,1
1.27e-11,0.0,0.0,1,4,Malicious,1,Malicious,1
7.92e-08,1.66e-08,1.34e-07,2,8,Benign,0,Benign,0
5.07e-11,0.0,0.0,1,4,Malicious,1,Malicious,1
1.27e-11,0.0,0.0,1,4,Malicious,1,Malicious,1
1.58e-07,2.29e-08,1.66e-07,2,8,Benign,0,Benign,0
3.8e-05,0.0,0.0,1,4,Malicious,1,Malicious,1
3.99e-05,0.0,0.0,1,4,Malicious,1,Malicious,1
1.27e-11,0.0,0.0,1,4,Malicious,1,Malicious,1
1.27e-11,0.0,0.0,1,4,Malicious,1,Malicious,1
4.26e-06,0.0,0.0,1,1,Malicious,1,Malicious,0
1.27e-11,0.0,0.0,1,4,Malicious,1,Malicious,1
0.0,0.0,0.0,1,4,Malicious,1,Malicious,1
6.34e-11,0.0,0.0,1,4,Malicious,1,Malicious,1
3.8e-05,0.0,0.0,1,4,Malicious,1,Malicious,1
4e-05,0.0,0.0,1,4,Malicious,1,Malicious,1
1.27e-11,0.0,0.0,1,4,Malicious,1,Malicious,1
5.17e-05,4.3e-08,7.22e-07,1,7,Malicious,1,Malicious,1
5.07e-11,0.0,0.0,1,4,Malicious,1,Malicious,1
0.0,0.0,0.0,1,4,Malicious,1,Malicious,1
1.27e-11,0.0,0.0,1,4,Malicious,1,Malicious,1
1.27e-11,0.0,0.0,1,4,Malicious,1,Malicious,1
1.27e-11,0.0,0.0,1,4,Malicious,1,Malicious,1
3.16e-08,2.75e-08,1.43e-07,2,8,Benign,0,Benign,0
1.27e-11,0.0,0.0,1,4,Malicious,1,Malicious,1
3.8e-05,0.0,0.0,1,4,Malicious,1,Malicious,1
6.34e-11,0.0,0.0,1,4,Malicious,1,Malicious,1
1.27e-11,0.0,0.0,1,4,Malicious,1,Malicious,1
3.8e-05,0.0,0.0,1,4,Malicious,1,Malicious,1
1.27e-11,0.0,0.0,1,4,Malicious,1,Malicious,1
0.0,0.0,0.0,1,4,Malicious,1,Malicious,1
3.91e-05,0.0,0.0,1,4,Malicious,1,Malicious,1
3.8e-05,0.0,0.0,1,4,Malicious,1,Malicious,1
5.07e-11,0.0,0.0,1,4,Malicious,1,Malicious,1
0.0,0.0,0.0,1,4,Malicious,1,Malicious,1
3.8e-05,0.0,0.0,1,4,Malicious,1,Malicious,1
3.98e-05,0.0,0.0,1,4,Benign,0,Benign,1
5.07e-11,0.0,0.0,1,4,Malicious,1,Malicious,1
3.8e-05,0.0,0.0,1,4,Malicious,1,Malicious,1
3.16e-08,2.75e-08,1.43e-07,2,8,Benign,0,Benign,0
1.27e-11,0.0,0.0,1,4,Malicious,1,Malicious,1
3.91e-05,0.0,0.0,1,4,Malicious,1,Malicious,1
1.88e-08,2.75e-08,1.43e-07,2,8,Benign,0,Benign,0
6.65e-08,2.75e-08,1.43e-07,2,8,Benign,0,Benign,0
1.01e-10,0.0,0.0,1,4,Malicious,1,Malicious,1
5.07e-11,0.0,0.0,1,4,Malicious,1,Malicious,1
1.01e-10,0.0,0.0,1,4,Malicious,1,Malicious,1
9.28e-09,2.58e-08,1.34e-07,2,8,Benign,0,Benign,0
1.27e-11,0.0,0.0,1,4,Malicious,1,Malicious,1
3.81e-11,0.0,0.0,1,4,Malicious,1,Malicious,1
6.39e-05,4.47e-08,3.06e-07,2,8,Benign,0,Benign,0
3.95e-05,0.0,0.0,1,4,Benign,0,Benign,1
0.001709677,0.0,0.0,0,0,Benign,0,Benign,0
3.98e-05,0.0,0.0,1,4,Malicious,1,Malicious,1
1.27e-11,0.0,0.0,1,4,Malicious,1,Malicious,1
1.27e-11,0.0,0.0,1,4,Malicious,1,Malicious,1
6.34e-11,0.0,0.0,1,4,Malicious,1,Malicious,1
5.07e-11,0.0,0.0,1,4,Malicious,1,Malicious,1
3.98e-05,0.0,0.0,1,4,Malicious,1,Malicious,1
2.89e-09,0.0,0.0,1,4,Malicious,1,Malicious,1
1.27e-11,0.0,0.0,1,4,Malicious,1,Malicious,1
5.07e-11,0.0,0.0,1,4,Malicious,1,Malicious,1
3.98e-05,0.0,0.0,1,4,Benign,0,Benign,1
1.27e-11,0.0,0.0,1,4,Malicious,1,Malicious,1
9.49e-09,1.66e-08,1.34e-07,2,8,Benign,0,Benign,0
3.99e-05,0.0,0.0,1,4,Malicious,1,Malicious,1
1.84e-07,2.75e-08,1.43e-07,2,8,Benign,0,Benign,0
4.43e-08,0.0,0.0,1,8,Benign,0,Benign,0
3.8e-05,0.0,0.0,1,4,Malicious,1,Malicious,1
1.27e-11,0.0,0.0,1,4,Malicious,1,Malicious,1
5.07e-11,0.0,0.0,1,4,Malicious,1,Malicious,1
3.96e-05,0.0,0.0,1,4,Benign,0,Benign,1
2.53e-08,2.75e-08,1.43e-07,2,8,Benign,0,Benign,0
4e-05,0.0,0.0,1,4,Benign,0,Benign,1
3.99e-05,0.0,0.0,1,4,Malicious,1,Malicious,1
1.27e-11,0.0,0.0,1,4,Malicious,1,Malicious,1
5.07e-11,0.0,0.0,1,4,Malicious,1,Malicious,1
1.37e-05,3.78e-08,6.89e-07,1,7,Benign,0,Benign,0
1.27e-11,0.0,0.0,1,4,Malicious,1,Malicious,1
1.27e-11,0.0,0.0,1,4,Malicious,1,Malicious,1
6.44e-09,1.66e-08,1.34e-07,2,8,Benign,0,Benign,0
1.27e-11,0.0,0.0,1,4,Malicious,1,Malicious,1
6.34e-11,0.0,0.0,1,4,Malicious,1,Malicious,1
1.27e-11,0.0,0.0,1,4,Malicious,1,Malicious,1
1.05e-07,5.5e-08,2.85e-07,2,8,Benign,0,Benign,0
3.99e-05,0.0,0.0,1,4,Benign,0,Benign,1
5.07e-11,0.0,0.0,1,4,Malicious,1,Malicious,1
3.93e-05,0.0,0.0,1,4,Malicious,1,Malicious,1
0.0,0.0,0.0,1,4,Malicious,1,Malicious,1
1.01e-10,0.0,0.0,1,4,Malicious,1,Malicious,1
1.27e-11,0.0,0.0,1,4,Malicious,1,Malicious,1
2.84e-08,2.75e-08,1.43e-07,2,8,Benign,0,Benign,0
1.27e-11,0.0,0.0,1,4,Malicious,1,Malicious,1
1.27e-11,0.0,0.0,1,4,Malicious,1,Malicious,1
3.96e-05,0.0,0.0,1,4,Malicious,1,Malicious,1
3.99e-05,0.0,0.0,1,4,Malicious,1,Malicious,1
3.92e-05,0.0,0.0,1,4,Malicious,1,Malicious,1
1.27e-11,0.0,0.0,1,4,Malicious,1,Malicious,1
1.27e-11,0.0,0.0,1,4,Malicious,1,Malicious,1
6.35e-05,4.47e-08,0.0,2,4,Benign,0,Benign,0
5.07e-11,0.0,0.0,1,4,Malicious,1,Malicious,1
5.24e-07,2.46e-08,3.3e-07,2,8,Benign,0,Benign,0
1.27e-11,0.0,0.0,1,4,Malicious,1,Malicious,1
1.27e-11,0.0,0.0,1,4,Malicious,1,Malicious,1
3.8e-05,0.0,0.0,1,4,Malicious,1,Malicious,1
1.27e-11,0.0,0.0,1,4,Malicious,1,Malicious,1
2.36e-06,2.75e-08,1.43e-07,2,8,Benign,0,Benign,0
1.27e-11,0.0,0.0,1,4,Malicious,1,Malicious,1
6.34e-11,0.0,0.0,1,4,Malicious,1,Malicious,1
1.27e-11,0.0,0.0,1,4,Malicious,1,Malicious,1
1.39e-05,3.84e-08,6.92e-07,1,7,Benign,0,Benign,1
2.82e-09,0.0,0.0,1,4,Malicious,1,Malicious,1
6.34e-11,0.0,0.0,1,4,Malicious,1,Malicious,1
1.27e-11,0.0,0.0,1,4,Malicious,1,Malicious,1
1.27e-11,0.0,0.0,1,4,Malicious,1,Malicious,1
9.56e-09,1.66e-08,1.34e-07,2,8,Benign,0,Benign,0
3.92e-05,0.0,0.0,1,4,Benign,0,Benign,1
1.01e-10,0.0,0.0,1,4,Malicious,1,Malicious,1
3.8e-05,0.0,0.0,1,4,Malicious,1,Malicious,1
4e-05,0.0,0.0,1,4,Malicious,1,Malicious,1
3.8e-05,0.0,0.0,1,4,Malicious,1,Malicious,1
3.81e-05,0.0,0.0,1,4,Malicious,1,Malicious,1
3.43e-06,2.75e-08,1.43e-07,2,8,Benign,0,Benign,0
1.27e-11,0.0,0.0,1,4,Malicious,1,Malicious,1
3.99e-05,0.0,0.0,1,4,Benign,0,Benign,1
3.95e-05,0.0,0.0,1,4,Malicious,1,Malicious,1
1.27e-11,0.0,0.0,1,4,Malicious,1,Malicious,1
3.99e-05,0.0,0.0,1,4,Malicious,1,Malicious,1
1.27e-11,0.0,0.0,1,4,Malicious,1,Malicious,1
1.27e-11,0.0,0.0,1,4,Malicious,1,Malicious,1
1.27e-11,0.0,0.0,1,4,Malicious,1,Malicious,1
3.97e-05,0.0,0.0,1,4,Malicious,1,Malicious,1
3.8e-05,0.0,0.0,1,4,Malicious,1,Malicious,1
3.49e-08,2.75e-08,1.43e-07,2,8,Benign,0,Benign,0
9.51e-08,5.5e-08,2.85e-07,2,8,Benign,0,Benign,0
6.3e-09,1.66e-08,1.34e-07,2,8,Benign,0,Benign,0
1.27e-11,0.0,0.0,1,4,Malicious,1,Malicious,1
1.35e-05,3.84e-08,6.92e-07,1,7,Benign,0,Benign,0
1.27e-11,0.0,0.0,1,4,Malicious,1,Malicious,1
5.07e-11,0.0,0.0,1,4,Malicious,1,Malicious,1
3.93e-05,0.0,0.0,1,4,Malicious,1,Malicious,1
3.94e-05,0.0,0.0,1,4,Malicious,1,Malicious,1
5.18e-05,4.3e-08,7.22e-07,1,7,Malicious,1,Malicious,1
1.27e-11,0.0,0.0,1,4,Malicious,1,Malicious,1
1.27e-11,0.0,0.0,1,4,Malicious,1,Malicious,1
6.66e-08,5.5e-08,2.85e-07,2,8,Benign,0,Benign,0
5.07e-11,0.0,0.0,1,4,Malicious,1,Malicious,1
4.01e-05,0.0,0.0,1,4,Benign,0,Benign,1
1.27e-11,0.0,0.0,1,4,Malicious,1,Malicious,1
9.5e-09,2.58e-08,1.34e-07,2,8,Benign,0,Benign,0
1.27e-11,0.0,0.0,1,4,Malicious,1,Malicious,1
6.3e-09,1.66e-08,1.34e-07,2,8,Benign,0,Benign,0
3.8e-05,0.0,0.0,1,4,Malicious,1,Malicious,1
3.92e-05,0.0,0.0,1,4,Benign,0,Benign,1
3.8e-05,0.0,0.0,1,4,Malicious,1,Malicious,1
3.67e-07,2.75e-08,1.43e-07,2,8,Benign,0,Benign,0
3.22e-09,0.0,0.0,1,4,Malicious,1,Malicious,1
1.27e-11,0.0,0.0,1,4,Malicious,1,Malicious,1
3.92e-05,0.0,0.0,1,4,Malicious,1,Malicious,1
1.27e-11,0.0,0.0,1,4,Malicious,1,Malicious,1
3.97e-05,0.0,0.0,1,4,Benign,0,Benign,1
3.8e-05,0.0,0.0,1,4,Malicious,1,Malicious,1
3.13e-09,0.0,0.0,1,4,Malicious,1,Malicious,1
3.8e-05,0.0,0.0,1,4,Malicious,1,Malicious,1
1.27e-11,0.0,0.0,1,4,Malicious,1,Malicious,1
0.0,0.0,0.0,1,4,Malicious,1,Malicious,1
3.98e-05,0.0,0.0,1,4,Benign,0,Benign,1
6.3e-09,1.66e-08,1.34e-07,2,8,Benign,0,Benign,0
1.27e-11,0.0,0.0,1,4,Malicious,1,Malicious,1
3.8e-05,0.0,0.0,1,4,Malicious,1,Malicious,1
3.98e-05,0.0,0.0,1,4,Malicious,1,Malicious,1
6.64e-08,2.75e-08,1.43e-07,2,8,Benign,0,Benign,0
1.27e-11,0.0,0.0,1,4,Malicious,1,Malicious,1
1.27e-11,0.0,0.0,1,4,Malicious,1,Malicious,1
2.66e-09,0.0,0.0,1,4,Malicious,1,Malicious,1
3.8e-05,0.0,0.0,1,4,Malicious,1,Malicious,1
1.87e-07,2.75e-08,1.43e-07,2,8,Benign,0,Benign,0
3.94e-05,0.0,0.0,1,4,Malicious,1,Malicious,1
1.27e-11,0.0,0.0,1,4,Malicious,1,Malicious,1
3.81e-11,0.0,0.0,1,4,Malicious,1,Malicious,1
2.54e-11,0.0,0.0,1,4,Malicious,1,Malicious,1
3.95e-05,0.0,0.0,1,4,Benign,0,Benign,1
3.8e-05,0.0,0.0,1,4,Malicious,1,Malicious,1
3.8e-05,0.0,0.0,1,4,Malicious,1,Malicious,1
2.65e-05,4.24e-08,7.19e-07,1,7,Malicious,1,Malicious,1
3.97e-05,0.0,0.0,1,4,Benign,0,Benign,1
3.25e-09,0.0,0.0,1,4,Malicious,1,Malicious,1
0.0,0.0,0.0,1,4,Malicious,1,Malicious,1
1.27e-11,0.0,0.0,1,4,Malicious,1,Malicious,1
0.0,0.0,0.0,1,4,Malicious,1,Malicious,1
3.29e-09,0.0,0.0,1,4,Malicious,1,Malicious,1
1.46e-06,2.75e-08,1.43e-07,2,8,Benign,0,Benign,0
3.95e-05,0.0,0.0,1,4,Benign,0,Benign,1
3.94e-05,0.0,0.0,1,4,Malicious,1,Malicious,1
0.000749258,1.72e-06,0.0,2,4,Benign,0,Benign,0
3.91e-05,0.0,0.0,1,4,Malicious,1,Malicious,1
1.27e-11,0.0,0.0,1,4,Malicious,1,Malicious,1
3.96e-05,0.0,0.0,1,4,Malicious,1,Malicious,1
1.01e-10,0.0,0.0,1,4,Malicious,1,Malicious,1
7.89e-07,2.75e-08,1.43e-07,2,8,Benign,0,Benign,0
1.27e-11,0.0,0.0,1,4,Malicious,1,Malicious,1
6.29e-09,1.66e-08,1.34e-07,2,8,Benign,0,Benign,0
1.27e-11,0.0,0.0,1,4,Malicious,1,Malicious,1
5.01e-07,2.75e-08,1.43e-07,2,8,Benign,0,Benign,0
1.27e-11,0.0,0.0,1,4,Malicious,1,Malicious,1
3.22e-09,0.0,0.0,1,4,Malicious,1,Malicious,1
3.94e-05,0.0,0.0,1,4,Benign,0,Benign,1
3.93e-05,0.0,0.0,1,4,Malicious,1,Malicious,1
1.27e-11,0.0,0.0,1,4,Malicious,1,Malicious,1
3.64e-07,2.75e-08,1.43e-07,2,8,Benign,0,Benign,0
3.99e-05,0.0,0.0,1,4,Malicious,1,Malicious,1
5.07e-11,0.0,0.0,1,4,Malicious,1,Malicious,1
6.64e-08,2.75e-08,1.43e-07,2,8,Benign,0,Benign,0
3.8e-05,0.0,0.0,1,4,Malicious,1,Malicious,1
4.01e-05,0.0,0.0,1,4,Benign,0,Benign,1
1.27e-11,0.0,0.0,1,4,Malicious,1,Malicious,1
1.27e-11,0.0,0.0,1,4,Malicious,1,Malicious,1
6.31e-07,2.75e-08,1.43e-07,2,8,Benign,0,Benign,0
3.98e-05,0.0,0.0,1,4,Malicious,1,Malicious,1
6.32e-09,1.66e-08,1.34e-07,2,8,Benign,0,Benign,0
5.07e-11,0.0,0.0,1,4,Malicious,1,Malicious,1
3.8e-05,0.0,0.0,1,4,Malicious,1,Malicious,1
9.8e-08,2.75e-08,1.43e-07,2,8,Benign,0,Benign,0
1.29e-05,2.98e-08,3.68e-07,1,3,Benign,0,Benign,0
9.81e-08,5.5e-08,2.85e-07,2,8,Benign,0,Benign,0
3.13e-09,0.0,0.0,1,4,Malicious,1,Malicious,1
5.07e-11,0.0,0.0,1,4,Malicious,1,Malicious,1
3.97e-05,0.0,0.0,1,4,Benign,0,Benign,1
0.0,0.0,0.0,1,4,Malicious,1,Malicious,1
3.96e-05,0.0,0.0,1,4,Malicious,1,Malicious,1
3.22e-09,0.0,0.0,1,4,Malicious,1,Malicious,1
1.27e-11,0.0,0.0,1,4,Malicious,1,Malicious,1
3.8e-05,0.0,0.0,1,4,Malicious,1,Malicious,1
0.0,0.0,0.0,1,4,Malicious,1,Malicious,1
3.93e-05,0.0,0.0,1,4,Malicious,1,Malicious,1
0.0,0.0,0.0,1,4,Malicious,1,Malicious,1
6.37e-09,0.0,0.0,1,4,Malicious,1,Malicious,1
1.27e-11,0.0,0.0,1,4,Malicious,1,Malicious,1
0.0,0.0,0.0,1,4,Malicious,1,Malicious,1
0.0,0.0,0.0,1,4,Malicious,1,Malicious,1
3.99e-05,0.0,0.0,1,4,Benign,0,Benign,1
1.27e-11,0.0,0.0,1,4,Malicious,1,Malicious,1
1.27e-11,0.0,0.0,1,4,Malicious,1,Malicious,1
1.9e-08,2.75e-08,1.43e-07,2,8,Benign,0,Benign,0
3.27e-09,0.0,0.0,1,4,Malicious,1,Malicious,1
3.99e-05,0.0,0.0,1,4,Malicious,1,Malicious,1
5.07e-11,0.0,0.0,1,4,Malicious,1,Malicious,1
6.02e-08,2.75e-08,1.43e-07,2,8,Benign,0,Benign,0
3.97e-05,0.0,0.0,1,4,Benign,0,Benign,1
1.15e-05,4.3e-08,7.22e-07,1,7,Malicious,1,Malicious,1
0.0,0.0,0.0,1,4,Malicious,1,Malicious,1
3.96e-05,0.0,0.0,1,4,Malicious,1,Malicious,1
6.38e-09,0.0,0.0,1,4,Malicious,1,Malicious,1
3.93e-05,0.0,0.0,1,4,Malicious,1,Malicious,1
3.97e-05,0.0,0.0,1,4,Benign,0,Benign,1
0.0,0.0,0.0,1,4,Malicious,1,Malicious,1
0.000127083,1.65e-07,8.56e-07,2,8,Benign,0,Benign,0
5.07e-11,0.0,0.0,1,4,Malicious,1,Malicious,1
1.27e-11,0.0,0.0,1,4,Malicious,1,Malicious,1
1.58e-08,1.66e-08,1.34e-07,2,8,Benign,0,Benign,0
3.97e-05,0.0,0.0,1,4,Benign,0,Benign,1
2.21e-08,2.75e-08,1.43e-07,2,8,Benign,0,Benign,0
1.37e-05,3.84e-08,6.92e-07,1,7,Benign,0,Benign,0
3.8e-05,0.0,0.0,1,4,Malicious,1,Malicious,1
6.35e-05,4.47e-08,0.0,2,4,Benign,0,Benign,0
0.000444944,3.55e-08,7.99e-07,1,7,Malicious,1,Malicious,1
1.27e-11,0.0,0.0,1,4,Malicious,1,Malicious,1
3.93e-05,0.0,0.0,1,4,Malicious,1,Malicious,1
7.73e-07,2.75e-08,1.43e-07,2,8,Benign,0,Benign,0
1.27e-11,0.0,0.0,1,4,Malicious,1,Malicious,1
3.94e-05,0.0,0.0,1,4,Malicious,1,Malicious,1
3.93e-05,0.0,0.0,1,4,Malicious,1,Malicious,1
5.07e-11,0.0,0.0,1,4,Malicious,1,Malicious,1
6.34e-05,8.94e-08,0.0,2,4,Benign,0,Benign,0
0.00075446,1.72e-06,0.0,2,4,Benign,0,Benign,0
1.27e-11,0.0,0.0,1,4,Malicious,1,Malicious,1
3.98e-05,0.0,0.0,1,4,Benign,0,Benign,1
4e-05,0.0,0.0,1,4,Malicious,1,Malicious,1
0.0,0.0,0.0,1,4,Malicious,1,Malicious,1
1.27e-11,0.0,0.0,1,4,Malicious,1,Malicious,1
1.27e-11,0.0,0.0,1,4,Malicious,1,Malicious,1
1.27e-11,0.0,0.0,1,4,Malicious,1,Malicious,1
1.27e-11,0.0,0.0,1,4,Malicious,1,Malicious,1
1.27e-11,0.0,0.0,1,4,Malicious,1,Malicious,1
1.27e-11,0.0,0.0,1,4,Malicious,1,Malicious,1
1.27e-11,0.0,0.0,1,4,Malicious,1,Malicious,1
1.89e-08,2.75e-08,1.43e-07,2,8,Benign,0,Benign,0
5.07e-11,0.0,0.0,1,4,Malicious,1,Malicious,1
1.27e-11,0.0,0.0,1,4,Malicious,1,Malicious,1
3.35e-06,3.84e-08,2.02e-07,2,8,Benign,0,Benign,0
1.27e-11,0.0,0.0,1,4,Malicious,1,Malicious,1
3.93e-05,0.0,0.0,1,4,Malicious,1,Malicious,1
4.44e-07,1.95e-08,8.83e-07,2,8,Benign,0,Benign,0
6.35e-05,4.47e-08,0.0,2,4,Benign,0,Benign,0
3.92e-05,0.0,0.0,1,4,Malicious,1,Malicious,1
3.81e-11,0.0,0.0,1,4,Malicious,1,Malicious,1
3.8e-05,0.0,0.0,1,4,Malicious,1,Malicious,1
1.27e-11,0.0,0.0,1,4,Malicious,1,Malicious,1
7.27e-08,2.75e-08,1.43e-07,2,8,Benign,0,Benign,0
0.0,0.0,0.0,1,4,Malicious,1,Malicious,1
3.79e-05,0.0,0.0,1,4,Malicious,1,Malicious,1
2.85e-09,0.0,0.0,1,4,Malicious,1,Malicious,1
5.07e-11,0.0,0.0,1,4,Malicious,1,Malicious,1
1.27e-11,0.0,0.0,1,4,Malicious,1,Malicious,1
1.27e-11,0.0,0.0,1,4,Malicious,1,Malicious,1
1.27e-11,0.0,0.0,1,4,Malicious,1,Malicious,1
1.27e-11,0.0,0.0,1,4,Malicious,1,Malicious,1
0.0,0.0,0.0,1,4,Malicious,1,Malicious,1
3.95e-05,0.0,0.0,1,4,Benign,0,Benign,1
7.1e-05,3.38e-07,5.35e-06,1,8,Malicious,1,Malicious,1
5.01e-07,2.12e-08,5.32e-07,2,8,Benign,0,Benign,0
1.27e-11,0.0,0.0,1,4,Malicious,1,Malicious,1
1.27e-11,0.0,0.0,1,4,Malicious,1,Malicious,1
0.00012643,1.65e-07,8.56e-07,2,8,Benign,0,Benign,0
2.51e-08,2.75e-08,1.43e-07,2,8,Benign,0,Benign,0
5.07e-11,0.0,0.0,1,4,Malicious,1,Malicious,1
1.46e-07,0.0,0.0,1,8,Benign,0,Benign,0
1.27e-11,0.0,0.0,1,4,Malicious,1,Malicious,1
1.27e-11,0.0,0.0,1,4,Malicious,1,Malicious,1
1.27e-11,0.0,0.0,1,4,Malicious,1,Malicious,1
3.93e-05,0.0,0.0,1,4,Malicious,1,Malicious,1
0.0,0.0,0.0,1,4,Malicious,1,Malicious,1
1.58e-08,2.58e-08,1.34e-07,2,8,Benign,0,Benign,0
0.0,0.0,0.0,1,4,Malicious,1,Malicious,1
5.07e-11,0.0,0.0,1,4,Malicious,1,Malicious,1
5.07e-11,0.0,0.0,1,4,Malicious,1,Malicious,1
0.018574878,0.008206596,0.0,2,4,Benign,0,Benign,1
1.27e-11,0.0,0.0,1,4,Malicious,1,Malicious,1
5.07e-11,0.0,0.0,1,4,Malicious,1,Malicious,1
3.98e-05,0.0,0.0,1,4,Malicious,1,Malicious,1
1.27e-11,0.0,0.0,1,4,Malicious,1,Malicious,1
1.27e-11,0.0,0.0,1,4,Malicious,1,Malicious,1
2.99e-09,0.0,0.0,1,4,Malicious,1,Malicious,1
9.46e-09,1.66e-08,1.34e-07,2,8,Benign,0,Benign,0
5.07e-11,0.0,0.0,1,4,Malicious,1,Malicious,1
5.07e-11,0.0,0.0,1,4,Malicious,1,Malicious,1
3.99e-05,0.0,0.0,1,4,Malicious,1,Malicious,1
4e-05,0.0,0.0,1,4,Benign,0,Benign,1
1.27e-11,0.0,0.0,1,4,Malicious,1,Malicious,1
3.8e-05,0.0,0.0,1,4,Malicious,1,Malicious,1
1.27e-11,0.0,0.0,1,4,Malicious,1,Malicious,1
3.93e-05,0.0,0.0,1,4,Malicious,1,Malicious,1
3.93e-05,0.0,0.0,1,4,Malicious,1,Malicious,1
0.0,0.0,0.0,1,4,Malicious,1,Malicious,1
3.92e-05,0.0,0.0,1,4,Benign,0,Benign,1
3.95e-05,0.0,0.0,1,4,Malicious,1,Malicious,1
3.27e-09,0.0,0.0,1,4,Malicious,1,Malicious,1
3.94e-05,0.0,0.0,1,4,Benign,0,Benign,1
3.21e-09,0.0,0.0,1,4,Malicious,1,Malicious,1
1.27e-11,0.0,0.0,1,4,Malicious,1,Malicious,1
3.81e-05,0.0,0.0,1,4,Malicious,1,Malicious,1
3.21e-09,0.0,0.0,1,4,Malicious,1,Malicious,1
1.27e-11,0.0,0.0,1,4,Malicious,1,Malicious,1
1.27e-11,0.0,0.0,1,4,Malicious,1,Malicious,1
3.94e-05,0.0,0.0,1,4,Malicious,1,Malicious,1
2.21e-08,2.75e-08,1.43e-07,2,8,Benign,0,Benign,0
3.97e-05,0.0,0.0,1,4,Benign,0,Benign,1
1.27e-11,0.0,0.0,1,4,Malicious,1,Malicious,1
3.96e-05,0.0,0.0,1,4,Benign,0,Benign,1
6.34e-11,0.0,0.0,1,4,Malicious,1,Malicious,1
1.27e-11,0.0,0.0,1,4,Malicious,1,Malicious,1
5.07e-11,0.0,0.0,1,4,Malicious,1,Malicious,1
9.5e-09,2.58e-08,1.34e-07,2,8,Benign,0,Benign,0
6.35e-05,4.47e-08,0.0,2,4,Benign,0,Benign,0
1.27e-11,0.0,0.0,1,4,Malicious,1,Malicious,1
0.000303377,9.92e-08,8.97e-07,2,8,Benign,0,Benign,0
1.27e-11,0.0,0.0,1,4,Malicious,1,Malicious,1
1.4e-06,5.16e-08,2.67e-07,2,8,Benign,0,Benign,0
6.34e-11,0.0,0.0,1,4,Malicious,1,Malicious,1
1.27e-11,0.0,0.0,1,4,Malicious,1,Malicious,1
3.8e-05,0.0,0.0,1,4,Malicious,1,Malicious,1
3.94e-05,0.0,0.0,1,4,Benign,0,Benign,1
0.0,0.0,0.0,1,4,Malicious,1,Malicious,1
1.27e-11,0.0,0.0,1,4,Malicious,1,Malicious,1
3.8e-05,0.0,0.0,1,4,Malicious,1,Malicious,1
5.07e-11,0.0,0.0,1,4,Malicious,1,Malicious,1
1.27e-11,0.0,0.0,1,4,Malicious,1,Malicious,1
1.27e-11,0.0,0.0,1,4,Malicious,1,Malicious,1
5.2e-05,4.24e-08,7.19e-07,1,7,Malicious,1,Malicious,1
0.0001267,1.65e-07,8.56e-07,2,8,Benign,0,Benign,0
1.27e-11,0.0,0.0,1,4,Malicious,1,Malicious,1
1.27e-11,0.0,0.0,1,4,Malicious,1,Malicious,1
3.98e-05,0.0,0.0,1,4,Benign,0,Benign,1
3.99e-05,0.0,0.0,1,4,Malicious,1,Malicious,1
1.27e-11,0.0,0.0,1,4,Malicious,1,Malicious,1
1.27e-11,0.0,0.0,1,4,Malicious,1,Malicious,1
1.89e-08,2.75e-08,1.43e-07,2,8,Benign,0,Benign,0
3.79e-05,0.0,0.0,1,4,Malicious,1,Malicious,1
3.95e-05,0.0,0.0,1,4,Malicious,1,Malicious,1
3.8e-05,0.0,0.0,1,4,Malicious,1,Malicious,1
2.63e-05,3.84e-08,6.92e-07,1,7,Benign,0,Benign,1
1.27e-11,0.0,0.0,1,4,Malicious,1,Malicious,1
1.27e-11,0.0,0.0,1,4,Malicious,1,Malicious,1
1.27e-11,0.0,0.0,1,4,Malicious,1,Malicious,1
1.27e-11,0.0,0.0,1,4,Malicious,1,Malicious,1
6.35e-05,4.47e-08,0.0,2,4,Benign,0,Benign,0
1.28e-06,2.75e-08,1.43e-07,2,8,Benign,0,Benign,0
3.22e-09,0.0,0.0,1,4,Malicious,1,Malicious,1
2.82e-09,0.0,0.0,1,4,Malicious,1,Malicious,1
1.27e-11,0.0,0.0,1,4,Malicious,1,Malicious,1
4.01e-05,0.0,0.0,1,4,Benign,0,Benign,1
1.85e-05,0.0,0.0,1,1,Benign,0,Benign,0
0.003806871,1.67e-07,2.3e-06,1,8,Benign,0,Benign,0
3.8e-05,0.0,0.0,1,4,Malicious,1,Malicious,1
3.97e-05,0.0,0.0,1,4,Benign,0,Benign,1
0.000409056,5.5e-08,0.0,2,4,Benign,0,Benign,0
3.91e-05,0.0,0.0,1,4,Malicious,1,Malicious,1
1.27e-11,0.0,0.0,1,4,Malicious,1,Malicious,1
3.91e-05,0.0,0.0,1,4,Malicious,1,Malicious,1
3.96e-05,0.0,0.0,1,4,Malicious,1,Malicious,1
3.98e-05,0.0,0.0,1,4,Malicious,1,Malicious,1
1.14e-10,0.0,0.0,1,4,Malicious,1,Malicious,1
6.33e-09,2.58e-08,1.34e-07,2,8,Benign,0,Benign,0
1.27e-11,0.0,0.0,1,4,Malicious,1,Malicious,1
2.82e-07,2.75e-08,1.43e-07,2,8,Benign,0,Benign,0
3.92e-05,0.0,0.0,1,4,Benign,0,Benign,1
3.96e-05,0.0,0.0,1,4,Malicious,1,Malicious,1
3.79e-05,0.0,0.0,1,4,Malicious,1,Malicious,1
3.99e-05,0.0,0.0,1,4,Malicious,1,Malicious,1
2.6e-09,0.0,0.0,1,4,Malicious,1,Malicious,1
3.94e-05,0.0,0.0,1,4,Malicious,1,Malicious,1
3.42e-06,2.75e-08,1.43e-07,2,8,Benign,0,Benign,0
1.4e-10,0.0,0.0,1,4,Malicious,1,Malicious,1
1.27e-11,0.0,0.0,1,4,Malicious,1,Malicious,1
3.8e-05,0.0,0.0,1,4,Malicious,1,Malicious,1
3.97e-05,0.0,0.0,1,4,Malicious,1,Malicious,1
6.91e-07,2.58e-08,1.34e-07,2,8,Benign,0,Benign,0
6.32e-08,2.75e-08,1.43e-07,2,8,Benign,0,Benign,0
6.35e-05,4.47e-08,0.0,2,4,Benign,0,Benign,0
3.81e-11,0.0,0.0,1,4,Malicious,1,Malicious,1
3.94e-05,0.0,0.0,1,4,Malicious,1,Malicious,1
0.000215956,1.22e-07,8.47e-07,2,8,Benign,0,Benign,0
1.27e-11,0.0,0.0,1,4,Malicious,1,Malicious,1
1.27e-11,0.0,0.0,1,4,Malicious,1,Malicious,1
3.95e-05,0.0,0.0,1,4,Malicious,1,Malicious,1
6.01e-08,2.75e-08,1.43e-07,2,8,Benign,0,Benign,0
1.27e-11,0.0,0.0,1,4,Malicious,1,Malicious,1
1.27e-11,0.0,0.0,1,4,Malicious,1,Malicious,1
4e-05,0.0,0.0,1,4,Malicious,1,Malicious,1
1.27e-11,0.0,0.0,1,4,Malicious,1,Malicious,1
6.02e-07,2.75e-08,1.43e-07,2,8,Benign,0,Benign,0
3.8e-05,0.0,0.0,1,4,Malicious,1,Malicious,1
0.0,0.0,0.0,1,4,Malicious,1,Malicious,1
3.8e-05,0.0,0.0,1,4,Malicious,1,Malicious,1
5.18e-05,3.84e-08,6.92e-07,1,7,Benign,0,Benign,1
3.91e-05,0.0,0.0,1,4,Malicious,1,Malicious,1
7.59e-08,2.75e-08,1.43e-07,2,8,Benign,0,Benign,0
2.2e-08,2.75e-08,1.43e-07,2,8,Benign,0,Benign,0
1.27e-11,0.0,0.0,1,4,Malicious,1,Malicious,1
1.27e-11,0.0,0.0,1,4,Malicious,1,Malicious,1
3.8e-05,0.0,0.0,1,4,Malicious,1,Malicious,1
3.8e-05,0.0,0.0,1,4,Malicious,1,Malicious,1
0.0,0.0,0.0,1,4,Malicious,1,Malicious,1
6.34e-11,0.0,0.0,1,4,Malicious,1,Malicious,1
3.81e-11,0.0,0.0,1,4,Malicious,1,Malicious,1
5.07e-11,0.0,0.0,1,4,Malicious,1,Malicious,1
5.07e-11,0.0,0.0,1,4,Malicious,1,Malicious,1
5.07e-11,0.0,0.0,1,4,Malicious,1,Malicious,1
3.96e-05,0.0,0.0,1,4,Malicious,1,Malicious,1
1.27e-11,0.0,0.0,1,4,Malicious,1,Malicious,1
3.8e-05,0.0,0.0,1,4,Malicious,1,Malicious,1
5.07e-11,0.0,0.0,1,4,Malicious,1,Malicious,1
2.54e-11,0.0,0.0,1,4,Malicious,1,Malicious,1
3.8e-05,0.0,0.0,1,4,Malicious,1,Malicious,1
3.82e-05,6.65e-08,0.0,0,0,Benign,0,Benign,0
3.93e-05,0.0,0.0,1,4,Malicious,1,Malicious,1
6.34e-11,0.0,0.0,1,4,Malicious,1,Malicious,1
4.01e-05,0.0,0.0,1,4,Malicious,1,Malicious,1
0.000141573,3.59e-06,0.0,2,4,Benign,0,Benign,0
1.27e-11,0.0,0.0,1,4,Malicious,1,Malicious,1
1.27e-11,0.0,0.0,1,4,Malicious,1,Malicious,1
3.8e-05,0.0,0.0,1,4,Malicious,1,Malicious,1
1.27e-11,0.0,0.0,1,4,Malicious,1,Malicious,1
2.92e-09,0.0,0.0,1,4,Malicious,1,Malicious,1
1.27e-11,0.0,0.0,1,4,Malicious,1,Malicious,1
2.66e-05,3.84e-08,6.92e-07,1,7,Benign,0,Benign,1
3.8e-05,0.0,0.0,1,4,Malicious,1,Malicious,1
3.96e-05,0.0,0.0,1,4,Malicious,1,Malicious,1
5.07e-11,0.0,0.0,1,4,Malicious,1,Malicious,1
1.27e-11,0.0,0.0,1,4,Malicious,1,Malicious,1
1.27e-11,0.0,0.0,1,4,Malicious,1,Malicious,1
3.92e-05,0.0,0.0,1,4,Malicious,1,Malicious,1
3.48e-08,2.75e-08,1.43e-07,2,8,Benign,0,Benign,0
3.97e-05,0.0,0.0,1,4,Malicious,1,Malicious,1
1.27e-11,0.0,0.0,1,4,Malicious,1,Malicious,1
4e-05,0.0,0.0,1,4,Benign,0,Benign,1
3.94e-05,0.0,0.0,1,4,Malicious,1,Malicious,1
1.27e-11,0.0,0.0,1,4,Malicious,1,Malicious,1
0.003811329,8.37e-08,2.3e-06,1,8,Benign,0,Benign,0
5.07e-11,0.0,0.0,1,4,Malicious,1,Malicious,1
3.96e-05,0.0,0.0,1,4,Benign,0,Benign,1
3.8e-05,0.0,0.0,1,4,Malicious,1,Malicious,1
3.8e-05,0.0,0.0,1,4,Malicious,1,Malicious,1
6.39e-09,0.0,0.0,1,4,Malicious,1,Malicious,1
5.17e-05,3.38e-07,5.35e-06,1,8,Malicious,1,Malicious,1
2.09e-07,2.75e-08,1.43e-07,2,8,Benign,0,Benign,0
2.63e-05,3.84e-08,6.92e-07,1,7,Benign,0,Benign,1
1.27e-11,0.0,0.0,1,4,Malicious,1,Malicious,1
1.27e-11,0.0,0.0,1,4,Malicious,1,Malicious,1
1.59e-07,2.46e-08,3.3e-07,2,8,Benign,0,Benign,0
3.8e-05,0.0,0.0,1,4,Malicious,1,Malicious,1
6.02e-08,2.75e-08,1.43e-07,2,8,Benign,0,Benign,0
6.34e-11,0.0,0.0,1,4,Malicious,1,Malicious,1
1.27e-11,0.0,0.0,1,4,Malicious,1,Malicious,1
6.35e-05,4.47e-08,0.0,2,4,Benign,0,Benign,0
5.07e-11,0.0,0.0,1,4,Malicious,1,Malicious,1
1.27e-11,0.0,0.0,1,4,Malicious,1,Malicious,1
1.27e-11,0.0,0.0,1,4,Malicious,1,Malicious,1
3.98e-05,0.0,0.0,1,4,Malicious,1,Malicious,1
6.34e-11,0.0,0.0,1,4,Malicious,1,Malicious,1
3.8e-05,0.0,0.0,1,4,Malicious,1,Malicious,1
1.27e-11,0.0,0.0,1,4,Malicious,1,Malicious,1
1.27e-11,0.0,0.0,1,4,Malicious,1,Malicious,1
3.92e-05,0.0,0.0,1,4,Malicious,1,Malicious,1
6.39e-09,0.0,0.0,1,4,Malicious,1,Malicious,1
1.27e-11,0.0,0.0,1,4,Malicious,1,Malicious,1
1.27e-11,0.0,0.0,1,4,Malicious,1,Malicious,1
1.27e-11,0.0,0.0,1,4,Malicious,1,Malicious,1
3.8e-05,0.0,0.0,1,4,Malicious,1,Malicious,1
3.81e-11,0.0,0.0,1,4,Malicious,1,Malicious,1
1.27e-11,0.0,0.0,1,4,Malicious,1,Malicious,1
1.27e-11,0.0,0.0,1,4,Malicious,1,Malicious,1
1.27e-11,0.0,0.0,1,4,Malicious,1,Malicious,1
3.48e-08,2.75e-08,1.43e-07,2,8,Benign,0,Benign,0
3.91e-05,0.0,0.0,1,4,Malicious,1,Malicious,1
0.0,0.0,0.0,1,4,Malicious,1,Malicious,1
6.32e-09,1.66e-08,1.34e-07,2,8,Benign,0,Benign,0
3.98e-05,0.0,0.0,1,4,Malicious,1,Malicious,1
3.94e-05,0.0,0.0,1,4,Benign,0,Benign,1
5.07e-11,0.0,0.0,1,4,Malicious,1,Malicious,1
0.0,0.0,0.0,1,4,Malicious,1,Malicious,1
4.01e-05,0.0,0.0,1,4,Malicious,1,Malicious,1
1.27e-11,0.0,0.0,1,4,Malicious,1,Malicious,1
2.22e-08,2.75e-08,1.43e-07,2,8,Benign,0,Benign,0
1.27e-11,0.0,0.0,1,4,Malicious,1,Malicious,1
1.27e-11,0.0,0.0,1,4,Malicious,1,Malicious,1
1.27e-11,0.0,0.0,1,4,Malicious,1,Malicious,1
1.27e-11,0.0,0.0,1,4,Malicious,1,Malicious,1
3.97e-05,0.0,0.0,1,4,Malicious,1,Malicious,1
0.0,0.0,0.0,1,4,Malicious,1,Malicious,1
0.0,0.0,0.0,1,4,Malicious,1,Malicious,1
5.07e-11,0.0,0.0,1,4,Malicious,1,Malicious,1
3.99e-05,0.0,0.0,1,4,Benign,0,Benign,1
4.01e-05,0.0,0.0,1,4,Benign,0,Benign,1
2.54e-11,0.0,0.0,1,4,Malicious,1,Malicious,1
1.27e-11,0.0,0.0,1,4,Malicious,1,Malicious,1
1.27e-11,0.0,0.0,1,4,Malicious,1,Malicious,1
2.83e-08,2.24e-08,1.63e-07,2,8,Benign,0,Benign,0
1.27e-11,0.0,0.0,1,4,Malicious,1,Malicious,1
1.27e-11,0.0,0.0,1,4,Malicious,1,Malicious,1
8.55e-08,2.75e-08,1.43e-07,2,8,Benign,0,Benign,0
6.33e-09,1.66e-08,1.34e-07,2,8,Benign,0,Benign,0
3.95e-05,0.0,0.0,1,4,Malicious,1,Malicious,1
3.91e-05,0.0,0.0,1,4,Malicious,1,Malicious,1
7.27e-08,2.75e-08,1.43e-07,2,8,Benign,0,Benign,0
1.27e-11,0.0,0.0,1,4,Malicious,1,Malicious,1
3.99e-05,0.0,0.0,1,4,Malicious,1,Malicious,1
4.14e-06,0.0,0.0,1,1,Benign,0,Benign,0
3.97e-05,0.0,0.0,1,4,Malicious,1,Malicious,1
3.96e-05,0.0,0.0,1,4,Benign,0,Benign,1
1.27e-11,0.0,0.0,1,4,Malicious,1,Malicious,1
1.27e-11,0.0,0.0,1,4,Malicious,1,Malicious,1
9.56e-09,0.0,0.0,1,4,Malicious,1,Malicious,1
9.47e-09,1.66e-08,1.34e-07,2,8,Benign,0,Benign,0
3.94e-05,0.0,0.0,1,4,Benign,0,Benign,1
1.27e-11,0.0,0.0,1,4,Malicious,1,Malicious,1
6.34e-11,0.0,0.0,1,4,Malicious,1,Malicious,1
5.31e-05,4.3e-08,7.22e-07,1,7,Malicious,1,Malicious,1
3.8e-05,0.0,0.0,1,4,Malicious,1,Malicious,1
3.8e-06,0.0,0.0,1,1,Malicious,1,Malicious,0
3.81e-11,0.0,0.0,1,4,Malicious,1,Malicious,1
6.44e-09,0.0,0.0,1,4,Malicious,1,Malicious,1
3.98e-05,0.0,0.0,1,4,Malicious,1,Malicious,1
3.93e-05,0.0,0.0,1,4,Malicious,1,Malicious,1
3.96e-05,0.0,0.0,1,4,Malicious,1,Malicious,1
3.8e-05,0.0,0.0,1,4,Malicious,1,Malicious,1
3.79e-05,0.0,0.0,1,4,Malicious,1,Malicious,1
3.98e-05,0.0,0.0,1,4,Malicious,1,Malicious,1
1.27e-11,0.0,0.0,1,4,Malicious,1,Malicious,1
4e-05,0.0,0.0,1,4,Benign,0,Benign,1
6.34e-11,0.0,0.0,1,4,Malicious,1,Malicious,1
1.27e-11,0.0,0.0,1,4,Malicious,1,Malicious,1
6.34e-11,0.0,0.0,1,4,Malicious,1,Malicious,1
2.22e-08,2.75e-08,1.43e-07,2,8,Benign,0,Benign,0
1.27e-11,0.0,0.0,1,4,Malicious,1,Malicious,1
2.21e-08,2.75e-08,1.43e-07,2,8,Benign,0,Benign,0
1.27e-11,0.0,0.0,1,4,Malicious,1,Malicious,1
3.92e-05,0.0,0.0,1,4,Malicious,1,Malicious,1
1.27e-11,0.0,0.0,1,4,Malicious,1,Malicious,1
1.01e-10,0.0,0.0,1,4,Malicious,1,Malicious,1
1.27e-11,0.0,0.0,1,4,Malicious,1,Malicious,1
6.34e-11,0.0,0.0,1,4,Malicious,1,Malicious,1
1.27e-11,0.0,0.0,1,4,Malicious,1,Malicious,1
1.27e-11,0.0,0.0,1,4,Malicious,1,Malicious,1
0.0,0.0,0.0,1,4,Malicious,1,Malicious,1
3.94e-05,0.0,0.0,1,4,Malicious,1,Malicious,1
4.01e-05,0.0,0.0,1,4,Benign,0,Benign,1
1.27e-11,0.0,0.0,1,4,Malicious,1,Malicious,1
1.38e-06,1.95e-08,8.83e-07,2,8,Benign,0,Benign,0
9.4e-09,2.58e-08,1.34e-07,2,8,Benign,0,Benign,0
5.07e-11,0.0,0.0,1,4,Malicious,1,Malicious,1
1.27e-11,0.0,0.0,1,4,Malicious,1,Malicious,1
5.33e-05,4.3e-08,7.22e-07,1,7,Malicious,1,Malicious,1
3.98e-05,0.0,0.0,1,4,Malicious,1,Malicious,1
3.95e-05,0.0,0.0,1,4,Benign,0,Benign,1
0.0,0.0,0.0,1,4,Malicious,1,Malicious,1
1.09e-05,4.3e-08,7.22e-07,1,7,Malicious,1,Malicious,1
1.27e-11,0.0,0.0,1,4,Malicious,1,Malicious,1
3.99e-05,0.0,0.0,1,4,Malicious,1,Malicious,1
5.07e-11,0.0,0.0,1,4,Malicious,1,Malicious,1
7.92e-08,2.75e-08,1.43e-07,2,8,Benign,0,Benign,0
1.56e-08,2.75e-08,1.43e-07,2,8,Benign,0,Benign,0
9.56e-09,0.0,0.0,1,4,Malicious,1,Malicious,1
4.01e-05,0.0,0.0,1,4,Malicious,1,Malicious,1
1.27e-11,0.0,0.0,1,4,Malicious,1,Malicious,1
2.72e-07,2.58e-08,3.57e-07,2,8,Benign,0,Benign,0
1.27e-11,0.0,0.0,1,4,Malicious,1,Malicious,1
3.96e-05,0.0,0.0,1,4,Benign,0,Benign,1
5.07e-11,0.0,0.0,1,4,Malicious,1,Malicious,1
3.97e-05,0.0,0.0,1,4,Malicious,1,Malicious,1
1.27e-11,0.0,0.0,1,4,Malicious,1,Malicious,1
3.8e-05,0.0,0.0,1,4,Malicious,1,Malicious,1
4e-05,0.0,0.0,1,4,Benign,0,Benign,1
3.97e-05,0.0,0.0,1,4,Benign,0,Benign,1
1.27e-11,0.0,0.0,1,4,Malicious,1,Malicious,1
3.97e-05,0.0,0.0,1,4,Malicious,1,Malicious,1
1.27e-11,0.0,0.0,1,4,Malicious,1,Malicious,1
3.8e-05,0.0,0.0,1,4,Malicious,1,Malicious,1
5.07e-11,0.0,0.0,1,4,Malicious,1,Malicious,1
3.22e-09,0.0,0.0,1,4,Malicious,1,Malicious,1
3.8e-05,0.0,0.0,1,4,Malicious,1,Malicious,1
3.94e-05,0.0,0.0,1,4,Malicious,1,Malicious,1
3.79e-05,0.0,0.0,1,4,Malicious,1,Malicious,1
3.8e-05,0.0,0.0,1,4,Malicious,1,Malicious,1
1.27e-11,0.0,0.0,1,4,Malicious,1,Malicious,1
3.47e-08,2.75e-08,1.43e-07,2,8,Benign,0,Benign,0
9.49e-09,2.58e-08,1.34e-07,2,8,Benign,0,Benign,0
0.0,0.0,0.0,1,4,Malicious,1,Malicious,1
1.27e-11,0.0,0.0,1,4,Malicious,1,Malicious,1
4.01e-05,0.0,0.0,1,4,Malicious,1,Malicious,1
3.99e-05,0.0,0.0,1,4,Malicious,1,Malicious,1
3.81e-11,0.0,0.0,1,4,Malicious,1,Malicious,1
3.22e-09,0.0,0.0,1,4,Malicious,1,Malicious,1
3.8e-05,0.0,0.0,1,4,Malicious,1,Malicious,1
1.27e-11,0.0,0.0,1,4,Malicious,1,Malicious,1
1.27e-11,0.0,0.0,1,4,Malicious,1,Malicious,1
3.8e-05,0.0,0.0,1,4,Malicious,1,Malicious,1
3.8e-05,0.0,0.0,1,4,Malicious,1,Malicious,1
3.8e-05,0.0,0.0,1,4,Malicious,1,Malicious,1
5.07e-11,0.0,0.0,1,4,Malicious,1,Malicious,1
3.92e-05,0.0,0.0,1,4,Malicious,1,Malicious,1
3.98e-05,0.0,0.0,1,4,Malicious,1,Malicious,1
2.54e-11,0.0,0.0,1,4,Malicious,1,Malicious,1
5.07e-11,0.0,0.0,1,4,Malicious,1,Malicious,1
1.38e-05,3.84e-08,6.92e-07,1,7,Benign,0,Benign,0
1.27e-11,0.0,0.0,1,4,Malicious,1,Malicious,1
1.27e-11,0.0,0.0,1,4,Malicious,1,Malicious,1
3.95e-05,0.0,0.0,1,4,Malicious,1,Malicious,1
3.99e-05,0.0,0.0,1,4,Malicious,1,Malicious,1
3.8e-05,0.0,0.0,1,4,Malicious,1,Malicious,1
0.0,0.0,0.0,1,4,Malicious,1,Malicious,1
1.27e-11,0.0,0.0,1,4,Malicious,1,Malicious,1
3.95e-05,0.0,0.0,1,4,Malicious,1,Malicious,1
1.49e-07,2.75e-08,1.43e-07,2,8,Benign,0,Benign,0
1.27e-11,0.0,0.0,1,4,Malicious,1,Malicious,1
5.07e-11,0.0,0.0,1,4,Malicious,1,Malicious,1
6.34e-11,0.0,0.0,1,4,Malicious,1,Malicious,1
2.75e-09,0.0,0.0,1,4,Malicious,1,Malicious,1
3.8e-05,0.0,0.0,1,4,Malicious,1,Malicious,1
4.12e-08,2.75e-08,1.43e-07,2,8,Benign,0,Benign,0
3.95e-05,0.0,0.0,1,4,Malicious,1,Malicious,1
1.54e-07,2.75e-08,1.43e-07,2,8,Benign,0,Benign,0
3.95e-05,0.0,0.0,1,4,Malicious,1,Malicious,1
1.27e-11,0.0,0.0,1,4,Malicious,1,Malicious,1
5.07e-11,0.0,0.0,1,4,Malicious,1,Malicious,1
3.94e-05,0.0,0.0,1,4,Benign,0,Benign,1
2.7e-09,0.0,0.0,1,4,Malicious,1,Malicious,1
0.000600347,3.55e-08,5.79e-07,1,5,Malicious,1,Malicious,1
3.96e-05,0.0,0.0,1,4,Malicious,1,Malicious,1
3.79e-05,0.0,0.0,1,4,Malicious,1,Malicious,1
1.39e-07,2.75e-08,1.43e-07,2,8,Benign,0,Benign,0
3.79e-05,0.0,0.0,1,4,Malicious,1,Malicious,1
3.81e-11,0.0,0.0,1,4,Malicious,1,Malicious,1
3.79e-05,0.0,0.0,1,4,Malicious,1,Malicious,1
1.27e-11,0.0,0.0,1,4,Malicious,1,Malicious,1
3.97e-05,0.0,0.0,1,4,Malicious,1,Malicious,1
1.27e-11,0.0,0.0,1,4,Malicious,1,Malicious,1
1.27e-11,0.0,0.0,1,4,Malicious,1,Malicious,1
1.88e-08,2.75e-08,1.43e-07,2,8,Benign,0,Benign,0
1.27e-11,0.0,0.0,1,4,Malicious,1,Malicious,1
0.0,0.0,0.0,1,4,Malicious,1,Malicious,1
1.27e-11,0.0,0.0,1,4,Malicious,1,Malicious,1
5.07e-11,0.0,0.0,1,4,Malicious,1,Malicious,1
1.27e-11,0.0,0.0,1,4,Malicious,1,Malicious,1
6.33e-08,2.75e-08,1.43e-07,2,8,Benign,0,Benign,0
1.36e-05,3.78e-08,6.89e-07,1,7,Benign,0,Benign,0
2.82e-09,0.0,0.0,1,4,Malicious,1,Malicious,1
1.96e-07,2.58e-08,1.34e-07,2,8,Benign,0,Benign,0
3.8e-05,0.0,0.0,1,4,Malicious,1,Malicious,1
1.21e-06,2.75e-08,1.43e-07,2,8,Benign,0,Benign,0
1.27e-11,0.0,0.0,1,4,Malicious,1,Malicious,1
3.8e-05,0.0,0.0,1,4,Malicious,1,Malicious,1
3.96e-05,0.0,0.0,1,4,Malicious,1,Malicious,1
3.93e-05,0.0,0.0,1,4,Malicious,1,Malicious,1
3.79e-05,0.0,0.0,1,4,Malicious,1,Malicious,1
6.09e-09,2.58e-08,1.34e-07,2,8,Benign,0,Benign,0
4e-05,0.0,0.0,1,4,Benign,0,Benign,1
3.81e-11,0.0,0.0,1,4,Malicious,1,Malicious,1
3.94e-05,0.0,0.0,1,4,Malicious,1,Malicious,1
3.94e-05,0.0,0.0,1,4,Malicious,1,Malicious,1
4.01e-05,0.0,0.0,1,4,Malicious,1,Malicious,1
5.7e-08,5.5e-08,2.85e-07,2,8,Benign,0,Benign,0
3.95e-05,0.0,0.0,1,4,Malicious,1,Malicious,1
2.56e-05,2.98e-08,3.68e-07,1,3,Benign,0,Benign,0
1.27e-11,0.0,0.0,1,4,Malicious,1,Malicious,1
3.95e-05,0.0,0.0,1,4,Malicious,1,Malicious,1
1.27e-11,0.0,0.0,1,4,Malicious,1,Malicious,1
1.27e-11,0.0,0.0,1,4,Malicious,1,Malicious,1
1.88e-08,2.75e-08,1.43e-07,2,8,Benign,0,Benign,0
1.27e-11,0.0,0.0,1,4,Malicious,1,Malicious,1
1.27e-11,0.0,0.0,1,4,Malicious,1,Malicious,1
7.86e-07,3.84e-08,1.46e-07,2,8,Benign,0,Benign,0
6.32e-09,1.66e-08,1.34e-07,2,8,Benign,0,Benign,0
1.27e-11,0.0,0.0,1,4,Malicious,1,Malicious,1
3.96e-05,0.0,0.0,1,4,Malicious,1,Malicious,1
6.34e-11,0.0,0.0,1,4,Malicious,1,Malicious,1
1.27e-11,0.0,0.0,1,4,Malicious,1,Malicious,1
5.07e-11,0.0,0.0,1,4,Malicious,1,Malicious,1
1.27e-11,0.0,0.0,1,4,Malicious,1,Malicious,1
1.49e-06,1.06e-06,2.35e-06,1,8,Benign,0,Benign,0
1.27e-11,0.0,0.0,1,4,Malicious,1,Malicious,1
1.27e-11,0.0,0.0,1,4,Malicious,1,Malicious,1
3.92e-05,0.0,0.0,1,4,Malicious,1,Malicious,1
1.27e-11,0.0,0.0,1,4,Malicious,1,Malicious,1
4.94e-07,2.75e-08,1.43e-07,2,8,Benign,0,Benign,0
1.81e-06,2.75e-08,1.43e-07,2,8,Benign,0,Benign,0
3.81e-11,0.0,0.0,1,4,Malicious,1,Malicious,1
1.4e-05,4.3e-08,7.22e-07,1,7,Malicious,1,Malicious,1
1.27e-11,0.0,0.0,1,4,Malicious,1,Malicious,1
0.0,0.0,0.0,1,4,Malicious,1,Malicious,1
3.94e-05,0.0,0.0,1,4,Malicious,1,Malicious,1
3.8e-05,0.0,0.0,1,4,Malicious,1,Malicious,1
2.83e-08,2.75e-08,1.43e-07,2,8,Benign,0,Benign,0
3.97e-05,0.0,0.0,1,4,Malicious,1,Malicious,1
1.01e-10,0.0,0.0,1,4,Malicious,1,Malicious,1
3.92e-05,0.0,0.0,1,4,Malicious,1,Malicious,1
2.19e-08,2.75e-08,1.43e-07,2,8,Benign,0,Benign,0
3.98e-05,0.0,0.0,1,4,Benign,0,Benign,1
4e-05,0.0,0.0,1,4,Malicious,1,Malicious,1
6.64e-08,5.5e-08,2.85e-07,2,8,Benign,0,Benign,0
3.92e-05,0.0,0.0,1,4,Benign,0,Benign,1
3.97e-05,0.0,0.0,1,4,Malicious,1,Malicious,1
3.98e-05,0.0,0.0,1,4,Benign,0,Benign,1
7.6e-08,2.75e-08,1.43e-07,2,8,Benign,0,Benign,0
3.98e-05,0.0,0.0,1,4,Malicious,1,Malicious,1
3.79e-05,0.0,0.0,1,4,Malicious,1,Malicious,1
1.27e-11,0.0,0.0,1,4,Malicious,1,Malicious,1
3.8e-05,0.0,0.0,1,4,Malicious,1,Malicious,1
3.94e-05,0.0,0.0,1,4,Malicious,1,Malicious,1
3.8e-05,0.0,0.0,1,4,Malicious,1,Malicious,1
3.98e-05,0.0,0.0,1,4,Benign,0,Benign,1
1.9e-08,2.75e-08,1.43e-07,2,8,Benign,0,Benign,0
1.27e-11,0.0,0.0,1,4,Malicious,1,Malicious,1
1.27e-11,0.0,0.0,1,4,Malicious,1,Malicious,1
1.27e-11,0.0,0.0,1,4,Malicious,1,Malicious,1
1.27e-11,0.0,0.0,1,4,Malicious,1,Malicious,1
4.01e-05,0.0,0.0,1,4,Malicious,1,Malicious,1
3.96e-05,0.0,0.0,1,4,Malicious,1,Malicious,1
1.27e-11,0.0,0.0,1,4,Malicious,1,Malicious,1
3.22e-09,0.0,0.0,1,4,Malicious,1,Malicious,1
0.0,0.0,0.0,1,4,Malicious,1,Malicious,1
9.51e-08,5.5e-08,2.85e-07,2,8,Benign,0,Benign,0
1.27e-11,0.0,0.0,1,4,Malicious,1,Malicious,1
4e-05,0.0,0.0,1,4,Malicious,1,Malicious,1
5.07e-11,0.0,0.0,1,4,Malicious,1,Malicious,1
0.0,0.0,0.0,1,4,Malicious,1,Malicious,1
3.05e-06,0.0,0.0,1,8,Benign,0,Benign,0
1.89e-08,2.75e-08,1.43e-07,2,8,Benign,0,Benign,0
1.27e-11,0.0,0.0,1,4,Malicious,1,Malicious,1
1.01e-10,0.0,0.0,1,4,Malicious,1,Malicious,1
1.27e-11,0.0,0.0,1,4,Malicious,1,Malicious,1
3.96e-05,0.0,0.0,1,4,Benign,0,Benign,1
1.27e-11,0.0,0.0,1,4,Malicious,1,Malicious,1
1.99e-07,3.21e-07,1.66e-06,0,0,Benign,0,Benign,0
6.34e-11,0.0,0.0,1,4,Malicious,1,Malicious,1
9.49e-09,1.66e-08,1.34e-07,2,8,Benign,0,Benign,0
1.27e-11,0.0,0.0,1,4,Malicious,1,Malicious,1
0.000900646,2.2e-07,1.14e-06,2,8,Benign,0,Benign,0
1.27e-11,0.0,0.0,1,4,Malicious,1,Malicious,1
1.27e-11,0.0,0.0,1,4,Malicious,1,Malicious,1
3.8e-05,0.0,0.0,1,4,Malicious,1,Malicious,1
1.27e-11,0.0,0.0,1,4,Malicious,1,Malicious,1
2.89e-09,0.0,0.0,1,4,Malicious,1,Malicious,1
1.27e-11,0.0,0.0,1,4,Malicious,1,Malicious,1
3.22e-09,0.0,0.0,1,4,Malicious,1,Malicious,1
6.65e-08,2.75e-08,1.43e-07,2,8,Benign,0,Benign,0
3.95e-05,0.0,0.0,1,4,Malicious,1,Malicious,1
1.27e-11,0.0,0.0,1,4,Malicious,1,Malicious,1
6.34e-11,0.0,0.0,1,4,Malicious,1,Malicious,1
2.13e-05,8.71e-08,0.000246995,1,8,Malicious,1,Malicious,1
1.27e-11,0.0,0.0,1,4,Malicious,1,Malicious,1
2.62e-06,0.0,0.0,1,1,Benign,0,Benign,0
3.8e-05,0.0,0.0,1,4,Malicious,1,Malicious,1
0.0,0.0,0.0,1,4,Malicious,1,Malicious,1
0.0,0.0,0.0,1,4,Malicious,1,Malicious,1
1.27e-11,0.0,0.0,1,4,Malicious,1,Malicious,1
3.8e-05,0.0,0.0,1,4,Malicious,1,Malicious,1
3.8e-05,0.0,0.0,1,4,Malicious,1,Malicious,1
5.18e-05,4.3e-08,7.22e-07,1,7,Malicious,1,Malicious,1
3.94e-05,0.0,0.0,1,4,Benign,0,Benign,1
1.27e-11,0.0,0.0,1,4,Malicious,1,Malicious,1
3.96e-05,0.0,0.0,1,4,Malicious,1,Malicious,1
5.07e-11,0.0,0.0,1,4,Malicious,1,Malicious,1
9.5e-09,2.58e-08,1.34e-07,2,8,Benign,0,Benign,0
1.29e-05,2.98e-08,3.68e-07,1,3,Benign,0,Benign,0
3.92e-05,0.0,0.0,1,4,Benign,0,Benign,1
1.27e-11,0.0,0.0,1,4,Malicious,1,Malicious,1
9.5e-09,0.0,0.0,1,4,Malicious,1,Malicious,1
1.27e-11,0.0,0.0,1,4,Malicious,1,Malicious,1
3.79e-05,0.0,0.0,1,4,Malicious,1,Malicious,1
6.34e-11,0.0,0.0,1,4,Malicious,1,Malicious,1
3.8e-05,0.0,0.0,1,4,Malicious,1,Malicious,1
3.48e-08,2.75e-08,1.43e-07,2,8,Benign,0,Benign,0
1.17e-05,4.3e-08,7.22e-07,1,7,Malicious,1,Malicious,1
1.27e-11,0.0,0.0,1,4,Malicious,1,Malicious,1
5.07e-11,0.0,0.0,1,4,Malicious,1,Malicious,1
1.27e-11,0.0,0.0,1,4,Malicious,1,Malicious,1
1.27e-11,0.0,0.0,1,4,Malicious,1,Malicious,1
3.79e-05,0.0,0.0,1,4,Malicious,1,Malicious,1
1.27e-11,0.0,0.0,1,4,Malicious,1,Malicious,1
1.27e-11,0.0,0.0,1,4,Malicious,1,Malicious,1
5.07e-11,0.0,0.0,1,4,Malicious,1,Malicious,1
3.97e-05,0.0,0.0,1,4,Malicious,1,Malicious,1
5.07e-11,0.0,0.0,1,4,Malicious,1,Malicious,1
3.98e-05,0.0,0.0,1,4,Malicious,1,Malicious,1
3.21e-09,0.0,0.0,1,4,Malicious,1,Malicious,1
6.25e-09,2.58e-08,1.34e-07,2,8,Benign,0,Benign,0
1.27e-11,0.0,0.0,1,4,Malicious,1,Malicious,1
3.92e-05,0.0,0.0,1,4,Malicious,1,Malicious,1
1.27e-11,0.0,0.0,1,4,Malicious,1,Malicious,1
3.8e-05,0.0,0.0,1,4,Malicious,1,Malicious,1
2.54e-11,0.0,0.0,1,4,Malicious,1,Malicious,1
5.07e-11,0.0,0.0,1,4,Malicious,1,Malicious,1
3.94e-05,0.0,0.0,1,4,Malicious,1,Malicious,1
6.35e-09,0.0,0.0,1,4,Malicious,1,Malicious,1
5.07e-11,0.0,0.0,1,4,Malicious,1,Malicious,1
1.37e-05,4.3e-08,7.22e-07,1,7,Malicious,1,Malicious,0
5.07e-11,0.0,0.0,1,4,Malicious,1,Malicious,1
3.98e-05,0.0,0.0,1,4,Benign,0,Benign,1
3.8e-05,0.0,0.0,1,4,Malicious,1,Malicious,1
5.07e-11,0.0,0.0,1,4,Malicious,1,Malicious,1
3.94e-05,0.0,0.0,1,4,Benign,0,Benign,1
5.07e-11,0.0,0.0,1,4,Malicious,1,Malicious,1
7.34e-05,3.38e-07,5.35e-06,1,8,Malicious,1,Malicious,1
0.0,0.0,0.0,1,4,Malicious,1,Malicious,1
5.09e-05,1.29e-07,0.0,2,4,Benign,0,Benign,0
6.35e-05,4.47e-08,0.0,2,4,Benign,0,Benign,0
0.0,0.0,0.0,1,4,Malicious,1,Malicious,1
6.3e-09,1.66e-08,1.34e-07,2,8,Benign,0,Benign,0
6.34e-11,0.0,0.0,1,4,Malicious,1,Malicious,1
3.27e-09,0.0,0.0,1,4,Malicious,1,Malicious,1
2.53e-08,2.75e-08,1.43e-07,2,8,Benign,0,Benign,0
2.22e-07,2.75e-08,1.43e-07,2,8,Benign,0,Benign,0
8.88e-11,0.0,0.0,1,4,Malicious,1,Malicious,1
6.49e-05,3.38e-07,5.26e-06,1,8,Malicious,1,Malicious,1
3.98e-05,0.0,0.0,1,4,Benign,0,Benign,1
2.22e-08,2.75e-08,1.43e-07,2,8,Benign,0,Benign,0
6.34e-11,0.0,0.0,1,4,Malicious,1,Malicious,1
3.92e-05,0.0,0.0,1,4,Benign,0,Benign,1
1.27e-11,0.0,0.0,1,4,Malicious,1,Malicious,1
1.27e-11,0.0,0.0,1,4,Malicious,1,Malicious,1
1.27e-11,0.0,0.0,1,4,Malicious,1,Malicious,1
3.98e-05,0.0,0.0,1,4,Benign,0,Benign,1
3.8e-08,2.75e-08,1.43e-07,2,8,Benign,0,Benign,0
2.21e-08,2.75e-08,1.43e-07,2,8,Benign,0,Benign,0
1.27e-11,0.0,0.0,1,4,Malicious,1,Malicious,1
1.27e-11,0.0,0.0,1,4,Malicious,1,Malicious,1
3.99e-05,0.0,0.0,1,4,Benign,0,Benign,1
4.34e-07,2.58e-08,1.34e-07,2,8,Benign,0,Benign,0
8.85e-08,2.75e-08,1.43e-07,2,8,Benign,0,Benign,0
3.8e-05,0.0,0.0,1,4,Malicious,1,Malicious,1
3.95e-05,0.0,0.0,1,4,Benign,0,Benign,1
2.21e-06,2.24e-08,3.06e-07,2,8,Benign,0,Benign,0
3.8e-05,0.0,0.0,1,4,Malicious,1,Malicious,1
2.54e-11,0.0,0.0,1,4,Malicious,1,Malicious,1
4.42e-06,0.0,0.0,1,1,Benign,0,Benign,0
6.65e-05,3.38e-07,5.35e-06,1,8,Malicious,1,Malicious,1
3.97e-05,0.0,0.0,1,4,Benign,0,Benign,1
1.35e-05,3.84e-08,6.92e-07,1,7,Benign,0,Benign,0
1.39e-06,2.75e-08,1.43e-07,2,8,Benign,0,Benign,0
6.34e-11,0.0,0.0,1,4,Malicious,1,Malicious,1
1.24e-07,1.66e-08,1.34e-07,2,8,Benign,0,Benign,0
3.8e-05,0.0,0.0,1,4,Malicious,1,Malicious,1
3.98e-05,0.0,0.0,1,4,Malicious,1,Malicious,1
1.27e-11,0.0,0.0,1,4,Malicious,1,Malicious,1
3.97e-05,0.0,0.0,1,4,Malicious,1,Malicious,1
3.93e-05,0.0,0.0,1,4,Malicious,1,Malicious,1
1.27e-11,0.0,0.0,1,4,Malicious,1,Malicious,1
1.01e-07,2.75e-08,1.43e-07,2,8,Benign,0,Benign,0
3.15e-09,0.0,0.0,1,4,Malicious,1,Malicious,1
3.94e-05,0.0,0.0,1,4,Malicious,1,Malicious,1
1.27e-11,0.0,0.0,1,4,Malicious,1,Malicious,1
3.8e-05,0.0,0.0,1,4,Malicious,1,Malicious,1
1.27e-11,0.0,0.0,1,4,Malicious,1,Malicious,1
0.000406032,3.55e-08,7.99e-07,1,7,Malicious,1,Malicious,1
1.27e-11,0.0,0.0,1,4,Malicious,1,Malicious,1
3.79e-05,0.0,0.0,1,4,Malicious,1,Malicious,1
3.82e-05,3.44e-08,0.0,2,4,Benign,0,Benign,0
1.27e-11,0.0,0.0,1,4,Malicious,1,Malicious,1
5.07e-11,0.0,0.0,1,4,Malicious,1,Malicious,1
6.34e-11,0.0,0.0,1,4,Malicious,1,Malicious,1
5.07e-11,0.0,0.0,1,4,Malicious,1,Malicious,1
1.27e-11,0.0,0.0,1,4,Malicious,1,Malicious,1
3.8e-05,0.0,0.0,1,4,Malicious,1,Malicious,1
1.27e-11,0.0,0.0,1,4,Malicious,1,Malicious,1
3.16e-08,2.75e-08,1.43e-07,2,8,Benign,0,Benign,0
3.99e-07,2.58e-08,1.34e-07,2,8,Benign,0,Benign,0
1.01e-07,5.5e-08,2.85e-07,2,8,Benign,0,Benign,0
3.8e-05,0.0,0.0,1,4,Malicious,1,Malicious,1
6.34e-11,0.0,0.0,1,4,Malicious,1,Malicious,1
3.95e-05,0.0,0.0,1,4,Malicious,1,Malicious,1
3.96e-05,0.0,0.0,1,4,Malicious,1,Malicious,1
3.8e-05,0.0,0.0,1,4,Malicious,1,Malicious,1
1.49e-07,2.75e-08,1.43e-07,2,8,Benign,0,Benign,0
1.27e-11,0.0,0.0,1,4,Malicious,1,Malicious,1
6.33e-09,2.58e-08,1.34e-07,2,8,Benign,0,Benign,0
5.07e-11,0.0,0.0,1,4,Malicious,1,Malicious,1
1.27e-11,0.0,0.0,1,4,Malicious,1,Malicious,1
3.8e-05,0.0,0.0,1,4,Malicious,1,Malicious,1
3.93e-05,0.0,0.0,1,4,Malicious,1,Malicious,1
5.2e-05,4.3e-08,7.22e-07,1,7,Malicious,1,Malicious,1
3.8e-05,0.0,0.0,1,4,Malicious,1,Malicious,1
6.34e-11,0.0,0.0,1,4,Malicious,1,Malicious,1
0.0,0.0,0.0,1,4,Malicious,1,Malicious,1
0.003870563,8.37e-08,2.3e-06,1,8,Benign,0,Benign,0
3.94e-05,0.0,0.0,1,4,Malicious,1,Malicious,1
3.93e-05,0.0,0.0,1,4,Malicious,1,Malicious,1
1.27e-11,0.0,0.0,1,4,Malicious,1,Malicious,1
6.34e-11,0.0,0.0,1,4,Malicious,1,Malicious,1
3.8e-05,0.0,0.0,1,4,Malicious,1,Malicious,1
1.27e-11,0.0,0.0,1,4,Malicious,1,Malicious,1
1.27e-11,0.0,0.0,1,4,Malicious,1,Malicious,1
3.99e-05,0.0,0.0,1,4,Benign,0,Benign,1
3.91e-05,0.0,0.0,1,4,Malicious,1,Malicious,1
1.27e-11,0.0,0.0,1,4,Malicious,1,Malicious,1
1.27e-11,0.0,0.0,1,4,Malicious,1,Malicious,1
3.93e-05,0.0,0.0,1,4,Malicious,1,Malicious,1
0.0,0.0,0.0,1,4,Malicious,1,Malicious,1
0.0,0.0,0.0,1,4,Malicious,1,Malicious,1
1.27e-11,0.0,0.0,1,4,Malicious,1,Malicious,1
3.81e-11,0.0,0.0,1,4,Malicious,1,Malicious,1
3.96e-05,0.0,0.0,1,4,Malicious,1,Malicious,1
3.4e-06,0.0,0.0,1,1,Benign,0,Benign,0
1.27e-11,0.0,0.0,1,4,Malicious,1,Malicious,1
1.27e-11,0.0,0.0,1,4,Malicious,1,Malicious,1
1.27e-11,0.0,0.0,1,4,Malicious,1,Malicious,1
0.0,0.0,0.0,1,4,Malicious,1,Malicious,1
1.27e-11,0.0,0.0,1,4,Malicious,1,Malicious,1
1.27e-11,0.0,0.0,1,4,Malicious,1,Malicious,1
1.27e-11,0.0,0.0,1,4,Malicious,1,Malicious,1
7.59e-08,2.75e-08,1.43e-07,2,8,Benign,0,Benign,0
1.27e-11,0.0,0.0,1,4,Malicious,1,Malicious,1
3.8e-05,0.0,0.0,1,4,Malicious,1,Malicious,1
3.81e-11,0.0,0.0,1,4,Malicious,1,Malicious,1
3.8e-05,0.0,0.0,1,4,Malicious,1,Malicious,1
3.92e-05,0.0,0.0,1,4,Malicious,1,Malicious,1
1.27e-11,0.0,0.0,1,4,Malicious,1,Malicious,1
3.93e-05,0.0,0.0,1,4,Malicious,1,Malicious,1
2.52e-08,2.75e-08,1.43e-07,2,8,Benign,0,Benign,0
5.07e-11,0.0,0.0,1,4,Malicious,1,Malicious,1
3.97e-05,0.0,0.0,1,4,Benign,0,Benign,1
3.97e-05,0.0,0.0,1,4,Malicious,1,Malicious,1
3.97e-05,0.0,0.0,1,4,Malicious,1,Malicious,1
1.27e-11,0.0,0.0,1,4,Malicious,1,Malicious,1
1.37e-05,3.84e-08,6.92e-07,1,7,Benign,0,Benign,0
0.0,0.0,0.0,1,4,Malicious,1,Malicious,1
3.16e-08,2.75e-08,1.43e-07,2,8,Benign,0,Benign,0
5.52e-05,4.3e-08,7.22e-07,1,7,Malicious,1,Malicious,1
2.97e-06,9e-08,1.1e-06,1,8,Benign,0,Benign,0
3.8e-05,0.0,0.0,1,4,Malicious,1,Malicious,1
4e-05,0.0,0.0,1,4,Malicious,1,Malicious,1
3.22e-09,0.0,0.0,1,4,Malicious,1,Malicious,1
5.07e-11,0.0,0.0,1,4,Malicious,1,Malicious,1
7.92e-08,2.75e-08,1.43e-07,2,8,Benign,0,Benign,0
1.27e-11,0.0,0.0,1,4,Malicious,1,Malicious,1
9.47e-09,2.24e-08,3.06e-07,2,8,Benign,0,Benign,0
3.79e-05,0.0,0.0,1,4,Malicious,1,Malicious,1
6.34e-11,0.0,0.0,1,4,Malicious,1,Malicious,1
3.97e-05,0.0,0.0,1,4,Malicious,1,Malicious,1
1.88e-08,2.75e-08,1.43e-07,2,8,Benign,0,Benign,0
3.21e-09,0.0,0.0,1,4,Malicious,1,Malicious,1
2.64e-05,4.3e-08,7.22e-07,1,7,Malicious,1,Malicious,1
6.32e-09,2.58e-08,1.34e-07,2,8,Benign,0,Benign,0
0.0,0.0,0.0,1,4,Malicious,1,Malicious,1
3.23e-09,0.0,0.0,1,4,Malicious,1,Malicious,1
2.73e-09,0.0,0.0,1,4,Malicious,1,Malicious,1
2.69e-05,4.3e-08,7.22e-07,1,7,Malicious,1,Malicious,1
0.0,0.0,0.0,1,4,Malicious,1,Malicious,1
2.47e-05,6.88e-08,0.0,0,0,Benign,0,Benign,0
1.27e-11,0.0,0.0,1,4,Malicious,1,Malicious,1
0.0,0.0,0.0,1,4,Malicious,1,Malicious,1
3.8e-05,0.0,0.0,1,4,Malicious,1,Malicious,1
3.81e-11,0.0,0.0,1,4,Malicious,1,Malicious,1
6.34e-11,0.0,0.0,1,4,Malicious,1,Malicious,1
3.8e-05,0.0,0.0,1,4,Malicious,1,Malicious,1
3.96e-05,0.0,0.0,1,4,Benign,0,Benign,1
1.27e-11,0.0,0.0,1,4,Malicious,1,Malicious,1
1.27e-11,0.0,0.0,1,4,Malicious,1,Malicious,1
3.96e-05,0.0,0.0,1,4,Benign,0,Benign,1
4e-05,0.0,0.0,1,4,Benign,0,Benign,1
3.91e-05,0.0,0.0,1,4,Malicious,1,Malicious,1
3.93e-05,0.0,0.0,1,4,Benign,0,Benign,1
5.07e-11,0.0,0.0,1,4,Malicious,1,Malicious,1
0.0,0.0,0.0,1,4,Malicious,1,Malicious,1
0.0,0.0,0.0,1,4,Malicious,1,Malicious,1
1.27e-11,0.0,0.0,1,4,Malicious,1,Malicious,1
3.22e-09,0.0,0.0,1,4,Malicious,1,Malicious,1
1.27e-11,0.0,0.0,1,4,Malicious,1,Malicious,1
3.79e-05,0.0,0.0,1,4,Malicious,1,Malicious,1
1.27e-11,0.0,0.0,1,4,Malicious,1,Malicious,1
3.16e-08,2.75e-08,1.43e-07,2,8,Benign,0,Benign,0
3.8e-05,0.0,0.0,1,4,Malicious,1,Malicious,1
2.21e-08,2.75e-08,1.43e-07,2,8,Benign,0,Benign,0
3.95e-05,0.0,0.0,1,4,Malicious,1,Malicious,1
6.35e-05,4.47e-08,0.0,2,4,Benign,0,Benign,0
1.27e-11,0.0,0.0,1,4,Malicious,1,Malicious,1
1.86e-07,3.21e-07,1.66e-06,0,0,Benign,0,Benign,0
1.27e-11,0.0,0.0,1,4,Malicious,1,Malicious,1
5.19e-05,4.3e-08,7.22e-07,1,7,Malicious,1,Malicious,1
3.79e-05,0.0,0.0,1,4,Malicious,1,Malicious,1
6.41e-05,4.47e-08,3.06e-07,2,8,Benign,0,Benign,0
1.27e-11,0.0,0.0,1,4,Malicious,1,Malicious,1
1.27e-11,0.0,0.0,1,4,Malicious,1,Malicious,1
1.27e-11,0.0,0.0,1,4,Malicious,1,Malicious,1
0.0,0.0,0.0,1,4,Malicious,1,Malicious,1
0.0,0.0,0.0,1,4,Malicious,1,Malicious,1
5.07e-11,6.88e-08,0.0,0,0,Benign,0,Benign,0
3.99e-05,0.0,0.0,1,4,Malicious,1,Malicious,1
1.27e-11,0.0,0.0,1,4,Malicious,1,Malicious,1
3.99e-05,0.0,0.0,1,4,Benign,0,Benign,1
5.07e-11,0.0,0.0,1,4,Malicious,1,Malicious,1
8.88e-11,0.0,0.0,1,4,Malicious,1,Malicious,1
1.57e-08,1.66e-08,1.34e-07,2,8,Benign,0,Benign,0
1.27e-11,0.0,0.0,1,4,Malicious,1,Malicious,1
3.8e-05,0.0,0.0,1,4,Malicious,1,Malicious,1
1.27e-11,0.0,0.0,1,4,Malicious,1,Malicious,1
2.2e-08,2.75e-08,1.43e-07,2,8,Benign,0,Benign,0
6.02e-08,2.75e-08,1.43e-07,2,8,Benign,0,Benign,0
7.6e-08,2.75e-08,1.43e-07,2,8,Benign,0,Benign,0
1.27e-11,0.0,0.0,1,4,Malicious,1,Malicious,1
3.8e-05,0.0,0.0,1,4,Malicious,1,Malicious,1
3.22e-09,0.0,0.0,1,4,Malicious,1,Malicious,1
3.48e-08,2.75e-08,1.43e-07,2,8,Benign,0,Benign,0
6.29e-09,1.66e-08,1.34e-07,2,8,Benign,0,Benign,0
6.34e-05,4.47e-08,0.0,2,4,Benign,0,Benign,0
5.07e-11,0.0,0.0,1,4,Malicious,1,Malicious,1
0.0,0.0,0.0,1,4,Malicious,1,Malicious,1
3.91e-05,0.0,0.0,1,4,Benign,0,Benign,1
3.8e-05,0.0,0.0,1,4,Malicious,1,Malicious,1
6.59e-07,1.95e-08,8.83e-07,2,8,Benign,0,Benign,0
1.27e-11,0.0,0.0,1,4,Malicious,1,Malicious,1
0.0,0.0,0.0,1,4,Malicious,1,Malicious,1
3.95e-05,0.0,0.0,1,4,Malicious,1,Malicious,1
3.23e-09,0.0,0.0,1,4,Malicious,1,Malicious,1
1.46e-07,0.0,0.0,1,8,Benign,0,Benign,0
1.27e-11,0.0,0.0,1,4,Malicious,1,Malicious,1
1.27e-11,0.0,0.0,1,4,Malicious,1,Malicious,1
1.35e-05,3.84e-08,6.92e-07,1,7,Benign,0,Benign,0
1.41e-05,3.84e-08,6.92e-07,1,7,Benign,0,Benign,1
3.97e-05,0.0,0.0,1,4,Malicious,1,Malicious,1
0.0,0.0,0.0,1,4,Malicious,1,Malicious,1
1.27e-11,0.0,0.0,1,4,Malicious,1,Malicious,1
1.27e-11,0.0,0.0,1,4,Malicious,1,Malicious,1
0.0,0.0,0.0,1,4,Malicious,1,Malicious,1
3.96e-05,0.0,0.0,1,4,Malicious,1,Malicious,1
3.8e-05,0.0,0.0,1,4,Malicious,1,Malicious,1
3.22e-09,0.0,0.0,1,4,Malicious,1,Malicious,1
1.27e-11,0.0,0.0,1,4,Malicious,1,Malicious,1
3.96e-05,0.0,0.0,1,4,Benign,0,Benign,1
8.87e-08,2.75e-08,1.43e-07,2,8,Benign,0,Benign,0
2.2e-08,2.75e-08,1.43e-07,2,8,Benign,0,Benign,0
6.3e-09,1.66e-08,1.34e-07,2,8,Benign,0,Benign,0
1.27e-11,0.0,0.0,1,4,Malicious,1,Malicious,1
1.27e-11,0.0,0.0,1,4,Malicious,1,Malicious,1
1.27e-11,0.0,0.0,1,4,Malicious,1,Malicious,1
6.34e-11,0.0,0.0,1,4,Malicious,1,Malicious,1
7.54e-05,3.38e-07,5.35e-06,1,8,Malicious,1,Malicious,1
1.27e-11,0.0,0.0,1,4,Malicious,1,Malicious,1
3.98e-05,0.0,0.0,1,4,Malicious,1,Malicious,1
3.21e-09,0.0,0.0,1,4,Malicious,1,Malicious,1
3.92e-05,0.0,0.0,1,4,Benign,0,Benign,1
5.07e-11,0.0,0.0,1,4,Malicious,1,Malicious,1
0.000216324,7.68e-08,2.08e-07,2,8,Benign,0,Benign,0
2.21e-08,2.75e-08,1.43e-07,2,8,Benign,0,Benign,0
8.87e-08,2.29e-08,2.85e-07,2,8,Benign,0,Benign,0
5.73e-05,3.38e-07,5.35e-06,1,8,Malicious,1,Malicious,1
0.0,0.0,0.0,1,4,Malicious,1,Malicious,1
1.27e-11,0.0,0.0,1,4,Malicious,1,Malicious,1
1.27e-11,0.0,0.0,1,4,Malicious,1,Malicious,1
3.98e-05,0.0,0.0,1,4,Malicious,1,Malicious,1
6.35e-05,4.47e-08,0.0,2,4,Benign,0,Benign,0
1.43e-05,4.3e-08,7.22e-07,1,7,Malicious,1,Malicious,1
3.79e-05,0.0,0.0,1,4,Malicious,1,Malicious,1
3.25e-09,0.0,0.0,1,4,Malicious,1,Malicious,1
4e-05,0.0,0.0,1,4,Benign,0,Benign,1
5.07e-11,0.0,0.0,1,4,Malicious,1,Malicious,1
4e-05,0.0,0.0,1,4,Malicious,1,Malicious,1
3.91e-05,0.0,0.0,1,4,Malicious,1,Malicious,1
1.27e-11,0.0,0.0,1,4,Malicious,1,Malicious,1
3.21e-09,0.0,0.0,1,4,Malicious,1,Malicious,1
1.27e-11,0.0,0.0,1,4,Malicious,1,Malicious,1
2.51e-08,2.75e-08,1.43e-07,2,8,Benign,0,Benign,0
1.27e-11,0.0,0.0,1,4,Malicious,1,Malicious,1
3.99e-05,0.0,0.0,1,4,Benign,0,Benign,1
5.07e-11,0.0,0.0,1,4,Malicious,1,Malicious,1
6.38e-06,4.47e-08,3.06e-07,2,8,Benign,0,Benign,0
5.07e-11,0.0,0.0,1,4,Malicious,1,Malicious,1
3.22e-09,0.0,0.0,1,4,Malicious,1,Malicious,1
2.34e-05,8.54e-08,0.000510757,1,8,Malicious,1,Malicious,1
0.00040973,3.55e-08,7.99e-07,1,7,Malicious,1,Malicious,1
1.27e-11,0.0,0.0,1,4,Malicious,1,Malicious,1
1.27e-11,0.0,0.0,1,4,Malicious,1,Malicious,1
3.92e-05,0.0,0.0,1,4,Malicious,1,Malicious,1
0.0,0.0,0.0,1,4,Malicious,1,Malicious,1
1.27e-11,0.0,0.0,1,4,Malicious,1,Malicious,1
6.48e-05,4.3e-08,7.22e-07,1,7,Malicious,1,Malicious,1
7.22e-05,3.38e-07,5.35e-06,1,8,Malicious,1,Malicious,1
1.27e-11,0.0,0.0,1,4,Malicious,1,Malicious,1
3.81e-11,0.0,0.0,1,4,Malicious,1,Malicious,1
5.07e-11,0.0,0.0,1,4,Malicious,1,Malicious,1
3.81e-11,0.0,0.0,1,4,Malicious,1,Malicious,1
6.34e-11,0.0,0.0,1,4,Malicious,1,Malicious,1
3.94e-05,0.0,0.0,1,4,Benign,0,Benign,1
1.26e-07,2.29e-08,1.66e-07,2,8,Benign,0,Benign,0
3.91e-05,0.0,0.0,1,4,Benign,0,Benign,1
2.67e-05,3.84e-08,6.92e-07,1,7,Benign,0,Benign,1
3.95e-05,0.0,0.0,1,4,Malicious,1,Malicious,1
3.92e-05,0.0,0.0,1,4,Malicious,1,Malicious,1
3.81e-11,0.0,0.0,1,4,Malicious,1,Malicious,1
1.27e-11,0.0,0.0,1,4,Malicious,1,Malicious,1
3.95e-05,0.0,0.0,1,4,Benign,0,Benign,1
0.0,0.0,0.0,1,4,Malicious,1,Malicious,1
3.94e-05,0.0,0.0,1,4,Benign,0,Benign,1
1.27e-11,0.0,0.0,1,4,Malicious,1,Malicious,1
6.23e-09,2.58e-08,1.34e-07,2,8,Benign,0,Benign,0
3.94e-05,0.0,0.0,1,4,Benign,0,Benign,1
3.8e-05,0.0,0.0,1,4,Malicious,1,Malicious,1
5.07e-11,0.0,0.0,1,4,Malicious,1,Malicious,1
5.07e-11,0.0,0.0,1,4,Malicious,1,Malicious,1
3.8e-05,0.0,0.0,1,4,Malicious,1,Malicious,1
1.27e-11,0.0,0.0,1,4,Malicious,1,Malicious,1
1.27e-11,0.0,0.0,1,4,Malicious,1,Malicious,1
5.07e-11,0.0,0.0,1,4,Malicious,1,Malicious,1
3.96e-05,0.0,0.0,1,4,Malicious,1,Malicious,1
1.27e-11,0.0,0.0,1,4,Malicious,1,Malicious,1
6e-08,2.75e-08,1.43e-07,2,8,Benign,0,Benign,0
5.07e-11,0.0,0.0,1,4,Malicious,1,Malicious,1
5.07e-11,0.0,0.0,1,4,Malicious,1,Malicious,1
2.31e-07,2.75e-08,1.43e-07,2,8,Benign,0,Benign,0
1.27e-11,0.0,0.0,1,4,Malicious,1,Malicious,1
3.93e-05,0.0,0.0,1,4,Malicious,1,Malicious,1
3.8e-08,2.75e-08,1.43e-07,2,8,Benign,0,Benign,0
3.97e-05,0.0,0.0,1,4,Malicious,1,Malicious,1
1.27e-11,0.0,0.0,1,4,Malicious,1,Malicious,1
1.27e-11,0.0,0.0,1,4,Malicious,1,Malicious,1
8.24e-08,2.58e-08,1.34e-07,2,8,Benign,0,Benign,0
5.07e-11,0.0,0.0,1,4,Malicious,1,Malicious,1
3.13e-09,0.0,0.0,1,4,Malicious,1,Malicious,1
1.37e-05,4.3e-08,7.22e-07,1,7,Malicious,1,Malicious,0
1.27e-11,0.0,0.0,1,4,Malicious,1,Malicious,1
0.0,0.0,0.0,1,4,Malicious,1,Malicious,1
9.55e-09,0.0,0.0,1,4,Malicious,1,Malicious,1
3.91e-05,0.0,0.0,1,4,Malicious,1,Malicious,1
6.66e-08,5.5e-08,2.85e-07,2,8,Benign,0,Benign,0
1.27e-11,0.0,0.0,1,4,Malicious,1,Malicious,1
1.27e-11,0.0,0.0,1,4,Malicious,1,Malicious,1
6.34e-11,0.0,0.0,1,4,Malicious,1,Malicious,1
3.93e-05,0.0,0.0,1,4,Malicious,1,Malicious,1
6.34e-11,0.0,0.0,1,4,Malicious,1,Malicious,1
5.42e-06,0.0,0.0,1,1,Benign,0,Benign,0
2.21e-08,2.75e-08,1.43e-07,2,8,Benign,0,Benign,0
9.49e-09,2.58e-08,1.34e-07,2,8,Benign,0,Benign,0
1.27e-11,0.0,0.0,1,4,Malicious,1,Malicious,1
8.88e-11,0.0,0.0,1,4,Malicious,1,Malicious,1
1.27e-11,0.0,0.0,1,4,Malicious,1,Malicious,1
3.48e-08,2.75e-08,1.43e-07,2,8,Benign,0,Benign,0
3.81e-11,0.0,0.0,1,4,Malicious,1,Malicious,1
2.54e-11,0.0,0.0,1,4,Malicious,1,Malicious,1
1.27e-11,0.0,0.0,1,4,Malicious,1,Malicious,1
1.27e-11,0.0,0.0,1,4,Malicious,1,Malicious,1
6.34e-05,4.47e-08,0.0,2,4,Benign,0,Benign,0
1.27e-11,0.0,0.0,1,4,Malicious,1,Malicious,1
4.78e-07,2.75e-08,1.43e-07,2,8,Benign,0,Benign,0
3.16e-08,2.75e-08,1.43e-07,2,8,Benign,0,Benign,0
1.27e-11,0.0,0.0,1,4,Malicious,1,Malicious,1
3.8e-05,0.0,0.0,1,4,Malicious,1,Malicious,1
5.07e-11,0.0,0.0,1,4,Malicious,1,Malicious,1
3.94e-05,0.0,0.0,1,4,Malicious,1,Malicious,1
3.96e-05,0.0,0.0,1,4,Malicious,1,Malicious,1
5.07e-11,0.0,0.0,1,4,Malicious,1,Malicious,1
3.97e-05,0.0,0.0,1,4,Malicious,1,Malicious,1
1.27e-05,0.0,0.0,1,4,Malicious,1,Malicious,1
5.07e-11,0.0,0.0,1,4,Malicious,1,Malicious,1
6.34e-11,0.0,0.0,1,4,Malicious,1,Malicious,1
1.27e-11,0.0,0.0,1,4,Malicious,1,Malicious,1
3.98e-05,0.0,0.0,1,4,Malicious,1,Malicious,1
4e-05,0.0,0.0,1,4,Benign,0,Benign,1
1.27e-11,0.0,0.0,1,4,Malicious,1,Malicious,1
6.33e-09,2.58e-08,1.34e-07,2,8,Benign,0,Benign,0
5.07e-11,0.0,0.0,1,4,Malicious,1,Malicious,1
3.81e-11,0.0,0.0,1,4,Malicious,1,Malicious,1
3.97e-05,0.0,0.0,1,4,Benign,0,Benign,1
1.27e-11,0.0,0.0,1,4,Malicious,1,Malicious,1
1.27e-11,0.0,0.0,1,4,Malicious,1,Malicious,1
3.91e-05,0.0,0.0,1,4,Malicious,1,Malicious,1
1.27e-11,0.0,0.0,1,4,Malicious,1,Malicious,1
2.92e-05,8.65e-08,0.000488137,1,8,Benign,0,Benign,1
6.34e-11,0.0,0.0,1,4,Malicious,1,Malicious,1
1.27e-11,0.0,0.0,1,4,Malicious,1,Malicious,1
3.94e-05,0.0,0.0,1,4,Malicious,1,Malicious,1
1.55e-06,2.75e-08,1.43e-07,2,8,Benign,0,Benign,0
5.07e-11,0.0,0.0,1,4,Malicious,1,Malicious,1
4e-05,0.0,0.0,1,4,Benign,0,Benign,1
7.61e-11,0.0,0.0,1,4,Malicious,1,Malicious,1
3.21e-09,0.0,0.0,1,4,Malicious,1,Malicious,1
6.34e-11,0.0,0.0,1,4,Malicious,1,Malicious,1
1.27e-11,0.0,0.0,1,4,Malicious,1,Malicious,1
1.14e-10,0.0,0.0,1,4,Malicious,1,Malicious,1
3.97e-05,0.0,0.0,1,4,Malicious,1,Malicious,1
3.98e-05,0.0,0.0,1,4,Benign,0,Benign,1
1.27e-11,0.0,0.0,1,4,Malicious,1,Malicious,1
1.27e-11,0.0,0.0,1,4,Malicious,1,Malicious,1
3.8e-05,0.0,0.0,1,4,Malicious,1,Malicious,1
5.18e-05,4.3e-08,7.22e-07,1,7,Malicious,1,Malicious,1
3.95e-05,0.0,0.0,1,4,Malicious,1,Malicious,1
6.29e-09,1.66e-08,1.34e-07,2,8,Benign,0,Benign,0
3.99e-05,0.0,0.0,1,4,Malicious,1,Malicious,1
1.27e-11,0.0,0.0,1,4,Malicious,1,Malicious,1
1.27e-11,0.0,0.0,1,4,Malicious,1,Malicious,1
3.8e-05,0.0,0.0,1,4,Malicious,1,Malicious,1
1.27e-11,0.0,0.0,1,4,Malicious,1,Malicious,1
3.8e-05,0.0,0.0,1,4,Malicious,1,Malicious,1
0.0,0.0,0.0,1,4,Malicious,1,Malicious,1
3.99e-05,0.0,0.0,1,4,Malicious,1,Malicious,1
1.27e-11,5.5e-08,0.0,2,4,Benign,0,Benign,0
6.3e-09,1.66e-08,1.34e-07,2,8,Benign,0,Benign,0
1.27e-11,0.0,0.0,1,4,Malicious,1,Malicious,1
3.99e-05,0.0,0.0,1,4,Malicious,1,Malicious,1
3.8e-05,0.0,0.0,1,4,Malicious,1,Malicious,1
3.98e-05,0.0,0.0,1,4,Malicious,1,Malicious,1
1.27e-11,0.0,0.0,1,4,Malicious,1,Malicious,1
3.98e-05,0.0,0.0,1,4,Benign,0,Benign,1
1.27e-11,0.0,0.0,1,4,Malicious,1,Malicious,1
1.05e-07,2.75e-08,1.43e-07,2,8,Benign,0,Benign,0
1.27e-11,0.0,0.0,1,4,Malicious,1,Malicious,1
1.11e-07,5.5e-08,2.85e-07,2,8,Benign,0,Benign,0
3.8e-05,0.0,0.0,1,4,Malicious,1,Malicious,1
3.16e-09,0.0,0.0,1,4,Malicious,1,Malicious,1
1.27e-11,0.0,0.0,1,4,Malicious,1,Malicious,1
3.8e-05,0.0,0.0,1,4,Malicious,1,Malicious,1
1.27e-11,0.0,0.0,1,4,Malicious,1,Malicious,1
1.33e-05,4.3e-08,7.22e-07,1,7,Malicious,1,Malicious,0
6.34e-11,0.0,0.0,1,4,Malicious,1,Malicious,1
1.27e-11,0.0,0.0,1,4,Malicious,1,Malicious,1
3.8e-05,0.0,0.0,1,4,Malicious,1,Malicious,1
5.07e-11,0.0,0.0,1,4,Malicious,1,Malicious,1
3.98e-05,0.0,0.0,1,4,Benign,0,Benign,1
1.27e-11,0.0,0.0,1,4,Malicious,1,Malicious,1
4.75e-08,2.75e-08,1.43e-07,2,8,Benign,0,Benign,0
1.27e-11,0.0,0.0,1,4,Malicious,1,Malicious,1
9.5e-09,2.58e-08,1.34e-07,2,8,Benign,0,Benign,0
4e-05,0.0,0.0,1,4,Benign,0,Benign,1
0.0,0.0,0.0,1,4,Malicious,1,Malicious,1
5.07e-11,0.0,0.0,1,4,Malicious,1,Malicious,1
1.27e-11,0.0,0.0,1,4,Malicious,1,Malicious,1
1.27e-11,0.0,0.0,1,4,Malicious,1,Malicious,1
3.17e-08,2.75e-08,1.43e-07,2,8,Benign,0,Benign,0
3.97e-05,0.0,0.0,1,4,Benign,0,Benign,1
6.35e-05,4.47e-08,0.0,2,4,Benign,0,Benign,0
3.81e-11,0.0,0.0,1,4,Malicious,1,Malicious,1
3.97e-05,0.0,0.0,1,4,Malicious,1,Malicious,1
1.27e-11,0.0,0.0,1,4,Malicious,1,Malicious,1
6.34e-11,0.0,0.0,1,4,Malicious,1,Malicious,1
6.02e-08,2.75e-08,1.43e-07,2,8,Benign,0,Benign,0
5.07e-11,0.0,0.0,1,4,Malicious,1,Malicious,1
2.53e-08,2.75e-08,1.43e-07,2,8,Benign,0,Benign,0
3.95e-05,0.0,0.0,1,4,Malicious,1,Malicious,1
3.81e-05,0.0,0.0,1,4,Malicious,1,Malicious,1
2.42e-05,2.97e-07,1.96e-07,1,3,Malicious,1,Malicious,1
3.93e-05,0.0,0.0,1,4,Malicious,1,Malicious,1
3.98e-05,0.0,0.0,1,4,Malicious,1,Malicious,1
5.07e-11,0.0,0.0,1,4,Malicious,1,Malicious,1
6.34e-05,4.47e-08,0.0,2,4,Benign,0,Benign,0
3.8e-05,0.0,0.0,1,4,Malicious,1,Malicious,1
3.98e-05,0.0,0.0,1,4,Benign,0,Benign,1
3.97e-05,0.0,0.0,1,4,Malicious,1,Malicious,1
3.94e-05,0.0,0.0,1,4,Malicious,1,Malicious,1
3.8e-05,0.0,0.0,1,4,Malicious,1,Malicious,1
3.92e-05,0.0,0.0,1,4,Malicious,1,Malicious,1
4.01e-05,0.0,0.0,1,4,Malicious,1,Malicious,1
6.35e-05,4.47e-08,0.0,2,4,Benign,0,Benign,0
3.92e-05,0.0,0.0,1,4,Malicious,1,Malicious,1
3.8e-05,0.0,0.0,1,4,Malicious,1,Malicious,1
6.02e-08,2.75e-08,1.43e-07,2,8,Benign,0,Benign,0
3.8e-05,0.0,0.0,1,4,Malicious,1,Malicious,1
3.92e-05,0.0,0.0,1,4,Benign,0,Benign,1
2.45e-09,0.0,0.0,1,4,Malicious,1,Malicious,1
3.06e-06,0.0,0.0,1,8,Benign,0,Benign,0
3.8e-05,0.0,0.0,1,4,Malicious,1,Malicious,1
1.27e-11,0.0,0.0,1,4,Malicious,1,Malicious,1
5.07e-11,0.0,0.0,1,4,Malicious,1,Malicious,1
0.0,0.0,0.0,1,4,Malicious,1,Malicious,1
3.99e-05,0.0,0.0,1,4,Malicious,1,Malicious,1
3.81e-11,0.0,0.0,1,4,Malicious,1,Malicious,1
2.21e-08,2.75e-08,1.43e-07,2,8,Benign,0,Benign,0
4.01e-05,0.0,0.0,1,4,Malicious,1,Malicious,1
3.98e-05,0.0,0.0,1,4,Benign,0,Benign,1
1.27e-11,0.0,0.0,1,4,Malicious,1,Malicious,1
3.99e-05,0.0,0.0,1,4,Malicious,1,Malicious,1
4.01e-05,0.0,0.0,1,4,Malicious,1,Malicious,1
3.97e-05,0.0,0.0,1,4,Malicious,1,Malicious,1
6.34e-09,2.58e-08,1.34e-07,2,8,Benign,0,Benign,0
4.12e-08,2.75e-08,1.43e-07,2,8,Benign,0,Benign,0
1.27e-11,0.0,0.0,1,4,Malicious,1,Malicious,1
3.8e-05,0.0,0.0,1,4,Malicious,1,Malicious,1
6.3e-09,1.66e-08,1.34e-07,2,8,Benign,0,Benign,0
0.0,0.0,0.0,1,4,Malicious,1,Malicious,1
1.27e-11,0.0,0.0,1,4,Malicious,1,Malicious,1
3.97e-05,0.0,0.0,1,4,Malicious,1,Malicious,1
3.95e-05,0.0,0.0,1,4,Benign,0,Benign,1
5.07e-11,0.0,0.0,1,4,Malicious,1,Malicious,1
5.07e-11,0.0,0.0,1,4,Malicious,1,Malicious,1
3.93e-05,0.0,0.0,1,4,Malicious,1,Malicious,1
0.0,0.0,0.0,1,4,Malicious,1,Malicious,1
1.27e-11,0.0,0.0,1,4,Malicious,1,Malicious,1
1.27e-11,0.0,0.0,1,4,Malicious,1,Malicious,1
3.8e-05,0.0,0.0,1,4,Malicious,1,Malicious,1
1.27e-11,0.0,0.0,1,4,Malicious,1,Malicious,1
3.94e-05,0.0,0.0,1,4,Malicious,1,Malicious,1
1.4e-05,4.3e-08,7.22e-07,1,7,Malicious,1,Malicious,1
1.33e-07,2.75e-08,1.43e-07,2,8,Benign,0,Benign,0
0.002651489,0.000644421,0.0,2,4,Malicious,1,Malicious,0
3.8e-05,0.0,0.0,1,4,Malicious,1,Malicious,1
3.92e-05,0.0,0.0,1,4,Malicious,1,Malicious,1
3.99e-05,0.0,0.0,1,4,Malicious,1,Malicious,1
1.27e-11,0.0,0.0,1,4,Malicious,1,Malicious,1
5.07e-11,0.0,0.0,1,4,Malicious,1,Malicious,1
1.27e-11,0.0,0.0,1,4,Malicious,1,Malicious,1
1.89e-08,2.75e-08,1.43e-07,2,8,Benign,0,Benign,0
3.95e-05,0.0,0.0,1,4,Benign,0,Benign,1
3.8e-05,0.0,0.0,1,4,Malicious,1,Malicious,1
1.27e-11,0.0,0.0,1,4,Malicious,1,Malicious,1
3.48e-08,2.75e-08,1.43e-07,2,8,Benign,0,Benign,0
3.81e-05,0.0,0.0,1,4,Malicious,1,Malicious,1
3.23e-09,0.0,0.0,1,4,Malicious,1,Malicious,1
1.9e-08,2.75e-08,1.43e-07,2,8,Benign,0,Benign,0
6.34e-11,0.0,0.0,1,4,Malicious,1,Malicious,1
1.73e-07,2.75e-08,1.43e-07,2,8,Benign,0,Benign,0
3.8e-05,0.0,0.0,1,4,Malicious,1,Malicious,1
1.27e-11,0.0,0.0,1,4,Malicious,1,Malicious,1
5.37e-05,4.3e-08,7.22e-07,1,7,Malicious,1,Malicious,1
6.34e-11,0.0,0.0,1,4,Malicious,1,Malicious,1
3.96e-05,0.0,0.0,1,4,Malicious,1,Malicious,1
1.27e-11,0.0,0.0,1,4,Malicious,1,Malicious,1
2.21e-08,2.75e-08,1.43e-07,2,8,Benign,0,Benign,0
3.91e-05,0.0,0.0,1,4,Malicious,1,Malicious,1
5.07e-11,0.0,0.0,1,4,Malicious,1,Malicious,1
0.000126414,1.65e-07,8.56e-07,2,8,Benign,0,Benign,0
9.49e-09,1.66e-08,1.34e-07,2,8,Benign,0,Benign,0
3.94e-05,0.0,0.0,1,4,Malicious,1,Malicious,1
2.15e-07,2.46e-08,3.3e-07,2,8,Benign,0,Benign,0
1.27e-11,0.0,0.0,1,4,Malicious,1,Malicious,1
4e-05,0.0,0.0,1,4,Malicious,1,Malicious,1
3.96e-05,0.0,0.0,1,4,Malicious,1,Malicious,1
3.94e-05,0.0,0.0,1,4,Benign,0,Benign,1
3.98e-05,0.0,0.0,1,4,Benign,0,Benign,1
3.91e-05,0.0,0.0,1,4,Malicious,1,Malicious,1
1.27e-11,0.0,0.0,1,4,Malicious,1,Malicious,1
3.92e-05,0.0,0.0,1,4,Malicious,1,Malicious,1
2.21e-08,2.75e-08,1.43e-07,2,8,Benign,0,Benign,0
8.9e-05,6.97e-07,0.0,2,4,Benign,0,Benign,0
3.8e-05,0.0,0.0,1,4,Malicious,1,Malicious,1
3.92e-05,0.0,0.0,1,4,Malicious,1,Malicious,1
3.8e-05,0.0,0.0,1,4,Malicious,1,Malicious,1
3.97e-05,0.0,0.0,1,4,Malicious,1,Malicious,1
1.27e-11,0.0,0.0,1,4,Malicious,1,Malicious,1
3.92e-05,0.0,0.0,1,4,Malicious,1,Malicious,1
3.79e-05,0.0,0.0,1,4,Malicious,1,Malicious,1
5.07e-11,0.0,0.0,1,4,Malicious,1,Malicious,1
6.34e-11,0.0,0.0,1,4,Malicious,1,Malicious,1
1.27e-11,0.0,0.0,1,4,Malicious,1,Malicious,1
3.8e-05,0.0,0.0,1,4,Malicious,1,Malicious,1
6.35e-05,4.47e-08,0.0,2,4,Benign,0,Benign,0
0.0,0.0,0.0,1,4,Malicious,1,Malicious,1
6.34e-11,0.0,0.0,1,4,Malicious,1,Malicious,1
3.99e-05,0.0,0.0,1,4,Benign,0,Benign,1
3.8e-05,0.0,0.0,1,4,Benign,0,Benign,1
2.63e-07,2.75e-08,1.43e-07,2,8,Benign,0,Benign,0
0.0,0.0,0.0,1,4,Malicious,1,Malicious,1
6.25e-09,2.58e-08,1.34e-07,2,8,Benign,0,Benign,0
1.27e-11,0.0,0.0,1,4,Malicious,1,Malicious,1
5.07e-11,0.0,0.0,1,4,Malicious,1,Malicious,1
6.45e-05,3.38e-07,5.26e-06,1,8,Malicious,1,Malicious,1
3.8e-05,0.0,0.0,1,4,Malicious,1,Malicious,1
1.27e-11,0.0,0.0,1,4,Malicious,1,Malicious,1
3.21e-09,0.0,0.0,1,4,Malicious,1,Malicious,1
6.28e-09,1.66e-08,1.34e-07,2,8,Benign,0,Benign,0
1.89e-08,2.75e-08,1.43e-07,2,8,Benign,0,Benign,0
3.86e-06,0.0,0.0,1,1,Malicious,1,Malicious,0
9.82e-08,5.16e-08,2.67e-07,2,8,Benign,0,Benign,0
1.27e-11,0.0,0.0,1,4,Malicious,1,Malicious,1
5.07e-11,0.0,0.0,1,4,Malicious,1,Malicious,1
9.51e-08,5.5e-08,2.85e-07,2,8,Benign,0,Benign,0
5.9e-05,3.38e-07,5.35e-06,1,8,Malicious,1,Malicious,1
1.27e-11,0.0,0.0,1,4,Malicious,1,Malicious,1
3.8e-05,0.0,0.0,1,4,Benign,0,Benign,1
0.0,0.0,0.0,1,4,Malicious,1,Malicious,1
1.29e-05,2.98e-08,3.68e-07,1,3,Benign,0,Benign,0
5.07e-11,0.0,0.0,1,4,Malicious,1,Malicious,1
1.27e-11,0.0,0.0,1,4,Malicious,1,Malicious,1
1.38e-05,3.84e-08,6.92e-07,1,7,Benign,0,Benign,0
1.27e-11,0.0,0.0,1,4,Malicious,1,Malicious,1
1.27e-11,0.0,0.0,1,4,Malicious,1,Malicious,1
3.8e-05,0.0,0.0,1,4,Malicious,1,Malicious,1
1.27e-11,0.0,0.0,1,4,Malicious,1,Malicious,1
1.27e-11,0.0,0.0,1,4,Malicious,1,Malicious,1
3.95e-05,0.0,0.0,1,4,Benign,0,Benign,1
3.8e-08,1.66e-08,1.34e-07,2,8,Benign,0,Benign,0
6.02e-07,2.75e-08,1.43e-07,2,8,Benign,0,Benign,0
3.8e-05,0.0,0.0,1,4,Malicious,1,Malicious,1
3.22e-09,0.0,0.0,1,4,Malicious,1,Malicious,1
1.27e-11,0.0,0.0,1,4,Malicious,1,Malicious,1
5.07e-11,0.0,0.0,1,4,Malicious,1,Malicious,1
2.21e-08,6.88e-08,0.0,0,0,Benign,0,Benign,0
1.27e-11,0.0,0.0,1,4,Malicious,1,Malicious,1
3.96e-05,0.0,0.0,1,4,Benign,0,Benign,1
1.27e-11,0.0,0.0,1,4,Malicious,1,Malicious,1
1.9e-08,2.75e-08,1.43e-07,2,8,Benign,0,Benign,0
6.35e-05,4.47e-08,0.0,2,4,Benign,0,Benign,0
3.92e-05,0.0,0.0,1,4,Malicious,1,Malicious,1
5.07e-11,0.0,0.0,1,4,Malicious,1,Malicious,1
0.0,0.0,0.0,1,4,Malicious,1,Malicious,1
1.29e-05,2.98e-08,3.68e-07,1,3,Benign,0,Benign,0
3.79e-05,0.0,0.0,1,4,Malicious,1,Malicious,1
0.0,0.0,0.0,1,4,Malicious,1,Malicious,1
1.27e-11,0.0,0.0,1,4,Malicious,1,Malicious,1
3.96e-05,0.0,0.0,1,4,Benign,0,Benign,1
2.53e-08,2.75e-08,1.43e-07,2,8,Benign,0,Benign,0
3.81e-11,0.0,0.0,1,4,Malicious,1,Malicious,1
3.81e-11,0.0,0.0,1,4,Malicious,1,Malicious,1
3.94e-05,0.0,0.0,1,4,Malicious,1,Malicious,1
3.21e-09,0.0,0.0,1,4,Malicious,1,Malicious,1
3.92e-05,0.0,0.0,1,4,Benign,0,Benign,1
2.64e-05,3.84e-08,6.92e-07,1,7,Benign,0,Benign,1
3.8e-05,0.0,0.0,1,4,Malicious,1,Malicious,1
7.29e-08,2.75e-08,1.43e-07,2,8,Benign,0,Benign,0
6.35e-05,4.47e-08,0.0,2,4,Benign,0,Benign,0
1.27e-11,0.0,0.0,1,4,Malicious,1,Malicious,1
3.8e-05,0.0,0.0,1,4,Malicious,1,Malicious,1
3.95e-05,0.0,0.0,1,4,Benign,0,Benign,1
7.28e-08,2.75e-08,1.43e-07,2,8,Benign,0,Benign,0
2.2e-08,2.75e-08,1.43e-07,2,8,Benign,0,Benign,0
1.27e-11,0.0,0.0,1,4,Malicious,1,Malicious,1
1.27e-11,0.0,0.0,1,4,Malicious,1,Malicious,1
1.27e-11,0.0,0.0,1,4,Malicious,1,Malicious,1
2.69e-07,2.75e-08,1.43e-07,2,8,Benign,0,Benign,0
3.8e-05,0.0,0.0,1,4,Malicious,1,Malicious,1
1.35e-05,3.84e-08,6.92e-07,1,7,Benign,0,Benign,0
1.27e-11,0.0,0.0,1,4,Malicious,1,Malicious,1
5.07e-11,0.0,0.0,1,4,Malicious,1,Malicious,1
1.27e-11,0.0,0.0,1,4,Malicious,1,Malicious,1
6.64e-08,2.75e-08,1.43e-07,2,8,Benign,0,Benign,0
3.95e-05,0.0,0.0,1,4,Benign,0,Benign,1
5.07e-11,0.0,0.0,1,4,Malicious,1,Malicious,1
3.99e-05,0.0,0.0,1,4,Malicious,1,Malicious,1
1.27e-11,0.0,0.0,1,4,Malicious,1,Malicious,1
3.8e-05,0.0,0.0,1,4,Malicious,1,Malicious,1
3.48e-08,2.75e-08,1.43e-07,2,8,Benign,0,Benign,0
1.27e-11,0.0,0.0,1,4,Malicious,1,Malicious,1
4e-05,0.0,0.0,1,4,Malicious,1,Malicious,1
3.92e-05,0.0,0.0,1,4,Malicious,1,Malicious,1
1.27e-11,0.0,0.0,1,4,Malicious,1,Malicious,1
3.93e-05,0.0,0.0,1,4,Benign,0,Benign,1
3.8e-07,2.75e-08,1.43e-07,2,8,Benign,0,Benign,0
1.29e-05,2.98e-08,3.68e-07,1,3,Benign,0,Benign,0
6.19e-09,2.58e-08,1.34e-07,2,8,Benign,0,Benign,0
5.07e-11,0.0,0.0,1,4,Malicious,1,Malicious,1
3.92e-05,0.0,0.0,1,4,Malicious,1,Malicious,1
1.27e-11,0.0,0.0,1,4,Malicious,1,Malicious,1
2.19e-07,2.98e-08,3.42e-07,2,8,Benign,0,Benign,0
1.27e-11,0.0,0.0,1,4,Malicious,1,Malicious,1
1.01e-10,0.0,0.0,1,4,Malicious,1,Malicious,1
1.27e-11,0.0,0.0,1,4,Malicious,1,Malicious,1
1.68e-07,2.75e-08,1.43e-07,2,8,Benign,0,Benign,0
3.79e-05,0.0,0.0,1,4,Malicious,1,Malicious,1
3.8e-05,0.0,0.0,1,4,Malicious,1,Malicious,1
3.49e-08,2.75e-08,1.43e-07,2,8,Benign,0,Benign,0
1.27e-11,0.0,0.0,1,4,Malicious,1,Malicious,1
1.27e-11,0.0,0.0,1,4,Malicious,1,Malicious,1
1.27e-11,0.0,0.0,1,4,Malicious,1,Malicious,1
3.91e-05,0.0,0.0,1,4,Malicious,1,Malicious,1
3.33e-07,3.21e-07,1.66e-06,0,0,Benign,0,Benign,0
1.27e-11,0.0,0.0,1,4,Malicious,1,Malicious,1
0.0,0.0,0.0,1,4,Malicious,1,Malicious,1
1.27e-11,0.0,0.0,1,4,Malicious,1,Malicious,1
3.43e-06,2.75e-08,1.43e-07,2,8,Benign,0,Benign,0
1.27e-11,0.0,0.0,1,4,Malicious,1,Malicious,1
3.8e-05,0.0,0.0,1,4,Malicious,1,Malicious,1
9.26e-09,2.58e-08,1.34e-07,2,8,Benign,0,Benign,0
3.97e-05,0.0,0.0,1,4,Malicious,1,Malicious,1
6.35e-05,4.47e-08,0.0,2,4,Benign,0,Benign,0
5.07e-11,0.0,0.0,1,4,Malicious,1,Malicious,1
4e-05,0.0,0.0,1,4,Benign,0,Benign,1
1.36e-07,2.12e-08,1.57e-07,2,8,Benign,0,Benign,0
5.07e-11,0.0,0.0,1,4,Malicious,1,Malicious,1
0.000765026,1.72e-06,0.0,2,4,Benign,0,Benign,0
3.81e-11,0.0,0.0,1,4,Malicious,1,Malicious,1
3.98e-05,0.0,0.0,1,4,Benign,0,Benign,1
1.27e-11,0.0,0.0,1,4,Malicious,1,Malicious,1
1.27e-11,0.0,0.0,1,4,Malicious,1,Malicious,1
5.07e-11,0.0,0.0,1,4,Malicious,1,Malicious,1
6.35e-05,4.47e-08,0.0,2,4,Benign,0,Benign,0
3.8e-05,0.0,0.0,1,4,Malicious,1,Malicious,1
3.79e-05,0.0,0.0,1,4,Malicious,1,Malicious,1
3.81e-11,0.0,0.0,1,4,Malicious,1,Malicious,1
3.8e-05,0.0,0.0,1,4,Malicious,1,Malicious,1
1.27e-11,0.0,0.0,1,4,Malicious,1,Malicious,1
3.95e-05,0.0,0.0,1,4,Malicious,1,Malicious,1
0.000659006,2.21e-07,0.0,2,4,Benign,0,Benign,0
3.8e-05,0.0,0.0,1,4,Benign,0,Benign,1
0.0,0.0,0.0,1,4,Malicious,1,Malicious,1
1.27e-11,0.0,0.0,1,4,Malicious,1,Malicious,1
3.97e-05,0.0,0.0,1,4,Malicious,1,Malicious,1
3.92e-05,0.0,0.0,1,4,Benign,0,Benign,1
1.27e-11,0.0,0.0,1,4,Malicious,1,Malicious,1
3.79e-05,0.0,0.0,1,4,Malicious,1,Malicious,1
3.81e-11,0.0,0.0,1,4,Malicious,1,Malicious,1
1.27e-11,0.0,0.0,1,4,Malicious,1,Malicious,1
1.27e-11,0.0,0.0,1,4,Malicious,1,Malicious,1
2.53e-08,2.75e-08,1.43e-07,2,8,Benign,0,Benign,0
3.8e-05,0.0,0.0,1,4,Malicious,1,Malicious,1
1.27e-11,0.0,0.0,1,4,Malicious,1,Malicious,1
1.58e-08,1.66e-08,1.34e-07,2,8,Benign,0,Benign,0
6.85e-07,2.75e-08,1.43e-07,2,8,Benign,0,Benign,0
1.27e-11,0.0,0.0,1,4,Malicious,1,Malicious,1
3.95e-05,0.0,0.0,1,4,Malicious,1,Malicious,1
3.98e-05,0.0,0.0,1,4,Malicious,1,Malicious,1
0.0,0.0,0.0,1,4,Malicious,1,Malicious,1
3.21e-09,0.0,0.0,1,4,Malicious,1,Malicious,1
1.72e-07,2.75e-08,1.43e-07,2,8,Benign,0,Benign,0
6.44e-05,4.47e-08,3.06e-07,2,8,Benign,0,Benign,0
6.34e-11,0.0,0.0,1,4,Malicious,1,Malicious,1
1.27e-11,0.0,0.0,1,4,Malicious,1,Malicious,1
3.94e-05,0.0,0.0,1,4,Benign,0,Benign,1
6.1e-09,2.58e-08,1.34e-07,2,8,Benign,0,Benign,0
5.07e-11,0.0,0.0,1,4,Malicious,1,Malicious,1
1.27e-11,0.0,0.0,1,4,Malicious,1,Malicious,1
9.82e-08,2.75e-08,1.43e-07,2,8,Benign,0,Benign,0
3.94e-05,0.0,0.0,1,4,Malicious,1,Malicious,1
6.34e-11,0.0,0.0,1,4,Malicious,1,Malicious,1
1.27e-11,0.0,0.0,1,4,Malicious,1,Malicious,1
1.27e-11,0.0,0.0,1,4,Malicious,1,Malicious,1
9.82e-08,2.75e-08,1.43e-07,2,8,Benign,0,Benign,0
3.94e-05,0.0,0.0,1,4,Benign,0,Benign,1
1.27e-11,0.0,0.0,1,4,Malicious,1,Malicious,1
1.27e-05,0.0,0.0,1,4,Malicious,1,Malicious,1
3.95e-05,0.0,0.0,1,4,Benign,0,Benign,1
5.07e-11,0.0,0.0,1,4,Malicious,1,Malicious,1
3.99e-05,0.0,0.0,1,4,Malicious,1,Malicious,1
9.42e-09,2.24e-08,3.06e-07,2,8,Benign,0,Benign,0
3.97e-05,0.0,0.0,1,4,Benign,0,Benign,1
5.07e-11,0.0,0.0,1,4,Malicious,1,Malicious,1
3.8e-05,0.0,0.0,1,4,Malicious,1,Malicious,1
5.18e-05,4.3e-08,7.22e-07,1,7,Malicious,1,Malicious,1
6.34e-11,0.0,0.0,1,4,Malicious,1,Malicious,1
3.8e-05,0.0,0.0,1,4,Malicious,1,Malicious,1
4e-05,0.0,0.0,1,4,Benign,0,Benign,1
1.27e-11,0.0,0.0,1,4,Malicious,1,Malicious,1
4.01e-05,0.0,0.0,1,4,Malicious,1,Malicious,1
6.34e-11,0.0,0.0,1,4,Malicious,1,Malicious,1
3.91e-05,0.0,0.0,1,4,Malicious,1,Malicious,1
3.96e-05,0.0,0.0,1,4,Malicious,1,Malicious,1
1.27e-11,0.0,0.0,1,4,Malicious,1,Malicious,1
3.8e-05,0.0,0.0,1,4,Malicious,1,Malicious,1
3.27e-09,0.0,0.0,1,4,Malicious,1,Malicious,1
3.46e-08,2.75e-08,1.43e-07,2,8,Benign,0,Benign,0
6.35e-05,4.47e-08,0.0,2,4,Benign,0,Benign,0
3.8e-05,0.0,0.0,1,4,Malicious,1,Malicious,1
3.96e-05,0.0,0.0,1,4,Malicious,1,Malicious,1
3.96e-05,0.0,0.0,1,4,Malicious,1,Malicious,1
1.27e-11,0.0,0.0,1,4,Malicious,1,Malicious,1
7.28e-05,4.47e-08,3.06e-07,2,8,Benign,0,Benign,0
1.27e-11,0.0,0.0,1,4,Malicious,1,Malicious,1
3.95e-05,0.0,0.0,1,4,Malicious,1,Malicious,1
5.07e-11,0.0,0.0,1,4,Malicious,1,Malicious,1
3.97e-05,0.0,0.0,1,4,Benign,0,Benign,1
1.27e-11,0.0,0.0,1,4,Malicious,1,Malicious,1
0.0,0.0,0.0,1,4,Malicious,1,Malicious,1
3.95e-05,0.0,0.0,1,4,Benign,0,Benign,1
0.0,0.0,0.0,1,4,Malicious,1,Malicious,1
5.07e-11,0.0,0.0,1,4,Malicious,1,Malicious,1
2.54e-11,3.21e-08,0.0,0,0,Benign,0,Benign,0
3.23e-09,0.0,0.0,1,4,Malicious,1,Malicious,1
1.27e-11,0.0,0.0,1,4,Malicious,1,Malicious,1
1.27e-11,0.0,0.0,1,4,Malicious,1,Malicious,1
1.27e-11,0.0,0.0,1,4,Malicious,1,Malicious,1
2.5e-09,0.0,0.0,1,4,Malicious,1,Malicious,1
0.0,0.0,0.0,1,4,Malicious,1,Malicious,1
3.8e-05,0.0,0.0,1,4,Malicious,1,Malicious,1
1.98e-07,2.29e-08,3.09e-07,2,8,Benign,0,Benign,0
5.07e-11,0.0,0.0,1,4,Malicious,1,Malicious,1
1.27e-11,0.0,0.0,1,4,Malicious,1,Malicious,1
0.0,0.0,0.0,1,4,Malicious,1,Malicious,1
3.81e-11,0.0,0.0,1,4,Malicious,1,Malicious,1
6.38e-09,0.0,0.0,1,4,Malicious,1,Malicious,1
1.27e-11,0.0,0.0,1,4,Malicious,1,Malicious,1
1.27e-11,0.0,0.0,1,4,Malicious,1,Malicious,1
1.27e-11,0.0,0.0,1,4,Malicious,1,Malicious,1
1.27e-11,0.0,0.0,1,4,Malicious,1,Malicious,1
0.0,0.0,0.0,1,4,Malicious,1,Malicious,1
3.8e-05,0.0,0.0,1,4,Malicious,1,Malicious,1
2.35e-05,5.22e-08,0.000238699,1,8,Malicious,1,Malicious,1
3.81e-11,0.0,0.0,1,4,Malicious,1,Malicious,1
3.8e-05,0.0,0.0,1,4,Malicious,1,Malicious,1
3.8e-05,0.0,0.0,1,4,Malicious,1,Malicious,1
0.004835246,0.121674687,0.0,2,4,Malicious,1,Malicious,1
1.27e-11,0.0,0.0,1,4,Malicious,1,Malicious,1
3.98e-05,0.0,0.0,1,4,Benign,0,Benign,1
1.27e-11,0.0,0.0,1,4,Malicious,1,Malicious,1
6.32e-09,1.66e-08,1.34e-07,2,8,Benign,0,Benign,0
5.07e-11,0.0,0.0,1,4,Malicious,1,Malicious,1
3.81e-11,0.0,0.0,1,4,Malicious,1,Malicious,1
3.8e-05,0.0,0.0,1,4,Malicious,1,Malicious,1
1.27e-11,0.0,0.0,1,4,Malicious,1,Malicious,1
3.93e-05,0.0,0.0,1,4,Malicious,1,Malicious,1
3.95e-05,0.0,0.0,1,4,Malicious,1,Malicious,1
3.96e-05,0.0,0.0,1,4,Malicious,1,Malicious,1
1.27e-11,0.0,0.0,1,4,Malicious,1,Malicious,1
2.54e-11,0.0,0.0,1,4,Malicious,1,Malicious,1
3.8e-05,0.0,0.0,1,4,Malicious,1,Malicious,1
0.0,0.0,0.0,1,4,Malicious,1,Malicious,1
1.27e-11,0.0,0.0,1,4,Malicious,1,Malicious,1
6.35e-05,4.47e-08,0.0,2,4,Benign,0,Benign,0
3.93e-05,0.0,0.0,1,4,Benign,0,Benign,1
1.27e-11,0.0,0.0,1,4,Malicious,1,Malicious,1
1.27e-11,0.0,0.0,1,4,Malicious,1,Malicious,1
5.07e-11,0.0,0.0,1,4,Malicious,1,Malicious,1
1.27e-11,0.0,0.0,1,4,Malicious,1,Malicious,1
1.49e-07,0.0,0.0,1,8,Benign,0,Benign,0
2.87e-09,0.0,0.0,1,4,Malicious,1,Malicious,1
1.27e-11,0.0,0.0,1,4,Malicious,1,Malicious,1
1.33e-05,3.84e-08,6.92e-07,1,7,Benign,0,Benign,0
3.97e-05,0.0,0.0,1,4,Malicious,1,Malicious,1
3.79e-05,0.0,0.0,1,4,Malicious,1,Malicious,1
2.2e-08,2.75e-08,1.43e-07,2,8,Benign,0,Benign,0
3.99e-05,0.0,0.0,1,4,Malicious,1,Malicious,1
5.07e-11,0.0,0.0,1,4,Malicious,1,Malicious,1
3.92e-05,0.0,0.0,1,4,Malicious,1,Malicious,1
0.0,0.0,0.0,1,4,Malicious,1,Malicious,1
3.92e-05,0.0,0.0,1,4,Malicious,1,Malicious,1
3.91e-05,0.0,0.0,1,4,Malicious,1,Malicious,1
3.94e-05,0.0,0.0,1,4,Malicious,1,Malicious,1
1.27e-11,0.0,0.0,1,4,Malicious,1,Malicious,1
9.39e-09,2.58e-08,1.34e-07,2,8,Benign,0,Benign,0
0.0,0.0,0.0,1,4,Malicious,1,Malicious,1
0.0,0.0,0.0,1,4,Malicious,1,Malicious,1
1.27e-11,0.0,0.0,1,4,Malicious,1,Malicious,1
6.64e-08,5.5e-08,2.85e-07,2,8,Benign,0,Benign,0
0.0,0.0,0.0,1,4,Malicious,1,Malicious,1
1.27e-11,0.0,0.0,1,4,Malicious,1,Malicious,1
1.27e-11,0.0,0.0,1,4,Malicious,1,Malicious,1
1.27e-11,0.0,0.0,1,4,Malicious,1,Malicious,1
3.98e-05,0.0,0.0,1,4,Malicious,1,Malicious,1
0.0,0.0,0.0,1,4,Malicious,1,Malicious,1
3.96e-05,0.0,0.0,1,4,Malicious,1,Malicious,1
5.07e-11,0.0,0.0,1,4,Malicious,1,Malicious,1
3.96e-05,0.0,0.0,1,4,Malicious,1,Malicious,1
3.94e-05,0.0,0.0,1,4,Malicious,1,Malicious,1
1.27e-11,0.0,0.0,1,4,Malicious,1,Malicious,1
1.27e-11,0.0,0.0,1,4,Malicious,1,Malicious,1
0.0,0.0,0.0,1,4,Malicious,1,Malicious,1
9.49e-09,1.66e-08,1.34e-07,2,8,Benign,0,Benign,0
6.34e-11,0.0,0.0,1,4,Malicious,1,Malicious,1
4e-05,0.0,0.0,1,4,Benign,0,Benign,1
1.27e-11,0.0,0.0,1,4,Malicious,1,Malicious,1
5.07e-11,0.0,0.0,1,4,Malicious,1,Malicious,1
1.27e-11,0.0,0.0,1,4,Malicious,1,Malicious,1
6.35e-05,4.47e-08,0.0,2,4,Benign,0,Benign,0
2.21e-08,2.75e-08,1.43e-07,2,8,Benign,0,Benign,0
0.0,0.0,0.0,1,4,Malicious,1,Malicious,1
6.35e-05,4.47e-08,0.0,2,4,Benign,0,Benign,0
3.94e-05,0.0,0.0,1,4,Benign,0,Benign,1
0.003803843,7.68e-06,1.45e-05,1,8,Benign,0,Benign,0
3.99e-05,0.0,0.0,1,4,Malicious,1,Malicious,1
5.07e-11,0.0,0.0,1,4,Malicious,1,Malicious,1
1.27e-11,0.0,0.0,1,4,Malicious,1,Malicious,1
3.99e-05,0.0,0.0,1,4,Benign,0,Benign,1
9.22e-07,6.66e-07,2.3e-06,1,8,Benign,0,Benign,0
1.27e-11,0.0,0.0,1,4,Malicious,1,Malicious,1
0.0,0.0,0.0,1,4,Malicious,1,Malicious,1
7.61e-11,0.0,0.0,1,4,Malicious,1,Malicious,1
3.8e-05,0.0,0.0,1,4,Malicious,1,Malicious,1
3.96e-05,0.0,0.0,1,4,Benign,0,Benign,1
4.41e-06,0.0,0.0,1,1,Benign,0,Benign,0
1.27e-11,0.0,0.0,1,4,Malicious,1,Malicious,1
2.37e-09,0.0,0.0,1,4,Malicious,1,Malicious,1
3.99e-05,0.0,0.0,1,4,Benign,0,Benign,1
5.07e-11,0.0,0.0,1,4,Malicious,1,Malicious,1
1.27e-11,0.0,0.0,1,4,Malicious,1,Malicious,1
2.64e-05,4.3e-08,7.22e-07,1,7,Malicious,1,Malicious,1
1.27e-11,0.0,0.0,1,4,Malicious,1,Malicious,1
3.94e-05,0.0,0.0,1,4,Malicious,1,Malicious,1
3.8e-05,0.0,0.0,1,4,Malicious,1,Malicious,1
5.07e-11,0.0,0.0,1,4,Malicious,1,Malicious,1
3.79e-05,0.0,0.0,1,4,Malicious,1,Malicious,1
3.8e-05,0.0,0.0,1,4,Malicious,1,Malicious,1
1.27e-11,0.0,0.0,1,4,Malicious,1,Malicious,1
3.8e-05,0.0,0.0,1,4,Malicious,1,Malicious,1
1.27e-11,0.0,0.0,1,4,Malicious,1,Malicious,1
3.79e-05,0.0,0.0,1,4,Malicious,1,Malicious,1
3.95e-05,0.0,0.0,1,4,Malicious,1,Malicious,1
1.27e-11,0.0,0.0,1,4,Malicious,1,Malicious,1
5.07e-11,0.0,0.0,1,4,Malicious,1,Malicious,1
6.34e-05,4.47e-08,0.0,2,4,Benign,0,Benign,0
1.27e-11,0.0,0.0,1,4,Malicious,1,Malicious,1
1.27e-11,0.0,0.0,1,4,Malicious,1,Malicious,1
3.22e-09,0.0,0.0,1,4,Malicious,1,Malicious,1
1.27e-11,0.0,0.0,1,4,Malicious,1,Malicious,1
5.07e-11,0.0,0.0,1,4,Malicious,1,Malicious,1
1.27e-11,0.0,0.0,1,4,Malicious,1,Malicious,1
1.27e-11,0.0,0.0,1,4,Malicious,1,Malicious,1
3.8e-05,0.0,0.0,1,4,Malicious,1,Malicious,1
1.27e-11,0.0,0.0,1,4,Malicious,1,Malicious,1
1.27e-11,0.0,0.0,1,4,Malicious,1,Malicious,1
2.54e-11,0.0,0.0,1,4,Malicious,1,Malicious,1
1.27e-11,0.0,0.0,1,4,Malicious,1,Malicious,1
5.07e-11,0.0,0.0,1,4,Malicious,1,Malicious,1
1.27e-11,0.0,0.0,1,4,Malicious,1,Malicious,1
6.34e-11,0.0,0.0,1,4,Malicious,1,Malicious,1
1.01e-10,0.0,0.0,1,4,Malicious,1,Malicious,1
1.27e-11,0.0,0.0,1,4,Malicious,1,Malicious,1
5.07e-11,0.0,0.0,1,4,Malicious,1,Malicious,1
3.8e-05,0.0,0.0,1,4,Malicious,1,Malicious,1
1.27e-11,0.0,0.0,1,4,Malicious,1,Malicious,1
1.27e-11,0.0,0.0,1,4,Malicious,1,Malicious,1
1.27e-11,0.0,0.0,1,4,Malicious,1,Malicious,1
2.62e-05,3.84e-08,6.92e-07,1,7,Benign,0,Benign,1
5.07e-11,0.0,0.0,1,4,Malicious,1,Malicious,1
6.39e-09,0.0,0.0,1,4,Malicious,1,Malicious,1
3.94e-05,0.0,0.0,1,4,Malicious,1,Malicious,1
1.27e-11,0.0,0.0,1,4,Malicious,1,Malicious,1
0.0,0.0,0.0,1,4,Malicious,1,Malicious,1
3.95e-05,0.0,0.0,1,4,Malicious,1,Malicious,1
4.01e-05,0.0,0.0,1,4,Malicious,1,Malicious,1
2.53e-08,2.75e-08,1.43e-07,2,8,Benign,0,Benign,0
1.27e-11,0.0,0.0,1,4,Malicious,1,Malicious,1
6.34e-11,0.0,0.0,1,4,Malicious,1,Malicious,1
0.0,0.0,0.0,1,4,Malicious,1,Malicious,1
5.07e-11,0.0,0.0,1,4,Malicious,1,Malicious,1
1.49e-07,2.75e-08,1.43e-07,2,8,Benign,0,Benign,0
6.34e-11,0.0,0.0,1,4,Malicious,1,Malicious,1
3.99e-05,0.0,0.0,1,4,Malicious,1,Malicious,1
1.27e-11,0.0,0.0,1,4,Malicious,1,Malicious,1
6.34e-11,0.0,0.0,1,4,Malicious,1,Malicious,1
6.34e-11,0.0,0.0,1,4,Malicious,1,Malicious,1
3.8e-05,0.0,0.0,1,4,Malicious,1,Malicious,1
3.8e-05,0.0,0.0,1,4,Malicious,1,Malicious,1
1.27e-11,0.0,0.0,1,4,Malicious,1,Malicious,1
1.27e-11,0.0,0.0,1,4,Malicious,1,Malicious,1
6.35e-05,4.47e-08,0.0,2,4,Benign,0,Benign,0
2.53e-08,2.75e-08,1.43e-07,2,8,Benign,0,Benign,0
1.27e-11,0.0,0.0,1,4,Malicious,1,Malicious,1
3.94e-05,0.0,0.0,1,4,Malicious,1,Malicious,1
3.94e-05,0.0,0.0,1,4,Malicious,1,Malicious,1
1.27e-11,0.0,0.0,1,4,Malicious,1,Malicious,1
5.07e-11,0.0,0.0,1,4,Malicious,1,Malicious,1
3.99e-05,0.0,0.0,1,4,Benign,0,Benign,1
1.27e-11,0.0,0.0,1,4,Malicious,1,Malicious,1
7.28e-08,2.75e-08,1.43e-07,2,8,Benign,0,Benign,0
6.34e-11,0.0,0.0,1,4,Malicious,1,Malicious,1
3.8e-05,0.0,0.0,1,4,Malicious,1,Malicious,1
1.27e-11,0.0,0.0,1,4,Malicious,1,Malicious,1
3.8e-05,0.0,0.0,1,4,Malicious,1,Malicious,1
3.8e-05,0.0,0.0,1,4,Benign,0,Benign,1
5.07e-11,0.0,0.0,1,4,Malicious,1,Malicious,1
1.27e-11,0.0,0.0,1,4,Malicious,1,Malicious,1
1.89e-08,2.75e-08,1.43e-07,2,8,Benign,0,Benign,0
0.000767114,1.72e-06,0.0,2,4,Benign,0,Benign,0
3.17e-08,1.66e-08,1.34e-07,2,8,Benign,0,Benign,0
3.99e-05,0.0,0.0,1,4,Benign,0,Benign,1
1.27e-11,0.0,0.0,1,4,Malicious,1,Malicious,1
3.95e-05,0.0,0.0,1,4,Malicious,1,Malicious,1
3.91e-05,0.0,0.0,1,4,Benign,0,Benign,1
0.0,0.0,0.0,1,4,Malicious,1,Malicious,1
1.27e-11,0.0,0.0,1,4,Malicious,1,Malicious,1
1.27e-11,0.0,0.0,1,4,Malicious,1,Malicious,1
1.27e-11,0.0,0.0,1,4,Malicious,1,Malicious,1
6.34e-11,0.0,0.0,1,4,Malicious,1,Malicious,1
0.0,0.0,0.0,1,4,Malicious,1,Malicious,1
1.27e-11,0.0,0.0,1,4,Malicious,1,Malicious,1
3.8e-05,0.0,0.0,1,4,Malicious,1,Malicious,1
1.27e-11,0.0,0.0,1,4,Malicious,1,Malicious,1
1.27e-11,0.0,0.0,1,4,Malicious,1,Malicious,1
3.98e-05,0.0,0.0,1,4,Malicious,1,Malicious,1
3.8e-05,0.0,0.0,1,4,Malicious,1,Malicious,1
2.22e-08,1.66e-08,1.34e-07,2,8,Benign,0,Benign,0
9.4e-09,1.66e-08,1.34e-07,2,8,Benign,0,Benign,0
3.18e-05,4.36e-08,1.6e-07,2,8,Benign,0,Benign,0
1.27e-11,0.0,0.0,1,4,Malicious,1,Malicious,1
1.27e-11,0.0,0.0,1,4,Malicious,1,Malicious,1
0.000754186,1.72e-06,0.0,2,4,Benign,0,Benign,0
1.27e-11,0.0,0.0,1,4,Malicious,1,Malicious,1
3.93e-05,0.0,0.0,1,4,Benign,0,Benign,1
1.27e-11,0.0,0.0,1,4,Malicious,1,Malicious,1
0.0,0.0,0.0,1,4,Malicious,1,Malicious,1
3.23e-09,0.0,0.0,1,4,Malicious,1,Malicious,1
6.34e-08,2.75e-08,1.43e-07,2,8,Benign,0,Benign,0
5.07e-11,0.0,0.0,1,4,Malicious,1,Malicious,1
1.27e-11,0.0,0.0,1,4,Malicious,1,Malicious,1
1.27e-11,0.0,0.0,1,4,Malicious,1,Malicious,1
1.27e-11,0.0,0.0,1,4,Malicious,1,Malicious,1
0.0,0.0,0.0,1,4,Malicious,1,Malicious,1
0.0,0.0,0.0,1,4,Malicious,1,Malicious,1
4.64e-06,9e-08,1.1e-06,1,8,Benign,0,Benign,0
1.27e-11,0.0,0.0,1,4,Malicious,1,Malicious,1
3.81e-05,0.0,0.0,1,4,Malicious,1,Malicious,1
6.41e-09,0.0,0.0,1,4,Malicious,1,Malicious,1
4.13e-06,0.0,0.0,1,1,Benign,0,Benign,0
1.27e-11,0.0,0.0,1,4,Malicious,1,Malicious,1
1.27e-11,0.0,0.0,1,4,Malicious,1,Malicious,1
5.07e-11,0.0,0.0,1,4,Malicious,1,Malicious,1
1.27e-11,0.0,0.0,1,4,Malicious,1,Malicious,1
1.27e-11,0.0,0.0,1,4,Malicious,1,Malicious,1
3.98e-05,0.0,0.0,1,4,Benign,0,Benign,1
0.0,0.0,0.0,1,4,Malicious,1,Malicious,1
3.95e-05,0.0,0.0,1,4,Malicious,1,Malicious,1
5.07e-11,0.0,0.0,1,4,Malicious,1,Malicious,1
3.92e-05,0.0,0.0,1,4,Malicious,1,Malicious,1
2.56e-05,3.44e-08,3.68e-07,1,3,Malicious,1,Malicious,0
1.27e-11,0.0,0.0,1,4,Malicious,1,Malicious,1
2.21e-08,2.75e-08,1.43e-07,2,8,Benign,0,Benign,0
1.27e-11,0.0,0.0,1,4,Malicious,1,Malicious,1
3.99e-05,0.0,0.0,1,4,Malicious,1,Malicious,1
3.91e-05,0.0,0.0,1,4,Malicious,1,Malicious,1
3.95e-05,0.0,0.0,1,4,Malicious,1,Malicious,1
5.07e-11,0.0,0.0,1,4,Malicious,1,Malicious,1
3.81e-11,0.0,0.0,1,4,Malicious,1,Malicious,1
1.27e-11,0.0,0.0,1,4,Malicious,1,Malicious,1
6.3e-09,1.66e-08,1.34e-07,2,8,Benign,0,Benign,0
1.27e-11,0.0,0.0,1,4,Malicious,1,Malicious,1
4e-05,0.0,0.0,1,4,Benign,0,Benign,1
3.8e-05,0.0,0.0,1,4,Malicious,1,Malicious,1
3.8e-05,0.0,0.0,1,4,Malicious,1,Malicious,1
3.91e-05,0.0,0.0,1,4,Malicious,1,Malicious,1
2.71e-09,0.0,0.0,1,4,Malicious,1,Malicious,1
3.93e-05,0.0,0.0,1,4,Benign,0,Benign,1
1.27e-11,0.0,0.0,1,4,Malicious,1,Malicious,1
3.95e-05,0.0,0.0,1,4,Malicious,1,Malicious,1
5.07e-11,0.0,0.0,1,4,Malicious,1,Malicious,1
4e-05,0.0,0.0,1,4,Malicious,1,Malicious,1
3.98e-05,0.0,0.0,1,4,Benign,0,Benign,1
1.27e-11,0.0,0.0,1,4,Malicious,1,Malicious,1
3.98e-05,0.0,0.0,1,4,Benign,0,Benign,1
6.34e-11,0.0,0.0,1,4,Malicious,1,Malicious,1
1.27e-11,0.0,0.0,1,4,Malicious,1,Malicious,1
3.8e-05,0.0,0.0,1,4,Malicious,1,Malicious,1
2.2e-08,2.75e-08,1.43e-07,2,8,Benign,0,Benign,0
1.27e-11,0.0,0.0,1,4,Malicious,1,Malicious,1
1.27e-07,2.58e-08,1.34e-07,2,8,Benign,0,Benign,0
3.98e-05,0.0,0.0,1,4,Malicious,1,Malicious,1
1.27e-11,0.0,0.0,1,4,Malicious,1,Malicious,1
3.21e-09,0.0,0.0,1,4,Malicious,1,Malicious,1
0.001375204,1.36e-06,2.85e-07,1,0,Benign,0,Benign,0
2.98e-06,9e-08,1.1e-06,1,8,Benign,0,Benign,0
6.36e-05,3.38e-07,5.35e-06,1,8,Malicious,1,Malicious,1
1.27e-11,0.0,0.0,1,4,Malicious,1,Malicious,1
1.27e-11,0.0,0.0,1,4,Malicious,1,Malicious,1
1.27e-11,0.0,0.0,1,4,Malicious,1,Malicious,1
0.0,0.0,0.0,1,4,Malicious,1,Malicious,1
1.27e-11,0.0,0.0,1,4,Malicious,1,Malicious,1
1.27e-11,0.0,0.0,1,4,Malicious,1,Malicious,1
3.8e-05,0.0,0.0,1,4,Malicious,1,Malicious,1
1.27e-11,0.0,0.0,1,4,Malicious,1,Malicious,1
5.07e-11,0.0,0.0,1,4,Malicious,1,Malicious,1
0.0,0.0,0.0,1,4,Malicious,1,Malicious,1
1.27e-11,0.0,0.0,1,4,Malicious,1,Malicious,1
3.8e-05,0.0,0.0,1,4,Benign,0,Benign,1
3.22e-09,0.0,0.0,1,4,Malicious,1,Malicious,1
4e-05,0.0,0.0,1,4,Benign,0,Benign,1
5.07e-11,0.0,0.0,1,4,Malicious,1,Malicious,1
2.2e-08,2.75e-08,1.43e-07,2,8,Benign,0,Benign,0
5.07e-11,0.0,0.0,1,4,Malicious,1,Malicious,1
5.07e-11,0.0,0.0,1,4,Malicious,1,Malicious,1
1.27e-11,0.0,0.0,1,4,Malicious,1,Malicious,1
0.0,0.0,0.0,1,4,Malicious,1,Malicious,1
5.07e-11,0.0,0.0,1,4,Malicious,1,Malicious,1
1.63e-06,0.0,0.0,1,1,Benign,0,Benign,1
5.07e-11,0.0,0.0,1,4,Malicious,1,Malicious,1
1.27e-11,0.0,0.0,1,4,Malicious,1,Malicious,1
9.51e-09,2.58e-08,1.34e-07,2,8,Benign,0,Benign,0
2.65e-05,4.3e-08,7.22e-07,1,7,Malicious,1,Malicious,1
3.8e-05,0.0,0.0,1,4,Malicious,1,Malicious,1
5.07e-11,0.0,0.0,1,4,Malicious,1,Malicious,1
3.99e-05,0.0,0.0,1,4,Benign,0,Benign,1
2.85e-08,2.58e-08,1.34e-07,2,8,Benign,0,Benign,0
3.96e-05,0.0,0.0,1,4,Malicious,1,Malicious,1
3.96e-05,0.0,0.0,1,4,Malicious,1,Malicious,1
5.07e-11,0.0,0.0,1,4,Malicious,1,Malicious,1
6.34e-11,0.0,0.0,1,4,Malicious,1,Malicious,1
3.94e-05,0.0,0.0,1,4,Malicious,1,Malicious,1
2.21e-08,2.75e-08,1.43e-07,2,8,Benign,0,Benign,0
1.27e-11,0.0,0.0,1,4,Malicious,1,Malicious,1
4e-05,0.0,0.0,1,4,Malicious,1,Malicious,1
1.27e-11,0.0,0.0,1,4,Malicious,1,Malicious,1
3.8e-05,0.0,0.0,1,4,Malicious,1,Malicious,1
6.34e-11,0.0,0.0,1,4,Malicious,1,Malicious,1
0.0,0.0,0.0,1,4,Malicious,1,Malicious,1
4e-05,0.0,0.0,1,4,Malicious,1,Malicious,1
3.99e-05,0.0,0.0,1,4,Benign,0,Benign,1
6.36e-05,4.47e-08,0.0,2,4,Benign,0,Benign,0
5.07e-11,0.0,0.0,1,4,Malicious,1,Malicious,1
1.27e-11,0.0,0.0,1,4,Malicious,1,Malicious,1
5.8e-07,2.75e-08,1.43e-07,2,8,Benign,0,Benign,0
3.97e-05,0.0,0.0,1,4,Malicious,1,Malicious,1
3.8e-05,0.0,0.0,1,4,Malicious,1,Malicious,1
5.07e-11,0.0,0.0,1,4,Malicious,1,Malicious,1
6.35e-05,4.47e-08,0.0,2,4,Benign,0,Benign,0
0.000126896,3.3e-07,1.71e-06,2,8,Benign,0,Benign,0
5.07e-11,0.0,0.0,1,4,Malicious,1,Malicious,1
1.27e-11,0.0,0.0,1,4,Malicious,1,Malicious,1
3.8e-05,0.0,0.0,1,4,Malicious,1,Malicious,1
3.98e-05,0.0,0.0,1,4,Benign,0,Benign,1
3.91e-05,0.0,0.0,1,4,Malicious,1,Malicious,1
1.27e-11,0.0,0.0,1,4,Malicious,1,Malicious,1
1.27e-11,0.0,0.0,1,4,Malicious,1,Malicious,1
3.95e-05,0.0,0.0,1,4,Benign,0,Benign,1
3.95e-05,0.0,0.0,1,4,Benign,0,Benign,1
1.27e-11,0.0,0.0,1,4,Malicious,1,Malicious,1
1.27e-11,0.0,0.0,1,4,Malicious,1,Malicious,1
1.9e-08,2.75e-08,1.43e-07,2,8,Benign,0,Benign,0
1.27e-11,0.0,0.0,1,4,Malicious,1,Malicious,1
3.98e-05,0.0,0.0,1,4,Benign,0,Benign,1
1.27e-11,0.0,0.0,1,4,Malicious,1,Malicious,1
3.8e-05,0.0,0.0,1,4,Malicious,1,Malicious,1
3.99e-05,0.0,0.0,1,4,Malicious,1,Malicious,1
1.27e-11,0.0,0.0,1,4,Malicious,1,Malicious,1
1.27e-11,0.0,0.0,1,4,Malicious,1,Malicious,1
3.92e-05,0.0,0.0,1,4,Malicious,1,Malicious,1
1.27e-11,0.0,0.0,1,4,Malicious,1,Malicious,1
0.0,0.0,0.0,1,4,Malicious,1,Malicious,1
6.65e-08,1.66e-08,1.34e-07,2,8,Benign,0,Benign,0
3.81e-11,0.0,0.0,1,4,Malicious,1,Malicious,1
1.27e-11,0.0,0.0,1,4,Malicious,1,Malicious,1
3.8e-05,0.0,0.0,1,4,Malicious,1,Malicious,1
3.95e-05,0.0,0.0,1,4,Malicious,1,Malicious,1
3.8e-05,0.0,0.0,1,4,Malicious,1,Malicious,1
1.27e-11,0.0,0.0,1,4,Malicious,1,Malicious,1
6.34e-11,0.0,0.0,1,4,Malicious,1,Malicious,1
1.27e-11,0.0,0.0,1,4,Malicious,1,Malicious,1
3.95e-05,0.0,0.0,1,4,Benign,0,Benign,1
1.27e-11,0.0,0.0,1,4,Malicious,1,Malicious,1
1.27e-11,0.0,0.0,1,4,Malicious,1,Malicious,1
0.000532621,1.82e-07,0.0,2,4,Benign,0,Benign,0
1.27e-11,0.0,0.0,1,4,Malicious,1,Malicious,1
0.0,0.0,0.0,1,4,Malicious,1,Malicious,1
3.81e-05,0.0,0.0,1,4,Malicious,1,Malicious,1
3.8e-05,0.0,0.0,1,4,Malicious,1,Malicious,1
5.07e-11,0.0,0.0,1,4,Malicious,1,Malicious,1
3.95e-05,0.0,0.0,1,4,Benign,0,Benign,1
0.0,0.0,0.0,1,4,Malicious,1,Malicious,1
6.39e-09,0.0,0.0,1,4,Malicious,1,Malicious,1
3.91e-05,0.0,0.0,1,4,Malicious,1,Malicious,1
3.93e-05,0.0,0.0,1,4,Malicious,1,Malicious,1
3.8e-05,0.0,0.0,1,4,Malicious,1,Malicious,1
3.16e-08,2.75e-08,1.43e-07,2,8,Benign,0,Benign,0
1.5e-06,2.75e-08,1.43e-07,2,8,Benign,0,Benign,0
1.27e-11,0.0,0.0,1,4,Malicious,1,Malicious,1
3.22e-09,0.0,0.0,1,4,Malicious,1,Malicious,1
3.8e-05,0.0,0.0,1,4,Malicious,1,Malicious,1
3.97e-05,0.0,0.0,1,4,Malicious,1,Malicious,1
1.27e-11,0.0,0.0,1,4,Malicious,1,Malicious,1
4.15e-06,0.0,0.0,1,1,Benign,0,Benign,0
1.27e-11,0.0,0.0,1,4,Malicious,1,Malicious,1
2.64e-05,4.24e-08,7.19e-07,1,7,Malicious,1,Malicious,1
3.8e-05,0.0,0.0,1,4,Malicious,1,Malicious,1
3.07e-06,0.0,0.0,1,8,Benign,0,Benign,0
1.27e-11,0.0,0.0,1,4,Malicious,1,Malicious,1
5.07e-11,0.0,0.0,1,4,Malicious,1,Malicious,1
1.27e-11,0.0,0.0,1,4,Malicious,1,Malicious,1
1.27e-11,0.0,0.0,1,4,Malicious,1,Malicious,1
3.8e-05,0.0,0.0,1,4,Malicious,1,Malicious,1
3.94e-05,0.0,0.0,1,4,Benign,0,Benign,1
3.93e-05,0.0,0.0,1,4,Malicious,1,Malicious,1
1.27e-11,0.0,0.0,1,4,Malicious,1,Malicious,1
3.99e-05,0.0,0.0,1,4,Malicious,1,Malicious,1
1.9e-08,2.75e-08,1.43e-07,2,8,Benign,0,Benign,0
3.81e-11,0.0,0.0,1,4,Malicious,1,Malicious,1
3.47e-08,2.75e-08,1.43e-07,2,8,Benign,0,Benign,0
6.34e-11,0.0,0.0,1,4,Malicious,1,Malicious,1
3.16e-09,0.0,0.0,1,4,Malicious,1,Malicious,1
6.32e-09,1.66e-08,1.34e-07,2,8,Benign,0,Benign,0
3.98e-05,0.0,0.0,1,4,Malicious,1,Malicious,1
8.72e-07,4.47e-08,5.85e-07,2,8,Benign,0,Benign,0
1.27e-11,0.0,0.0,1,4,Malicious,1,Malicious,1
2.65e-05,3.84e-08,6.92e-07,1,7,Benign,0,Benign,1
1.01e-10,0.0,0.0,1,4,Malicious,1,Malicious,1
7.61e-11,0.0,0.0,1,4,Malicious,1,Malicious,1
0.0,0.0,0.0,1,4,Malicious,1,Malicious,1
2.53e-08,2.75e-08,1.43e-07,2,8,Benign,0,Benign,0
3.95e-05,0.0,0.0,1,4,Malicious,1,Malicious,1
1.27e-11,0.0,0.0,1,4,Malicious,1,Malicious,1
1.27e-11,0.0,0.0,1,4,Malicious,1,Malicious,1
1.27e-11,0.0,0.0,1,4,Malicious,1,Malicious,1
1.37e-05,3.84e-08,6.92e-07,1,7,Benign,0,Benign,0
9.19e-08,2.58e-08,1.34e-07,2,8,Benign,0,Benign,0
3.81e-11,0.0,0.0,1,4,Malicious,1,Malicious,1
1.27e-11,0.0,0.0,1,4,Malicious,1,Malicious,1
6.32e-09,1.66e-08,1.34e-07,2,8,Benign,0,Benign,0
3.91e-05,0.0,0.0,1,4,Malicious,1,Malicious,1
2.53e-08,2.75e-08,1.43e-07,2,8,Benign,0,Benign,0
5.07e-11,0.0,0.0,1,4,Malicious,1,Malicious,1
3.8e-05,0.0,0.0,1,4,Malicious,1,Malicious,1
6.34e-11,0.0,0.0,1,4,Malicious,1,Malicious,1
1.27e-11,0.0,0.0,1,4,Malicious,1,Malicious,1
1.27e-11,0.0,0.0,1,4,Malicious,1,Malicious,1
3.94e-05,0.0,0.0,1,4,Malicious,1,Malicious,1
3.94e-05,0.0,0.0,1,4,Malicious,1,Malicious,1
1.27e-11,0.0,0.0,1,4,Malicious,1,Malicious,1
3.94e-05,0.0,0.0,1,4,Benign,0,Benign,1
1.9e-08,2.75e-08,1.43e-07,2,8,Benign,0,Benign,0
3.27e-09,0.0,0.0,1,4,Malicious,1,Malicious,1
1.48e-06,3.04e-08,0.0,1,3,Benign,0,Benign,0
5e-05,3.38e-07,5.35e-06,1,8,Malicious,1,Malicious,1
2.52e-08,2.75e-08,1.43e-07,2,8,Benign,0,Benign,0
1.27e-11,0.0,0.0,1,4,Malicious,1,Malicious,1
2.6e-09,0.0,0.0,1,4,Malicious,1,Malicious,1
4.56e-07,2.75e-08,1.43e-07,2,8,Benign,0,Benign,0
1.27e-11,0.0,0.0,1,4,Malicious,1,Malicious,1
3.97e-05,0.0,0.0,1,4,Malicious,1,Malicious,1
5.34e-05,3.84e-08,6.92e-07,1,7,Benign,0,Benign,1
3.81e-11,0.0,0.0,1,4,Malicious,1,Malicious,1
4.01e-05,0.0,0.0,1,4,Malicious,1,Malicious,1
0.0,0.0,0.0,1,4,Malicious,1,Malicious,1
1.27e-07,2.75e-08,1.43e-07,2,8,Benign,0,Benign,0
1.27e-11,0.0,0.0,1,4,Malicious,1,Malicious,1
0.000126915,1.65e-07,8.56e-07,2,8,Benign,0,Benign,0
0.003810761,8.37e-08,2.3e-06,1,8,Benign,0,Benign,0
3.92e-05,0.0,0.0,1,4,Benign,0,Benign,1
6.34e-11,0.0,0.0,1,4,Malicious,1,Malicious,1
3.8e-05,0.0,0.0,1,4,Malicious,1,Malicious,1
3.8e-05,0.0,0.0,1,4,Malicious,1,Malicious,1
3.8e-05,0.0,0.0,1,4,Malicious,1,Malicious,1
2.21e-09,0.0,0.0,1,4,Malicious,1,Malicious,1
1.27e-11,0.0,0.0,1,4,Malicious,1,Malicious,1
6.34e-11,0.0,0.0,1,4,Malicious,1,Malicious,1
5.07e-11,0.0,0.0,1,4,Malicious,1,Malicious,1
1.27e-11,0.0,0.0,1,4,Malicious,1,Malicious,1
6.34e-11,0.0,0.0,1,4,Malicious,1,Malicious,1
4.76e-08,2.12e-08,1.31e-06,2,8,Benign,0,Benign,0
5.07e-11,0.0,0.0,1,4,Malicious,1,Malicious,1
6.32e-09,1.66e-08,1.34e-07,2,8,Benign,0,Benign,0
3.94e-05,0.0,0.0,1,4,Malicious,1,Malicious,1
5.07e-11,0.0,0.0,1,4,Malicious,1,Malicious,1
5.07e-11,0.0,0.0,1,4,Malicious,1,Malicious,1
3.93e-05,0.0,0.0,1,4,Malicious,1,Malicious,1
3.22e-09,0.0,0.0,1,4,Malicious,1,Malicious,1
3.79e-05,0.0,0.0,1,4,Malicious,1,Malicious,1
1.8e-07,2.75e-08,1.43e-07,2,8,Benign,0,Benign,0
6.02e-08,2.75e-08,1.43e-07,2,8,Benign,0,Benign,0
1.37e-05,3.84e-08,6.92e-07,1,7,Benign,0,Benign,0
1.27e-11,0.0,0.0,1,4,Malicious,1,Malicious,1
4e-05,0.0,0.0,1,4,Malicious,1,Malicious,1
5.07e-11,0.0,0.0,1,4,Malicious,1,Malicious,1
6.34e-11,0.0,0.0,1,4,Malicious,1,Malicious,1
1.27e-11,0.0,0.0,1,4,Malicious,1,Malicious,1
2.21e-08,2.75e-08,1.43e-07,2,8,Benign,0,Benign,0
5.07e-11,0.0,0.0,1,4,Malicious,1,Malicious,1
0.000420972,3.55e-08,7.99e-07,1,7,Malicious,1,Malicious,1
3.8e-05,0.0,0.0,1,4,Malicious,1,Malicious,1
0.000915427,2.2e-07,1.14e-06,2,8,Benign,0,Benign,0
3.96e-05,0.0,0.0,1,4,Benign,0,Benign,1
3.99e-05,0.0,0.0,1,4,Malicious,1,Malicious,1
2.05e-07,3.21e-07,1.66e-06,0,0,Benign,0,Benign,0
1.27e-11,0.0,0.0,1,4,Malicious,1,Malicious,1
5.07e-11,0.0,0.0,1,4,Malicious,1,Malicious,1
3.8e-05,0.0,0.0,1,4,Malicious,1,Malicious,1
3.22e-09,0.0,0.0,1,4,Malicious,1,Malicious,1
1.27e-11,0.0,0.0,1,4,Malicious,1,Malicious,1
3.98e-05,0.0,0.0,1,4,Benign,0,Benign,1
1.27e-11,0.0,0.0,1,4,Malicious,1,Malicious,1
3.97e-05,0.0,0.0,1,4,Benign,0,Benign,1
3.8e-05,0.0,0.0,1,4,Malicious,1,Malicious,1
1.27e-11,0.0,0.0,1,4,Malicious,1,Malicious,1
1.27e-11,0.0,0.0,1,4,Malicious,1,Malicious,1
5.07e-11,0.0,0.0,1,4,Malicious,1,Malicious,1
5.07e-11,0.0,0.0,1,4,Malicious,1,Malicious,1
1.27e-11,0.0,0.0,1,4,Malicious,1,Malicious,1
3.81e-11,0.0,0.0,1,4,Malicious,1,Malicious,1
2.79e-07,2.75e-08,1.43e-07,2,8,Benign,0,Benign,0
3.13e-09,0.0,0.0,1,4,Malicious,1,Malicious,1
1.27e-11,0.0,0.0,1,4,Malicious,1,Malicious,1
5.07e-11,0.0,0.0,1,4,Malicious,1,Malicious,1
1.27e-11,0.0,0.0,1,4,Malicious,1,Malicious,1
5.07e-11,0.0,0.0,1,4,Malicious,1,Malicious,1
3.97e-05,0.0,0.0,1,4,Malicious,1,Malicious,1
4e-05,0.0,0.0,1,4,Benign,0,Benign,1
1.36e-07,2.75e-08,1.43e-07,2,8,Benign,0,Benign,0
0.0,0.0,0.0,1,4,Malicious,1,Malicious,1
6.19e-09,2.58e-08,1.34e-07,2,8,Benign,0,Benign,0
1.27e-11,0.0,0.0,1,4,Malicious,1,Malicious,1
1.27e-11,0.0,0.0,1,4,Malicious,1,Malicious,1
3.8e-05,0.0,0.0,1,4,Malicious,1,Malicious,1
5.07e-11,0.0,0.0,1,4,Malicious,1,Malicious,1
0.0,0.0,0.0,1,4,Malicious,1,Malicious,1
6.32e-09,2.58e-08,1.34e-07,2,8,Benign,0,Benign,0
6.35e-05,4.47e-08,0.0,2,4,Benign,0,Benign,0
1.27e-11,0.0,0.0,1,4,Malicious,1,Malicious,1
0.000749055,1.72e-06,0.0,2,4,Benign,0,Benign,0
0.0,0.0,0.0,1,4,Malicious,1,Malicious,1
9.5e-09,2.58e-08,1.34e-07,2,8,Benign,0,Benign,0
1.27e-11,0.0,0.0,1,4,Malicious,1,Malicious,1
5.07e-11,0.0,0.0,1,4,Malicious,1,Malicious,1
3.17e-08,2.75e-08,1.43e-07,2,8,Benign,0,Benign,0
3.81e-11,0.0,0.0,1,4,Malicious,1,Malicious,1
3.79e-05,0.0,0.0,1,4,Malicious,1,Malicious,1
5.31e-06,0.0,0.0,1,1,Benign,0,Benign,0
6.29e-09,1.66e-08,1.34e-07,2,8,Benign,0,Benign,0
1.27e-11,0.0,0.0,1,4,Malicious,1,Malicious,1
3.94e-05,0.0,0.0,1,4,Malicious,1,Malicious,1
3.81e-11,0.0,0.0,1,4,Malicious,1,Malicious,1
1.9e-08,2.75e-08,1.43e-07,2,8,Benign,0,Benign,0
6.34e-11,0.0,0.0,1,4,Malicious,1,Malicious,1
3.92e-05,0.0,0.0,1,4,Malicious,1,Malicious,1
9.49e-09,1.66e-08,1.34e-07,2,8,Benign,0,Benign,0
1.27e-11,0.0,0.0,1,4,Malicious,1,Malicious,1
3.97e-05,0.0,0.0,1,4,Malicious,1,Malicious,1
1.27e-11,0.0,0.0,1,4,Malicious,1,Malicious,1
4.41e-06,0.0,0.0,1,1,Benign,0,Benign,0
3.8e-05,0.0,0.0,1,4,Malicious,1,Malicious,1
0.0,0.0,0.0,1,4,Malicious,1,Malicious,1
1.27e-11,0.0,0.0,1,4,Malicious,1,Malicious,1
2.82e-09,0.0,0.0,1,4,Malicious,1,Malicious,1
6.32e-09,1.66e-08,1.34e-07,2,8,Benign,0,Benign,0
3.98e-05,0.0,0.0,1,4,Benign,0,Benign,1
1.43e-07,2.75e-08,1.43e-07,2,8,Benign,0,Benign,0
1.27e-11,0.0,0.0,1,4,Malicious,1,Malicious,1
1.27e-11,0.0,0.0,1,4,Malicious,1,Malicious,1
2.63e-09,0.0,0.0,1,4,Malicious,1,Malicious,1
4.01e-05,0.0,0.0,1,4,Benign,0,Benign,1
1.27e-11,0.0,0.0,1,4,Malicious,1,Malicious,1
3.13e-09,0.0,0.0,1,4,Malicious,1,Malicious,1
6.34e-11,0.0,0.0,1,4,Malicious,1,Malicious,1
3.96e-05,0.0,0.0,1,4,Benign,0,Benign,1
3.95e-05,0.0,0.0,1,4,Malicious,1,Malicious,1
3.8e-05,0.0,0.0,1,4,Malicious,1,Malicious,1
3.99e-05,0.0,0.0,1,4,Malicious,1,Malicious,1
1.27e-11,0.0,0.0,1,4,Malicious,1,Malicious,1
1.27e-11,0.0,0.0,1,4,Malicious,1,Malicious,1
0.0,0.0,0.0,1,4,Malicious,1,Malicious,1
3.92e-05,0.0,0.0,1,4,Malicious,1,Malicious,1
1.27e-11,0.0,0.0,1,4,Malicious,1,Malicious,1
0.000481975,1.82e-07,0.0,2,4,Benign,0,Benign,0
3.96e-05,0.0,0.0,1,4,Malicious,1,Malicious,1
4e-05,0.0,0.0,1,4,Benign,0,Benign,1
1.27e-11,0.0,0.0,1,4,Malicious,1,Malicious,1
5.07e-11,0.0,0.0,1,4,Malicious,1,Malicious,1
9.3e-09,2.58e-08,1.34e-07,2,8,Benign,0,Benign,0
3.82e-05,3.44e-08,0.0,2,4,Benign,0,Benign,0
1.27e-11,0.0,0.0,1,4,Malicious,1,Malicious,1
4e-05,0.0,0.0,1,4,Malicious,1,Malicious,1
1.27e-11,0.0,0.0,1,4,Malicious,1,Malicious,1
3.95e-05,0.0,0.0,1,4,Benign,0,Benign,1
3.98e-05,0.0,0.0,1,4,Benign,0,Benign,1
0.430102323,9.42e-06,4.88e-05,1,8,Malicious,1,Malicious,0
7.27e-08,2.75e-08,1.43e-07,2,8,Benign,0,Benign,0
3.8e-05,0.0,0.0,1,4,Malicious,1,Malicious,1
3.94e-05,0.0,0.0,1,4,Malicious,1,Malicious,1
4e-05,0.0,0.0,1,4,Benign,0,Benign,1
1.27e-11,0.0,0.0,1,4,Malicious,1,Malicious,1
1.27e-11,0.0,0.0,1,4,Malicious,1,Malicious,1
8.87e-08,2.58e-08,1.34e-07,2,8,Benign,0,Benign,0
1.14e-07,2.58e-08,1.34e-07,2,8,Benign,0,Benign,0
3.99e-05,0.0,0.0,1,4,Benign,0,Benign,1
1.27e-11,0.0,0.0,1,4,Malicious,1,Malicious,1
3.92e-05,0.0,0.0,1,4,Malicious,1,Malicious,1
1.27e-11,0.0,0.0,1,4,Malicious,1,Malicious,1
1.27e-11,0.0,0.0,1,4,Malicious,1,Malicious,1
3.94e-05,0.0,0.0,1,4,Malicious,1,Malicious,1
3.81e-11,0.0,0.0,1,4,Malicious,1,Malicious,1
3.99e-05,0.0,0.0,1,4,Malicious,1,Malicious,1
3.22e-09,0.0,0.0,1,4,Malicious,1,Malicious,1
6.34e-09,2.58e-08,1.34e-07,2,8,Benign,0,Benign,0
5.38e-08,0.0,0.0,1,8,Benign,0,Benign,0
3.48e-08,2.75e-08,1.43e-07,2,8,Benign,0,Benign,0
3.13e-09,0.0,0.0,1,4,Malicious,1,Malicious,1
3.99e-05,0.0,0.0,1,4,Malicious,1,Malicious,1
0.0,0.0,0.0,1,4,Malicious,1,Malicious,1
3.92e-05,0.0,0.0,1,4,Malicious,1,Malicious,1
3.8e-05,0.0,0.0,1,4,Malicious,1,Malicious,1
3.95e-05,0.0,0.0,1,4,Benign,0,Benign,1
1.27e-11,0.0,0.0,1,4,Malicious,1,Malicious,1
3.99e-05,0.0,0.0,1,4,Malicious,1,Malicious,1
6.32e-09,1.66e-08,1.34e-07,2,8,Benign,0,Benign,0
1.27e-11,0.0,0.0,1,4,Malicious,1,Malicious,1
3.81e-11,0.0,0.0,1,4,Malicious,1,Malicious,1
3.96e-05,0.0,0.0,1,4,Benign,0,Benign,1
1.27e-11,0.0,0.0,1,4,Malicious,1,Malicious,1
6.34e-11,0.0,0.0,1,4,Malicious,1,Malicious,1
1.27e-11,0.0,0.0,1,4,Malicious,1,Malicious,1
3.8e-05,0.0,0.0,1,4,Malicious,1,Malicious,1
1.27e-11,0.0,0.0,1,4,Malicious,1,Malicious,1
3.8e-05,0.0,0.0,1,4,Malicious,1,Malicious,1
3.97e-05,0.0,0.0,1,4,Benign,0,Benign,1
1.27e-11,0.0,0.0,1,4,Malicious,1,Malicious,1
3.81e-11,0.0,0.0,1,4,Malicious,1,Malicious,1
1.27e-11,0.0,0.0,1,4,Malicious,1,Malicious,1
3.97e-05,0.0,0.0,1,4,Benign,0,Benign,1
5.96e-05,5.22e-07,0.0,2,4,Benign,0,Benign,0
3.8e-05,0.0,0.0,1,4,Malicious,1,Malicious,1
3.98e-05,0.0,0.0,1,4,Benign,0,Benign,1
4.01e-05,0.0,0.0,1,4,Malicious,1,Malicious,1
3.99e-05,0.0,0.0,1,4,Malicious,1,Malicious,1
1.27e-11,0.0,0.0,1,4,Malicious,1,Malicious,1
2.65e-05,4.3e-08,7.22e-07,1,7,Malicious,1,Malicious,1
1.27e-11,0.0,0.0,1,4,Malicious,1,Malicious,1
3.96e-05,0.0,0.0,1,4,Malicious,1,Malicious,1
3.8e-05,0.0,0.0,1,4,Malicious,1,Malicious,1
3.99e-05,0.0,0.0,1,4,Malicious,1,Malicious,1
1.27e-11,0.0,0.0,1,4,Malicious,1,Malicious,1
1.27e-11,0.0,0.0,1,4,Malicious,1,Malicious,1
1.27e-11,0.0,0.0,1,4,Malicious,1,Malicious,1
3.27e-09,0.0,0.0,1,4,Malicious,1,Malicious,1
3.93e-05,0.0,0.0,1,4,Benign,0,Benign,1
3.96e-05,0.0,0.0,1,4,Benign,0,Benign,1
5.07e-11,0.0,0.0,1,4,Malicious,1,Malicious,1
1.27e-11,0.0,0.0,1,4,Malicious,1,Malicious,1
1.27e-11,0.0,0.0,1,4,Malicious,1,Malicious,1
5.07e-11,0.0,0.0,1,4,Malicious,1,Malicious,1
1.27e-11,0.0,0.0,1,4,Malicious,1,Malicious,1
1.27e-11,0.0,0.0,1,4,Malicious,1,Malicious,1
0.000460273,3.55e-08,7.99e-07,1,7,Malicious,1,Malicious,1
6.34e-11,0.0,0.0,1,4,Malicious,1,Malicious,1
1.27e-11,0.0,0.0,1,4,Malicious,1,Malicious,1
1.38e-05,4.3e-08,7.22e-07,1,7,Malicious,1,Malicious,0
6.19e-09,1.66e-08,1.34e-07,2,8,Benign,0,Benign,0
1.27e-11,0.0,0.0,1,4,Malicious,1,Malicious,1
3.93e-05,0.0,0.0,1,4,Malicious,1,Malicious,1
6.34e-11,0.0,0.0,1,4,Malicious,1,Malicious,1
3.8e-05,0.0,0.0,1,4,Malicious,1,Malicious,1
1.27e-11,0.0,0.0,1,4,Malicious,1,Malicious,1
5.07e-11,0.0,0.0,1,4,Malicious,1,Malicious,1
3.99e-05,0.0,0.0,1,4,Malicious,1,Malicious,1
3.99e-05,0.0,0.0,1,4,Benign,0,Benign,1
5.07e-11,0.0,0.0,1,4,Malicious,1,Malicious,1
3.39e-07,2.75e-08,1.43e-07,2,8,Benign,0,Benign,0
3.92e-05,0.0,0.0,1,4,Malicious,1,Malicious,1
3.93e-05,0.0,0.0,1,4,Benign,0,Benign,1
5.07e-11,0.0,0.0,1,4,Malicious,1,Malicious,1
1.27e-11,0.0,0.0,1,4,Malicious,1,Malicious,1
1.63e-06,2.75e-08,1.43e-07,2,8,Benign,0,Benign,0
1.27e-11,0.0,0.0,1,4,Malicious,1,Malicious,1
1.27e-11,0.0,0.0,1,4,Malicious,1,Malicious,1
1.27e-10,0.0,0.0,1,4,Malicious,1,Malicious,1
3.95e-05,0.0,0.0,1,4,Malicious,1,Malicious,1
1.27e-11,0.0,0.0,1,4,Malicious,1,Malicious,1
1.17e-06,2.58e-08,1.34e-07,2,8,Benign,0,Benign,0
0.0,0.0,0.0,1,4,Malicious,1,Malicious,1
3.83e-07,2.75e-08,1.43e-07,2,8,Benign,0,Benign,0
0.0,0.0,0.0,1,4,Malicious,1,Malicious,1
1.27e-11,0.0,0.0,1,4,Malicious,1,Malicious,1
1.23e-05,4.3e-08,7.22e-07,1,7,Malicious,1,Malicious,1
3.79e-05,0.0,0.0,1,4,Malicious,1,Malicious,1
3.98e-05,0.0,0.0,1,4,Benign,0,Benign,1
3.8e-05,0.0,0.0,1,4,Malicious,1,Malicious,1
1.27e-11,0.0,0.0,1,4,Malicious,1,Malicious,1
0.0,0.0,0.0,1,4,Malicious,1,Malicious,1
1.27e-11,0.0,0.0,1,4,Malicious,1,Malicious,1
1.27e-11,0.0,0.0,1,4,Malicious,1,Malicious,1
3.94e-05,0.0,0.0,1,4,Malicious,1,Malicious,1
3.8e-05,0.0,0.0,1,4,Benign,0,Benign,1
1.27e-11,0.0,0.0,1,4,Malicious,1,Malicious,1
3.91e-05,0.0,0.0,1,4,Malicious,1,Malicious,1
1.66e-07,2.75e-08,1.43e-07,2,8,Benign,0,Benign,0
1.27e-11,0.0,0.0,1,4,Malicious,1,Malicious,1
3.07e-09,0.0,0.0,1,4,Malicious,1,Malicious,1
3.8e-05,0.0,0.0,1,4,Malicious,1,Malicious,1
3.94e-05,0.0,0.0,1,4,Malicious,1,Malicious,1
1.27e-11,0.0,0.0,1,4,Malicious,1,Malicious,1
3.98e-05,0.0,0.0,1,4,Benign,0,Benign,1
3.95e-05,0.0,0.0,1,4,Malicious,1,Malicious,1
2.2e-08,2.75e-08,1.43e-07,2,8,Benign,0,Benign,0
6.98e-08,5.5e-08,2.85e-07,2,8,Benign,0,Benign,0
1.27e-11,0.0,0.0,1,4,Malicious,1,Malicious,1
1.27e-11,0.0,0.0,1,4,Malicious,1,Malicious,1
3.95e-05,0.0,0.0,1,4,Benign,0,Benign,1
5.07e-11,0.0,0.0,1,4,Malicious,1,Malicious,1
3.93e-05,0.0,0.0,1,4,Benign,0,Benign,1
2.23e-09,0.0,0.0,1,4,Malicious,1,Malicious,1
3.94e-05,0.0,0.0,1,4,Benign,0,Benign,1
0.0,0.0,0.0,1,4,Malicious,1,Malicious,1
3.96e-05,0.0,0.0,1,4,Benign,0,Benign,1
1.27e-11,0.0,0.0,1,4,Malicious,1,Malicious,1
3.8e-05,0.0,0.0,1,4,Malicious,1,Malicious,1
4e-05,0.0,0.0,1,4,Malicious,1,Malicious,1
1.27e-11,0.0,0.0,1,4,Malicious,1,Malicious,1
3.91e-05,0.0,0.0,1,4,Malicious,1,Malicious,1
6.34e-11,0.0,0.0,1,4,Malicious,1,Malicious,1
6.33e-09,1.66e-08,1.34e-07,2,8,Benign,0,Benign,0
1.27e-11,0.0,0.0,1,4,Malicious,1,Malicious,1
6.35e-05,4.47e-08,0.0,2,4,Benign,0,Benign,0
3.97e-05,0.0,0.0,1,4,Malicious,1,Malicious,1
1.27e-11,0.0,0.0,1,4,Malicious,1,Malicious,1
6.34e-11,0.0,0.0,1,4,Malicious,1,Malicious,1
1.27e-11,0.0,0.0,1,4,Malicious,1,Malicious,1
1.27e-11,0.0,0.0,1,4,Malicious,1,Malicious,1
5.07e-11,0.0,0.0,1,4,Malicious,1,Malicious,1
1.27e-11,0.0,0.0,1,4,Malicious,1,Malicious,1
2.89e-09,0.0,0.0,1,4,Malicious,1,Malicious,1
5.07e-11,0.0,0.0,1,4,Malicious,1,Malicious,1
1.27e-11,0.0,0.0,1,4,Malicious,1,Malicious,1
5.07e-11,0.0,0.0,1,4,Malicious,1,Malicious,1
3.97e-05,0.0,0.0,1,4,Malicious,1,Malicious,1
1.27e-11,0.0,0.0,1,4,Malicious,1,Malicious,1
1.27e-11,0.0,0.0,1,4,Malicious,1,Malicious,1
2.66e-09,0.0,0.0,1,4,Malicious,1,Malicious,1
1.27e-11,0.0,0.0,1,4,Malicious,1,Malicious,1
1.27e-11,0.0,0.0,1,4,Malicious,1,Malicious,1
3.22e-09,0.0,0.0,1,4,Malicious,1,Malicious,1
6.3e-09,2.58e-08,1.34e-07,2,8,Benign,0,Benign,0
1.27e-11,0.0,0.0,1,4,Malicious,1,Malicious,1
3.94e-05,0.0,0.0,1,4,Benign,0,Benign,1
7.45e-07,1.95e-08,8.35e-07,2,8,Benign,0,Benign,0
5.07e-11,0.0,0.0,1,4,Malicious,1,Malicious,1
4e-05,0.0,0.0,1,4,Benign,0,Benign,1
0.0,0.0,0.0,1,4,Malicious,1,Malicious,1
5.07e-11,0.0,0.0,1,4,Malicious,1,Malicious,1
1.27e-11,0.0,0.0,1,4,Malicious,1,Malicious,1
1.27e-11,0.0,0.0,1,4,Malicious,1,Malicious,1
5.07e-11,0.0,0.0,1,4,Malicious,1,Malicious,1
3.97e-05,0.0,0.0,1,4,Malicious,1,Malicious,1
6.34e-11,0.0,0.0,1,4,Malicious,1,Malicious,1
2.22e-08,2.75e-08,1.43e-07,2,8,Benign,0,Benign,0
4.85e-07,2.75e-08,1.43e-07,2,8,Benign,0,Benign,0
3.8e-05,0.0,0.0,1,4,Malicious,1,Malicious,1
2.21e-08,2.75e-08,1.43e-07,2,8,Benign,0,Benign,0
2.03e-10,0.0,0.0,1,4,Malicious,1,Malicious,1
1.27e-11,0.0,0.0,1,4,Malicious,1,Malicious,1
5.07e-11,0.0,0.0,1,4,Malicious,1,Malicious,1
3.22e-09,0.0,0.0,1,4,Malicious,1,Malicious,1
1.27e-11,0.0,0.0,1,4,Malicious,1,Malicious,1
3.8e-05,0.0,0.0,1,4,Malicious,1,Malicious,1
1.27e-11,0.0,0.0,1,4,Malicious,1,Malicious,1
2.21e-08,2.75e-08,1.43e-07,2,8,Benign,0,Benign,0
3.8e-05,0.0,0.0,1,4,Malicious,1,Malicious,1
1.27e-11,0.0,0.0,1,4,Malicious,1,Malicious,1
3.94e-05,0.0,0.0,1,4,Benign,0,Benign,1
0.00135414,3.13e-07,2.78e-06,2,8,Benign,0,Benign,0
3.8e-05,0.0,0.0,1,4,Malicious,1,Malicious,1
1.27e-11,0.0,0.0,1,4,Malicious,1,Malicious,1
0.00012819,1.65e-07,8.56e-07,2,8,Benign,0,Benign,0
4.37e-07,2.58e-08,1.34e-07,2,8,Benign,0,Benign,0
1.27e-11,0.0,0.0,1,4,Malicious,1,Malicious,1
6.24e-09,2.58e-08,1.34e-07,2,8,Benign,0,Benign,0
3.94e-05,0.0,0.0,1,4,Benign,0,Benign,1
3.93e-05,0.0,0.0,1,4,Malicious,1,Malicious,1
1.27e-11,0.0,0.0,1,4,Malicious,1,Malicious,1
1.27e-11,0.0,0.0,1,4,Malicious,1,Malicious,1
5.07e-11,0.0,0.0,1,4,Malicious,1,Malicious,1
0.0,0.0,0.0,1,4,Malicious,1,Malicious,1
3.96e-05,0.0,0.0,1,4,Malicious,1,Malicious,1
2.21e-08,2.75e-08,1.43e-07,2,8,Benign,0,Benign,0
5.07e-11,0.0,0.0,1,4,Malicious,1,Malicious,1
1.27e-11,0.0,0.0,1,4,Malicious,1,Malicious,1
6.33e-08,2.75e-08,1.43e-07,2,8,Benign,0,Benign,0
3.8e-05,0.0,0.0,1,4,Malicious,1,Malicious,1
6.34e-11,0.0,0.0,1,4,Malicious,1,Malicious,1
3.8e-05,0.0,0.0,1,4,Malicious,1,Malicious,1
3.97e-05,0.0,0.0,1,4,Benign,0,Benign,1
3.8e-05,0.0,0.0,1,4,Malicious,1,Malicious,1
3.97e-05,0.0,0.0,1,4,Benign,0,Benign,1
1.27e-11,0.0,0.0,1,4,Malicious,1,Malicious,1
3.96e-05,0.0,0.0,1,4,Malicious,1,Malicious,1
4.01e-05,0.0,0.0,1,4,Malicious,1,Malicious,1
3.06e-09,0.0,0.0,1,4,Malicious,1,Malicious,1
0.0,0.0,0.0,1,4,Malicious,1,Malicious,1
6.34e-11,0.0,0.0,1,4,Malicious,1,Malicious,1
3.92e-05,0.0,0.0,1,4,Malicious,1,Malicious,1
3.99e-05,0.0,0.0,1,4,Benign,0,Benign,1
1.27e-11,0.0,0.0,1,4,Malicious,1,Malicious,1
1.39e-05,3.84e-08,6.92e-07,1,7,Benign,0,Benign,1
2.12e-07,2.75e-08,1.43e-07,2,8,Benign,0,Benign,0
2.54e-11,0.0,0.0,1,4,Malicious,1,Malicious,1
3.93e-05,0.0,0.0,1,4,Benign,0,Benign,1
3.26e-09,0.0,0.0,1,4,Malicious,1,Malicious,1
1.36e-05,3.84e-08,6.92e-07,1,7,Benign,0,Benign,0
4e-05,0.0,0.0,1,4,Benign,0,Benign,1
5.07e-11,0.0,0.0,1,4,Malicious,1,Malicious,1
6.34e-11,0.0,0.0,1,4,Malicious,1,Malicious,1
1.9e-08,2.75e-08,1.43e-07,2,8,Benign,0,Benign,0
1.27e-11,0.0,0.0,1,4,Malicious,1,Malicious,1
3.93e-05,0.0,0.0,1,4,Benign,0,Benign,1
3.99e-07,2.75e-08,1.43e-07,2,8,Benign,0,Benign,0
6.34e-11,0.0,0.0,1,4,Malicious,1,Malicious,1
3.8e-05,0.0,0.0,1,4,Malicious,1,Malicious,1
0.0,0.0,0.0,1,4,Malicious,1,Malicious,1
5.07e-11,0.0,0.0,1,4,Malicious,1,Malicious,1
0.0,0.0,0.0,1,4,Malicious,1,Malicious,1
3.97e-05,0.0,0.0,1,4,Malicious,1,Malicious,1
3.99e-05,0.0,0.0,1,4,Benign,0,Benign,1
1.37e-05,3.84e-08,6.92e-07,1,7,Benign,0,Benign,0
3.08e-09,0.0,0.0,1,4,Malicious,1,Malicious,1
3.79e-05,0.0,0.0,1,4,Malicious,1,Malicious,1
1.27e-11,0.0,0.0,1,4,Malicious,1,Malicious,1
1.27e-11,0.0,0.0,1,4,Malicious,1,Malicious,1
3.93e-05,0.0,0.0,1,4,Malicious,1,Malicious,1
5.07e-11,0.0,0.0,1,4,Malicious,1,Malicious,1
3.22e-09,0.0,0.0,1,4,Malicious,1,Malicious,1
6.3e-09,2.58e-08,1.34e-07,2,8,Benign,0,Benign,0
6.33e-08,2.75e-08,1.43e-07,2,8,Benign,0,Benign,0
1.34e-06,2.58e-08,1.34e-07,2,8,Benign,0,Benign,0
1.27e-11,0.0,0.0,1,4,Malicious,1,Malicious,1
1.25e-07,2.69e-08,3.3e-07,2,8,Benign,0,Benign,0
5.07e-11,0.0,0.0,1,4,Malicious,1,Malicious,1
3.94e-05,0.0,0.0,1,4,Benign,0,Benign,1
3.95e-05,0.0,0.0,1,4,Benign,0,Benign,1
1.27e-11,0.0,0.0,1,4,Malicious,1,Malicious,1
4e-05,0.0,0.0,1,4,Benign,0,Benign,1
1.27e-11,0.0,0.0,1,4,Malicious,1,Malicious,1
1.27e-11,0.0,0.0,1,4,Malicious,1,Malicious,1
1.27e-11,0.0,0.0,1,4,Malicious,1,Malicious,1
2.33e-06,0.0,0.0,1,1,Benign,0,Benign,0
5.25e-05,4.3e-08,7.22e-07,1,7,Malicious,1,Malicious,1
0.0,0.0,0.0,1,4,Malicious,1,Malicious,1
1.27e-11,0.0,0.0,1,4,Malicious,1,Malicious,1
3.96e-05,0.0,0.0,1,4,Malicious,1,Malicious,1
1.27e-11,0.0,0.0,1,4,Malicious,1,Malicious,1
0.0,0.0,0.0,1,4,Malicious,1,Malicious,1
3.91e-05,0.0,0.0,1,4,Benign,0,Benign,1
9.47e-09,1.66e-08,1.34e-07,2,8,Benign,0,Benign,0
2.85e-07,2.75e-08,1.43e-07,2,8,Benign,0,Benign,0
5.07e-11,0.0,0.0,1,4,Malicious,1,Malicious,1
1.27e-11,0.0,0.0,1,4,Malicious,1,Malicious,1
1.27e-11,0.0,0.0,1,4,Malicious,1,Malicious,1
3.94e-05,0.0,0.0,1,4,Malicious,1,Malicious,1
3.8e-05,0.0,0.0,1,4,Malicious,1,Malicious,1
1.27e-11,0.0,0.0,1,4,Malicious,1,Malicious,1
1.27e-11,0.0,0.0,1,4,Malicious,1,Malicious,1
1.27e-11,0.0,0.0,1,4,Malicious,1,Malicious,1
5.07e-11,0.0,0.0,1,4,Malicious,1,Malicious,1
6.34e-11,0.0,0.0,1,4,Malicious,1,Malicious,1
6.34e-11,0.0,0.0,1,4,Malicious,1,Malicious,1
5.07e-11,0.0,0.0,1,4,Malicious,1,Malicious,1
0.0,0.0,0.0,1,4,Malicious,1,Malicious,1
3.91e-05,0.0,0.0,1,4,Malicious,1,Malicious,1
1.27e-11,0.0,0.0,1,4,Malicious,1,Malicious,1
1.27e-11,0.0,0.0,1,4,Malicious,1,Malicious,1
3.96e-05,0.0,0.0,1,4,Benign,0,Benign,1
3.99e-05,0.0,0.0,1,4,Malicious,1,Malicious,1
1.27e-11,0.0,0.0,1,4,Malicious,1,Malicious,1
1.27e-11,0.0,0.0,1,4,Malicious,1,Malicious,1
3.07e-09,0.0,0.0,1,4,Malicious,1,Malicious,1
1.27e-11,0.0,0.0,1,4,Malicious,1,Malicious,1
1.27e-11,0.0,0.0,1,4,Malicious,1,Malicious,1
5.07e-11,0.0,0.0,1,4,Malicious,1,Malicious,1
3.8e-05,0.0,0.0,1,4,Malicious,1,Malicious,1
2.67e-05,3.84e-08,6.92e-07,1,7,Benign,0,Benign,1
9.37e-09,2.58e-08,1.34e-07,2,8,Benign,0,Benign,0
3.99e-05,0.0,0.0,1,4,Benign,0,Benign,1
1.27e-11,0.0,0.0,1,4,Malicious,1,Malicious,1
3.98e-05,0.0,0.0,1,4,Malicious,1,Malicious,1
3.95e-05,0.0,0.0,1,4,Benign,0,Benign,1
1.27e-11,0.0,0.0,1,4,Malicious,1,Malicious,1
1.27e-11,0.0,0.0,1,4,Malicious,1,Malicious,1
5.07e-11,0.0,0.0,1,4,Malicious,1,Malicious,1
5.17e-05,4.3e-08,7.22e-07,1,7,Malicious,1,Malicious,1
1.27e-11,0.0,0.0,1,4,Malicious,1,Malicious,1
3.8e-05,0.0,0.0,1,4,Malicious,1,Malicious,1
3.94e-05,0.0,0.0,1,4,Benign,0,Benign,1
1.5e-07,2.75e-08,1.43e-07,2,8,Benign,0,Benign,0
1.27e-11,0.0,0.0,1,4,Malicious,1,Malicious,1
3.96e-05,0.0,0.0,1,4,Malicious,1,Malicious,1
3.8e-05,0.0,0.0,1,4,Malicious,1,Malicious,1
3.98e-05,0.0,0.0,1,4,Benign,0,Benign,1
3.8e-05,0.0,0.0,1,4,Malicious,1,Malicious,1
9.5e-09,2.58e-08,1.34e-07,2,8,Benign,0,Benign,0
1.27e-11,0.0,0.0,1,4,Malicious,1,Malicious,1
4.63e-07,2.75e-08,1.43e-07,2,8,Benign,0,Benign,0
1.27e-11,0.0,0.0,1,4,Malicious,1,Malicious,1
3.2e-09,0.0,0.0,1,4,Malicious,1,Malicious,1
9.49e-09,1.66e-08,1.34e-07,2,8,Benign,0,Benign,0
1.39e-05,4.3e-08,7.22e-07,1,7,Malicious,1,Malicious,1
6.34e-11,0.0,0.0,1,4,Malicious,1,Malicious,1
3.8e-05,0.0,0.0,1,4,Malicious,1,Malicious,1
0.0,0.0,0.0,1,4,Malicious,1,Malicious,1
0.0,0.0,0.0,1,4,Malicious,1,Malicious,1
1.27e-11,0.0,0.0,1,4,Malicious,1,Malicious,1
1.27e-11,0.0,0.0,1,4,Malicious,1,Malicious,1
3.94e-05,0.0,0.0,1,4,Malicious,1,Malicious,1
1.27e-11,0.0,0.0,1,4,Malicious,1,Malicious,1
3.99e-05,0.0,0.0,1,4,Benign,0,Benign,1
1.27e-11,0.0,0.0,1,4,Malicious,1,Malicious,1
0.0,0.0,0.0,1,4,Malicious,1,Malicious,1
1.6e-07,2.75e-08,1.43e-07,2,8,Benign,0,Benign,0
1.27e-11,0.0,0.0,1,4,Malicious,1,Malicious,1
3.8e-05,0.0,0.0,1,4,Benign,0,Benign,1
3.95e-05,0.0,0.0,1,4,Benign,0,Benign,1
5.07e-11,0.0,0.0,1,4,Malicious,1,Malicious,1
3.99e-05,0.0,0.0,1,4,Benign,0,Benign,1
1.27e-11,0.0,0.0,1,4,Malicious,1,Malicious,1
6.34e-11,0.0,0.0,1,4,Malicious,1,Malicious,1
1.4e-05,4.3e-08,7.22e-07,1,7,Malicious,1,Malicious,1
1.27e-11,0.0,0.0,1,4,Malicious,1,Malicious,1
1.27e-11,0.0,0.0,1,4,Malicious,1,Malicious,1
3.94e-05,0.0,0.0,1,4,Malicious,1,Malicious,1
3.97e-05,0.0,0.0,1,4,Malicious,1,Malicious,1
1.27e-11,0.0,0.0,1,4,Malicious,1,Malicious,1
0.00040915,5.5e-08,1.43e-07,2,8,Benign,0,Benign,0
2.47e-07,2.75e-08,1.43e-07,2,8,Benign,0,Benign,0
3.92e-05,0.0,0.0,1,4,Malicious,1,Malicious,1
3.82e-05,3.44e-08,0.0,2,4,Benign,0,Benign,0
6.34e-11,0.0,0.0,1,4,Malicious,1,Malicious,1
1.27e-11,0.0,0.0,1,4,Malicious,1,Malicious,1
1.27e-11,0.0,0.0,1,4,Malicious,1,Malicious,1
3.94e-05,0.0,0.0,1,4,Benign,0,Benign,1
4e-05,0.0,0.0,1,4,Benign,0,Benign,1
1.27e-11,0.0,0.0,1,4,Malicious,1,Malicious,1
5.07e-11,0.0,0.0,1,4,Malicious,1,Malicious,1
3.79e-05,0.0,0.0,1,4,Malicious,1,Malicious,1
1.27e-11,0.0,0.0,1,4,Malicious,1,Malicious,1
3.93e-05,0.0,0.0,1,4,Benign,0,Benign,1
3.8e-05,0.0,0.0,1,4,Malicious,1,Malicious,1
3.2e-09,0.0,0.0,1,4,Malicious,1,Malicious,1
3.95e-05,0.0,0.0,1,4,Malicious,1,Malicious,1
3.92e-05,0.0,0.0,1,4,Benign,0,Benign,1
1.27e-11,0.0,0.0,1,4,Malicious,1,Malicious,1
6.34e-11,0.0,0.0,1,4,Malicious,1,Malicious,1
3.91e-05,0.0,0.0,1,4,Malicious,1,Malicious,1
0.0,0.0,0.0,1,4,Malicious,1,Malicious,1
3.8e-05,0.0,0.0,1,4,Benign,0,Benign,1
6.34e-11,0.0,0.0,1,4,Malicious,1,Malicious,1
1.27e-11,0.0,0.0,1,4,Malicious,1,Malicious,1
1.19e-06,0.0,0.0,1,1,Malicious,1,Malicious,1
1.27e-11,0.0,0.0,1,4,Malicious,1,Malicious,1
1.27e-11,0.0,0.0,1,4,Malicious,1,Malicious,1
4.53e-07,2.24e-08,3.06e-07,2,8,Benign,0,Benign,0
2.47e-07,2.58e-08,1.34e-07,2,8,Benign,0,Benign,0
2.56e-05,2.98e-08,3.68e-07,1,3,Benign,0,Benign,0
1.27e-11,0.0,0.0,1,4,Malicious,1,Malicious,1
3.13e-09,0.0,0.0,1,4,Malicious,1,Malicious,1
8.87e-07,2.75e-08,1.43e-07,2,8,Benign,0,Benign,0
3.92e-05,0.0,0.0,1,4,Malicious,1,Malicious,1
1.27e-11,0.0,0.0,1,4,Malicious,1,Malicious,1
1.27e-11,0.0,0.0,1,4,Malicious,1,Malicious,1
6.3e-09,1.66e-08,1.34e-07,2,8,Benign,0,Benign,0
1.27e-11,0.0,0.0,1,4,Malicious,1,Malicious,1
3.79e-05,0.0,0.0,1,4,Malicious,1,Malicious,1
3.8e-05,0.0,0.0,1,4,Malicious,1,Malicious,1
6.34e-11,0.0,0.0,1,4,Malicious,1,Malicious,1
1.27e-11,0.0,0.0,1,4,Malicious,1,Malicious,1
3.98e-05,0.0,0.0,1,4,Benign,0,Benign,1
3.98e-05,0.0,0.0,1,4,Benign,0,Benign,1
5.07e-11,0.0,0.0,1,4,Malicious,1,Malicious,1
3.79e-05,0.0,0.0,1,4,Malicious,1,Malicious,1
3.96e-05,0.0,0.0,1,4,Malicious,1,Malicious,1
3.16e-09,0.0,0.0,1,4,Malicious,1,Malicious,1
1.5e-06,2.75e-08,1.43e-07,2,8,Benign,0,Benign,0
2.74e-05,3.78e-08,6.89e-07,1,7,Benign,0,Benign,1
5.42e-07,5.9e-08,8.59e-07,2,8,Benign,0,Benign,0
5.07e-11,0.0,0.0,1,4,Malicious,1,Malicious,1
1.27e-11,0.0,0.0,1,4,Malicious,1,Malicious,1
4e-05,0.0,0.0,1,4,Benign,0,Benign,1
0.0,0.0,0.0,1,4,Malicious,1,Malicious,1
6.3e-09,1.66e-08,1.34e-07,2,8,Benign,0,Benign,0
1.27e-11,0.0,0.0,1,4,Malicious,1,Malicious,1
3.95e-05,0.0,0.0,1,4,Malicious,1,Malicious,1
1.27e-11,0.0,0.0,1,4,Malicious,1,Malicious,1
3.8e-05,0.0,0.0,1,4,Malicious,1,Malicious,1
2.84e-08,2.75e-08,1.43e-07,2,8,Benign,0,Benign,0
3.39e-09,0.0,0.0,1,4,Malicious,1,Malicious,1
3.8e-05,0.0,0.0,1,4,Malicious,1,Malicious,1
1.39e-05,3.84e-08,6.92e-07,1,7,Benign,0,Benign,1
6.34e-11,0.0,0.0,1,4,Malicious,1,Malicious,1
1.27e-11,0.0,0.0,1,4,Malicious,1,Malicious,1
0.0,0.0,0.0,1,4,Malicious,1,Malicious,1
3.21e-09,0.0,0.0,1,4,Malicious,1,Malicious,1
4e-05,0.0,0.0,1,4,Benign,0,Benign,1
2.84e-08,2.75e-08,1.43e-07,2,8,Benign,0,Benign,0
1.27e-11,0.0,0.0,1,4,Malicious,1,Malicious,1
4.01e-05,0.0,0.0,1,4,Malicious,1,Malicious,1
4e-05,0.0,0.0,1,4,Malicious,1,Malicious,1
4.91e-07,2.75e-08,1.43e-07,2,8,Benign,0,Benign,0
3.8e-05,0.0,0.0,1,4,Malicious,1,Malicious,1
1.27e-11,0.0,0.0,1,4,Malicious,1,Malicious,1
3.91e-05,0.0,0.0,1,4,Malicious,1,Malicious,1
3.95e-05,0.0,0.0,1,4,Benign,0,Benign,1
3.8e-05,0.0,0.0,1,4,Malicious,1,Malicious,1
2.51e-08,2.75e-08,1.43e-07,2,8,Benign,0,Benign,0
3.95e-05,0.0,0.0,1,4,Malicious,1,Malicious,1
1.27e-11,0.0,0.0,1,4,Malicious,1,Malicious,1
1.27e-05,0.0,0.0,1,4,Malicious,1,Malicious,1
3.8e-05,0.0,0.0,1,4,Malicious,1,Malicious,1
8.88e-11,0.0,0.0,1,4,Malicious,1,Malicious,1
1.27e-11,0.0,0.0,1,4,Malicious,1,Malicious,1
1.27e-11,0.0,0.0,1,4,Malicious,1,Malicious,1
2.76e-06,2.75e-08,1.43e-07,2,8,Benign,0,Benign,0
3.97e-05,0.0,0.0,1,4,Malicious,1,Malicious,1
5.07e-11,0.0,0.0,1,4,Malicious,1,Malicious,1
3.46e-08,2.75e-08,1.43e-07,2,8,Benign,0,Benign,0
3.95e-05,0.0,0.0,1,4,Malicious,1,Malicious,1
3.97e-05,0.0,0.0,1,4,Benign,0,Benign,1
1.27e-11,0.0,0.0,1,4,Malicious,1,Malicious,1
1.27e-11,0.0,0.0,1,4,Malicious,1,Malicious,1
6.34e-11,0.0,0.0,1,4,Malicious,1,Malicious,1
3.79e-05,0.0,0.0,1,4,Malicious,1,Malicious,1
9.46e-09,1.66e-08,1.34e-07,2,8,Benign,0,Benign,0
1.27e-11,0.0,0.0,1,4,Malicious,1,Malicious,1
3.97e-05,0.0,0.0,1,4,Malicious,1,Malicious,1
1.27e-11,0.0,0.0,1,4,Malicious,1,Malicious,1
3.22e-09,0.0,0.0,1,4,Malicious,1,Malicious,1
1.9e-08,2.75e-08,1.43e-07,2,8,Benign,0,Benign,0
1.27e-11,0.0,0.0,1,4,Malicious,1,Malicious,1
1.27e-11,0.0,0.0,1,4,Malicious,1,Malicious,1
6.34e-11,0.0,0.0,1,4,Malicious,1,Malicious,1
5.34e-05,4.3e-08,7.22e-07,1,7,Malicious,1,Malicious,1
6.35e-05,4.47e-08,0.0,2,4,Benign,0,Benign,0
4.01e-05,0.0,0.0,1,4,Benign,0,Benign,1
3.48e-08,1.66e-08,1.34e-07,2,8,Benign,0,Benign,0
3.94e-05,0.0,0.0,1,4,Malicious,1,Malicious,1
4e-05,0.0,0.0,1,4,Benign,0,Benign,1
1.27e-11,0.0,0.0,1,4,Malicious,1,Malicious,1
1.27e-11,0.0,0.0,1,4,Malicious,1,Malicious,1
1.27e-11,0.0,0.0,1,4,Malicious,1,Malicious,1
4e-05,0.0,0.0,1,4,Malicious,1,Malicious,1
1.27e-11,0.0,0.0,1,4,Malicious,1,Malicious,1
5.07e-11,0.0,0.0,1,4,Malicious,1,Malicious,1
2.9e-09,0.0,0.0,1,4,Malicious,1,Malicious,1
3.97e-05,0.0,0.0,1,4,Malicious,1,Malicious,1
0.0,0.0,0.0,1,4,Malicious,1,Malicious,1
1.27e-11,0.0,0.0,1,4,Malicious,1,Malicious,1
3.13e-09,0.0,0.0,1,4,Malicious,1,Malicious,1
1.27e-11,0.0,0.0,1,4,Malicious,1,Malicious,1
1.27e-11,0.0,0.0,1,4,Malicious,1,Malicious,1
3.96e-05,0.0,0.0,1,4,Benign,0,Benign,1
5.07e-11,0.0,0.0,1,4,Malicious,1,Malicious,1
1.27e-11,0.0,0.0,1,4,Malicious,1,Malicious,1
3.95e-05,0.0,0.0,1,4,Malicious,1,Malicious,1
3.8e-05,0.0,0.0,1,4,Malicious,1,Malicious,1
3.99e-05,0.0,0.0,1,4,Malicious,1,Malicious,1
1.27e-11,0.0,0.0,1,4,Malicious,1,Malicious,1
3.18e-08,1.66e-08,1.34e-07,2,8,Benign,0,Benign,0
3.98e-05,0.0,0.0,1,4,Benign,0,Benign,1
3.94e-05,0.0,0.0,1,4,Malicious,1,Malicious,1
3.8e-05,0.0,0.0,1,4,Malicious,1,Malicious,1
1.27e-11,0.0,0.0,1,4,Malicious,1,Malicious,1
3.97e-05,0.0,0.0,1,4,Malicious,1,Malicious,1
1.27e-11,0.0,0.0,1,4,Malicious,1,Malicious,1
2.54e-11,0.0,0.0,1,4,Malicious,1,Malicious,1
5.07e-11,0.0,0.0,1,4,Malicious,1,Malicious,1
1.33e-07,2.75e-08,1.43e-07,2,8,Benign,0,Benign,0
3.81e-11,0.0,0.0,1,4,Malicious,1,Malicious,1
5.07e-11,0.0,0.0,1,4,Malicious,1,Malicious,1
1.27e-11,5.5e-08,0.0,2,4,Benign,0,Benign,0
6.34e-11,0.0,0.0,1,4,Malicious,1,Malicious,1
3.81e-11,0.0,0.0,1,4,Malicious,1,Malicious,1
6.34e-11,0.0,0.0,1,4,Malicious,1,Malicious,1
0.0,0.0,0.0,1,4,Malicious,1,Malicious,1
0.0,0.0,0.0,1,4,Malicious,1,Malicious,1
3.97e-05,0.0,0.0,1,4,Malicious,1,Malicious,1
5.07e-11,0.0,0.0,1,4,Malicious,1,Malicious,1
3.97e-05,0.0,0.0,1,4,Malicious,1,Malicious,1
3.8e-05,0.0,0.0,1,4,Malicious,1,Malicious,1
3.98e-05,0.0,0.0,1,4,Malicious,1,Malicious,1
6.33e-09,2.12e-08,3.92e-07,2,8,Benign,0,Benign,0
3.8e-05,0.0,0.0,1,4,Benign,0,Benign,1
3.8e-05,0.0,0.0,1,4,Malicious,1,Malicious,1
1.27e-11,0.0,0.0,1,4,Malicious,1,Malicious,1
9.5e-09,1.66e-08,1.34e-07,2,8,Benign,0,Benign,0
3.97e-05,0.0,0.0,1,4,Malicious,1,Malicious,1
1.27e-11,0.0,0.0,1,4,Malicious,1,Malicious,1
3.22e-09,0.0,0.0,1,4,Malicious,1,Malicious,1
1.38e-05,3.84e-08,6.92e-07,1,7,Benign,0,Benign,0
6.35e-05,4.47e-08,0.0,2,4,Benign,0,Benign,0
0.0,0.0,0.0,1,4,Malicious,1,Malicious,1
1.27e-11,0.0,0.0,1,4,Malicious,1,Malicious,1
2.7e-09,0.0,0.0,1,4,Malicious,1,Malicious,1
9.45e-09,2.58e-08,1.34e-07,2,8,Benign,0,Benign,0
1.27e-11,0.0,0.0,1,4,Malicious,1,Malicious,1
1.27e-11,0.0,0.0,1,4,Malicious,1,Malicious,1
1.27e-11,0.0,0.0,1,4,Malicious,1,Malicious,1
1.27e-11,0.0,0.0,1,4,Malicious,1,Malicious,1
1.38e-05,4.3e-08,7.22e-07,1,7,Malicious,1,Malicious,0
1.27e-11,0.0,0.0,1,4,Malicious,1,Malicious,1
3.99e-05,0.0,0.0,1,4,Malicious,1,Malicious,1
3.94e-05,0.0,0.0,1,4,Malicious,1,Malicious,1
2.23e-08,2.75e-08,1.43e-07,2,8,Benign,0,Benign,0
5.07e-11,0.0,0.0,1,4,Malicious,1,Malicious,1
1.27e-11,0.0,0.0,1,4,Malicious,1,Malicious,1
1.27e-11,0.0,0.0,1,4,Malicious,1,Malicious,1
2.21e-08,2.75e-08,1.43e-07,2,8,Benign,0,Benign,0
3.84e-06,0.0,0.0,1,1,Benign,0,Benign,0
3.48e-08,2.75e-08,1.43e-07,2,8,Benign,0,Benign,0
3.93e-05,0.0,0.0,1,4,Benign,0,Benign,1
1.27e-11,0.0,0.0,1,4,Malicious,1,Malicious,1
1.27e-11,0.0,0.0,1,4,Malicious,1,Malicious,1
6.34e-11,0.0,0.0,1,4,Malicious,1,Malicious,1
1.27e-11,0.0,0.0,1,4,Malicious,1,Malicious,1
2.88e-09,0.0,0.0,1,4,Malicious,1,Malicious,1
6.3e-09,0.0,0.0,1,4,Malicious,1,Malicious,1
3.8e-05,0.0,0.0,1,4,Malicious,1,Malicious,1
3.92e-05,0.0,0.0,1,4,Malicious,1,Malicious,1
5.07e-11,0.0,0.0,1,4,Malicious,1,Malicious,1
3.13e-09,0.0,0.0,1,4,Malicious,1,Malicious,1
2.21e-08,2.75e-08,1.43e-07,2,8,Benign,0,Benign,0
1.27e-11,0.0,0.0,1,4,Malicious,1,Malicious,1
3.8e-05,0.0,0.0,1,4,Malicious,1,Malicious,1
3.8e-05,0.0,0.0,1,4,Malicious,1,Malicious,1
6.34e-11,0.0,0.0,1,4,Malicious,1,Malicious,1
1.27e-11,0.0,0.0,1,4,Malicious,1,Malicious,1
3.98e-05,0.0,0.0,1,4,Malicious,1,Malicious,1
3.96e-05,0.0,0.0,1,4,Malicious,1,Malicious,1
9.47e-09,1.66e-08,1.34e-07,2,8,Benign,0,Benign,0
5.07e-11,0.0,0.0,1,4,Malicious,1,Malicious,1
5.07e-11,0.0,0.0,1,4,Malicious,1,Malicious,1
3.96e-05,0.0,0.0,1,4,Benign,0,Benign,1
3.8e-05,0.0,0.0,1,4,Malicious,1,Malicious,1
0.0,0.0,0.0,1,4,Malicious,1,Malicious,1
1.57e-06,1.38e-07,2.73e-07,1,0,Benign,0,Benign,0
1.27e-11,0.0,0.0,1,4,Malicious,1,Malicious,1
4.12e-08,2.75e-08,1.43e-07,2,8,Benign,0,Benign,0
1.27e-11,0.0,0.0,1,4,Malicious,1,Malicious,1
1.27e-11,0.0,0.0,1,4,Malicious,1,Malicious,1
1.27e-11,0.0,0.0,1,4,Malicious,1,Malicious,1
5.16e-05,3.84e-08,6.92e-07,1,7,Benign,0,Benign,1
3.94e-05,0.0,0.0,1,4,Malicious,1,Malicious,1
2.38e-09,0.0,0.0,1,4,Malicious,1,Malicious,1
2.63e-07,2.58e-08,1.34e-07,2,8,Benign,0,Benign,0
3.8e-08,2.75e-08,1.43e-07,2,8,Benign,0,Benign,0
2.15e-07,2.75e-08,1.43e-07,2,8,Benign,0,Benign,0
3.93e-05,0.0,0.0,1,4,Malicious,1,Malicious,1
1.27e-11,0.0,0.0,1,4,Malicious,1,Malicious,1
5.07e-11,0.0,0.0,1,4,Malicious,1,Malicious,1
1.27e-11,0.0,0.0,1,4,Malicious,1,Malicious,1
6.34e-11,0.0,0.0,1,4,Malicious,1,Malicious,1
3.8e-05,0.0,0.0,1,4,Malicious,1,Malicious,1
3.94e-05,0.0,0.0,1,4,Benign,0,Benign,1
3.8e-05,0.0,0.0,1,4,Malicious,1,Malicious,1
1.27e-11,0.0,0.0,1,4,Malicious,1,Malicious,1
1.27e-11,0.0,0.0,1,4,Malicious,1,Malicious,1
1.27e-11,0.0,0.0,1,4,Malicious,1,Malicious,1
3.38e-06,0.0,0.0,1,1,Benign,0,Benign,0
3.8e-05,0.0,0.0,1,4,Malicious,1,Malicious,1
3.22e-09,0.0,0.0,1,4,Malicious,1,Malicious,1
5.07e-11,0.0,0.0,1,4,Malicious,1,Malicious,1
0.0,0.0,0.0,1,4,Malicious,1,Malicious,1
1.27e-11,0.0,0.0,1,4,Malicious,1,Malicious,1
3.95e-05,0.0,0.0,1,4,Benign,0,Benign,1
1.27e-11,0.0,0.0,1,4,Malicious,1,Malicious,1
4e-05,0.0,0.0,1,4,Benign,0,Benign,1
0.0,0.0,0.0,1,4,Malicious,1,Malicious,1
5.07e-11,0.0,0.0,1,4,Malicious,1,Malicious,1
1.27e-11,0.0,0.0,1,4,Malicious,1,Malicious,1
3.8e-05,0.0,0.0,1,4,Malicious,1,Malicious,1
3.94e-05,0.0,0.0,1,4,Malicious,1,Malicious,1
1.56e-08,2.75e-08,1.43e-07,2,8,Benign,0,Benign,0
3.22e-09,0.0,0.0,1,4,Malicious,1,Malicious,1
5.07e-11,0.0,0.0,1,4,Malicious,1,Malicious,1
1.27e-11,0.0,0.0,1,4,Malicious,1,Malicious,1
3.95e-05,0.0,0.0,1,4,Benign,0,Benign,1
5.19e-05,4.3e-08,7.22e-07,1,7,Malicious,1,Malicious,1
5.07e-11,0.0,0.0,1,4,Malicious,1,Malicious,1
1.27e-11,0.0,0.0,1,4,Malicious,1,Malicious,1
3.93e-05,0.0,0.0,1,4,Benign,0,Benign,1
3.91e-05,0.0,0.0,1,4,Benign,0,Benign,1
3.37e-07,0.0,0.0,1,8,Benign,0,Benign,0
3.91e-05,0.0,0.0,1,4,Malicious,1,Malicious,1
5.07e-11,0.0,0.0,1,4,Malicious,1,Malicious,1
3.8e-05,0.0,0.0,1,4,Malicious,1,Malicious,1
2.21e-08,2.75e-08,1.43e-07,2,8,Benign,0,Benign,0
3.07e-09,0.0,0.0,1,4,Malicious,1,Malicious,1
3.99e-05,0.0,0.0,1,4,Benign,0,Benign,1
5.07e-11,0.0,0.0,1,4,Malicious,1,Malicious,1
9.82e-08,2.58e-08,1.34e-07,2,8,Benign,0,Benign,0
1.27e-11,0.0,0.0,1,4,Malicious,1,Malicious,1
3.97e-05,0.0,0.0,1,4,Malicious,1,Malicious,1
3.22e-09,0.0,0.0,1,4,Malicious,1,Malicious,1
3.8e-05,0.0,0.0,1,4,Malicious,1,Malicious,1
1.27e-11,0.0,0.0,1,4,Malicious,1,Malicious,1
1.27e-11,0.0,0.0,1,4,Malicious,1,Malicious,1
1.27e-11,0.0,0.0,1,4,Malicious,1,Malicious,1
0.0,0.0,0.0,1,4,Malicious,1,Malicious,1
6.3e-09,1.66e-08,1.34e-07,2,8,Benign,0,Benign,0
3.8e-05,0.0,0.0,1,4,Malicious,1,Malicious,1
3.94e-05,0.0,0.0,1,4,Benign,0,Benign,1
1.27e-11,0.0,0.0,1,4,Malicious,1,Malicious,1
4.04e-06,5.9e-08,8.59e-07,2,8,Benign,0,Benign,0
7.8e-07,2.58e-08,1.34e-07,2,8,Benign,0,Benign,0
2.22e-08,2.75e-08,1.43e-07,2,8,Benign,0,Benign,0
3.8e-05,0.0,0.0,1,4,Malicious,1,Malicious,1
5.07e-11,0.0,0.0,1,4,Malicious,1,Malicious,1
1.4e-10,0.0,0.0,1,4,Malicious,1,Malicious,1
3.8e-05,0.0,0.0,1,4,Malicious,1,Malicious,1
3.99e-05,0.0,0.0,1,4,Benign,0,Benign,1
9.47e-09,1.66e-08,1.34e-07,2,8,Benign,0,Benign,0
3.96e-05,0.0,0.0,1,4,Benign,0,Benign,1
3.78e-08,2.75e-08,1.43e-07,2,8,Benign,0,Benign,0
3.26e-09,0.0,0.0,1,4,Malicious,1,Malicious,1
1.27e-11,0.0,0.0,1,4,Malicious,1,Malicious,1
1.27e-11,0.0,0.0,1,4,Malicious,1,Malicious,1
3.94e-05,0.0,0.0,1,4,Malicious,1,Malicious,1
2.2e-08,2.75e-08,1.43e-07,2,8,Benign,0,Benign,0
0.000219924,7.68e-08,2.08e-07,2,8,Benign,0,Benign,0
3.97e-05,0.0,0.0,1,4,Malicious,1,Malicious,1
3.8e-05,0.0,0.0,1,4,Malicious,1,Malicious,1
3.95e-05,0.0,0.0,1,4,Malicious,1,Malicious,1
3.8e-05,0.0,0.0,1,4,Malicious,1,Malicious,1
1.57e-06,2.75e-08,1.43e-07,2,8,Benign,0,Benign,0
1.27e-11,0.0,0.0,1,4,Malicious,1,Malicious,1
1.27e-11,0.0,0.0,1,4,Malicious,1,Malicious,1
6.34e-11,0.0,0.0,1,4,Malicious,1,Malicious,1
3.99e-05,0.0,0.0,1,4,Malicious,1,Malicious,1
2.65e-09,0.0,0.0,1,4,Malicious,1,Malicious,1
3.22e-09,0.0,0.0,1,4,Malicious,1,Malicious,1
3.97e-05,0.0,0.0,1,4,Malicious,1,Malicious,1
0.0,0.0,0.0,1,4,Malicious,1,Malicious,1
6.34e-11,0.0,0.0,1,4,Malicious,1,Malicious,1
0.0,0.0,0.0,1,4,Malicious,1,Malicious,1
3.94e-05,0.0,0.0,1,4,Malicious,1,Malicious,1
0.0,0.0,0.0,1,4,Malicious,1,Malicious,1
0.0,0.0,0.0,1,4,Malicious,1,Malicious,1
1.01e-10,0.0,0.0,1,4,Malicious,1,Malicious,1
5.07e-11,0.0,0.0,1,4,Malicious,1,Malicious,1
3.79e-05,0.0,0.0,1,4,Malicious,1,Malicious,1
1.27e-11,0.0,0.0,1,4,Malicious,1,Malicious,1
1.27e-11,0.0,0.0,1,4,Malicious,1,Malicious,1
1.27e-11,0.0,0.0,1,4,Malicious,1,Malicious,1
3.8e-05,0.0,0.0,1,4,Malicious,1,Malicious,1
1.27e-11,0.0,0.0,1,4,Malicious,1,Malicious,1
2.66e-09,0.0,0.0,1,4,Malicious,1,Malicious,1
3.94e-05,0.0,0.0,1,4,Malicious,1,Malicious,1
1.27e-11,0.0,0.0,1,4,Malicious,1,Malicious,1
3.92e-05,0.0,0.0,1,4,Malicious,1,Malicious,1
1.27e-11,0.0,0.0,1,4,Malicious,1,Malicious,1
1.43e-07,2.12e-08,1.57e-07,2,8,Benign,0,Benign,0
2.52e-09,0.0,0.0,1,4,Malicious,1,Malicious,1
3.95e-05,0.0,0.0,1,4,Benign,0,Benign,1
3.8e-05,0.0,0.0,1,4,Malicious,1,Malicious,1
0.0,0.0,0.0,1,4,Malicious,1,Malicious,1
3.98e-05,0.0,0.0,1,4,Malicious,1,Malicious,1
1.27e-11,0.0,0.0,1,4,Malicious,1,Malicious,1
3.8e-05,0.0,0.0,1,4,Malicious,1,Malicious,1
5.64e-07,2.58e-08,1.34e-07,2,8,Benign,0,Benign,0
6.29e-09,0.0,0.0,1,4,Malicious,1,Malicious,1
0.000739167,1.72e-06,0.0,2,4,Benign,0,Benign,0
3.93e-05,0.0,0.0,1,4,Malicious,1,Malicious,1
1.27e-11,0.0,0.0,1,4,Malicious,1,Malicious,1
0.0,0.0,0.0,1,4,Malicious,1,Malicious,1
4.52e-06,0.0,0.0,1,8,Benign,0,Benign,1
3.92e-05,0.0,0.0,1,4,Benign,0,Benign,1
5.07e-11,0.0,0.0,1,4,Malicious,1,Malicious,1
6.96e-08,2.75e-08,1.43e-07,2,8,Benign,0,Benign,0
3.8e-08,2.58e-08,1.34e-07,2,8,Benign,0,Benign,0
5.42e-05,4.3e-08,7.22e-07,1,7,Malicious,1,Malicious,1
5.07e-11,0.0,0.0,1,4,Malicious,1,Malicious,1
3.92e-05,0.0,0.0,1,4,Malicious,1,Malicious,1
3.94e-05,0.0,0.0,1,4,Benign,0,Benign,1
1.27e-11,0.0,0.0,1,4,Malicious,1,Malicious,1
1.27e-11,0.0,0.0,1,4,Malicious,1,Malicious,1
5.07e-11,0.0,0.0,1,4,Malicious,1,Malicious,1
1.27e-11,0.0,0.0,1,4,Malicious,1,Malicious,1
1.27e-11,0.0,0.0,1,4,Malicious,1,Malicious,1
3.95e-05,0.0,0.0,1,4,Malicious,1,Malicious,1
6.34e-11,0.0,0.0,1,4,Malicious,1,Malicious,1
1.27e-11,0.0,0.0,1,4,Malicious,1,Malicious,1
1.27e-11,0.0,0.0,1,4,Malicious,1,Malicious,1
4.06e-07,2.24e-08,3.06e-07,2,8,Benign,0,Benign,0
0.0,0.0,0.0,1,4,Malicious,1,Malicious,1
1.27e-11,0.0,0.0,1,4,Malicious,1,Malicious,1
1.27e-11,0.0,0.0,1,4,Malicious,1,Malicious,1
1.27e-11,0.0,0.0,1,4,Malicious,1,Malicious,1
5.07e-11,0.0,0.0,1,4,Malicious,1,Malicious,1
0.0,0.0,0.0,1,4,Malicious,1,Malicious,1
3.8e-08,2.75e-08,1.43e-07,2,8,Benign,0,Benign,0
5.07e-11,0.0,0.0,1,4,Malicious,1,Malicious,1
3.8e-05,0.0,0.0,1,4,Malicious,1,Malicious,1
3.8e-05,0.0,0.0,1,4,Malicious,1,Malicious,1
6.34e-11,0.0,0.0,1,4,Malicious,1,Malicious,1
1.27e-11,0.0,0.0,1,4,Malicious,1,Malicious,1
1.27e-11,0.0,0.0,1,4,Malicious,1,Malicious,1
6.33e-09,2.58e-08,1.34e-07,2,8,Benign,0,Benign,0
1.27e-11,0.0,0.0,1,4,Malicious,1,Malicious,1
6.34e-11,0.0,0.0,1,4,Malicious,1,Malicious,1
0.0,0.0,0.0,1,4,Malicious,1,Malicious,1
4.62e-06,0.0,0.0,1,8,Benign,0,Benign,1
2.83e-08,2.75e-08,1.43e-07,2,8,Benign,0,Benign,0
5.07e-11,0.0,0.0,1,4,Malicious,1,Malicious,1
3.98e-05,0.0,0.0,1,4,Malicious,1,Malicious,1
4.01e-05,0.0,0.0,1,4,Benign,0,Benign,1
5.07e-11,0.0,0.0,1,4,Malicious,1,Malicious,1
2.83e-08,2.75e-08,1.43e-07,2,8,Benign,0,Benign,0
1.27e-11,0.0,0.0,1,4,Malicious,1,Malicious,1
1.27e-11,0.0,0.0,1,4,Malicious,1,Malicious,1
6.34e-08,2.75e-08,1.43e-07,2,8,Benign,0,Benign,0
1.27e-11,0.0,0.0,1,4,Malicious,1,Malicious,1
1.27e-11,0.0,0.0,1,4,Malicious,1,Malicious,1
3.8e-05,0.0,0.0,1,4,Malicious,1,Malicious,1
1.27e-11,0.0,0.0,1,4,Malicious,1,Malicious,1
2.54e-11,5.5e-08,0.0,2,4,Benign,0,Benign,0
1.27e-11,0.0,0.0,1,4,Malicious,1,Malicious,1
6.35e-05,4.47e-08,0.0,2,4,Benign,0,Benign,0
3.8e-05,0.0,0.0,1,4,Malicious,1,Malicious,1
0.0,0.0,0.0,1,4,Malicious,1,Malicious,1
9.51e-09,2.24e-08,1.16e-07,2,8,Benign,0,Benign,0
1.27e-11,0.0,0.0,1,4,Malicious,1,Malicious,1
3.8e-05,0.0,0.0,1,4,Malicious,1,Malicious,1
3.97e-05,0.0,0.0,1,4,Benign,0,Benign,1
1.27e-11,0.0,0.0,1,4,Malicious,1,Malicious,1
3.95e-05,0.0,0.0,1,4,Malicious,1,Malicious,1
4e-05,0.0,0.0,1,4,Malicious,1,Malicious,1
3.99e-05,0.0,0.0,1,4,Malicious,1,Malicious,1
0.0,0.0,0.0,1,4,Malicious,1,Malicious,1
2.21e-08,2.75e-08,1.43e-07,2,8,Benign,0,Benign,0
1.58e-07,2.69e-08,3.3e-07,2,8,Benign,0,Benign,0
3.97e-05,0.0,0.0,1,4,Malicious,1,Malicious,1
1.27e-11,0.0,0.0,1,4,Malicious,1,Malicious,1
6.34e-11,0.0,0.0,1,4,Malicious,1,Malicious,1
1.27e-11,0.0,0.0,1,4,Malicious,1,Malicious,1
3.95e-05,0.0,0.0,1,4,Benign,0,Benign,1
5.07e-11,0.0,0.0,1,4,Malicious,1,Malicious,1
1.27e-11,0.0,0.0,1,4,Malicious,1,Malicious,1
0.0,0.0,0.0,1,4,Malicious,1,Malicious,1
6e-08,5.5e-08,2.85e-07,2,8,Benign,0,Benign,0
2.21e-08,2.75e-08,1.43e-07,2,8,Benign,0,Benign,0
1.27e-11,0.0,0.0,1,4,Malicious,1,Malicious,1
4.22e-07,1.66e-08,1.34e-07,2,8,Benign,0,Benign,0
1.27e-11,0.0,0.0,1,4,Malicious,1,Malicious,1
1.27e-11,0.0,0.0,1,4,Malicious,1,Malicious,1
0.0,0.0,0.0,1,4,Malicious,1,Malicious,1
3.99e-05,0.0,0.0,1,4,Malicious,1,Malicious,1
4.64e-06,0.0,0.0,1,1,Benign,0,Benign,0
3.93e-05,0.0,0.0,1,4,Benign,0,Benign,1
6.34e-11,0.0,0.0,1,4,Malicious,1,Malicious,1
5.36e-06,0.0,0.0,1,1,Benign,0,Benign,0
3.8e-05,0.0,0.0,1,4,Malicious,1,Malicious,1
1.27e-11,0.0,0.0,1,4,Malicious,1,Malicious,1
3.29e-09,0.0,0.0,1,4,Malicious,1,Malicious,1
3.93e-05,0.0,0.0,1,4,Malicious,1,Malicious,1
3.92e-05,0.0,0.0,1,4,Benign,0,Benign,1
3.98e-05,0.0,0.0,1,4,Benign,0,Benign,1
4e-05,0.0,0.0,1,4,Benign,0,Benign,1
3.98e-05,0.0,0.0,1,4,Benign,0,Benign,1
6.41e-05,4.47e-08,3.06e-07,2,8,Benign,0,Benign,0
3.94e-05,0.0,0.0,1,4,Benign,0,Benign,1
5.07e-11,0.0,0.0,1,4,Malicious,1,Malicious,1
1.27e-11,0.0,0.0,1,4,Malicious,1,Malicious,1
1.27e-11,0.0,0.0,1,4,Malicious,1,Malicious,1
4e-05,0.0,0.0,1,4,Benign,0,Benign,1
5.07e-11,0.0,0.0,1,4,Malicious,1,Malicious,1
1.27e-11,0.0,0.0,1,4,Malicious,1,Malicious,1
1.27e-11,0.0,0.0,1,4,Malicious,1,Malicious,1
3.8e-05,0.0,0.0,1,4,Malicious,1,Malicious,1
2.22e-08,2.75e-08,1.43e-07,2,8,Benign,0,Benign,0
3.91e-05,0.0,0.0,1,4,Malicious,1,Malicious,1
0.0,0.0,0.0,1,4,Malicious,1,Malicious,1
6.34e-11,0.0,0.0,1,4,Malicious,1,Malicious,1
1.75e-07,2.75e-08,1.43e-07,2,8,Benign,0,Benign,0
1.46e-07,0.0,0.0,1,8,Benign,0,Benign,0
1.88e-08,2.75e-08,1.43e-07,2,8,Benign,0,Benign,0
3.22e-09,0.0,0.0,1,4,Malicious,1,Malicious,1
2.54e-11,0.0,0.0,1,4,Malicious,1,Malicious,1
1.27e-11,0.0,0.0,1,4,Malicious,1,Malicious,1
3.95e-05,0.0,0.0,1,4,Benign,0,Benign,1
0.0,0.0,0.0,1,4,Malicious,1,Malicious,1
5.07e-11,0.0,0.0,1,4,Malicious,1,Malicious,1
0.000127612,1.65e-07,8.56e-07,2,8,Benign,0,Benign,0
1.27e-11,0.0,0.0,1,4,Malicious,1,Malicious,1
1.27e-11,0.0,0.0,1,4,Malicious,1,Malicious,1
5.07e-11,0.0,0.0,1,4,Malicious,1,Malicious,1
1.27e-11,0.0,0.0,1,4,Malicious,1,Malicious,1
6.38e-09,0.0,0.0,1,4,Malicious,1,Malicious,1
3.21e-09,0.0,0.0,1,4,Malicious,1,Malicious,1
2.19e-08,2.75e-08,1.43e-07,2,8,Benign,0,Benign,0
0.0,0.0,0.0,1,4,Malicious,1,Malicious,1
1.27e-11,0.0,0.0,1,4,Malicious,1,Malicious,1
3.91e-05,0.0,0.0,1,4,Benign,0,Benign,1
1.27e-11,0.0,0.0,1,4,Malicious,1,Malicious,1
1.27e-11,0.0,0.0,1,4,Malicious,1,Malicious,1
5.07e-11,0.0,0.0,1,4,Malicious,1,Malicious,1
3.92e-05,0.0,0.0,1,4,Malicious,1,Malicious,1
6.35e-05,4.47e-08,0.0,2,4,Benign,0,Benign,0
3.93e-05,0.0,0.0,1,4,Benign,0,Benign,1
6.32e-09,2.58e-08,1.34e-07,2,8,Benign,0,Benign,0
1.27e-11,0.0,0.0,1,4,Malicious,1,Malicious,1
0.0,0.0,0.0,1,4,Malicious,1,Malicious,1
6.35e-05,4.47e-08,0.0,2,4,Benign,0,Benign,0
1.27e-11,0.0,0.0,1,4,Malicious,1,Malicious,1
0.0,0.0,0.0,1,4,Malicious,1,Malicious,1
1.27e-11,0.0,0.0,1,4,Malicious,1,Malicious,1
3.79e-05,0.0,0.0,1,4,Malicious,1,Malicious,1
3.21e-09,0.0,0.0,1,4,Malicious,1,Malicious,1
0.0,0.0,0.0,1,4,Malicious,1,Malicious,1
5.07e-11,0.0,0.0,1,4,Malicious,1,Malicious,1
3.93e-05,0.0,0.0,1,4,Malicious,1,Malicious,1
6.97e-08,2.75e-08,1.43e-07,2,8,Benign,0,Benign,0
2.61e-05,3.84e-08,6.92e-07,1,7,Benign,0,Benign,1
1.39e-05,3.84e-08,6.92e-07,1,7,Benign,0,Benign,1
3.99e-05,0.0,0.0,1,4,Malicious,1,Malicious,1
3.97e-05,0.0,0.0,1,4,Benign,0,Benign,1
6.32e-09,2.58e-08,1.34e-07,2,8,Benign,0,Benign,0
6.35e-05,4.47e-08,0.0,2,4,Benign,0,Benign,0
3.91e-05,0.0,0.0,1,4,Malicious,1,Malicious,1
9.49e-09,1.66e-08,1.34e-07,2,8,Benign,0,Benign,0
1.27e-11,0.0,0.0,1,4,Malicious,1,Malicious,1
5.07e-11,0.0,0.0,1,4,Malicious,1,Malicious,1
3.81e-11,0.0,0.0,1,4,Malicious,1,Malicious,1
0.0,0.0,0.0,1,4,Malicious,1,Malicious,1
1.27e-11,0.0,0.0,1,4,Malicious,1,Malicious,1
3.95e-05,0.0,0.0,1,4,Benign,0,Benign,1
1.27e-11,0.0,0.0,1,4,Malicious,1,Malicious,1
1.27e-11,0.0,0.0,1,4,Malicious,1,Malicious,1
3.81e-11,0.0,0.0,1,4,Malicious,1,Malicious,1
3.92e-05,0.0,0.0,1,4,Malicious,1,Malicious,1
4e-05,0.0,0.0,1,4,Benign,0,Benign,1
5.07e-11,0.0,0.0,1,4,Malicious,1,Malicious,1
2.06e-07,1.66e-08,1.34e-07,2,8,Benign,0,Benign,0
1.27e-11,0.0,0.0,1,4,Malicious,1,Malicious,1
1.27e-11,0.0,0.0,1,4,Malicious,1,Malicious,1
1.27e-11,0.0,0.0,1,4,Malicious,1,Malicious,1
0.000767194,1.72e-06,0.0,2,4,Benign,0,Benign,0
1.27e-11,0.0,0.0,1,4,Malicious,1,Malicious,1
3.8e-05,0.0,0.0,1,4,Malicious,1,Malicious,1
6.34e-11,0.0,0.0,1,4,Malicious,1,Malicious,1
3.92e-05,0.0,0.0,1,4,Benign,0,Benign,1
1.27e-11,0.0,0.0,1,4,Malicious,1,Malicious,1
3.79e-05,0.0,0.0,1,4,Malicious,1,Malicious,1
3.99e-05,0.0,0.0,1,4,Benign,0,Benign,1
4.11e-08,2.75e-08,1.43e-07,2,8,Benign,0,Benign,0
6.34e-11,0.0,0.0,1,4,Malicious,1,Malicious,1
1.27e-11,0.0,0.0,1,4,Malicious,1,Malicious,1
5.07e-11,0.0,0.0,1,4,Malicious,1,Malicious,1
1.27e-11,0.0,0.0,1,4,Malicious,1,Malicious,1
3.97e-05,0.0,0.0,1,4,Malicious,1,Malicious,1
1.37e-05,3.84e-08,6.92e-07,1,7,Benign,0,Benign,0
5.07e-11,0.0,0.0,1,4,Malicious,1,Malicious,1
1.27e-11,0.0,0.0,1,4,Malicious,1,Malicious,1
1.27e-11,0.0,0.0,1,4,Malicious,1,Malicious,1
3.94e-05,0.0,0.0,1,4,Benign,0,Benign,1
1.27e-11,0.0,0.0,1,4,Malicious,1,Malicious,1
4e-05,0.0,0.0,1,4,Benign,0,Benign,1
2.86e-08,2.75e-08,1.43e-07,2,8,Benign,0,Benign,0
3.8e-05,0.0,0.0,1,4,Malicious,1,Malicious,1
1.27e-11,0.0,0.0,1,4,Malicious,1,Malicious,1
3.94e-05,0.0,0.0,1,4,Malicious,1,Malicious,1
1.27e-11,0.0,0.0,1,4,Malicious,1,Malicious,1
5.07e-11,0.0,0.0,1,4,Malicious,1,Malicious,1
0.000776187,1.15e-07,0.0,2,4,Benign,0,Benign,0
2.33e-05,2.97e-07,1.96e-07,1,3,Malicious,1,Malicious,1
1.27e-11,0.0,0.0,1,4,Malicious,1,Malicious,1
1.63e-07,2.75e-08,1.43e-07,2,8,Benign,0,Benign,0
5.07e-11,0.0,0.0,1,4,Malicious,1,Malicious,1
3.94e-05,0.0,0.0,1,4,Malicious,1,Malicious,1
3.8e-05,0.0,0.0,1,4,Malicious,1,Malicious,1
0.0,0.0,0.0,1,4,Malicious,1,Malicious,1
0.000583696,1.82e-07,0.0,2,4,Benign,0,Benign,0
3.96e-05,0.0,0.0,1,4,Malicious,1,Malicious,1
0.0,0.0,0.0,1,4,Malicious,1,Malicious,1
1.27e-11,0.0,0.0,1,4,Malicious,1,Malicious,1
3.79e-05,0.0,0.0,1,4,Malicious,1,Malicious,1
3.8e-05,0.0,0.0,1,4,Malicious,1,Malicious,1
1.27e-11,0.0,0.0,1,4,Malicious,1,Malicious,1
1.27e-10,0.0,0.0,1,4,Malicious,1,Malicious,1
3.81e-11,0.0,0.0,1,4,Malicious,1,Malicious,1
2.68e-05,3.84e-08,6.92e-07,1,7,Benign,0,Benign,1
3.97e-05,0.0,0.0,1,4,Malicious,1,Malicious,1
6.33e-08,2.75e-08,1.43e-07,2,8,Benign,0,Benign,0
2.71e-05,4.3e-08,7.22e-07,1,7,Malicious,1,Malicious,1
0.000426657,3.55e-08,7.99e-07,1,7,Malicious,1,Malicious,1
1.27e-11,0.0,0.0,1,4,Malicious,1,Malicious,1
6.34e-11,0.0,0.0,1,4,Malicious,1,Malicious,1
3.92e-05,0.0,0.0,1,4,Malicious,1,Malicious,1
9.47e-09,2.24e-08,1.16e-07,2,8,Benign,0,Benign,0
3.21e-09,0.0,0.0,1,4,Malicious,1,Malicious,1
0.0,0.0,0.0,1,4,Malicious,1,Malicious,1
4.01e-05,0.0,0.0,1,4,Benign,0,Benign,1
3.8e-05,0.0,0.0,1,4,Malicious,1,Malicious,1
1.27e-11,0.0,0.0,1,4,Malicious,1,Malicious,1
3.99e-05,0.0,0.0,1,4,Malicious,1,Malicious,1
6.34e-08,2.75e-08,1.43e-07,2,8,Benign,0,Benign,0
1.27e-11,0.0,0.0,1,4,Malicious,1,Malicious,1
3.21e-09,0.0,0.0,1,4,Malicious,1,Malicious,1
6.32e-09,0.0,0.0,1,4,Malicious,1,Malicious,1
3.37e-07,0.0,0.0,1,8,Benign,0,Benign,0
1.9e-08,2.75e-08,1.43e-07,2,8,Benign,0,Benign,0
3.97e-05,0.0,0.0,1,4,Benign,0,Benign,1
1.27e-11,0.0,0.0,1,4,Malicious,1,Malicious,1
9.36e-09,2.58e-08,1.34e-07,2,8,Benign,0,Benign,0
6.34e-11,0.0,0.0,1,4,Malicious,1,Malicious,1
2.2e-08,2.75e-08,1.43e-07,2,8,Benign,0,Benign,0
3.92e-05,0.0,0.0,1,4,Benign,0,Benign,1
4.01e-05,0.0,0.0,1,4,Malicious,1,Malicious,1
1.31e-07,2.29e-08,1.66e-07,2,8,Benign,0,Benign,0
5.18e-05,4.3e-08,7.22e-07,1,7,Malicious,1,Malicious,1
1.27e-11,0.0,0.0,1,4,Malicious,1,Malicious,1
1.27e-11,0.0,0.0,1,4,Malicious,1,Malicious,1
2.87e-09,0.0,0.0,1,4,Malicious,1,Malicious,1
1.26e-08,1.66e-08,1.34e-07,2,8,Benign,0,Benign,0
3.79e-05,0.0,0.0,1,4,Malicious,1,Malicious,1
3.8e-05,0.0,0.0,1,4,Malicious,1,Malicious,1
3.96e-05,0.0,0.0,1,4,Benign,0,Benign,1
3.8e-05,0.0,0.0,1,4,Malicious,1,Malicious,1
2.74e-09,0.0,0.0,1,4,Malicious,1,Malicious,1
3.13e-09,0.0,0.0,1,4,Malicious,1,Malicious,1
5.07e-11,0.0,0.0,1,4,Malicious,1,Malicious,1
5.3e-05,3.78e-08,6.89e-07,1,7,Benign,0,Benign,1
5.07e-11,0.0,0.0,1,4,Malicious,1,Malicious,1
1.27e-11,0.0,0.0,1,4,Malicious,1,Malicious,1
6.4e-07,0.0,0.0,1,1,Malicious,1,Malicious,1
3.97e-05,0.0,0.0,1,4,Malicious,1,Malicious,1
4.74e-08,1.66e-08,1.34e-07,2,8,Benign,0,Benign,0
2.21e-08,2.75e-08,1.43e-07,2,8,Benign,0,Benign,0
3.21e-09,0.0,0.0,1,4,Malicious,1,Malicious,1
3.95e-05,0.0,0.0,1,4,Benign,0,Benign,1
3.25e-09,0.0,0.0,1,4,Malicious,1,Malicious,1
3.16e-08,2.75e-08,1.43e-07,2,8,Benign,0,Benign,0
4e-05,0.0,0.0,1,4,Benign,0,Benign,1
2.86e-08,2.75e-08,1.43e-07,2,8,Benign,0,Benign,0
4.01e-05,0.0,0.0,1,4,Malicious,1,Malicious,1
1.27e-11,0.0,0.0,1,4,Malicious,1,Malicious,1
3.95e-05,0.0,0.0,1,4,Benign,0,Benign,1
1.27e-11,0.0,0.0,1,4,Malicious,1,Malicious,1
1.27e-11,0.0,0.0,1,4,Malicious,1,Malicious,1
1.27e-11,0.0,0.0,1,4,Malicious,1,Malicious,1
1.27e-11,0.0,0.0,1,4,Malicious,1,Malicious,1
0.0,0.0,0.0,1,4,Malicious,1,Malicious,1
1.27e-11,0.0,0.0,1,4,Malicious,1,Malicious,1
1.27e-11,0.0,0.0,1,4,Malicious,1,Malicious,1
9.42e-09,2.58e-08,1.34e-07,2,8,Benign,0,Benign,0
6.34e-11,0.0,0.0,1,4,Malicious,1,Malicious,1
5.07e-11,0.0,0.0,1,4,Malicious,1,Malicious,1
1.89e-08,2.75e-08,1.43e-07,2,8,Benign,0,Benign,0
6.34e-08,2.75e-08,1.43e-07,2,8,Benign,0,Benign,0
3.95e-05,0.0,0.0,1,4,Benign,0,Benign,1
3.93e-05,0.0,0.0,1,4,Benign,0,Benign,1
2.48e-06,2.75e-08,1.43e-07,2,8,Benign,0,Benign,0
1.35e-05,3.84e-08,6.92e-07,1,7,Benign,0,Benign,0
2.55e-09,0.0,0.0,1,4,Malicious,1,Malicious,1
4.91e-07,2.75e-08,1.43e-07,2,8,Benign,0,Benign,0
3.8e-05,0.0,0.0,1,4,Malicious,1,Malicious,1
1.01e-10,0.0,0.0,1,4,Malicious,1,Malicious,1
3.8e-05,0.0,0.0,1,4,Malicious,1,Malicious,1
6.35e-05,4.47e-08,0.0,2,4,Benign,0,Benign,0
1.27e-11,0.0,0.0,1,4,Malicious,1,Malicious,1
1.27e-11,0.0,0.0,1,4,Malicious,1,Malicious,1
1.27e-11,0.0,0.0,1,4,Malicious,1,Malicious,1
1.34e-05,4.3e-08,7.22e-07,1,7,Malicious,1,Malicious,0
1.27e-11,0.0,0.0,1,4,Malicious,1,Malicious,1
7.45e-07,2.75e-08,1.43e-07,2,8,Benign,0,Benign,0
6.28e-09,2.58e-08,1.34e-07,2,8,Benign,0,Benign,0
1.9e-08,2.75e-08,1.43e-07,2,8,Benign,0,Benign,0
3.27e-09,0.0,0.0,1,4,Malicious,1,Malicious,1
1.27e-11,0.0,0.0,1,4,Malicious,1,Malicious,1
1.27e-11,0.0,0.0,1,4,Malicious,1,Malicious,1
4e-05,0.0,0.0,1,4,Malicious,1,Malicious,1
1.27e-11,0.0,0.0,1,4,Malicious,1,Malicious,1
3.97e-05,0.0,0.0,1,4,Malicious,1,Malicious,1
1.27e-11,0.0,0.0,1,4,Malicious,1,Malicious,1
1.27e-11,0.0,0.0,1,4,Malicious,1,Malicious,1
5.07e-11,0.0,0.0,1,4,Malicious,1,Malicious,1
3.97e-05,0.0,0.0,1,4,Benign,0,Benign,1
1.78e-07,2.46e-08,3.3e-07,2,8,Benign,0,Benign,0
3.94e-05,0.0,0.0,1,4,Malicious,1,Malicious,1
6.33e-08,2.75e-08,1.43e-07,2,8,Benign,0,Benign,0
2.51e-08,2.75e-08,1.43e-07,2,8,Benign,0,Benign,0
0.0,0.0,0.0,1,4,Malicious,1,Malicious,1
3.96e-05,0.0,0.0,1,4,Malicious,1,Malicious,1
6.3e-09,2.58e-08,1.34e-07,2,8,Benign,0,Benign,0
6.34e-11,0.0,0.0,1,4,Malicious,1,Malicious,1
1.29e-05,2.98e-08,3.68e-07,1,3,Benign,0,Benign,0
3.96e-05,0.0,0.0,1,4,Benign,0,Benign,1
4e-05,0.0,0.0,1,4,Malicious,1,Malicious,1
1.27e-11,0.0,0.0,1,4,Malicious,1,Malicious,1
5.07e-11,0.0,0.0,1,4,Malicious,1,Malicious,1
3.8e-05,0.0,0.0,1,4,Malicious,1,Malicious,1
3.95e-05,0.0,0.0,1,4,Malicious,1,Malicious,1
5.07e-11,0.0,0.0,1,4,Malicious,1,Malicious,1
5.07e-11,0.0,0.0,1,4,Malicious,1,Malicious,1
3.22e-09,0.0,0.0,1,4,Malicious,1,Malicious,1
0.0,0.0,0.0,1,4,Malicious,1,Malicious,1
3.94e-05,0.0,0.0,1,4,Benign,0,Benign,1
7.67e-07,2.58e-08,1.34e-07,2,8,Benign,0,Benign,0
3.97e-05,0.0,0.0,1,4,Malicious,1,Malicious,1
6.34e-11,0.0,0.0,1,4,Malicious,1,Malicious,1
0.0,0.0,0.0,1,4,Malicious,1,Malicious,1
3.8e-05,0.0,0.0,1,4,Malicious,1,Malicious,1
1.27e-11,0.0,0.0,1,4,Malicious,1,Malicious,1
2.85e-08,2.75e-08,1.43e-07,2,8,Benign,0,Benign,0
1.27e-11,0.0,0.0,1,4,Malicious,1,Malicious,1
1.27e-11,0.0,0.0,1,4,Malicious,1,Malicious,1
3.97e-05,0.0,0.0,1,4,Malicious,1,Malicious,1
1.35e-05,3.84e-08,6.92e-07,1,7,Benign,0,Benign,0
1.27e-11,0.0,0.0,1,4,Malicious,1,Malicious,1
3.97e-05,0.0,0.0,1,4,Malicious,1,Malicious,1
1.27e-11,0.0,0.0,1,4,Malicious,1,Malicious,1
3.96e-05,0.0,0.0,1,4,Benign,0,Benign,1
3.96e-05,0.0,0.0,1,4,Benign,0,Benign,1
1.27e-11,0.0,0.0,1,4,Malicious,1,Malicious,1
1.27e-11,0.0,0.0,1,4,Malicious,1,Malicious,1
5.07e-11,0.0,0.0,1,4,Malicious,1,Malicious,1
3.8e-05,0.0,0.0,1,4,Malicious,1,Malicious,1
3.97e-05,0.0,0.0,1,4,Malicious,1,Malicious,1
3.67e-06,2.24e-08,3.06e-07,2,8,Benign,0,Benign,0
1.27e-11,0.0,0.0,1,4,Malicious,1,Malicious,1
1.27e-11,0.0,0.0,1,4,Malicious,1,Malicious,1
5.07e-11,0.0,0.0,1,4,Malicious,1,Malicious,1
3.94e-05,0.0,0.0,1,4,Malicious,1,Malicious,1
3.8e-05,0.0,0.0,1,4,Malicious,1,Malicious,1
5.07e-11,0.0,0.0,1,4,Malicious,1,Malicious,1
3.8e-05,0.0,0.0,1,4,Malicious,1,Malicious,1
3.96e-05,0.0,0.0,1,4,Benign,0,Benign,1
3.8e-05,0.0,0.0,1,4,Malicious,1,Malicious,1
5.07e-11,0.0,0.0,1,4,Malicious,1,Malicious,1
1.27e-11,0.0,0.0,1,4,Malicious,1,Malicious,1
6.73e-05,3.38e-07,5.35e-06,1,8,Malicious,1,Malicious,1
1.27e-11,0.0,0.0,1,4,Malicious,1,Malicious,1
3.94e-05,0.0,0.0,1,4,Malicious,1,Malicious,1
3.99e-05,0.0,0.0,1,4,Benign,0,Benign,1
3.8e-05,0.0,0.0,1,4,Malicious,1,Malicious,1
1.27e-11,0.0,0.0,1,4,Malicious,1,Malicious,1
3.97e-05,0.0,0.0,1,4,Benign,0,Benign,1
1.27e-11,0.0,0.0,1,4,Malicious,1,Malicious,1
1.27e-11,0.0,0.0,1,4,Malicious,1,Malicious,1
3.81e-11,0.0,0.0,1,4,Malicious,1,Malicious,1
1.21e-07,2.75e-08,1.43e-07,2,8,Benign,0,Benign,0
1.63e-07,2.75e-08,1.43e-07,2,8,Benign,0,Benign,0
5.07e-11,0.0,0.0,1,4,Malicious,1,Malicious,1
3.07e-09,0.0,0.0,1,4,Malicious,1,Malicious,1
6.34e-11,0.0,0.0,1,4,Malicious,1,Malicious,1
1.27e-11,0.0,0.0,1,4,Malicious,1,Malicious,1
1.27e-11,0.0,0.0,1,4,Malicious,1,Malicious,1
3.8e-05,0.0,0.0,1,4,Malicious,1,Malicious,1
5.07e-11,0.0,0.0,1,4,Malicious,1,Malicious,1
1.77e-06,2.75e-08,1.43e-07,2,8,Benign,0,Benign,0
1.27e-11,0.0,0.0,1,4,Malicious,1,Malicious,1
3.92e-05,0.0,0.0,1,4,Malicious,1,Malicious,1
1.27e-11,0.0,0.0,1,4,Malicious,1,Malicious,1
1.27e-11,0.0,0.0,1,4,Malicious,1,Malicious,1
3.94e-05,0.0,0.0,1,4,Benign,0,Benign,1
1.27e-11,0.0,0.0,1,4,Malicious,1,Malicious,1
5.07e-11,0.0,0.0,1,4,Malicious,1,Malicious,1
3.99e-05,0.0,0.0,1,4,Malicious,1,Malicious,1
1.88e-07,2.75e-08,1.43e-07,2,8,Benign,0,Benign,0
1.27e-11,0.0,0.0,1,4,Malicious,1,Malicious,1
0.000456683,1.82e-07,0.0,2,4,Benign,0,Benign,0
2.67e-05,4.24e-08,7.19e-07,1,7,Malicious,1,Malicious,1
3.96e-05,0.0,0.0,1,4,Malicious,1,Malicious,1
3.8e-05,0.0,0.0,1,4,Malicious,1,Malicious,1
3.8e-05,0.0,0.0,1,4,Malicious,1,Malicious,1
1.27e-11,0.0,0.0,1,4,Malicious,1,Malicious,1
3.96e-05,0.0,0.0,1,4,Benign,0,Benign,1
4.2e-07,2.64e-08,1.84e-07,2,8,Benign,0,Benign,0
5.07e-11,0.0,0.0,1,4,Malicious,1,Malicious,1
3.95e-05,0.0,0.0,1,4,Malicious,1,Malicious,1
1.27e-11,0.0,0.0,1,4,Malicious,1,Malicious,1
1.27e-11,0.0,0.0,1,4,Malicious,1,Malicious,1
6.34e-11,0.0,0.0,1,4,Malicious,1,Malicious,1
1.27e-11,0.0,0.0,1,4,Malicious,1,Malicious,1
4.43e-08,1.66e-08,1.34e-07,2,8,Benign,0,Benign,0
3.16e-08,2.75e-08,1.43e-07,2,8,Benign,0,Benign,0
1.27e-11,0.0,0.0,1,4,Malicious,1,Malicious,1
1.27e-11,0.0,0.0,1,4,Malicious,1,Malicious,1
6.35e-05,4.47e-08,0.0,2,4,Benign,0,Benign,0
1.27e-11,0.0,0.0,1,4,Malicious,1,Malicious,1
3.13e-09,0.0,0.0,1,4,Malicious,1,Malicious,1
3.99e-05,0.0,0.0,1,4,Benign,0,Benign,1
3.17e-08,1.66e-08,1.34e-07,2,8,Benign,0,Benign,0
1.02e-06,4.58e-08,8.49e-06,1,8,Benign,0,Benign,0
3.8e-05,0.0,0.0,1,4,Malicious,1,Malicious,1
3.81e-11,0.0,0.0,1,4,Malicious,1,Malicious,1
6.18e-09,2.58e-08,1.34e-07,2,8,Benign,0,Benign,0
1.27e-11,0.0,0.0,1,4,Malicious,1,Malicious,1
1.27e-11,0.0,0.0,1,4,Malicious,1,Malicious,1
3.22e-09,0.0,0.0,1,4,Malicious,1,Malicious,1
3.97e-05,0.0,0.0,1,4,Benign,0,Benign,1
1.27e-11,0.0,0.0,1,4,Malicious,1,Malicious,1
3.92e-05,0.0,0.0,1,4,Benign,0,Benign,1
1.27e-11,0.0,0.0,1,4,Malicious,1,Malicious,1
3.22e-09,0.0,0.0,1,4,Malicious,1,Malicious,1
3.8e-05,0.0,0.0,1,4,Malicious,1,Malicious,1
1.27e-11,0.0,0.0,1,4,Malicious,1,Malicious,1
3.8e-05,0.0,0.0,1,4,Malicious,1,Malicious,1
1.27e-11,0.0,0.0,1,4,Malicious,1,Malicious,1
4.66e-07,1.66e-08,1.34e-07,2,8,Benign,0,Benign,0
3.79e-05,0.0,0.0,1,4,Malicious,1,Malicious,1
2.72e-07,2.75e-08,1.43e-07,2,8,Benign,0,Benign,0
0.0,0.0,0.0,1,4,Malicious,1,Malicious,1
3.96e-05,0.0,0.0,1,4,Malicious,1,Malicious,1
3.64e-06,2.75e-08,1.43e-07,2,8,Benign,0,Benign,0
1.27e-11,0.0,0.0,1,4,Malicious,1,Malicious,1
6.65e-08,2.75e-08,1.43e-07,2,8,Benign,0,Benign,0
2.21e-08,2.75e-08,1.43e-07,2,8,Benign,0,Benign,0
3.98e-05,0.0,0.0,1,4,Benign,0,Benign,1
1.9e-08,2.75e-08,1.43e-07,2,8,Benign,0,Benign,0
3.8e-05,0.0,0.0,1,4,Malicious,1,Malicious,1
1.42e-05,4.3e-08,7.22e-07,1,7,Malicious,1,Malicious,1
3.23e-09,0.0,0.0,1,4,Malicious,1,Malicious,1
3.97e-05,0.0,0.0,1,4,Malicious,1,Malicious,1
0.0,0.0,0.0,1,4,Malicious,1,Malicious,1
1.93e-07,5.5e-08,2.85e-07,2,8,Benign,0,Benign,0
1.89e-08,2.75e-08,1.43e-07,2,8,Benign,0,Benign,0
3.8e-05,0.0,0.0,1,4,Malicious,1,Malicious,1
1.27e-11,0.0,0.0,1,4,Malicious,1,Malicious,1
5.07e-11,0.0,0.0,1,4,Malicious,1,Malicious,1
2.21e-08,2.75e-08,1.43e-07,2,8,Benign,0,Benign,0
3.22e-09,0.0,0.0,1,4,Malicious,1,Malicious,1
5.07e-11,0.0,0.0,1,4,Malicious,1,Malicious,1
3.22e-09,0.0,0.0,1,4,Malicious,1,Malicious,1
3.94e-05,0.0,0.0,1,4,Malicious,1,Malicious,1
1.27e-11,0.0,0.0,1,4,Malicious,1,Malicious,1
3.99e-05,0.0,0.0,1,4,Malicious,1,Malicious,1
1.27e-11,0.0,0.0,1,4,Malicious,1,Malicious,1
3.8e-05,0.0,0.0,1,4,Benign,0,Benign,1
1.27e-11,0.0,0.0,1,4,Malicious,1,Malicious,1
5.07e-11,0.0,0.0,1,4,Malicious,1,Malicious,1
3.92e-05,0.0,0.0,1,4,Malicious,1,Malicious,1
1.27e-11,0.0,0.0,1,4,Malicious,1,Malicious,1
3.97e-05,0.0,0.0,1,4,Malicious,1,Malicious,1
3.99e-05,0.0,0.0,1,4,Benign,0,Benign,1
5.07e-11,0.0,0.0,1,4,Malicious,1,Malicious,1
3.81e-11,0.0,0.0,1,4,Malicious,1,Malicious,1
1.27e-11,0.0,0.0,1,4,Malicious,1,Malicious,1
1.27e-11,0.0,0.0,1,4,Malicious,1,Malicious,1
1.27e-11,0.0,0.0,1,4,Malicious,1,Malicious,1
3.22e-09,0.0,0.0,1,4,Malicious,1,Malicious,1
1.27e-11,0.0,0.0,1,4,Malicious,1,Malicious,1
3.97e-05,0.0,0.0,1,4,Malicious,1,Malicious,1
0.003806867,1.67e-07,2.3e-06,1,8,Benign,0,Benign,0
1.27e-11,0.0,0.0,1,4,Malicious,1,Malicious,1
1.27e-11,0.0,0.0,1,4,Malicious,1,Malicious,1
0.0,0.0,0.0,1,4,Malicious,1,Malicious,1
4e-05,0.0,0.0,1,4,Malicious,1,Malicious,1
2.53e-08,5.16e-08,2.67e-07,2,8,Benign,0,Benign,0
3.8e-05,0.0,0.0,1,4,Malicious,1,Malicious,1
3.96e-05,0.0,0.0,1,4,Malicious,1,Malicious,1
3.97e-05,0.0,0.0,1,4,Malicious,1,Malicious,1
1.38e-05,3.84e-08,6.92e-07,1,7,Benign,0,Benign,0
0.001019643,0.0,0.0,1,6,Malicious,1,Malicious,1
1.27e-11,0.0,0.0,1,4,Malicious,1,Malicious,1
6.31e-08,2.75e-08,1.43e-07,2,8,Benign,0,Benign,0
3.21e-09,0.0,0.0,1,4,Malicious,1,Malicious,1
0.0,0.0,0.0,1,4,Malicious,1,Malicious,1
1.27e-11,0.0,0.0,1,4,Malicious,1,Malicious,1
1.27e-11,0.0,0.0,1,4,Malicious,1,Malicious,1
1.27e-11,0.0,0.0,1,4,Malicious,1,Malicious,1
1.27e-11,0.0,0.0,1,4,Malicious,1,Malicious,1
6.34e-11,0.0,0.0,1,4,Malicious,1,Malicious,1
1.27e-11,0.0,0.0,1,4,Malicious,1,Malicious,1
2.7e-05,4.3e-08,7.22e-07,1,7,Malicious,1,Malicious,1
3.99e-05,0.0,0.0,1,4,Malicious,1,Malicious,1
6.35e-05,4.47e-08,0.0,2,4,Benign,0,Benign,0
1.27e-11,0.0,0.0,1,4,Malicious,1,Malicious,1
6.34e-08,2.75e-08,1.43e-07,2,8,Benign,0,Benign,0
3.99e-05,0.0,0.0,1,4,Benign,0,Benign,1
0.0,0.0,0.0,1,4,Malicious,1,Malicious,1
0.0,0.0,0.0,1,4,Malicious,1,Malicious,1
3.93e-05,0.0,0.0,1,4,Malicious,1,Malicious,1
1.27e-11,0.0,0.0,1,4,Malicious,1,Malicious,1
1.47e-06,2.24e-08,3.06e-07,2,8,Benign,0,Benign,0
2.21e-08,2.75e-08,1.43e-07,2,8,Benign,0,Benign,0
7.28e-08,2.75e-08,1.43e-07,2,8,Benign,0,Benign,0
1.57e-08,2.75e-08,1.43e-07,2,8,Benign,0,Benign,0
6.29e-09,2.58e-08,1.34e-07,2,8,Benign,0,Benign,0
0.0,0.0,0.0,1,4,Malicious,1,Malicious,1
6.34e-11,0.0,0.0,1,4,Malicious,1,Malicious,1
1.27e-11,0.0,0.0,1,4,Malicious,1,Malicious,1
6.02e-08,2.75e-08,1.43e-07,2,8,Benign,0,Benign,0
1.27e-11,0.0,0.0,1,4,Malicious,1,Malicious,1
3.25e-09,0.0,0.0,1,4,Malicious,1,Malicious,1
3.8e-05,0.0,0.0,1,4,Malicious,1,Malicious,1
1.27e-11,0.0,0.0,1,4,Malicious,1,Malicious,1
2.09e-05,4.3e-08,7.22e-07,1,7,Malicious,1,Malicious,1
5.07e-07,2.75e-08,1.43e-07,2,8,Benign,0,Benign,0
3.93e-05,0.0,0.0,1,4,Malicious,1,Malicious,1
4e-05,0.0,0.0,1,4,Malicious,1,Malicious,1
1.27e-11,0.0,0.0,1,4,Malicious,1,Malicious,1
0.0,0.0,0.0,1,4,Malicious,1,Malicious,1
3.98e-05,0.0,0.0,1,4,Malicious,1,Malicious,1
1.27e-11,0.0,0.0,1,4,Malicious,1,Malicious,1
1.27e-11,0.0,0.0,1,4,Malicious,1,Malicious,1
1.27e-11,0.0,0.0,1,4,Malicious,1,Malicious,1
3.8e-05,0.0,0.0,1,4,Malicious,1,Malicious,1
3.91e-05,0.0,0.0,1,4,Malicious,1,Malicious,1
5.07e-11,0.0,0.0,1,4,Malicious,1,Malicious,1
1.27e-11,0.0,0.0,1,4,Malicious,1,Malicious,1
0.00042011,3.55e-08,7.99e-07,1,7,Malicious,1,Malicious,1
5.07e-11,0.0,0.0,1,4,Malicious,1,Malicious,1
0.0,0.0,0.0,1,4,Malicious,1,Malicious,1
0.000756009,1.72e-06,0.0,2,4,Benign,0,Benign,0
1.27e-11,0.0,0.0,1,4,Malicious,1,Malicious,1
3.98e-05,0.0,0.0,1,4,Benign,0,Benign,1
0.0,0.0,0.0,1,4,Malicious,1,Malicious,1
9.35e-09,1.66e-08,1.34e-07,2,8,Benign,0,Benign,0
1.27e-11,0.0,0.0,1,4,Malicious,1,Malicious,1
3.8e-05,0.0,0.0,1,4,Malicious,1,Malicious,1
0.0,0.0,0.0,1,4,Malicious,1,Malicious,1
1.27e-11,0.0,0.0,1,4,Malicious,1,Malicious,1
2.83e-08,2.75e-08,1.43e-07,2,8,Benign,0,Benign,0
5.33e-07,2.58e-08,3.57e-07,2,8,Benign,0,Benign,0
3.21e-09,0.0,0.0,1,4,Malicious,1,Malicious,1
3.97e-05,0.0,0.0,1,4,Benign,0,Benign,1
1.26e-08,5.04e-08,5.76e-07,2,8,Benign,0,Benign,0
3.8e-05,0.0,0.0,1,4,Malicious,1,Malicious,1
9.46e-09,1.66e-08,1.34e-07,2,8,Benign,0,Benign,0
3.98e-05,0.0,0.0,1,4,Benign,0,Benign,1
1.27e-11,0.0,0.0,1,4,Malicious,1,Malicious,1
3.99e-05,0.0,0.0,1,4,Benign,0,Benign,1
1.27e-11,0.0,0.0,1,4,Malicious,1,Malicious,1
6.34e-11,0.0,0.0,1,4,Malicious,1,Malicious,1
3.49e-07,9.17e-08,6.89e-07,2,8,Benign,0,Benign,0
1.27e-11,0.0,0.0,1,4,Malicious,1,Malicious,1
5.07e-11,0.0,0.0,1,4,Malicious,1,Malicious,1
3.8e-05,0.0,0.0,1,4,Malicious,1,Malicious,1
0.0,0.0,0.0,1,4,Malicious,1,Malicious,1
3.06e-09,0.0,0.0,1,4,Malicious,1,Malicious,1
1.27e-11,0.0,0.0,1,4,Malicious,1,Malicious,1
3.22e-09,0.0,0.0,1,4,Malicious,1,Malicious,1
1.27e-11,0.0,0.0,1,4,Malicious,1,Malicious,1
1.27e-11,0.0,0.0,1,4,Malicious,1,Malicious,1
3.8e-05,0.0,0.0,1,4,Malicious,1,Malicious,1
3.93e-05,0.0,0.0,1,4,Benign,0,Benign,1
1.27e-11,0.0,0.0,1,4,Malicious,1,Malicious,1
1.27e-11,0.0,0.0,1,4,Malicious,1,Malicious,1
3.92e-05,0.0,0.0,1,4,Malicious,1,Malicious,1
6.32e-09,1.66e-08,1.34e-07,2,8,Benign,0,Benign,0
1.27e-11,0.0,0.0,1,4,Malicious,1,Malicious,1
1.27e-11,0.0,0.0,1,4,Malicious,1,Malicious,1
3.22e-09,0.0,0.0,1,4,Malicious,1,Malicious,1
1.27e-11,0.0,0.0,1,4,Malicious,1,Malicious,1
6.3e-09,1.66e-08,1.34e-07,2,8,Benign,0,Benign,0
4.88e-07,2.58e-08,1.34e-07,2,8,Benign,0,Benign,0
3.92e-05,0.0,0.0,1,4,Benign,0,Benign,1
6.34e-11,0.0,0.0,1,4,Malicious,1,Malicious,1
3.8e-05,0.0,0.0,1,4,Malicious,1,Malicious,1
1.33e-05,3.84e-08,6.92e-07,1,7,Benign,0,Benign,0
3.97e-05,0.0,0.0,1,4,Malicious,1,Malicious,1
3.98e-05,0.0,0.0,1,4,Malicious,1,Malicious,1
1.27e-11,0.0,0.0,1,4,Malicious,1,Malicious,1
5.07e-11,0.0,0.0,1,4,Malicious,1,Malicious,1
3.8e-05,0.0,0.0,1,4,Malicious,1,Malicious,1
1.27e-11,0.0,0.0,1,4,Malicious,1,Malicious,1
3.21e-09,0.0,0.0,1,4,Malicious,1,Malicious,1
1.27e-11,0.0,0.0,1,4,Malicious,1,Malicious,1
9.51e-09,2.58e-08,1.34e-07,2,8,Benign,0,Benign,0
1.27e-11,0.0,0.0,1,4,Malicious,1,Malicious,1
4.01e-05,0.0,0.0,1,4,Benign,0,Benign,1
6.34e-11,0.0,0.0,1,4,Malicious,1,Malicious,1
2.64e-05,4.3e-08,7.22e-07,1,7,Malicious,1,Malicious,1
5.07e-11,0.0,0.0,1,4,Malicious,1,Malicious,1
3.8e-05,0.0,0.0,1,4,Malicious,1,Malicious,1
3.99e-05,0.0,0.0,1,4,Benign,0,Benign,1
3.97e-05,0.0,0.0,1,4,Malicious,1,Malicious,1
6.34e-11,0.0,0.0,1,4,Malicious,1,Malicious,1
3.81e-11,0.0,0.0,1,4,Malicious,1,Malicious,1
1.27e-11,0.0,0.0,1,4,Malicious,1,Malicious,1
3.48e-08,2.75e-08,1.43e-07,2,8,Benign,0,Benign,0
3.92e-05,0.0,0.0,1,4,Malicious,1,Malicious,1
1.9e-10,0.0,0.0,1,4,Malicious,1,Malicious,1
6.34e-11,0.0,0.0,1,4,Malicious,1,Malicious,1
0.0,0.0,0.0,1,4,Malicious,1,Malicious,1
5.07e-11,0.0,0.0,1,4,Malicious,1,Malicious,1
1.27e-11,0.0,0.0,1,4,Malicious,1,Malicious,1
1.27e-11,0.0,0.0,1,4,Malicious,1,Malicious,1
8.02e-07,2.58e-08,1.34e-07,2,8,Benign,0,Benign,0
6.39e-09,0.0,0.0,1,4,Malicious,1,Malicious,1
0.0,0.0,0.0,1,4,Malicious,1,Malicious,1
3.8e-05,0.0,0.0,1,4,Malicious,1,Malicious,1
3.8e-05,0.0,0.0,1,4,Malicious,1,Malicious,1
1.01e-10,0.0,0.0,1,4,Malicious,1,Malicious,1
0.0,0.0,0.0,1,4,Malicious,1,Malicious,1
6.34e-05,4.47e-08,0.0,2,4,Benign,0,Benign,0
0.000752739,1.72e-06,0.0,2,4,Benign,0,Benign,0
3.91e-05,0.0,0.0,1,4,Malicious,1,Malicious,1
6.34e-11,0.0,0.0,1,4,Malicious,1,Malicious,1
3.8e-05,0.0,0.0,1,4,Malicious,1,Malicious,1
0.0,0.0,0.0,1,4,Malicious,1,Malicious,1
0.0,0.0,0.0,1,4,Malicious,1,Malicious,1
0.0,0.0,0.0,1,4,Malicious,1,Malicious,1
1.27e-11,0.0,0.0,1,4,Malicious,1,Malicious,1
1.9e-08,2.75e-08,1.43e-07,2,8,Benign,0,Benign,0
5.07e-11,0.0,0.0,1,4,Malicious,1,Malicious,1
6.35e-05,4.47e-08,0.0,2,4,Benign,0,Benign,0
5.07e-11,0.0,0.0,1,4,Malicious,1,Malicious,1
3.81e-11,0.0,0.0,1,4,Malicious,1,Malicious,1
3.97e-05,0.0,0.0,1,4,Malicious,1,Malicious,1
3.98e-05,0.0,0.0,1,4,Benign,0,Benign,1
5.07e-11,0.0,0.0,1,4,Malicious,1,Malicious,1
1.27e-11,0.0,0.0,1,4,Malicious,1,Malicious,1
3.97e-05,0.0,0.0,1,4,Malicious,1,Malicious,1
1.27e-11,0.0,0.0,1,4,Malicious,1,Malicious,1
2.06e-06,8.77e-08,4.75e-06,1,8,Benign,0,Benign,0
3.81e-08,1.66e-08,1.34e-07,2,8,Benign,0,Benign,0
3.97e-05,0.0,0.0,1,4,Benign,0,Benign,1
2.23e-08,1.66e-08,1.34e-07,2,8,Benign,0,Benign,0
3.8e-05,0.0,0.0,1,4,Malicious,1,Malicious,1
1.27e-11,0.0,0.0,1,4,Malicious,1,Malicious,1
1.29e-05,3.44e-08,3.68e-07,1,3,Malicious,1,Malicious,0
3.97e-05,0.0,0.0,1,4,Malicious,1,Malicious,1
5.07e-11,0.0,0.0,1,4,Malicious,1,Malicious,1
1.27e-11,0.0,0.0,1,4,Malicious,1,Malicious,1
1.01e-10,0.0,0.0,1,4,Malicious,1,Malicious,1
1.27e-11,0.0,0.0,1,4,Malicious,1,Malicious,1
5.07e-11,0.0,0.0,1,4,Malicious,1,Malicious,1
5.07e-11,0.0,0.0,1,4,Malicious,1,Malicious,1
2.53e-08,2.75e-08,1.43e-07,2,8,Benign,0,Benign,0
1.39e-05,3.84e-08,6.92e-07,1,7,Benign,0,Benign,1
3.94e-05,0.0,0.0,1,4,Malicious,1,Malicious,1
1.27e-11,0.0,0.0,1,4,Malicious,1,Malicious,1
3.94e-05,0.0,0.0,1,4,Malicious,1,Malicious,1
3.8e-05,0.0,0.0,1,4,Malicious,1,Malicious,1
6.18e-09,2.58e-08,1.34e-07,2,8,Benign,0,Benign,0
3.8e-05,0.0,0.0,1,4,Benign,0,Benign,1
2.52e-08,2.75e-08,1.43e-07,2,8,Benign,0,Benign,0
9.4e-09,2.58e-08,1.34e-07,2,8,Benign,0,Benign,0
1.27e-11,0.0,0.0,1,4,Malicious,1,Malicious,1
3.8e-05,0.0,0.0,1,4,Malicious,1,Malicious,1
7.93e-08,2.75e-08,1.43e-07,2,8,Benign,0,Benign,0
1.27e-11,0.0,0.0,1,4,Malicious,1,Malicious,1
2.85e-08,2.75e-08,1.43e-07,2,8,Benign,0,Benign,0
3.92e-05,0.0,0.0,1,4,Malicious,1,Malicious,1
3.95e-05,0.0,0.0,1,4,Malicious,1,Malicious,1
3.92e-05,0.0,0.0,1,4,Malicious,1,Malicious,1
3.79e-05,0.0,0.0,1,4,Malicious,1,Malicious,1
3.8e-05,0.0,0.0,1,4,Malicious,1,Malicious,1
9.46e-09,2.58e-08,1.34e-07,2,8,Benign,0,Benign,0
3.81e-11,0.0,0.0,1,4,Malicious,1,Malicious,1
1.27e-11,0.0,0.0,1,4,Malicious,1,Malicious,1
3.99e-05,0.0,0.0,1,4,Malicious,1,Malicious,1
1.27e-11,0.0,0.0,1,4,Malicious,1,Malicious,1
3.8e-05,0.0,0.0,1,4,Malicious,1,Malicious,1
3.8e-05,0.0,0.0,1,4,Malicious,1,Malicious,1
1.27e-11,0.0,0.0,1,4,Malicious,1,Malicious,1
1.27e-11,0.0,0.0,1,4,Malicious,1,Malicious,1
2.59e-09,0.0,0.0,1,4,Malicious,1,Malicious,1
3.97e-05,0.0,0.0,1,4,Malicious,1,Malicious,1
6.3e-09,1.66e-08,1.34e-07,2,8,Benign,0,Benign,0
4e-05,0.0,0.0,1,4,Benign,0,Benign,1
3.8e-05,0.0,0.0,1,4,Malicious,1,Malicious,1
1.27e-11,0.0,0.0,1,4,Malicious,1,Malicious,1
1.01e-10,0.0,0.0,1,4,Malicious,1,Malicious,1
3.98e-05,0.0,0.0,1,4,Malicious,1,Malicious,1
1.27e-11,0.0,0.0,1,4,Malicious,1,Malicious,1
3.22e-09,0.0,0.0,1,4,Malicious,1,Malicious,1
3.8e-05,0.0,0.0,1,4,Malicious,1,Malicious,1
9.51e-08,5.5e-08,2.85e-07,2,8,Benign,0,Benign,0
3.82e-05,3.44e-08,0.0,2,4,Benign,0,Benign,0
3.94e-05,0.0,0.0,1,4,Malicious,1,Malicious,1
1.27e-11,0.0,0.0,1,4,Malicious,1,Malicious,1
3.8e-05,0.0,0.0,1,4,Malicious,1,Malicious,1
1.29e-05,2.98e-08,3.68e-07,1,3,Benign,0,Benign,0
4e-05,0.0,0.0,1,4,Benign,0,Benign,1
3.92e-05,0.0,0.0,1,4,Malicious,1,Malicious,1
1.27e-11,0.0,0.0,1,4,Malicious,1,Malicious,1
1.27e-11,0.0,0.0,1,4,Malicious,1,Malicious,1
1.27e-11,0.0,0.0,1,4,Malicious,1,Malicious,1
9.45e-09,2.58e-08,1.34e-07,2,8,Benign,0,Benign,0
3.8e-05,0.0,0.0,1,4,Malicious,1,Malicious,1
1.27e-11,0.0,0.0,1,4,Malicious,1,Malicious,1
3.94e-05,0.0,0.0,1,4,Benign,0,Benign,1
9.46e-09,2.58e-08,1.34e-07,2,8,Benign,0,Benign,0
3.95e-05,0.0,0.0,1,4,Benign,0,Benign,1
3.92e-05,0.0,0.0,1,4,Benign,0,Benign,1
3.99e-05,0.0,0.0,1,4,Malicious,1,Malicious,1
3.97e-05,0.0,0.0,1,4,Malicious,1,Malicious,1
6.35e-05,4.47e-08,0.0,2,4,Benign,0,Benign,0
3.8e-05,0.0,0.0,1,4,Malicious,1,Malicious,1
1.27e-11,0.0,0.0,1,4,Malicious,1,Malicious,1
1.27e-11,0.0,0.0,1,4,Malicious,1,Malicious,1
1.27e-11,0.0,0.0,1,4,Malicious,1,Malicious,1
3.8e-05,0.0,0.0,1,4,Malicious,1,Malicious,1
3.91e-05,0.0,0.0,1,4,Malicious,1,Malicious,1
5.07e-11,0.0,0.0,1,4,Malicious,1,Malicious,1
1.27e-11,0.0,0.0,1,4,Malicious,1,Malicious,1
3.8e-05,0.0,0.0,1,4,Malicious,1,Malicious,1
1.27e-11,0.0,0.0,1,4,Malicious,1,Malicious,1
1.01e-10,0.0,0.0,1,4,Malicious,1,Malicious,1
1.27e-11,0.0,0.0,1,4,Malicious,1,Malicious,1
1.27e-11,0.0,0.0,1,4,Malicious,1,Malicious,1
0.0,0.0,0.0,1,4,Malicious,1,Malicious,1
3.8e-05,0.0,0.0,1,4,Malicious,1,Malicious,1
1.27e-11,0.0,0.0,1,4,Malicious,1,Malicious,1
1.27e-11,0.0,0.0,1,4,Malicious,1,Malicious,1
8.05e-06,0.0,0.0,1,3,Benign,0,Benign,0
3.99e-05,0.0,0.0,1,4,Malicious,1,Malicious,1
6.32e-09,1.66e-08,1.34e-07,2,8,Benign,0,Benign,0
1.27e-11,0.0,0.0,1,4,Malicious,1,Malicious,1
5.07e-11,0.0,0.0,1,4,Malicious,1,Malicious,1
3.22e-09,0.0,0.0,1,4,Malicious,1,Malicious,1
3.22e-09,0.0,0.0,1,4,Malicious,1,Malicious,1
1.27e-11,0.0,0.0,1,4,Malicious,1,Malicious,1
2.53e-08,1.66e-08,1.34e-07,2,8,Benign,0,Benign,0
5.06e-08,1.66e-08,1.34e-07,2,8,Benign,0,Benign,0
6.34e-11,0.0,0.0,1,4,Malicious,1,Malicious,1
1.27e-11,0.0,0.0,1,4,Malicious,1,Malicious,1
2.69e-05,3.84e-08,6.92e-07,1,7,Benign,0,Benign,1
3.95e-05,0.0,0.0,1,4,Malicious,1,Malicious,1
4e-05,0.0,0.0,1,4,Malicious,1,Malicious,1
3.79e-05,0.0,0.0,1,4,Malicious,1,Malicious,1
3.98e-05,0.0,0.0,1,4,Malicious,1,Malicious,1
3.96e-05,0.0,0.0,1,4,Benign,0,Benign,1
1.27e-11,0.0,0.0,1,4,Malicious,1,Malicious,1
1.27e-11,0.0,0.0,1,4,Malicious,1,Malicious,1
8.88e-11,0.0,0.0,1,4,Malicious,1,Malicious,1
1.27e-11,0.0,0.0,1,4,Malicious,1,Malicious,1
1.27e-11,0.0,0.0,1,4,Malicious,1,Malicious,1
6.96e-08,2.75e-08,1.43e-07,2,8,Benign,0,Benign,0
1.29e-05,2.98e-08,3.68e-07,1,3,Benign,0,Benign,0
3.95e-05,0.0,0.0,1,4,Benign,0,Benign,1
3.22e-09,0.0,0.0,1,4,Malicious,1,Malicious,1
1.27e-11,0.0,0.0,1,4,Malicious,1,Malicious,1
5.07e-11,0.0,0.0,1,4,Malicious,1,Malicious,1
0.0,0.0,0.0,1,4,Malicious,1,Malicious,1
1.01e-10,0.0,0.0,1,4,Malicious,1,Malicious,1
3.48e-08,2.75e-08,1.43e-07,2,8,Benign,0,Benign,0
4.47e-07,1.72e-08,2.79e-07,2,8,Benign,0,Benign,0
3.8e-05,0.0,0.0,1,4,Malicious,1,Malicious,1
7.92e-08,2.75e-08,1.43e-07,2,8,Benign,0,Benign,0
9.41e-09,2.58e-08,1.34e-07,2,8,Benign,0,Benign,0
3.93e-05,0.0,0.0,1,4,Malicious,1,Malicious,1
3.8e-05,0.0,0.0,1,4,Malicious,1,Malicious,1
1.27e-11,0.0,0.0,1,4,Malicious,1,Malicious,1
3.94e-05,0.0,0.0,1,4,Malicious,1,Malicious,1
1.27e-11,0.0,0.0,1,4,Malicious,1,Malicious,1
1.88e-08,5.16e-08,2.67e-07,2,8,Benign,0,Benign,0
1.27e-11,0.0,0.0,1,4,Malicious,1,Malicious,1
3.95e-05,0.0,0.0,1,4,Benign,0,Benign,1
5.07e-11,0.0,0.0,1,4,Malicious,1,Malicious,1
1.27e-11,0.0,0.0,1,4,Malicious,1,Malicious,1
8.23e-08,2.75e-08,1.43e-07,2,8,Benign,0,Benign,0
0.000758927,1.72e-06,0.0,2,4,Benign,0,Benign,0
2.51e-09,0.0,0.0,1,4,Malicious,1,Malicious,1
6.34e-11,0.0,0.0,1,4,Malicious,1,Malicious,1
6.34e-11,0.0,0.0,1,4,Malicious,1,Malicious,1
5.07e-11,0.0,0.0,1,4,Malicious,1,Malicious,1
3.94e-05,0.0,0.0,1,4,Malicious,1,Malicious,1
5.07e-11,0.0,0.0,1,4,Malicious,1,Malicious,1
6.12e-05,3.38e-07,5.35e-06,1,8,Malicious,1,Malicious,1
1.27e-11,0.0,0.0,1,4,Malicious,1,Malicious,1
5.07e-11,0.0,0.0,1,4,Malicious,1,Malicious,1
1.9e-08,2.75e-08,1.43e-07,2,8,Benign,0,Benign,0
1.05e-07,2.75e-08,1.43e-07,2,8,Benign,0,Benign,0
1.27e-11,0.0,0.0,1,4,Malicious,1,Malicious,1
7.95e-07,8.88e-08,5.19e-06,1,8,Benign,0,Benign,0
3.99e-05,0.0,0.0,1,4,Malicious,1,Malicious,1
6.81e-05,3.38e-07,5.35e-06,1,8,Malicious,1,Malicious,1
3.99e-05,0.0,0.0,1,4,Malicious,1,Malicious,1
2.64e-05,3.84e-08,6.92e-07,1,7,Benign,0,Benign,1
1.42e-07,2.46e-08,3.3e-07,2,8,Benign,0,Benign,0
1.27e-11,0.0,0.0,1,4,Malicious,1,Malicious,1
1.27e-11,0.0,0.0,1,4,Malicious,1,Malicious,1
3.95e-05,0.0,0.0,1,4,Malicious,1,Malicious,1
1.27e-11,0.0,0.0,1,4,Malicious,1,Malicious,1
1.27e-11,0.0,0.0,1,4,Malicious,1,Malicious,1
3.95e-05,0.0,0.0,1,4,Malicious,1,Malicious,1
4.54e-06,0.0,0.0,1,1,Malicious,1,Malicious,0
6.01e-08,2.75e-08,1.43e-07,2,8,Benign,0,Benign,0
1.27e-11,0.0,0.0,1,4,Malicious,1,Malicious,1
3.94e-05,0.0,0.0,1,4,Benign,0,Benign,1
5.07e-11,0.0,0.0,1,4,Malicious,1,Malicious,1
3.8e-05,0.0,0.0,1,4,Malicious,1,Malicious,1
1.27e-11,0.0,0.0,1,4,Malicious,1,Malicious,1
2.8e-09,0.0,0.0,1,4,Malicious,1,Malicious,1
2.59e-09,0.0,0.0,1,4,Malicious,1,Malicious,1
3.94e-05,0.0,0.0,1,4,Malicious,1,Malicious,1
5.07e-11,0.0,0.0,1,4,Malicious,1,Malicious,1
3.95e-05,0.0,0.0,1,4,Benign,0,Benign,1
3.95e-05,0.0,0.0,1,4,Malicious,1,Malicious,1
1.27e-11,0.0,0.0,1,4,Malicious,1,Malicious,1
3.97e-05,0.0,0.0,1,4,Malicious,1,Malicious,1
5.07e-11,0.0,0.0,1,4,Malicious,1,Malicious,1
9.76e-07,1.66e-08,1.34e-07,2,8,Benign,0,Benign,0
1.27e-11,0.0,0.0,1,4,Malicious,1,Malicious,1
2.04e-06,2.75e-08,1.43e-07,2,8,Benign,0,Benign,0
4.73e-08,2.75e-08,1.43e-07,2,8,Benign,0,Benign,0
3.81e-11,0.0,0.0,1,4,Malicious,1,Malicious,1
5.07e-11,0.0,0.0,1,4,Malicious,1,Malicious,1
3.92e-05,0.0,0.0,1,4,Benign,0,Benign,1
3.98e-05,0.0,0.0,1,4,Malicious,1,Malicious,1
1.27e-11,0.0,0.0,1,4,Malicious,1,Malicious,1
3.81e-11,0.0,0.0,1,4,Malicious,1,Malicious,1
1.01e-10,0.0,0.0,1,4,Malicious,1,Malicious,1
6.28e-09,2.58e-08,1.34e-07,2,8,Benign,0,Benign,0
6.34e-11,0.0,0.0,1,4,Malicious,1,Malicious,1
1.27e-11,0.0,0.0,1,4,Malicious,1,Malicious,1
3.91e-05,0.0,0.0,1,4,Benign,0,Benign,1
3.93e-05,0.0,0.0,1,4,Benign,0,Benign,1
3.8e-05,0.0,0.0,1,4,Malicious,1,Malicious,1
3.8e-05,0.0,0.0,1,4,Benign,0,Benign,1
1.3e-07,2.75e-08,1.43e-07,2,8,Benign,0,Benign,0
1.27e-11,0.0,0.0,1,4,Malicious,1,Malicious,1
1.27e-11,0.0,0.0,1,4,Malicious,1,Malicious,1
1.27e-11,0.0,0.0,1,4,Malicious,1,Malicious,1
1.27e-11,0.0,0.0,1,4,Malicious,1,Malicious,1
3.92e-05,0.0,0.0,1,4,Benign,0,Benign,1
6.35e-08,2.75e-08,1.43e-07,2,8,Benign,0,Benign,0
1.27e-11,0.0,0.0,1,4,Malicious,1,Malicious,1
6.63e-08,2.75e-08,1.43e-07,2,8,Benign,0,Benign,0
5.35e-05,4.3e-08,7.22e-07,1,7,Malicious,1,Malicious,1
1.27e-11,0.0,0.0,1,4,Malicious,1,Malicious,1
1.27e-11,0.0,0.0,1,4,Malicious,1,Malicious,1
6.35e-05,4.47e-08,0.0,2,4,Benign,0,Benign,0
5.07e-11,0.0,0.0,1,4,Malicious,1,Malicious,1
1.27e-11,0.0,0.0,1,4,Malicious,1,Malicious,1
3.96e-05,0.0,0.0,1,4,Malicious,1,Malicious,1
1.27e-11,0.0,0.0,1,4,Malicious,1,Malicious,1
4.75e-08,2.75e-08,1.43e-07,2,8,Benign,0,Benign,0
3.93e-05,0.0,0.0,1,4,Benign,0,Benign,1
4e-05,0.0,0.0,1,4,Benign,0,Benign,1
3.98e-05,0.0,0.0,1,4,Benign,0,Benign,1
0.000126713,1.65e-07,8.56e-07,2,8,Benign,0,Benign,0
1.27e-11,0.0,0.0,1,4,Malicious,1,Malicious,1
1.39e-06,1.06e-06,2.35e-06,1,8,Benign,0,Benign,0
3.93e-05,0.0,0.0,1,4,Benign,0,Benign,1
6.34e-11,0.0,0.0,1,4,Malicious,1,Malicious,1
3.22e-09,0.0,0.0,1,4,Malicious,1,Malicious,1
6.29e-09,1.66e-08,1.34e-07,2,8,Benign,0,Benign,0
5.07e-11,0.0,0.0,1,4,Malicious,1,Malicious,1
3.8e-05,0.0,0.0,1,4,Malicious,1,Malicious,1
1.27e-11,0.0,0.0,1,4,Malicious,1,Malicious,1
1.27e-11,0.0,0.0,1,4,Malicious,1,Malicious,1
5.07e-11,0.0,0.0,1,4,Malicious,1,Malicious,1
5.32e-07,2.75e-08,1.43e-07,2,8,Benign,0,Benign,0
4e-05,0.0,0.0,1,4,Benign,0,Benign,1
1.27e-11,0.0,0.0,1,4,Malicious,1,Malicious,1
1.27e-11,0.0,0.0,1,4,Malicious,1,Malicious,1
1.43e-07,2.75e-08,1.43e-07,2,8,Benign,0,Benign,0
3.99e-05,0.0,0.0,1,4,Malicious,1,Malicious,1
6.33e-08,2.75e-08,1.43e-07,2,8,Benign,0,Benign,0
1.27e-11,0.0,0.0,1,4,Malicious,1,Malicious,1
1.27e-11,0.0,0.0,1,4,Malicious,1,Malicious,1
2.56e-05,3.44e-08,3.68e-07,1,3,Malicious,1,Malicious,0
3.8e-05,0.0,0.0,1,4,Malicious,1,Malicious,1
4e-05,0.0,0.0,1,4,Benign,0,Benign,1
0.0,0.0,0.0,1,4,Malicious,1,Malicious,1
3.8e-05,0.0,0.0,1,4,Malicious,1,Malicious,1
6.64e-08,2.75e-08,1.43e-07,2,8,Benign,0,Benign,0
0.0,0.0,0.0,1,4,Malicious,1,Malicious,1
2.2e-08,2.75e-08,1.43e-07,2,8,Benign,0,Benign,0
3.8e-05,0.0,0.0,1,4,Malicious,1,Malicious,1
1.27e-11,0.0,0.0,1,4,Malicious,1,Malicious,1
6.34e-11,0.0,0.0,1,4,Malicious,1,Malicious,1
9.31e-09,2.58e-08,1.34e-07,2,8,Benign,0,Benign,0
1.27e-11,0.0,0.0,1,4,Malicious,1,Malicious,1
6.34e-11,0.0,0.0,1,4,Malicious,1,Malicious,1
0.0,0.0,0.0,1,4,Malicious,1,Malicious,1
1.27e-11,0.0,0.0,1,4,Malicious,1,Malicious,1
1.27e-11,0.0,0.0,1,4,Malicious,1,Malicious,1
3.81e-11,0.0,0.0,1,4,Malicious,1,Malicious,1
9.45e-09,1.66e-08,1.34e-07,2,8,Benign,0,Benign,0
0.0,0.0,0.0,1,4,Malicious,1,Malicious,1
3.97e-05,0.0,0.0,1,4,Malicious,1,Malicious,1
1.27e-11,0.0,0.0,1,4,Malicious,1,Malicious,1
6.55e-05,4.47e-08,3.06e-07,2,8,Benign,0,Benign,0
1.27e-08,0.0,0.0,1,4,Malicious,1,Malicious,1
1.27e-11,0.0,0.0,1,4,Malicious,1,Malicious,1
1.27e-11,0.0,0.0,1,4,Malicious,1,Malicious,1
6.33e-09,2.58e-08,1.34e-07,2,8,Benign,0,Benign,0
3.8e-05,0.0,0.0,1,4,Malicious,1,Malicious,1
9.41e-09,2.58e-08,1.34e-07,2,8,Benign,0,Benign,0
3.79e-05,0.0,0.0,1,4,Malicious,1,Malicious,1
3.92e-05,0.0,0.0,1,4,Malicious,1,Malicious,1
1.38e-05,4.3e-08,7.22e-07,1,7,Malicious,1,Malicious,0
1.9e-08,2.75e-08,1.43e-07,2,8,Benign,0,Benign,0
5.07e-11,0.0,0.0,1,4,Malicious,1,Malicious,1
4e-05,0.0,0.0,1,4,Benign,0,Benign,1
1.27e-11,0.0,0.0,1,4,Malicious,1,Malicious,1
3.94e-05,0.0,0.0,1,4,Benign,0,Benign,1
3.95e-05,0.0,0.0,1,4,Benign,0,Benign,1
3.46e-08,2.75e-08,1.43e-07,2,8,Benign,0,Benign,0
3.93e-05,0.0,0.0,1,4,Malicious,1,Malicious,1
3.79e-05,0.0,0.0,1,4,Malicious,1,Malicious,1
1.27e-11,0.0,0.0,1,4,Malicious,1,Malicious,1
1.27e-11,0.0,0.0,1,4,Malicious,1,Malicious,1
5.07e-11,0.0,0.0,1,4,Malicious,1,Malicious,1
4.69e-10,0.0,0.0,1,4,Malicious,1,Malicious,1
6.34e-11,0.0,0.0,1,4,Malicious,1,Malicious,1
1.27e-11,0.0,0.0,1,4,Malicious,1,Malicious,1
3.96e-05,0.0,0.0,1,4,Malicious,1,Malicious,1
4e-05,0.0,0.0,1,4,Malicious,1,Malicious,1
6.34e-11,0.0,0.0,1,4,Malicious,1,Malicious,1
1.01e-10,0.0,0.0,1,4,Malicious,1,Malicious,1
1.27e-11,0.0,0.0,1,4,Malicious,1,Malicious,1
1.27e-11,0.0,0.0,1,4,Malicious,1,Malicious,1
1.27e-11,0.0,0.0,1,4,Malicious,1,Malicious,1
1.27e-11,0.0,0.0,1,4,Malicious,1,Malicious,1
1.27e-11,0.0,0.0,1,4,Malicious,1,Malicious,1
1.27e-11,5.5e-08,0.0,2,4,Benign,0,Benign,0
1.46e-07,0.0,0.0,1,8,Benign,0,Benign,0
1.39e-05,3.78e-08,6.89e-07,1,7,Benign,0,Benign,1
5.07e-11,0.0,0.0,1,4,Malicious,1,Malicious,1
3.97e-05,0.0,0.0,1,4,Malicious,1,Malicious,1
3.8e-05,0.0,0.0,1,4,Malicious,1,Malicious,1
6.34e-11,0.0,0.0,1,4,Malicious,1,Malicious,1
3.79e-05,0.0,0.0,1,4,Malicious,1,Malicious,1
3.97e-05,0.0,0.0,1,4,Malicious,1,Malicious,1
3.98e-05,0.0,0.0,1,4,Malicious,1,Malicious,1
5.07e-11,0.0,0.0,1,4,Malicious,1,Malicious,1
5.07e-11,0.0,0.0,1,4,Malicious,1,Malicious,1
3.8e-05,0.0,0.0,1,4,Malicious,1,Malicious,1
5.48e-07,1.66e-08,1.34e-07,2,8,Benign,0,Benign,0
1.27e-11,0.0,0.0,1,4,Malicious,1,Malicious,1
1.35e-07,2.75e-08,1.43e-07,2,8,Benign,0,Benign,0
0.0,0.0,0.0,1,4,Malicious,1,Malicious,1
3.8e-05,0.0,0.0,1,4,Malicious,1,Malicious,1
3.8e-05,0.0,0.0,1,4,Malicious,1,Malicious,1
2.66e-05,4.3e-08,7.22e-07,1,7,Malicious,1,Malicious,1
3.98e-05,0.0,0.0,1,4,Benign,0,Benign,1
3.16e-08,2.24e-08,1.63e-07,2,8,Benign,0,Benign,0
0.0,0.0,0.0,1,4,Malicious,1,Malicious,1
3.98e-05,0.0,0.0,1,4,Benign,0,Benign,1
3.94e-05,0.0,0.0,1,4,Benign,0,Benign,1
3.99e-05,0.0,0.0,1,4,Malicious,1,Malicious,1
1.27e-11,0.0,0.0,1,4,Malicious,1,Malicious,1
1.27e-11,0.0,0.0,1,4,Malicious,1,Malicious,1
4.01e-05,0.0,0.0,1,4,Malicious,1,Malicious,1
1.05e-07,2.75e-08,1.43e-07,2,8,Benign,0,Benign,0
3.96e-05,0.0,0.0,1,4,Benign,0,Benign,1
3.99e-05,0.0,0.0,1,4,Malicious,1,Malicious,1
3.8e-05,0.0,0.0,1,4,Malicious,1,Malicious,1
1.27e-11,0.0,0.0,1,4,Malicious,1,Malicious,1
2.74e-09,0.0,0.0,1,4,Malicious,1,Malicious,1
3.23e-09,0.0,0.0,1,4,Malicious,1,Malicious,1
1.27e-11,0.0,0.0,1,4,Malicious,1,Malicious,1
1.39e-05,3.84e-08,6.92e-07,1,7,Benign,0,Benign,1
2.21e-08,2.75e-08,1.43e-07,2,8,Benign,0,Benign,0
3.92e-05,0.0,0.0,1,4,Malicious,1,Malicious,1
1.27e-11,0.0,0.0,1,4,Malicious,1,Malicious,1
6.65e-08,2.75e-08,1.43e-07,2,8,Benign,0,Benign,0
3.26e-09,0.0,0.0,1,4,Malicious,1,Malicious,1
3.98e-05,0.0,0.0,1,4,Benign,0,Benign,1
4e-05,0.0,0.0,1,4,Benign,0,Benign,1
6.34e-11,0.0,0.0,1,4,Malicious,1,Malicious,1
3.8e-05,0.0,0.0,1,4,Malicious,1,Malicious,1
5.92e-09,2.29e-08,1.66e-07,2,8,Benign,0,Benign,0
5.07e-11,0.0,0.0,1,4,Malicious,1,Malicious,1
4.72e-05,3.38e-07,5.35e-06,1,8,Malicious,1,Malicious,1
2.7e-09,0.0,0.0,1,4,Malicious,1,Malicious,1
1.27e-11,0.0,0.0,1,4,Malicious,1,Malicious,1
2.69e-05,3.84e-08,6.92e-07,1,7,Benign,0,Benign,1
3.95e-05,0.0,0.0,1,4,Benign,0,Benign,1
1.27e-11,0.0,0.0,1,4,Malicious,1,Malicious,1
8.97e-07,2.75e-08,1.43e-07,2,8,Benign,0,Benign,0
6.34e-11,0.0,0.0,1,4,Malicious,1,Malicious,1
3.15e-08,2.75e-08,1.43e-07,2,8,Benign,0,Benign,0
3.92e-05,0.0,0.0,1,4,Malicious,1,Malicious,1
1.27e-11,0.0,0.0,1,4,Malicious,1,Malicious,1
1.27e-11,0.0,0.0,1,4,Malicious,1,Malicious,1
3.16e-08,2.75e-08,1.43e-07,2,8,Benign,0,Benign,0
3.79e-05,0.0,0.0,1,4,Malicious,1,Malicious,1
5.07e-11,0.0,0.0,1,4,Malicious,1,Malicious,1
3.95e-05,0.0,0.0,1,4,Benign,0,Benign,1
1.27e-11,0.0,0.0,1,4,Malicious,1,Malicious,1
4.01e-05,0.0,0.0,1,4,Malicious,1,Malicious,1
2.21e-08,2.75e-08,1.43e-07,2,8,Benign,0,Benign,0
1.27e-11,0.0,0.0,1,4,Malicious,1,Malicious,1
1.27e-11,0.0,0.0,1,4,Malicious,1,Malicious,1
0.0,0.0,0.0,1,4,Malicious,1,Malicious,1
4.34e-07,2.24e-08,3.06e-07,2,8,Benign,0,Benign,0
1.27e-11,0.0,0.0,1,4,Malicious,1,Malicious,1
3.8e-05,0.0,0.0,1,4,Malicious,1,Malicious,1
3.91e-05,0.0,0.0,1,4,Malicious,1,Malicious,1
1.48e-06,3e-07,6.56e-06,1,2,Benign,0,Benign,0
3.94e-05,0.0,0.0,1,4,Malicious,1,Malicious,1
0.0,0.0,0.0,1,4,Malicious,1,Malicious,1
3.93e-05,0.0,0.0,1,4,Benign,0,Benign,1
3.99e-05,0.0,0.0,1,4,Malicious,1,Malicious,1
6.34e-11,0.0,0.0,1,4,Malicious,1,Malicious,1
4.01e-05,0.0,0.0,1,4,Malicious,1,Malicious,1
1.27e-11,0.0,0.0,1,4,Malicious,1,Malicious,1
2.65e-05,4.3e-08,7.22e-07,1,7,Malicious,1,Malicious,1
2.54e-11,0.0,0.0,1,4,Malicious,1,Malicious,1
5.22e-05,4.24e-08,7.19e-07,1,7,Malicious,1,Malicious,1
0.0,0.0,0.0,1,4,Malicious,1,Malicious,1
1.27e-11,0.0,0.0,1,4,Malicious,1,Malicious,1
3.94e-05,0.0,0.0,1,4,Malicious,1,Malicious,1
6.34e-11,0.0,0.0,1,4,Malicious,1,Malicious,1
1.27e-11,0.0,0.0,1,4,Malicious,1,Malicious,1
0.0,0.0,0.0,1,4,Malicious,1,Malicious,1
5.07e-11,0.0,0.0,1,4,Malicious,1,Malicious,1
1.27e-11,0.0,0.0,1,4,Malicious,1,Malicious,1
3.99e-05,0.0,0.0,1,4,Malicious,1,Malicious,1
6.34e-11,0.0,0.0,1,4,Malicious,1,Malicious,1
3.9e-06,0.0,0.0,1,1,Benign,0,Benign,0
5.07e-11,0.0,0.0,1,4,Malicious,1,Malicious,1
6.34e-11,0.0,0.0,1,4,Malicious,1,Malicious,1
5.07e-11,0.0,0.0,1,4,Malicious,1,Malicious,1
5.07e-11,0.0,0.0,1,4,Malicious,1,Malicious,1
3.81e-05,0.0,0.0,1,4,Malicious,1,Malicious,1
1.58e-08,1.66e-08,1.34e-07,2,8,Benign,0,Benign,0
1.46e-07,0.0,0.0,1,8,Benign,0,Benign,0
3.21e-09,0.0,0.0,1,4,Malicious,1,Malicious,1
3.92e-05,0.0,0.0,1,4,Malicious,1,Malicious,1
1.26e-05,4.3e-08,7.22e-07,1,7,Malicious,1,Malicious,1
3.93e-05,0.0,0.0,1,4,Benign,0,Benign,1
7.32e-07,2.75e-08,1.43e-07,2,8,Benign,0,Benign,0
3.98e-05,0.0,0.0,1,4,Malicious,1,Malicious,1
6.34e-11,0.0,0.0,1,4,Malicious,1,Malicious,1
6.35e-05,4.47e-08,0.0,2,4,Benign,0,Benign,0
4e-05,0.0,0.0,1,4,Benign,0,Benign,1
2.2e-08,2.75e-08,1.43e-07,2,8,Benign,0,Benign,0
3.21e-09,0.0,0.0,1,4,Malicious,1,Malicious,1
4.01e-05,0.0,0.0,1,4,Malicious,1,Malicious,1
0.0,0.0,0.0,1,4,Malicious,1,Malicious,1
3.8e-05,0.0,0.0,1,4,Malicious,1,Malicious,1
1.27e-11,0.0,0.0,1,4,Malicious,1,Malicious,1
7.28e-08,2.75e-08,1.43e-07,2,8,Benign,0,Benign,0
3.93e-05,0.0,0.0,1,4,Malicious,1,Malicious,1
3.95e-05,0.0,0.0,1,4,Malicious,1,Malicious,1
1.27e-11,0.0,0.0,1,4,Malicious,1,Malicious,1
3.92e-05,0.0,0.0,1,4,Malicious,1,Malicious,1
1.27e-11,0.0,0.0,1,4,Malicious,1,Malicious,1
6.35e-05,4.47e-08,0.0,2,4,Benign,0,Benign,0
6.34e-11,0.0,0.0,1,4,Malicious,1,Malicious,1
2.63e-07,2.58e-08,1.34e-07,2,8,Benign,0,Benign,0
3.8e-05,0.0,0.0,1,4,Malicious,1,Malicious,1
2.72e-05,3.84e-08,6.92e-07,1,7,Benign,0,Benign,1
0.0,0.0,0.0,1,4,Malicious,1,Malicious,1
1.27e-11,0.0,0.0,1,4,Malicious,1,Malicious,1
3.8e-05,0.0,0.0,1,4,Malicious,1,Malicious,1
6.65e-08,2.75e-08,1.43e-07,2,8,Benign,0,Benign,0
1.42e-07,2.75e-08,1.43e-07,2,8,Benign,0,Benign,0
3.8e-05,0.0,0.0,1,4,Malicious,1,Malicious,1
5.07e-11,0.0,0.0,1,4,Malicious,1,Malicious,1
3.98e-05,0.0,0.0,1,4,Malicious,1,Malicious,1
2.64e-05,4.3e-08,7.22e-07,1,7,Malicious,1,Malicious,1
3.93e-05,0.0,0.0,1,4,Benign,0,Benign,1
3.91e-05,0.0,0.0,1,4,Malicious,1,Malicious,1
1.35e-05,3.84e-08,6.92e-07,1,7,Benign,0,Benign,0
1.9e-08,2.75e-08,1.43e-07,2,8,Benign,0,Benign,0
1.27e-11,0.0,0.0,1,4,Malicious,1,Malicious,1
3.8e-08,1.66e-08,1.34e-07,2,8,Benign,0,Benign,0
3.98e-05,0.0,0.0,1,4,Benign,0,Benign,1
3.95e-05,0.0,0.0,1,4,Malicious,1,Malicious,1
1.27e-11,0.0,0.0,1,4,Malicious,1,Malicious,1
1.39e-05,4.3e-08,7.22e-07,1,7,Malicious,1,Malicious,1
9.44e-09,2.24e-08,3.06e-07,2,8,Benign,0,Benign,0
1.27e-11,0.0,0.0,1,4,Malicious,1,Malicious,1
0.000492466,0.000211741,0.0,2,4,Malicious,1,Malicious,0
1.27e-11,0.0,0.0,1,4,Malicious,1,Malicious,1
1.27e-11,0.0,0.0,1,4,Malicious,1,Malicious,1
6.34e-11,0.0,0.0,1,4,Malicious,1,Malicious,1
1.27e-11,0.0,0.0,1,4,Malicious,1,Malicious,1
1.27e-11,0.0,0.0,1,4,Malicious,1,Malicious,1
4.01e-05,0.0,0.0,1,4,Malicious,1,Malicious,1
1.27e-11,0.0,0.0,1,4,Malicious,1,Malicious,1
1.01e-10,0.0,0.0,1,4,Malicious,1,Malicious,1
3.97e-05,0.0,0.0,1,4,Benign,0,Benign,1
5.07e-11,0.0,0.0,1,4,Malicious,1,Malicious,1
1.27e-11,0.0,0.0,1,4,Malicious,1,Malicious,1
1.27e-11,0.0,0.0,1,4,Malicious,1,Malicious,1
1.2e-07,1.66e-08,1.34e-07,2,8,Benign,0,Benign,0
3.94e-05,0.0,0.0,1,4,Malicious,1,Malicious,1
0.0,0.0,0.0,1,4,Malicious,1,Malicious,1
2.57e-06,1.95e-08,8.83e-07,2,8,Benign,0,Benign,0
1.27e-11,0.0,0.0,1,4,Malicious,1,Malicious,1
1.27e-11,0.0,0.0,1,4,Malicious,1,Malicious,1
3.99e-05,0.0,0.0,1,4,Malicious,1,Malicious,1
1.9e-08,2.75e-08,1.43e-07,2,8,Benign,0,Benign,0
3.95e-05,0.0,0.0,1,4,Benign,0,Benign,1
3.47e-08,2.75e-08,1.43e-07,2,8,Benign,0,Benign,0
3.8e-05,0.0,0.0,1,4,Malicious,1,Malicious,1
1.27e-11,0.0,0.0,1,4,Malicious,1,Malicious,1
3.8e-05,0.0,0.0,1,4,Malicious,1,Malicious,1
3.93e-06,0.0,0.0,1,1,Benign,0,Benign,0
3.95e-05,0.0,0.0,1,4,Malicious,1,Malicious,1
6.35e-05,4.47e-08,0.0,2,4,Benign,0,Benign,0
3.8e-05,0.0,0.0,1,4,Malicious,1,Malicious,1
3.97e-05,0.0,0.0,1,4,Malicious,1,Malicious,1
2.52e-08,2.75e-08,1.43e-07,2,8,Benign,0,Benign,0
1.27e-11,0.0,0.0,1,4,Malicious,1,Malicious,1
3.97e-05,0.0,0.0,1,4,Malicious,1,Malicious,1
0.0,0.0,0.0,1,4,Malicious,1,Malicious,1
6.38e-05,4.47e-08,3.06e-07,2,8,Benign,0,Benign,0
3.95e-05,0.0,0.0,1,4,Benign,0,Benign,1
3.97e-05,0.0,0.0,1,4,Malicious,1,Malicious,1
4e-05,0.0,0.0,1,4,Benign,0,Benign,1
6.34e-11,0.0,0.0,1,4,Malicious,1,Malicious,1
1.27e-11,0.0,0.0,1,4,Malicious,1,Malicious,1
1.27e-11,0.0,0.0,1,4,Malicious,1,Malicious,1
3.22e-09,0.0,0.0,1,4,Malicious,1,Malicious,1
1.27e-11,0.0,0.0,1,4,Malicious,1,Malicious,1
3.98e-05,0.0,0.0,1,4,Malicious,1,Malicious,1
3.99e-05,0.0,0.0,1,4,Malicious,1,Malicious,1
1.27e-11,0.0,0.0,1,4,Malicious,1,Malicious,1
1.27e-11,0.0,0.0,1,4,Malicious,1,Malicious,1
0.0,0.0,0.0,1,4,Malicious,1,Malicious,1
3.94e-05,0.0,0.0,1,4,Malicious,1,Malicious,1
4.25e-07,2.75e-08,1.43e-07,2,8,Benign,0,Benign,0
1.27e-11,0.0,0.0,1,4,Malicious,1,Malicious,1
1.27e-11,0.0,0.0,1,4,Malicious,1,Malicious,1
1.27e-11,0.0,0.0,1,4,Malicious,1,Malicious,1
1.27e-11,0.0,0.0,1,4,Malicious,1,Malicious,1
1.27e-11,0.0,0.0,1,4,Malicious,1,Malicious,1
3.95e-05,0.0,0.0,1,4,Malicious,1,Malicious,1
3.8e-05,0.0,0.0,1,4,Malicious,1,Malicious,1
1.27e-11,0.0,0.0,1,4,Malicious,1,Malicious,1
3.93e-05,0.0,0.0,1,4,Malicious,1,Malicious,1
5.07e-11,0.0,0.0,1,4,Malicious,1,Malicious,1
5.07e-11,0.0,0.0,1,4,Malicious,1,Malicious,1
1.27e-11,0.0,0.0,1,4,Malicious,1,Malicious,1
3.8e-05,0.0,0.0,1,4,Malicious,1,Malicious,1
1.27e-11,0.0,0.0,1,4,Malicious,1,Malicious,1
3.97e-05,0.0,0.0,1,4,Malicious,1,Malicious,1
1.27e-11,0.0,0.0,1,4,Malicious,1,Malicious,1
5.07e-11,0.0,0.0,1,4,Malicious,1,Malicious,1
0.0,0.0,0.0,1,4,Malicious,1,Malicious,1
7.28e-08,2.75e-08,1.43e-07,2,8,Benign,0,Benign,0
9.46e-09,2.24e-08,3.06e-07,2,8,Benign,0,Benign,0
3.96e-05,0.0,0.0,1,4,Malicious,1,Malicious,1
1.27e-11,0.0,0.0,1,4,Malicious,1,Malicious,1
1.27e-11,0.0,0.0,1,4,Malicious,1,Malicious,1
3.95e-05,0.0,0.0,1,4,Benign,0,Benign,1
2.87e-09,0.0,0.0,1,4,Malicious,1,Malicious,1
3.21e-09,0.0,0.0,1,4,Malicious,1,Malicious,1
5.07e-11,0.0,0.0,1,4,Malicious,1,Malicious,1
3.97e-05,0.0,0.0,1,4,Benign,0,Benign,1
3.8e-05,0.0,0.0,1,4,Malicious,1,Malicious,1
1.27e-11,0.0,0.0,1,4,Malicious,1,Malicious,1
4e-05,0.0,0.0,1,4,Benign,0,Benign,1
6.33e-09,1.66e-08,1.34e-07,2,8,Benign,0,Benign,0
1.27e-11,0.0,0.0,1,4,Malicious,1,Malicious,1
2.2e-08,2.75e-08,1.43e-07,2,8,Benign,0,Benign,0
3.81e-06,0.0,0.0,1,8,Benign,0,Benign,0
3.98e-05,0.0,0.0,1,4,Benign,0,Benign,1
1.27e-11,0.0,0.0,1,4,Malicious,1,Malicious,1
3.8e-05,0.0,0.0,1,4,Malicious,1,Malicious,1
3.97e-05,0.0,0.0,1,4,Malicious,1,Malicious,1
2.87e-09,0.0,0.0,1,4,Malicious,1,Malicious,1
5.07e-11,0.0,0.0,1,4,Malicious,1,Malicious,1
6.25e-05,3.38e-07,5.35e-06,1,8,Malicious,1,Malicious,1
1.27e-11,0.0,0.0,1,4,Malicious,1,Malicious,1
1.27e-11,0.0,0.0,1,4,Malicious,1,Malicious,1
6.39e-09,0.0,0.0,1,4,Malicious,1,Malicious,1
3.22e-09,0.0,0.0,1,4,Malicious,1,Malicious,1
3.25e-09,0.0,0.0,1,4,Malicious,1,Malicious,1
3.93e-05,0.0,0.0,1,4,Malicious,1,Malicious,1
3.27e-09,0.0,0.0,1,4,Malicious,1,Malicious,1
3.97e-05,0.0,0.0,1,4,Malicious,1,Malicious,1
1.27e-11,0.0,0.0,1,4,Malicious,1,Malicious,1
2.63e-05,3.84e-08,6.92e-07,1,7,Benign,0,Benign,1
6.34e-05,4.47e-08,0.0,2,4,Benign,0,Benign,0
7.35e-07,2.75e-08,1.43e-07,2,8,Benign,0,Benign,0
1.27e-11,0.0,0.0,1,4,Malicious,1,Malicious,1
2.85e-08,2.75e-08,1.43e-07,2,8,Benign,0,Benign,0
5.07e-11,0.0,0.0,1,4,Malicious,1,Malicious,1
0.0,0.0,0.0,1,4,Malicious,1,Malicious,1
2.82e-07,3.21e-07,1.66e-06,0,0,Benign,0,Benign,0
6.29e-09,1.66e-08,1.34e-07,2,8,Benign,0,Benign,0
3.8e-05,0.0,0.0,1,4,Malicious,1,Malicious,1
6.29e-09,1.66e-08,1.34e-07,2,8,Benign,0,Benign,0
0.000569267,7.68e-08,2.38e-07,2,8,Benign,0,Benign,0
1.27e-11,5.5e-08,0.0,2,4,Benign,0,Benign,0
3.8e-05,0.0,0.0,1,4,Malicious,1,Malicious,1
0.000684925,5.5e-08,0.0,2,4,Benign,0,Benign,0
3.99e-05,0.0,0.0,1,4,Malicious,1,Malicious,1
3.99e-05,0.0,0.0,1,4,Malicious,1,Malicious,1
2.89e-06,9e-08,1.1e-06,1,8,Benign,0,Benign,0
6.34e-11,0.0,0.0,1,4,Malicious,1,Malicious,1
5.07e-11,0.0,0.0,1,4,Malicious,1,Malicious,1
6.34e-11,0.0,0.0,1,4,Malicious,1,Malicious,1
3.8e-05,0.0,0.0,1,4,Malicious,1,Malicious,1
1.27e-11,0.0,0.0,1,4,Malicious,1,Malicious,1
3.8e-05,0.0,0.0,1,4,Malicious,1,Malicious,1
3.92e-05,0.0,0.0,1,4,Malicious,1,Malicious,1
0.0,0.0,0.0,1,4,Malicious,1,Malicious,1
1.36e-05,3.84e-08,6.92e-07,1,7,Benign,0,Benign,0
3.99e-05,0.0,0.0,1,4,Malicious,1,Malicious,1
1.27e-11,0.0,0.0,1,4,Malicious,1,Malicious,1
3.95e-05,0.0,0.0,1,4,Malicious,1,Malicious,1
5.07e-11,0.0,0.0,1,4,Malicious,1,Malicious,1
3.94e-05,0.0,0.0,1,4,Benign,0,Benign,1
5.18e-05,4.3e-08,7.22e-07,1,7,Malicious,1,Malicious,1
5.07e-11,0.0,0.0,1,4,Malicious,1,Malicious,1
1.11e-07,1.66e-08,1.34e-07,2,8,Benign,0,Benign,0
1.27e-11,0.0,0.0,1,4,Malicious,1,Malicious,1
2.33e-05,2.97e-07,1.96e-07,1,3,Malicious,1,Malicious,1
5.07e-11,0.0,0.0,1,4,Malicious,1,Malicious,1
1.27e-11,0.0,0.0,1,4,Malicious,1,Malicious,1
1.27e-11,0.0,0.0,1,4,Malicious,1,Malicious,1
3.21e-09,0.0,0.0,1,4,Malicious,1,Malicious,1
5.07e-11,0.0,0.0,1,4,Malicious,1,Malicious,1
3.98e-05,0.0,0.0,1,4,Malicious,1,Malicious,1
0.000125169,1.65e-07,8.56e-07,2,8,Benign,0,Benign,0
1.27e-11,0.0,0.0,1,4,Malicious,1,Malicious,1
2.21e-08,2.75e-08,1.43e-07,2,8,Benign,0,Benign,0
0.0,0.0,0.0,1,4,Malicious,1,Malicious,1
3.8e-05,0.0,0.0,1,4,Malicious,1,Malicious,1
5.07e-11,0.0,0.0,1,4,Malicious,1,Malicious,1
8.87e-08,2.75e-08,1.43e-07,2,8,Benign,0,Benign,0
1.27e-11,0.0,0.0,1,4,Malicious,1,Malicious,1
3.98e-05,0.0,0.0,1,4,Malicious,1,Malicious,1
5.07e-11,0.0,0.0,1,4,Malicious,1,Malicious,1
3.8e-05,0.0,0.0,1,4,Benign,0,Benign,1
3.8e-05,0.0,0.0,1,4,Benign,0,Benign,1
1.01e-10,0.0,0.0,1,4,Malicious,1,Malicious,1
1.89e-08,2.75e-08,1.43e-07,2,8,Benign,0,Benign,0
1.01e-10,0.0,0.0,1,4,Malicious,1,Malicious,1
1.29e-05,2.98e-08,3.68e-07,1,3,Benign,0,Benign,0
1.27e-11,0.0,0.0,1,4,Malicious,1,Malicious,1
3.95e-05,0.0,0.0,1,4,Malicious,1,Malicious,1
3.8e-05,0.0,0.0,1,4,Malicious,1,Malicious,1
5.07e-11,0.0,0.0,1,4,Malicious,1,Malicious,1
1.27e-11,0.0,0.0,1,4,Malicious,1,Malicious,1
3.97e-05,0.0,0.0,1,4,Malicious,1,Malicious,1
1.01e-10,0.0,0.0,1,4,Malicious,1,Malicious,1
5.07e-11,0.0,0.0,1,4,Malicious,1,Malicious,1
3.97e-05,0.0,0.0,1,4,Malicious,1,Malicious,1
1.27e-11,0.0,0.0,1,4,Malicious,1,Malicious,1
6.34e-11,0.0,0.0,1,4,Malicious,1,Malicious,1
3.96e-05,0.0,0.0,1,4,Malicious,1,Malicious,1
1.27e-11,0.0,0.0,1,4,Malicious,1,Malicious,1
3.81e-11,0.0,0.0,1,4,Malicious,1,Malicious,1
6.34e-11,0.0,0.0,1,4,Malicious,1,Malicious,1
3.97e-05,0.0,0.0,1,4,Malicious,1,Malicious,1
6.29e-09,1.66e-08,1.34e-07,2,8,Benign,0,Benign,0
3.98e-05,0.0,0.0,1,4,Benign,0,Benign,1
3.93e-05,0.0,0.0,1,4,Malicious,1,Malicious,1
3.98e-05,0.0,0.0,1,4,Malicious,1,Malicious,1
3.8e-05,0.0,0.0,1,4,Malicious,1,Malicious,1
1.27e-11,0.0,0.0,1,4,Malicious,1,Malicious,1
3.98e-05,0.0,0.0,1,4,Benign,0,Benign,1
1.31e-05,3.78e-08,6.89e-07,1,7,Benign,0,Benign,0
1.27e-11,0.0,0.0,1,4,Malicious,1,Malicious,1
3.8e-05,0.0,0.0,1,4,Malicious,1,Malicious,1
3.94e-05,0.0,0.0,1,4,Malicious,1,Malicious,1
3.97e-05,0.0,0.0,1,4,Malicious,1,Malicious,1
5.07e-11,0.0,0.0,1,4,Malicious,1,Malicious,1
3.8e-05,0.0,0.0,1,4,Malicious,1,Malicious,1
2.94e-07,2.75e-08,1.43e-07,2,8,Benign,0,Benign,0
3.97e-05,0.0,0.0,1,4,Malicious,1,Malicious,1
1.27e-11,0.0,0.0,1,4,Malicious,1,Malicious,1
2.68e-09,0.0,0.0,1,4,Malicious,1,Malicious,1
3.92e-05,0.0,0.0,1,4,Malicious,1,Malicious,1
7.6e-08,2.75e-08,1.43e-07,2,8,Benign,0,Benign,0
1.22e-05,4.3e-08,7.22e-07,1,7,Malicious,1,Malicious,1
3.8e-05,0.0,0.0,1,4,Malicious,1,Malicious,1
1.27e-11,0.0,0.0,1,4,Malicious,1,Malicious,1
1.27e-11,0.0,0.0,1,4,Malicious,1,Malicious,1
6.3e-09,1.66e-08,1.34e-07,2,8,Benign,0,Benign,0
6.27e-09,1.66e-08,1.34e-07,2,8,Benign,0,Benign,0
0.0,0.0,0.0,1,4,Malicious,1,Malicious,1
3.3e-06,0.0,0.0,1,8,Benign,0,Benign,0
1.26e-09,3.22e-07,0.0,2,4,Benign,0,Benign,0
1.01e-10,0.0,0.0,1,4,Malicious,1,Malicious,1
1.88e-07,2.35e-08,1.69e-07,2,8,Benign,0,Benign,0
5.07e-11,0.0,0.0,1,4,Malicious,1,Malicious,1
1.27e-11,0.0,0.0,1,4,Malicious,1,Malicious,1
1.27e-11,0.0,0.0,1,4,Malicious,1,Malicious,1
6.19e-09,2.58e-08,1.34e-07,2,8,Benign,0,Benign,0
0.0,0.0,0.0,1,4,Malicious,1,Malicious,1
4e-05,0.0,0.0,1,4,Benign,0,Benign,1
1.27e-11,0.0,0.0,1,4,Malicious,1,Malicious,1
1.27e-11,0.0,0.0,1,4,Malicious,1,Malicious,1
3.99e-05,0.0,0.0,1,4,Malicious,1,Malicious,1
6.01e-08,2.75e-08,1.43e-07,2,8,Benign,0,Benign,0
0.0,0.0,0.0,1,4,Malicious,1,Malicious,1
1.27e-11,0.0,0.0,1,4,Malicious,1,Malicious,1
1.19e-06,0.0,0.0,1,1,Malicious,1,Malicious,1
1.27e-11,0.0,0.0,1,4,Malicious,1,Malicious,1
1.37e-05,3.84e-08,6.92e-07,1,7,Benign,0,Benign,0
1.29e-05,3.44e-08,3.68e-07,1,3,Malicious,1,Malicious,0
3.22e-09,0.0,0.0,1,4,Malicious,1,Malicious,1
3.93e-05,0.0,0.0,1,4,Malicious,1,Malicious,1
2.69e-07,2.75e-08,1.43e-07,2,8,Benign,0,Benign,0
4.71e-06,0.0,0.0,1,1,Benign,0,Benign,0
1.27e-11,0.0,0.0,1,4,Malicious,1,Malicious,1
3.22e-09,0.0,0.0,1,4,Malicious,1,Malicious,1
5.07e-11,0.0,0.0,1,4,Malicious,1,Malicious,1
3.95e-05,0.0,0.0,1,4,Malicious,1,Malicious,1
3.99e-05,0.0,0.0,1,4,Malicious,1,Malicious,1
3.93e-05,0.0,0.0,1,4,Malicious,1,Malicious,1
5.07e-11,0.0,0.0,1,4,Malicious,1,Malicious,1
1.27e-11,0.0,0.0,1,4,Malicious,1,Malicious,1
5.07e-11,0.0,0.0,1,4,Malicious,1,Malicious,1
3.47e-08,2.75e-08,1.43e-07,2,8,Benign,0,Benign,0
1.27e-11,0.0,0.0,1,4,Malicious,1,Malicious,1
3.81e-11,0.0,0.0,1,4,Malicious,1,Malicious,1
3.98e-05,0.0,0.0,1,4,Benign,0,Benign,1
6.34e-11,0.0,0.0,1,4,Malicious,1,Malicious,1
1.27e-11,0.0,0.0,1,4,Malicious,1,Malicious,1
9.49e-09,2.58e-08,1.34e-07,2,8,Benign,0,Benign,0
0.000266466,1.22e-07,0.0,2,4,Benign,0,Benign,0
1.27e-11,0.0,0.0,1,4,Malicious,1,Malicious,1
3.81e-11,0.0,0.0,1,4,Malicious,1,Malicious,1
3.94e-05,0.0,0.0,1,4,Malicious,1,Malicious,1
1.27e-11,0.0,0.0,1,4,Malicious,1,Malicious,1
3.8e-05,0.0,0.0,1,4,Malicious,1,Malicious,1
6.23e-09,1.66e-08,1.34e-07,2,8,Benign,0,Benign,0
5.07e-11,0.0,0.0,1,4,Malicious,1,Malicious,1
1.27e-11,0.0,0.0,1,4,Malicious,1,Malicious,1
3.92e-05,0.0,0.0,1,4,Malicious,1,Malicious,1
1.27e-11,0.0,0.0,1,4,Malicious,1,Malicious,1
3.8e-05,0.0,0.0,1,4,Malicious,1,Malicious,1
5.34e-05,4.3e-08,7.22e-07,1,7,Malicious,1,Malicious,1
0.0,0.0,0.0,1,4,Malicious,1,Malicious,1
0.00046638,3.55e-08,7.99e-07,1,7,Malicious,1,Malicious,1
2.21e-08,2.75e-08,1.43e-07,2,8,Benign,0,Benign,0
6.39e-09,0.0,0.0,1,4,Malicious,1,Malicious,1
4e-05,0.0,0.0,1,4,Malicious,1,Malicious,1
2.54e-11,0.0,0.0,1,4,Malicious,1,Malicious,1
1.27e-11,0.0,0.0,1,4,Malicious,1,Malicious,1
1.27e-11,0.0,0.0,1,4,Malicious,1,Malicious,1
3.8e-05,0.0,0.0,1,4,Malicious,1,Malicious,1
1.27e-11,0.0,0.0,1,4,Malicious,1,Malicious,1
6.12e-05,4.3e-08,7.22e-07,1,7,Malicious,1,Malicious,1
3.96e-05,0.0,0.0,1,4,Malicious,1,Malicious,1
1.27e-11,0.0,0.0,1,4,Malicious,1,Malicious,1
3.97e-05,0.0,0.0,1,4,Malicious,1,Malicious,1
3.95e-05,0.0,0.0,1,4,Malicious,1,Malicious,1
3.22e-09,0.0,0.0,1,4,Malicious,1,Malicious,1
1.27e-11,0.0,0.0,1,4,Malicious,1,Malicious,1
6.38e-09,0.0,0.0,1,4,Malicious,1,Malicious,1
1.27e-11,0.0,0.0,1,4,Malicious,1,Malicious,1
1.27e-11,0.0,0.0,1,4,Malicious,1,Malicious,1
5.07e-11,0.0,0.0,1,4,Malicious,1,Malicious,1
1.27e-11,0.0,0.0,1,4,Malicious,1,Malicious,1
0.0,0.0,0.0,1,4,Malicious,1,Malicious,1
6.29e-09,1.66e-08,1.34e-07,2,8,Benign,0,Benign,0
5.07e-11,0.0,0.0,1,4,Malicious,1,Malicious,1
3.94e-05,0.0,0.0,1,4,Malicious,1,Malicious,1
3.21e-09,0.0,0.0,1,4,Malicious,1,Malicious,1
5.07e-11,0.0,0.0,1,4,Malicious,1,Malicious,1
3.8e-05,0.0,0.0,1,4,Malicious,1,Malicious,1
3.15e-09,0.0,0.0,1,4,Malicious,1,Malicious,1
1.65e-07,2.69e-08,3.3e-07,2,8,Benign,0,Benign,0
0.0,0.0,0.0,1,4,Malicious,1,Malicious,1
1.27e-11,0.0,0.0,1,4,Malicious,1,Malicious,1
3.22e-09,0.0,0.0,1,4,Malicious,1,Malicious,1
1.88e-08,2.75e-08,1.43e-07,2,8,Benign,0,Benign,0
6.32e-09,2.58e-08,1.34e-07,2,8,Benign,0,Benign,0
0.0,0.0,0.0,1,4,Malicious,1,Malicious,1
1.27e-11,0.0,0.0,1,4,Malicious,1,Malicious,1
4.73e-06,0.0,0.0,1,1,Benign,0,Benign,0
3.8e-05,0.0,0.0,1,4,Malicious,1,Malicious,1
1.29e-05,4.3e-08,7.22e-07,1,7,Malicious,1,Malicious,1
3.95e-05,0.0,0.0,1,4,Benign,0,Benign,1
1.27e-11,0.0,0.0,1,4,Malicious,1,Malicious,1
5.07e-11,0.0,0.0,1,4,Malicious,1,Malicious,1
5.99e-08,2.75e-08,1.43e-07,2,8,Benign,0,Benign,0
3.81e-11,0.0,0.0,1,4,Malicious,1,Malicious,1
3.48e-08,2.75e-08,1.43e-07,2,8,Benign,0,Benign,0
3.97e-05,0.0,0.0,1,4,Malicious,1,Malicious,1
1.27e-11,0.0,0.0,1,4,Malicious,1,Malicious,1
3.79e-05,0.0,0.0,1,4,Malicious,1,Malicious,1
3.95e-05,0.0,0.0,1,4,Benign,0,Benign,1
3.97e-05,0.0,0.0,1,4,Malicious,1,Malicious,1
3.96e-05,0.0,0.0,1,4,Malicious,1,Malicious,1
6.34e-11,0.0,0.0,1,4,Malicious,1,Malicious,1
1.27e-11,0.0,0.0,1,4,Malicious,1,Malicious,1
6.5e-05,3.38e-07,5.35e-06,1,8,Malicious,1,Malicious,1
3.79e-05,0.0,0.0,1,4,Malicious,1,Malicious,1
3.8e-05,0.0,0.0,1,4,Malicious,1,Malicious,1
5.07e-11,0.0,0.0,1,4,Malicious,1,Malicious,1
1.27e-11,0.0,0.0,1,4,Malicious,1,Malicious,1
1.27e-11,0.0,0.0,1,4,Malicious,1,Malicious,1
3.16e-09,0.0,0.0,1,4,Malicious,1,Malicious,1
2.38e-06,2.75e-08,1.43e-07,2,8,Benign,0,Benign,0
3.95e-05,0.0,0.0,1,4,Benign,0,Benign,1
3.97e-05,0.0,0.0,1,4,Malicious,1,Malicious,1
3.97e-05,0.0,0.0,1,4,Benign,0,Benign,1
3.8e-05,0.0,0.0,1,4,Malicious,1,Malicious,1
3.8e-05,0.0,0.0,1,4,Malicious,1,Malicious,1
1.27e-11,0.0,0.0,1,4,Malicious,1,Malicious,1
3.8e-05,0.0,0.0,1,4,Malicious,1,Malicious,1
1.27e-11,0.0,0.0,1,4,Malicious,1,Malicious,1
0.000464665,6.59e-07,1.7e-05,1,3,Benign,0,Benign,0
1.27e-11,0.0,0.0,1,4,Malicious,1,Malicious,1
1.27e-11,0.0,0.0,1,4,Malicious,1,Malicious,1
1.01e-10,0.0,0.0,1,4,Malicious,1,Malicious,1
6.41e-09,0.0,0.0,1,4,Malicious,1,Malicious,1
3.95e-05,0.0,0.0,1,4,Malicious,1,Malicious,1
3.79e-05,0.0,0.0,1,4,Malicious,1,Malicious,1
1.27e-11,0.0,0.0,1,4,Malicious,1,Malicious,1
6.35e-05,4.47e-08,0.0,2,4,Benign,0,Benign,0
5.07e-11,0.0,0.0,1,4,Malicious,1,Malicious,1
0.00072612,1.72e-06,0.0,2,4,Benign,0,Benign,0
3.8e-05,0.0,0.0,1,4,Malicious,1,Malicious,1
2.54e-11,0.0,0.0,1,4,Malicious,1,Malicious,1
3.97e-05,0.0,0.0,1,4,Benign,0,Benign,1
3.99e-05,0.0,0.0,1,4,Benign,0,Benign,1
1.27e-11,0.0,0.0,1,4,Malicious,1,Malicious,1
3.99e-05,0.0,0.0,1,4,Malicious,1,Malicious,1
3.99e-05,0.0,0.0,1,4,Malicious,1,Malicious,1
1.01e-10,0.0,0.0,1,4,Malicious,1,Malicious,1
1.27e-11,0.0,0.0,1,4,Malicious,1,Malicious,1
6.34e-05,4.47e-08,0.0,2,4,Benign,0,Benign,0
3.96e-05,0.0,0.0,1,4,Malicious,1,Malicious,1
3.96e-05,0.0,0.0,1,4,Benign,0,Benign,1
7.27e-08,2.75e-08,1.43e-07,2,8,Benign,0,Benign,0
5.07e-11,0.0,0.0,1,4,Malicious,1,Malicious,1
0.0,0.0,0.0,1,4,Malicious,1,Malicious,1
1.27e-11,0.0,0.0,1,4,Malicious,1,Malicious,1
0.0,0.0,0.0,1,4,Malicious,1,Malicious,1
9.47e-09,1.66e-08,1.34e-07,2,8,Benign,0,Benign,0
3.97e-05,0.0,0.0,1,4,Benign,0,Benign,1
3.81e-11,0.0,0.0,1,4,Malicious,1,Malicious,1
5.97e-05,3.38e-07,5.35e-06,1,8,Malicious,1,Malicious,1
3.92e-05,0.0,0.0,1,4,Malicious,1,Malicious,1
3.97e-05,0.0,0.0,1,4,Malicious,1,Malicious,1
7.61e-11,0.0,0.0,1,4,Malicious,1,Malicious,1
2.6e-09,0.0,0.0,1,4,Malicious,1,Malicious,1
2.52e-06,2.75e-08,1.43e-07,2,8,Benign,0,Benign,0
1.29e-05,2.98e-08,3.68e-07,1,3,Benign,0,Benign,0
1.27e-11,0.0,0.0,1,4,Malicious,1,Malicious,1
5.07e-11,0.0,0.0,1,4,Malicious,1,Malicious,1
1.27e-11,0.0,0.0,1,4,Malicious,1,Malicious,1
3.95e-05,0.0,0.0,1,4,Benign,0,Benign,1
0.0,0.0,0.0,1,4,Malicious,1,Malicious,1
1.27e-11,0.0,0.0,1,4,Malicious,1,Malicious,1
1.27e-11,0.0,0.0,1,4,Malicious,1,Malicious,1
2.03e-07,2.75e-08,1.43e-07,2,8,Benign,0,Benign,0
5.07e-11,0.0,0.0,1,4,Malicious,1,Malicious,1
3.95e-05,0.0,0.0,1,4,Benign,0,Benign,1
3.98e-05,0.0,0.0,1,4,Malicious,1,Malicious,1
1.27e-11,0.0,0.0,1,4,Malicious,1,Malicious,1
3.95e-05,0.0,0.0,1,4,Malicious,1,Malicious,1
3.95e-05,0.0,0.0,1,4,Benign,0,Benign,1
9.5e-09,2.58e-08,1.34e-07,2,8,Benign,0,Benign,0
3.97e-05,0.0,0.0,1,4,Benign,0,Benign,1
6.34e-11,0.0,0.0,1,4,Malicious,1,Malicious,1
8.86e-08,2.75e-08,1.43e-07,2,8,Benign,0,Benign,0
4.01e-05,0.0,0.0,1,4,Malicious,1,Malicious,1
3.8e-05,0.0,0.0,1,4,Malicious,1,Malicious,1
1.27e-11,0.0,0.0,1,4,Malicious,1,Malicious,1
5.07e-11,0.0,0.0,1,4,Malicious,1,Malicious,1
3.98e-05,0.0,0.0,1,4,Malicious,1,Malicious,1
3.99e-05,0.0,0.0,1,4,Benign,0,Benign,1
3.91e-05,0.0,0.0,1,4,Malicious,1,Malicious,1
3.8e-05,0.0,0.0,1,4,Malicious,1,Malicious,1
1.27e-11,0.0,0.0,1,4,Malicious,1,Malicious,1
1.27e-11,0.0,0.0,1,4,Malicious,1,Malicious,1
5.07e-11,0.0,0.0,1,4,Malicious,1,Malicious,1
3.91e-05,0.0,0.0,1,4,Malicious,1,Malicious,1
1.27e-11,0.0,0.0,1,4,Malicious,1,Malicious,1
1.27e-11,0.0,0.0,1,4,Malicious,1,Malicious,1
1.27e-11,0.0,0.0,1,4,Malicious,1,Malicious,1
3.8e-05,0.0,0.0,1,4,Malicious,1,Malicious,1
3.8e-05,0.0,0.0,1,4,Malicious,1,Malicious,1
2.54e-11,0.0,0.0,1,4,Malicious,1,Malicious,1
2.21e-08,2.75e-08,1.43e-07,2,8,Benign,0,Benign,0
5.07e-11,0.0,0.0,1,4,Malicious,1,Malicious,1
3.8e-05,0.0,0.0,1,4,Malicious,1,Malicious,1
3.95e-05,0.0,0.0,1,4,Benign,0,Benign,1
1.27e-11,0.0,0.0,1,4,Malicious,1,Malicious,1
1.27e-11,0.0,0.0,1,4,Malicious,1,Malicious,1
6.3e-09,0.0,0.0,1,4,Malicious,1,Malicious,1
1.27e-11,0.0,0.0,1,4,Malicious,1,Malicious,1
2.63e-05,4.3e-08,7.22e-07,1,7,Malicious,1,Malicious,1
8.88e-11,0.0,0.0,1,4,Malicious,1,Malicious,1
1.27e-11,0.0,0.0,1,4,Malicious,1,Malicious,1
5.07e-11,0.0,0.0,1,4,Malicious,1,Malicious,1
3.96e-05,0.0,0.0,1,4,Malicious,1,Malicious,1
1.27e-11,0.0,0.0,1,4,Malicious,1,Malicious,1
3.97e-05,0.0,0.0,1,4,Malicious,1,Malicious,1
1.27e-11,0.0,0.0,1,4,Malicious,1,Malicious,1
1.27e-11,0.0,0.0,1,4,Malicious,1,Malicious,1
0.0,0.0,0.0,1,4,Malicious,1,Malicious,1
5.07e-11,0.0,0.0,1,4,Malicious,1,Malicious,1
3.94e-05,0.0,0.0,1,4,Malicious,1,Malicious,1
3.8e-05,0.0,0.0,1,4,Malicious,1,Malicious,1
0.0,0.0,0.0,1,4,Malicious,1,Malicious,1
1.27e-11,0.0,0.0,1,4,Malicious,1,Malicious,1
3.8e-05,0.0,0.0,1,4,Malicious,1,Malicious,1
1.27e-11,0.0,0.0,1,4,Malicious,1,Malicious,1
9.49e-09,2.58e-08,1.34e-07,2,8,Benign,0,Benign,0
4e-05,0.0,0.0,1,4,Malicious,1,Malicious,1
3.22e-09,0.0,0.0,1,4,Malicious,1,Malicious,1
3.8e-05,0.0,0.0,1,4,Malicious,1,Malicious,1
0.0,0.0,0.0,1,4,Malicious,1,Malicious,1
1.3e-07,2.75e-08,1.43e-07,2,8,Benign,0,Benign,0
1.29e-05,3.44e-08,3.68e-07,1,3,Malicious,1,Malicious,0
3.92e-05,0.0,0.0,1,4,Benign,0,Benign,1
9.32e-09,2.58e-08,1.34e-07,2,8,Benign,0,Benign,0
5.07e-11,0.0,0.0,1,4,Malicious,1,Malicious,1
2.77e-09,0.0,0.0,1,4,Malicious,1,Malicious,1
3.8e-05,0.0,0.0,1,4,Malicious,1,Malicious,1
1.27e-11,0.0,0.0,1,4,Malicious,1,Malicious,1
2.19e-08,2.75e-08,1.43e-07,2,8,Benign,0,Benign,0
3.71e-07,3.21e-07,1.66e-06,0,0,Benign,0,Benign,0
3.96e-05,0.0,0.0,1,4,Malicious,1,Malicious,1
5.07e-11,0.0,0.0,1,4,Malicious,1,Malicious,1
1.01e-10,0.0,0.0,1,4,Malicious,1,Malicious,1
3.16e-09,0.0,0.0,1,4,Malicious,1,Malicious,1
8.88e-05,4.61e-07,0.0,2,4,Benign,0,Benign,0
9.5e-09,2.58e-08,1.34e-07,2,8,Benign,0,Benign,0
1.27e-11,0.0,0.0,1,4,Malicious,1,Malicious,1
1.27e-11,0.0,0.0,1,4,Malicious,1,Malicious,1
3.97e-05,0.0,0.0,1,4,Malicious,1,Malicious,1
1.27e-11,0.0,0.0,1,4,Malicious,1,Malicious,1
3.8e-05,0.0,0.0,1,4,Malicious,1,Malicious,1
4e-05,0.0,0.0,1,4,Malicious,1,Malicious,1
1.37e-05,3.84e-08,6.92e-07,1,7,Benign,0,Benign,0
6.34e-11,0.0,0.0,1,4,Malicious,1,Malicious,1
1.27e-11,0.0,0.0,1,4,Malicious,1,Malicious,1
1.94e-06,2.75e-08,1.43e-07,2,8,Benign,0,Benign,0
3.94e-05,0.0,0.0,1,4,Malicious,1,Malicious,1
3.8e-05,0.0,0.0,1,4,Malicious,1,Malicious,1
4.09e-07,2.75e-08,1.43e-07,2,8,Benign,0,Benign,0
5.07e-08,2.12e-08,1.31e-06,2,8,Benign,0,Benign,0
6.34e-11,0.0,0.0,1,4,Malicious,1,Malicious,1
1.27e-11,0.0,0.0,1,4,Malicious,1,Malicious,1
3.8e-05,0.0,0.0,1,4,Malicious,1,Malicious,1
1.27e-11,0.0,0.0,1,4,Malicious,1,Malicious,1
1.27e-11,0.0,0.0,1,4,Malicious,1,Malicious,1
3.22e-09,0.0,0.0,1,4,Malicious,1,Malicious,1
3.8e-05,0.0,0.0,1,4,Malicious,1,Malicious,1
3.92e-05,0.0,0.0,1,4,Malicious,1,Malicious,1
3.79e-05,0.0,0.0,1,4,Malicious,1,Malicious,1
0.000489538,2.23e-06,0.0,2,4,Benign,0,Benign,0
2.21e-08,2.75e-08,1.43e-07,2,8,Benign,0,Benign,0
0.0,0.0,0.0,1,4,Malicious,1,Malicious,1
2.53e-08,2.75e-08,1.43e-07,2,8,Benign,0,Benign,0
1.27e-11,0.0,0.0,1,4,Malicious,1,Malicious,1
1.38e-05,3.84e-08,6.92e-07,1,7,Benign,0,Benign,0
1.27e-11,0.0,0.0,1,4,Malicious,1,Malicious,1
3.81e-11,0.0,0.0,1,4,Malicious,1,Malicious,1
1.27e-11,0.0,0.0,1,4,Malicious,1,Malicious,1
2.73e-09,0.0,0.0,1,4,Malicious,1,Malicious,1
4.01e-05,0.0,0.0,1,4,Benign,0,Benign,1
3.8e-05,0.0,0.0,1,4,Malicious,1,Malicious,1
3.43e-06,2.75e-08,1.43e-07,2,8,Benign,0,Benign,0
6e-05,3.38e-07,5.35e-06,1,8,Malicious,1,Malicious,1
8.88e-11,0.0,0.0,1,4,Malicious,1,Malicious,1
1.27e-11,0.0,0.0,1,4,Malicious,1,Malicious,1
1.27e-11,0.0,0.0,1,4,Malicious,1,Malicious,1
1.27e-11,0.0,0.0,1,4,Malicious,1,Malicious,1
1.27e-11,0.0,0.0,1,4,Malicious,1,Malicious,1
2.21e-08,2.75e-08,1.43e-07,2,8,Benign,0,Benign,0
3.97e-05,0.0,0.0,1,4,Malicious,1,Malicious,1
3.98e-05,0.0,0.0,1,4,Malicious,1,Malicious,1
5.07e-11,0.0,0.0,1,4,Malicious,1,Malicious,1
2.21e-08,2.75e-08,1.43e-07,2,8,Benign,0,Benign,0
3.8e-05,0.0,0.0,1,4,Malicious,1,Malicious,1
1.27e-11,0.0,0.0,1,4,Malicious,1,Malicious,1
1.27e-11,0.0,0.0,1,4,Malicious,1,Malicious,1
4.05e-06,0.0,0.0,1,1,Benign,0,Benign,0
1.46e-07,0.0,0.0,1,8,Benign,0,Benign,0
5.07e-11,0.0,0.0,1,4,Malicious,1,Malicious,1
3.96e-05,0.0,0.0,1,4,Benign,0,Benign,1
3.92e-05,0.0,0.0,1,4,Malicious,1,Malicious,1
1.27e-11,0.0,0.0,1,4,Malicious,1,Malicious,1
6.35e-05,4.47e-08,0.0,2,4,Benign,0,Benign,0
6.95e-08,2.75e-08,1.43e-07,2,8,Benign,0,Benign,0
3.95e-05,0.0,0.0,1,4,Malicious,1,Malicious,1
3.97e-05,0.0,0.0,1,4,Malicious,1,Malicious,1
3.8e-05,0.0,0.0,1,4,Malicious,1,Malicious,1
6.35e-05,4.47e-08,0.0,2,4,Benign,0,Benign,0
5.07e-11,0.0,0.0,1,4,Malicious,1,Malicious,1
1.27e-11,0.0,0.0,1,4,Malicious,1,Malicious,1
6.34e-11,0.0,0.0,1,4,Malicious,1,Malicious,1
3.2e-09,0.0,0.0,1,4,Malicious,1,Malicious,1
1.01e-10,0.0,0.0,1,4,Malicious,1,Malicious,1
1.27e-11,0.0,0.0,1,4,Malicious,1,Malicious,1
3.8e-05,0.0,0.0,1,4,Malicious,1,Malicious,1
1.3e-07,2.75e-08,1.43e-07,2,8,Benign,0,Benign,0
5.07e-11,0.0,0.0,1,4,Malicious,1,Malicious,1
6.3e-09,1.66e-08,1.34e-07,2,8,Benign,0,Benign,0
2.76e-05,4.3e-08,7.22e-07,1,7,Malicious,1,Malicious,1
1.27e-11,0.0,0.0,1,4,Malicious,1,Malicious,1
3.98e-05,0.0,0.0,1,4,Benign,0,Benign,1
6.34e-11,0.0,0.0,1,4,Malicious,1,Malicious,1
6.02e-08,2.75e-08,1.43e-07,2,8,Benign,0,Benign,0
1.81e-07,2.75e-08,1.43e-07,2,8,Benign,0,Benign,0
4.98e-07,2.75e-08,1.43e-07,2,8,Benign,0,Benign,0
3.8e-05,0.0,0.0,1,4,Malicious,1,Malicious,1
3.98e-05,0.0,0.0,1,4,Benign,0,Benign,1
1.27e-11,0.0,0.0,1,4,Malicious,1,Malicious,1
2.87e-09,0.0,0.0,1,4,Malicious,1,Malicious,1
3.93e-05,0.0,0.0,1,4,Malicious,1,Malicious,1
3.93e-05,0.0,0.0,1,4,Malicious,1,Malicious,1
3.8e-05,0.0,0.0,1,4,Malicious,1,Malicious,1
3.97e-05,0.0,0.0,1,4,Malicious,1,Malicious,1
3.8e-05,0.0,0.0,1,4,Malicious,1,Malicious,1
3.8e-05,0.0,0.0,1,4,Malicious,1,Malicious,1
2.63e-05,3.84e-08,6.92e-07,1,7,Benign,0,Benign,1
1.27e-11,0.0,0.0,1,4,Malicious,1,Malicious,1
3.97e-05,0.0,0.0,1,4,Malicious,1,Malicious,1
1.27e-11,0.0,0.0,1,4,Malicious,1,Malicious,1
6.09e-09,2.58e-08,1.34e-07,2,8,Benign,0,Benign,0
1.27e-11,0.0,0.0,1,4,Malicious,1,Malicious,1
1.27e-11,0.0,0.0,1,4,Malicious,1,Malicious,1
3.97e-05,0.0,0.0,1,4,Benign,0,Benign,1
3.8e-05,0.0,0.0,1,4,Malicious,1,Malicious,1
1.27e-11,0.0,0.0,1,4,Malicious,1,Malicious,1
3.97e-05,0.0,0.0,1,4,Malicious,1,Malicious,1
1.27e-11,0.0,0.0,1,4,Malicious,1,Malicious,1
3.92e-05,0.0,0.0,1,4,Benign,0,Benign,1
3.16e-08,2.75e-08,1.43e-07,2,8,Benign,0,Benign,0
1.27e-11,0.0,0.0,1,4,Malicious,1,Malicious,1
6.34e-11,0.0,0.0,1,4,Malicious,1,Malicious,1
3.8e-05,0.0,0.0,1,4,Malicious,1,Malicious,1
5.07e-11,0.0,0.0,1,4,Malicious,1,Malicious,1
4.01e-05,0.0,0.0,1,4,Malicious,1,Malicious,1
1.27e-11,0.0,0.0,1,4,Malicious,1,Malicious,1
3.8e-05,0.0,0.0,1,4,Malicious,1,Malicious,1
3.8e-05,0.0,0.0,1,4,Malicious,1,Malicious,1
6.34e-11,0.0,0.0,1,4,Malicious,1,Malicious,1
3.92e-05,0.0,0.0,1,4,Benign,0,Benign,1
0.0,0.0,0.0,1,4,Malicious,1,Malicious,1
1.27e-11,0.0,0.0,1,4,Malicious,1,Malicious,1
2.34e-05,2.97e-07,1.96e-07,1,3,Malicious,1,Malicious,1
5.07e-11,0.0,0.0,1,4,Malicious,1,Malicious,1
6.28e-09,2.29e-08,2.14e-07,2,8,Benign,0,Benign,0
1.27e-11,0.0,0.0,1,4,Malicious,1,Malicious,1
0.0,0.0,0.0,1,4,Malicious,1,Malicious,1
3.97e-05,0.0,0.0,1,4,Malicious,1,Malicious,1
1.87e-07,2.75e-08,1.43e-07,2,8,Benign,0,Benign,0
9.51e-09,1.66e-08,1.34e-07,2,8,Benign,0,Benign,0
9.5e-09,2.58e-08,1.34e-07,2,8,Benign,0,Benign,0
3.99e-05,0.0,0.0,1,4,Malicious,1,Malicious,1
2.85e-08,2.58e-08,1.34e-07,2,8,Benign,0,Benign,0
3.93e-05,0.0,0.0,1,4,Malicious,1,Malicious,1
3.22e-09,0.0,0.0,1,4,Malicious,1,Malicious,1
5.07e-11,0.0,0.0,1,4,Malicious,1,Malicious,1
3.21e-09,0.0,0.0,1,4,Malicious,1,Malicious,1
1.27e-11,0.0,0.0,1,4,Malicious,1,Malicious,1
1.84e-07,2.75e-08,1.43e-07,2,8,Benign,0,Benign,0
1.27e-11,0.0,0.0,1,4,Malicious,1,Malicious,1
3.91e-05,0.0,0.0,1,4,Malicious,1,Malicious,1
6.34e-11,0.0,0.0,1,4,Malicious,1,Malicious,1
1.27e-11,0.0,0.0,1,4,Malicious,1,Malicious,1
5.07e-11,0.0,0.0,1,4,Malicious,1,Malicious,1
1.79e-07,2.46e-08,3.3e-07,2,8,Benign,0,Benign,0
2.2e-08,2.75e-08,1.43e-07,2,8,Benign,0,Benign,0
9.49e-09,2.58e-08,1.34e-07,2,8,Benign,0,Benign,0
3.07e-06,2.75e-08,1.43e-07,2,8,Benign,0,Benign,0
0.0,0.0,0.0,1,4,Malicious,1,Malicious,1
6.65e-08,2.58e-08,1.34e-07,2,8,Benign,0,Benign,0
3.91e-05,0.0,0.0,1,4,Malicious,1,Malicious,1
0.0,0.0,0.0,1,4,Malicious,1,Malicious,1
1.27e-11,0.0,0.0,1,4,Malicious,1,Malicious,1
5.07e-11,0.0,0.0,1,4,Malicious,1,Malicious,1
6.65e-08,2.75e-08,1.43e-07,2,8,Benign,0,Benign,0
1.56e-07,2.29e-08,1.66e-07,2,8,Benign,0,Benign,0
1.27e-11,0.0,0.0,1,4,Malicious,1,Malicious,1
3.94e-05,0.0,0.0,1,4,Malicious,1,Malicious,1
1.27e-11,0.0,0.0,1,4,Malicious,1,Malicious,1
0.0,0.0,0.0,1,4,Malicious,1,Malicious,1
2.64e-05,4.3e-08,7.22e-07,1,7,Malicious,1,Malicious,1
1.27e-11,0.0,0.0,1,4,Malicious,1,Malicious,1
3.8e-05,0.0,0.0,1,4,Malicious,1,Malicious,1
4.9e-05,0.0,0.0,1,4,Malicious,1,Malicious,1
1.27e-11,0.0,0.0,1,4,Malicious,1,Malicious,1
1.27e-11,0.0,0.0,1,4,Malicious,1,Malicious,1
1.37e-05,4.3e-08,7.22e-07,1,7,Malicious,1,Malicious,0
3.97e-05,0.0,0.0,1,4,Benign,0,Benign,1
3.97e-05,0.0,0.0,1,4,Benign,0,Benign,1
3.8e-05,0.0,0.0,1,4,Malicious,1,Malicious,1
3.91e-05,0.0,0.0,1,4,Malicious,1,Malicious,1
6.34e-11,0.0,0.0,1,4,Malicious,1,Malicious,1
3.99e-05,0.0,0.0,1,4,Benign,0,Benign,1
3.22e-09,0.0,0.0,1,4,Malicious,1,Malicious,1
3.48e-08,2.75e-08,1.43e-07,2,8,Benign,0,Benign,0
1.27e-11,0.0,0.0,1,4,Malicious,1,Malicious,1
1.9e-08,2.75e-08,1.43e-07,2,8,Benign,0,Benign,0
1.27e-11,0.0,0.0,1,4,Malicious,1,Malicious,1
1.27e-11,0.0,0.0,1,4,Malicious,1,Malicious,1
0.0,0.0,0.0,1,4,Malicious,1,Malicious,1
1.27e-11,0.0,0.0,1,4,Malicious,1,Malicious,1
3.96e-05,0.0,0.0,1,4,Malicious,1,Malicious,1
6.32e-09,1.66e-08,1.34e-07,2,8,Benign,0,Benign,0
3.91e-05,0.0,0.0,1,4,Malicious,1,Malicious,1
3.8e-05,0.0,0.0,1,4,Malicious,1,Malicious,1
3.8e-05,0.0,0.0,1,4,Malicious,1,Malicious,1
2.21e-08,2.75e-08,1.43e-07,2,8,Benign,0,Benign,0
3.8e-05,0.0,0.0,1,4,Malicious,1,Malicious,1
3.99e-05,0.0,0.0,1,4,Malicious,1,Malicious,1
1.27e-11,0.0,0.0,1,4,Malicious,1,Malicious,1
3.81e-11,0.0,0.0,1,4,Malicious,1,Malicious,1
3.22e-09,0.0,0.0,1,4,Malicious,1,Malicious,1
3.8e-05,0.0,0.0,1,4,Malicious,1,Malicious,1
2.37e-05,2.97e-07,1.96e-07,1,3,Malicious,1,Malicious,1
1.27e-11,0.0,0.0,1,4,Malicious,1,Malicious,1
1.27e-11,0.0,0.0,1,4,Malicious,1,Malicious,1
2.68e-09,0.0,0.0,1,4,Malicious,1,Malicious,1
3.97e-05,0.0,0.0,1,4,Malicious,1,Malicious,1
1.27e-11,0.0,0.0,1,4,Malicious,1,Malicious,1
1.01e-10,0.0,0.0,1,4,Malicious,1,Malicious,1
3.99e-05,0.0,0.0,1,4,Malicious,1,Malicious,1
3.97e-05,0.0,0.0,1,4,Malicious,1,Malicious,1
3.8e-05,0.0,0.0,1,4,Malicious,1,Malicious,1
1.27e-11,5.5e-08,0.0,2,4,Benign,0,Benign,0
6.34e-11,0.0,0.0,1,4,Malicious,1,Malicious,1
1.27e-11,0.0,0.0,1,4,Malicious,1,Malicious,1
5.07e-11,0.0,0.0,1,4,Malicious,1,Malicious,1
5.07e-11,0.0,0.0,1,4,Malicious,1,Malicious,1
0.0,0.0,0.0,1,4,Malicious,1,Malicious,1
3.96e-05,0.0,0.0,1,4,Benign,0,Benign,1
1.27e-11,0.0,0.0,1,4,Malicious,1,Malicious,1
1.27e-11,0.0,0.0,1,4,Malicious,1,Malicious,1
3.81e-11,0.0,0.0,1,4,Malicious,1,Malicious,1
2.52e-08,2.75e-08,1.43e-07,2,8,Benign,0,Benign,0
0.000430805,3.55e-08,7.99e-07,1,7,Malicious,1,Malicious,1
3.94e-05,0.0,0.0,1,4,Malicious,1,Malicious,1
3.91e-05,0.0,0.0,1,4,Malicious,1,Malicious,1
1.27e-11,0.0,0.0,1,4,Malicious,1,Malicious,1
4e-05,0.0,0.0,1,4,Malicious,1,Malicious,1
6.32e-09,2.58e-08,1.34e-07,2,8,Benign,0,Benign,0
5.07e-11,0.0,0.0,1,4,Malicious,1,Malicious,1
5.07e-11,0.0,0.0,1,4,Malicious,1,Malicious,1
0.0,0.0,0.0,1,4,Malicious,1,Malicious,1
2.54e-11,0.0,0.0,1,4,Malicious,1,Malicious,1
1.27e-11,0.0,0.0,1,4,Malicious,1,Malicious,1
1.27e-11,0.0,0.0,1,4,Malicious,1,Malicious,1
1.27e-11,0.0,0.0,1,4,Malicious,1,Malicious,1
0.000478968,3.55e-08,7.99e-07,1,7,Malicious,1,Malicious,1
5.07e-11,0.0,0.0,1,4,Malicious,1,Malicious,1
3.98e-05,0.0,0.0,1,4,Benign,0,Benign,1
1.27e-11,0.0,0.0,1,4,Malicious,1,Malicious,1
3.8e-05,0.0,0.0,1,4,Malicious,1,Malicious,1
3.79e-05,0.0,0.0,1,4,Malicious,1,Malicious,1
8.22e-08,2.75e-08,1.43e-07,2,8,Benign,0,Benign,0
7.28e-08,2.75e-08,1.43e-07,2,8,Benign,0,Benign,0
3.99e-05,0.0,0.0,1,4,Malicious,1,Malicious,1
6.34e-11,0.0,0.0,1,4,Malicious,1,Malicious,1
1.27e-11,0.0,0.0,1,4,Malicious,1,Malicious,1
3.91e-05,0.0,0.0,1,4,Malicious,1,Malicious,1
0.0,0.0,0.0,1,4,Malicious,1,Malicious,1
6.35e-05,4.47e-08,0.0,2,4,Benign,0,Benign,0
6.02e-08,2.75e-08,1.43e-07,2,8,Benign,0,Benign,0
3.99e-05,0.0,0.0,1,4,Benign,0,Benign,1
3.26e-09,0.0,0.0,1,4,Malicious,1,Malicious,1
0.0,0.0,0.0,1,4,Malicious,1,Malicious,1
3.48e-08,2.75e-08,1.43e-07,2,8,Benign,0,Benign,0
6.34e-11,0.0,0.0,1,4,Malicious,1,Malicious,1
1.27e-11,0.0,0.0,1,4,Malicious,1,Malicious,1
1.27e-11,0.0,0.0,1,4,Malicious,1,Malicious,1
1.27e-11,0.0,0.0,1,4,Malicious,1,Malicious,1
1.27e-11,0.0,0.0,1,4,Malicious,1,Malicious,1
3.81e-11,0.0,0.0,1,4,Malicious,1,Malicious,1
5.07e-11,0.0,0.0,1,4,Malicious,1,Malicious,1
2.7e-05,3.84e-08,6.92e-07,1,7,Benign,0,Benign,1
1.27e-11,0.0,0.0,1,4,Malicious,1,Malicious,1
1.27e-11,0.0,0.0,1,4,Malicious,1,Malicious,1
3.2e-09,0.0,0.0,1,4,Malicious,1,Malicious,1
3.21e-09,0.0,0.0,1,4,Malicious,1,Malicious,1
3.98e-05,0.0,0.0,1,4,Benign,0,Benign,1
1.27e-11,0.0,0.0,1,4,Malicious,1,Malicious,1
3.08e-09,0.0,0.0,1,4,Malicious,1,Malicious,1
2.93e-09,0.0,0.0,1,4,Malicious,1,Malicious,1
5.07e-11,0.0,0.0,1,4,Malicious,1,Malicious,1
1.45e-06,2.75e-08,1.43e-07,2,8,Benign,0,Benign,0
3.21e-09,0.0,0.0,1,4,Malicious,1,Malicious,1
3.97e-05,0.0,0.0,1,4,Malicious,1,Malicious,1
1.27e-11,0.0,0.0,1,4,Malicious,1,Malicious,1
2.54e-11,0.0,0.0,1,4,Malicious,1,Malicious,1
0.000753813,1.72e-06,0.0,2,4,Benign,0,Benign,0
1.27e-11,0.0,0.0,1,4,Malicious,1,Malicious,1
9.47e-09,1.66e-08,1.34e-07,2,8,Benign,0,Benign,0
1.27e-11,0.0,0.0,1,4,Malicious,1,Malicious,1
5.07e-11,0.0,0.0,1,4,Malicious,1,Malicious,1
5.39e-08,2.58e-08,1.34e-07,2,8,Benign,0,Benign,0
3.92e-05,0.0,0.0,1,4,Malicious,1,Malicious,1
6.34e-11,0.0,0.0,1,4,Malicious,1,Malicious,1
0.0,0.0,0.0,1,4,Malicious,1,Malicious,1
1.27e-11,0.0,0.0,1,4,Malicious,1,Malicious,1
3.96e-05,0.0,0.0,1,4,Malicious,1,Malicious,1
1.27e-11,0.0,0.0,1,4,Malicious,1,Malicious,1
3.8e-05,0.0,0.0,1,4,Malicious,1,Malicious,1
3.98e-05,0.0,0.0,1,4,Benign,0,Benign,1
3.26e-09,0.0,0.0,1,4,Malicious,1,Malicious,1
3.8e-05,0.0,0.0,1,4,Malicious,1,Malicious,1
6.48e-05,5.22e-08,0.000230616,1,8,Malicious,1,Malicious,1
6.33e-09,2.58e-08,1.34e-07,2,8,Benign,0,Benign,0
4e-05,0.0,0.0,1,4,Benign,0,Benign,1
3.5e-09,0.0,0.0,1,4,Malicious,1,Malicious,1
3.99e-05,0.0,0.0,1,4,Malicious,1,Malicious,1
8.24e-08,1.66e-08,1.34e-07,2,8,Benign,0,Benign,0
0.0,0.0,0.0,1,4,Malicious,1,Malicious,1
1.27e-11,0.0,0.0,1,4,Malicious,1,Malicious,1
5.07e-11,0.0,0.0,1,4,Malicious,1,Malicious,1
3.8e-05,0.0,0.0,1,4,Malicious,1,Malicious,1
3.99e-05,0.0,0.0,1,4,Malicious,1,Malicious,1
4.74e-08,2.75e-08,1.43e-07,2,8,Benign,0,Benign,0
3.97e-05,0.0,0.0,1,4,Benign,0,Benign,1
5.07e-11,0.0,0.0,1,4,Malicious,1,Malicious,1
3.95e-05,0.0,0.0,1,4,Malicious,1,Malicious,1
1.27e-11,0.0,0.0,1,4,Malicious,1,Malicious,1
1.27e-11,0.0,0.0,1,4,Malicious,1,Malicious,1
1.27e-11,0.0,0.0,1,4,Malicious,1,Malicious,1
1.27e-11,0.0,0.0,1,4,Malicious,1,Malicious,1
1.27e-11,0.0,0.0,1,4,Malicious,1,Malicious,1
1.27e-11,0.0,0.0,1,4,Malicious,1,Malicious,1
1.65e-05,2.75e-08,1.43e-07,2,8,Benign,0,Benign,0
1.27e-11,0.0,0.0,1,4,Malicious,1,Malicious,1
0.000545334,1.82e-07,0.0,2,4,Benign,0,Benign,0
1.27e-11,0.0,0.0,1,4,Malicious,1,Malicious,1
1.27e-11,0.0,0.0,1,4,Malicious,1,Malicious,1
4.18e-06,0.0,0.0,1,1,Benign,0,Benign,0
1.27e-11,0.0,0.0,1,4,Malicious,1,Malicious,1
5.13e-05,3.38e-07,6.66e-06,1,8,Malicious,1,Malicious,1
0.0,0.0,0.0,1,4,Malicious,1,Malicious,1
3.95e-05,0.0,0.0,1,4,Benign,0,Benign,1
5.07e-11,0.0,0.0,1,4,Malicious,1,Malicious,1
5.96e-07,2.12e-08,5.32e-07,2,8,Benign,0,Benign,0
5.07e-11,0.0,0.0,1,4,Malicious,1,Malicious,1
3.96e-05,0.0,0.0,1,4,Malicious,1,Malicious,1
3.23e-09,0.0,0.0,1,4,Malicious,1,Malicious,1
3.8e-05,0.0,0.0,1,4,Malicious,1,Malicious,1
3.8e-05,0.0,0.0,1,4,Malicious,1,Malicious,1
0.000126373,1.65e-07,8.56e-07,2,8,Benign,0,Benign,0
5.07e-11,0.0,0.0,1,4,Malicious,1,Malicious,1
1.26e-08,4.58e-08,4.99e-07,2,8,Benign,0,Benign,0
3.99e-05,0.0,0.0,1,4,Malicious,1,Malicious,1
5.07e-11,0.0,0.0,1,4,Malicious,1,Malicious,1
6.48e-09,0.0,0.0,1,4,Malicious,1,Malicious,1
0.0,0.0,0.0,1,4,Malicious,1,Malicious,1
6.02e-07,2.12e-08,5.32e-07,2,8,Benign,0,Benign,0
3.95e-05,0.0,0.0,1,4,Malicious,1,Malicious,1
1.27e-11,0.0,0.0,1,4,Malicious,1,Malicious,1
6.34e-11,0.0,0.0,1,4,Malicious,1,Malicious,1
4.6e-07,4.58e-08,4.99e-07,2,8,Benign,0,Benign,0
1.27e-11,0.0,0.0,1,4,Malicious,1,Malicious,1
2.68e-09,0.0,0.0,1,4,Malicious,1,Malicious,1
1.27e-11,0.0,0.0,1,4,Malicious,1,Malicious,1
5.07e-11,0.0,0.0,1,4,Malicious,1,Malicious,1
3.97e-05,0.0,0.0,1,4,Benign,0,Benign,1
1.27e-11,0.0,0.0,1,4,Malicious,1,Malicious,1
3.95e-05,0.0,0.0,1,4,Malicious,1,Malicious,1
3.94e-05,0.0,0.0,1,4,Malicious,1,Malicious,1
1.38e-05,3.84e-08,6.92e-07,1,7,Benign,0,Benign,0
3.8e-05,0.0,0.0,1,4,Malicious,1,Malicious,1
3.92e-05,0.0,0.0,1,4,Malicious,1,Malicious,1
1.27e-11,0.0,0.0,1,4,Malicious,1,Malicious,1
3.99e-05,0.0,0.0,1,4,Benign,0,Benign,1
3.99e-05,0.0,0.0,1,4,Benign,0,Benign,1
1.27e-11,0.0,0.0,1,4,Malicious,1,Malicious,1
1.27e-11,0.0,0.0,1,4,Malicious,1,Malicious,1
2.22e-08,2.75e-08,1.43e-07,2,8,Benign,0,Benign,0
3.8e-05,0.0,0.0,1,4,Malicious,1,Malicious,1
3.97e-05,0.0,0.0,1,4,Malicious,1,Malicious,1
6.35e-05,4.47e-08,0.0,2,4,Benign,0,Benign,0
1.01e-07,5.5e-08,2.85e-07,2,8,Benign,0,Benign,0
3.95e-05,0.0,0.0,1,4,Benign,0,Benign,1
1.39e-05,3.84e-08,6.66e-07,1,7,Benign,0,Benign,1
3.99e-05,0.0,0.0,1,4,Benign,0,Benign,1
5.07e-11,0.0,0.0,1,4,Malicious,1,Malicious,1
1.27e-11,0.0,0.0,1,4,Malicious,1,Malicious,1
3.8e-05,0.0,0.0,1,4,Benign,0,Benign,1
1.27e-11,0.0,0.0,1,4,Malicious,1,Malicious,1
1.27e-11,0.0,0.0,1,4,Malicious,1,Malicious,1
6.96e-08,2.75e-08,1.43e-07,2,8,Benign,0,Benign,0
1.27e-11,0.0,0.0,1,4,Malicious,1,Malicious,1
3.2e-09,0.0,0.0,1,4,Malicious,1,Malicious,1
6.3e-09,0.0,0.0,1,4,Malicious,1,Malicious,1
4.01e-05,0.0,0.0,1,4,Malicious,1,Malicious,1
4e-05,0.0,0.0,1,4,Malicious,1,Malicious,1
3.81e-11,0.0,0.0,1,4,Malicious,1,Malicious,1
3.96e-05,0.0,0.0,1,4,Malicious,1,Malicious,1
3.8e-05,0.0,0.0,1,4,Malicious,1,Malicious,1
1.27e-11,0.0,0.0,1,4,Malicious,1,Malicious,1
1.27e-11,0.0,0.0,1,4,Malicious,1,Malicious,1
1.27e-11,0.0,0.0,1,4,Malicious,1,Malicious,1
1.27e-11,0.0,0.0,1,4,Malicious,1,Malicious,1
1.27e-11,0.0,0.0,1,4,Malicious,1,Malicious,1
0.0,0.0,0.0,1,4,Malicious,1,Malicious,1
6.29e-09,0.0,0.0,1,4,Malicious,1,Malicious,1
2.22e-08,1.66e-08,1.34e-07,2,8,Benign,0,Benign,0
3.93e-05,0.0,0.0,1,4,Malicious,1,Malicious,1
3.95e-05,0.0,0.0,1,4,Benign,0,Benign,1
4e-05,0.0,0.0,1,4,Benign,0,Benign,1
2.65e-09,0.0,0.0,1,4,Malicious,1,Malicious,1
6.33e-09,2.58e-08,1.34e-07,2,8,Benign,0,Benign,0
3.8e-05,0.0,0.0,1,4,Malicious,1,Malicious,1
3.8e-05,0.0,0.0,1,4,Malicious,1,Malicious,1
3.92e-05,0.0,0.0,1,4,Malicious,1,Malicious,1
1.27e-11,0.0,0.0,1,4,Malicious,1,Malicious,1
3.07e-09,0.0,0.0,1,4,Malicious,1,Malicious,1
5.07e-11,0.0,0.0,1,4,Malicious,1,Malicious,1
1.27e-11,0.0,0.0,1,4,Malicious,1,Malicious,1
3.97e-05,0.0,0.0,1,4,Malicious,1,Malicious,1
3.8e-05,0.0,0.0,1,4,Malicious,1,Malicious,1
3.94e-05,0.0,0.0,1,4,Malicious,1,Malicious,1
3.8e-05,0.0,0.0,1,4,Malicious,1,Malicious,1
0.0,0.0,0.0,1,4,Malicious,1,Malicious,1
1.27e-11,0.0,0.0,1,4,Malicious,1,Malicious,1
2.89e-06,2.75e-08,1.43e-07,2,8,Benign,0,Benign,0
1.27e-11,0.0,0.0,1,4,Malicious,1,Malicious,1
3.95e-05,0.0,0.0,1,4,Benign,0,Benign,1
1.27e-11,0.0,0.0,1,4,Malicious,1,Malicious,1
1.27e-11,0.0,0.0,1,4,Malicious,1,Malicious,1
1.27e-11,0.0,0.0,1,4,Malicious,1,Malicious,1
5.07e-11,0.0,0.0,1,4,Malicious,1,Malicious,1
3.47e-08,2.12e-08,1.57e-07,2,8,Benign,0,Benign,0
1.27e-11,0.0,0.0,1,4,Malicious,1,Malicious,1
3.8e-05,0.0,0.0,1,4,Malicious,1,Malicious,1
3.8e-05,0.0,0.0,1,4,Malicious,1,Malicious,1
3.38e-07,0.0,0.0,1,8,Benign,0,Benign,0
5.7e-05,3.38e-07,5.35e-06,1,8,Malicious,1,Malicious,1
1.57e-07,2.75e-08,1.43e-07,2,8,Benign,0,Benign,0
3.96e-05,0.0,0.0,1,4,Benign,0,Benign,1
0.0,0.0,0.0,1,4,Malicious,1,Malicious,1
3.99e-05,0.0,0.0,1,4,Malicious,1,Malicious,1
3.8e-05,0.0,0.0,1,4,Malicious,1,Malicious,1
0.0,0.0,0.0,1,4,Malicious,1,Malicious,1
1.27e-11,0.0,0.0,1,4,Malicious,1,Malicious,1
1.27e-11,0.0,0.0,1,4,Malicious,1,Malicious,1
3.92e-05,0.0,0.0,1,4,Malicious,1,Malicious,1
3.79e-05,0.0,0.0,1,4,Malicious,1,Malicious,1
3.98e-05,0.0,0.0,1,4,Malicious,1,Malicious,1
3.92e-05,0.0,0.0,1,4,Malicious,1,Malicious,1
3.98e-05,0.0,0.0,1,4,Malicious,1,Malicious,1
1.27e-11,0.0,0.0,1,4,Malicious,1,Malicious,1
3.79e-05,0.0,0.0,1,4,Malicious,1,Malicious,1
3.97e-05,0.0,0.0,1,4,Malicious,1,Malicious,1
1.82e-06,2.58e-08,1.34e-07,2,8,Benign,0,Benign,0
1.27e-11,0.0,0.0,1,4,Malicious,1,Malicious,1
0.000758596,1.72e-06,0.0,2,4,Benign,0,Benign,0
0.0,0.0,0.0,1,4,Malicious,1,Malicious,1
3.93e-05,0.0,0.0,1,4,Malicious,1,Malicious,1
3.95e-05,0.0,0.0,1,4,Malicious,1,Malicious,1
3.9e-07,2.75e-08,1.43e-07,2,8,Benign,0,Benign,0
3.93e-05,0.0,0.0,1,4,Malicious,1,Malicious,1
2.64e-09,0.0,0.0,1,4,Malicious,1,Malicious,1
0.000453998,3.55e-08,7.99e-07,1,7,Malicious,1,Malicious,1
3.96e-05,0.0,0.0,1,4,Benign,0,Benign,1
5.07e-11,0.0,0.0,1,4,Malicious,1,Malicious,1
1.27e-11,0.0,0.0,1,4,Malicious,1,Malicious,1
1.73e-07,2.75e-08,1.43e-07,2,8,Benign,0,Benign,0
1.27e-11,0.0,0.0,1,4,Malicious,1,Malicious,1
1.27e-11,0.0,0.0,1,4,Malicious,1,Malicious,1
9.61e-09,0.0,0.0,1,4,Malicious,1,Malicious,1
3.95e-05,0.0,0.0,1,4,Benign,0,Benign,1
1.27e-11,0.0,0.0,1,4,Malicious,1,Malicious,1
1.27e-11,0.0,0.0,1,4,Malicious,1,Malicious,1
5.07e-11,0.0,0.0,1,4,Malicious,1,Malicious,1
5.07e-11,0.0,0.0,1,4,Malicious,1,Malicious,1
3.97e-05,0.0,0.0,1,4,Malicious,1,Malicious,1
1.27e-11,0.0,0.0,1,4,Malicious,1,Malicious,1
1.27e-11,0.0,0.0,1,4,Malicious,1,Malicious,1
1.27e-11,0.0,0.0,1,4,Malicious,1,Malicious,1
1.63e-07,2.46e-08,3.3e-07,2,8,Benign,0,Benign,0
1.27e-11,0.0,0.0,1,4,Malicious,1,Malicious,1
1.27e-11,0.0,0.0,1,4,Malicious,1,Malicious,1
3.81e-11,5.5e-08,0.0,2,4,Benign,0,Benign,0
3.96e-05,0.0,0.0,1,4,Malicious,1,Malicious,1
3.94e-05,0.0,0.0,1,4,Benign,0,Benign,1
0.0,0.0,0.0,1,4,Malicious,1,Malicious,1
1.27e-11,0.0,0.0,1,4,Malicious,1,Malicious,1
1.01e-10,0.0,0.0,1,4,Malicious,1,Malicious,1
1.27e-11,0.0,0.0,1,4,Malicious,1,Malicious,1
5.07e-11,0.0,0.0,1,4,Malicious,1,Malicious,1
3.8e-05,0.0,0.0,1,4,Malicious,1,Malicious,1
1.27e-11,0.0,0.0,1,4,Malicious,1,Malicious,1
3.8e-05,0.0,0.0,1,4,Malicious,1,Malicious,1
1.27e-11,0.0,0.0,1,4,Malicious,1,Malicious,1
0.0,0.0,0.0,1,4,Malicious,1,Malicious,1
3.98e-05,0.0,0.0,1,4,Malicious,1,Malicious,1
3.8e-05,0.0,0.0,1,4,Malicious,1,Malicious,1
2.97e-06,9.14e-07,5.26e-07,1,8,Benign,0,Benign,0
1.27e-11,0.0,0.0,1,4,Malicious,1,Malicious,1
1.27e-11,0.0,0.0,1,4,Malicious,1,Malicious,1
5.07e-11,0.0,0.0,1,4,Malicious,1,Malicious,1
0.0,0.0,0.0,1,4,Malicious,1,Malicious,1
5.07e-11,0.0,0.0,1,4,Malicious,1,Malicious,1
5.07e-11,0.0,0.0,1,4,Malicious,1,Malicious,1
5.07e-11,0.0,0.0,1,4,Malicious,1,Malicious,1
6.39e-09,0.0,0.0,1,4,Malicious,1,Malicious,1
1.27e-11,0.0,0.0,1,4,Malicious,1,Malicious,1
3.8e-05,0.0,0.0,1,4,Malicious,1,Malicious,1
0.0,0.0,0.0,1,4,Malicious,1,Malicious,1
0.0,0.0,0.0,1,4,Malicious,1,Malicious,1
1.27e-11,0.0,0.0,1,4,Malicious,1,Malicious,1
6.35e-05,4.47e-08,0.0,2,4,Benign,0,Benign,0
3.79e-05,0.0,0.0,1,4,Malicious,1,Malicious,1
1.27e-11,0.0,0.0,1,4,Malicious,1,Malicious,1
3.94e-05,0.0,0.0,1,4,Malicious,1,Malicious,1
3.8e-05,0.0,0.0,1,4,Malicious,1,Malicious,1
6.35e-05,4.47e-08,0.0,2,4,Benign,0,Benign,0
3.8e-05,0.0,0.0,1,4,Malicious,1,Malicious,1
6.35e-05,4.47e-08,0.0,2,4,Benign,0,Benign,0
1.27e-11,0.0,0.0,1,4,Malicious,1,Malicious,1
6.34e-11,0.0,0.0,1,4,Malicious,1,Malicious,1
0.0,0.0,0.0,1,4,Malicious,1,Malicious,1
1.11e-07,1.66e-08,1.34e-07,2,8,Benign,0,Benign,0
4.01e-05,0.0,0.0,1,4,Benign,0,Benign,1
3.97e-05,0.0,0.0,1,4,Malicious,1,Malicious,1
4.14e-05,3.08e-07,5.39e-06,1,3,Benign,0,Benign,0
1.49e-07,2.75e-08,1.43e-07,2,8,Benign,0,Benign,0
1.27e-11,0.0,0.0,1,4,Malicious,1,Malicious,1
0.0,0.0,0.0,1,4,Malicious,1,Malicious,1
3.97e-05,0.0,0.0,1,4,Malicious,1,Malicious,1
8.01e-05,3.38e-07,5.35e-06,1,8,Malicious,1,Malicious,1
2.21e-08,2.75e-08,1.43e-07,2,8,Benign,0,Benign,0
3.8e-05,0.0,0.0,1,4,Malicious,1,Malicious,1
3.99e-05,0.0,0.0,1,4,Malicious,1,Malicious,1
3.79e-05,0.0,0.0,1,4,Malicious,1,Malicious,1
3.22e-09,0.0,0.0,1,4,Malicious,1,Malicious,1
3.98e-05,0.0,0.0,1,4,Benign,0,Benign,1
3.96e-05,0.0,0.0,1,4,Malicious,1,Malicious,1
5.07e-11,0.0,0.0,1,4,Malicious,1,Malicious,1
3.93e-05,0.0,0.0,1,4,Benign,0,Benign,1
1.27e-11,0.0,0.0,1,4,Malicious,1,Malicious,1
1.27e-11,0.0,0.0,1,4,Malicious,1,Malicious,1
3.96e-05,0.0,0.0,1,4,Benign,0,Benign,1
5.07e-11,0.0,0.0,1,4,Malicious,1,Malicious,1
3.8e-05,0.0,0.0,1,4,Malicious,1,Malicious,1
2.87e-09,0.0,0.0,1,4,Malicious,1,Malicious,1
3.96e-05,0.0,0.0,1,4,Benign,0,Benign,1
1.27e-11,0.0,0.0,1,4,Malicious,1,Malicious,1
3.97e-05,0.0,0.0,1,4,Malicious,1,Malicious,1
1.27e-11,0.0,0.0,1,4,Malicious,1,Malicious,1
6.34e-09,2.58e-08,1.34e-07,2,8,Benign,0,Benign,0
3.96e-05,0.0,0.0,1,4,Malicious,1,Malicious,1
3.97e-05,0.0,0.0,1,4,Malicious,1,Malicious,1
3.95e-05,0.0,0.0,1,4,Benign,0,Benign,1
1.27e-11,0.0,0.0,1,4,Malicious,1,Malicious,1
1.58e-07,2.75e-08,1.43e-07,2,8,Benign,0,Benign,0
6.34e-11,0.0,0.0,1,4,Malicious,1,Malicious,1
1.27e-11,0.0,0.0,1,4,Malicious,1,Malicious,1
3.93e-05,0.0,0.0,1,4,Malicious,1,Malicious,1
1.27e-11,0.0,0.0,1,4,Malicious,1,Malicious,1
4.12e-08,0.0,0.0,1,8,Benign,0,Benign,0
3.8e-05,0.0,0.0,1,4,Malicious,1,Malicious,1
3.8e-05,0.0,0.0,1,4,Malicious,1,Malicious,1
5.07e-11,0.0,0.0,1,4,Malicious,1,Malicious,1
3.21e-09,0.0,0.0,1,4,Malicious,1,Malicious,1
4.12e-07,2.46e-08,3.3e-07,2,8,Benign,0,Benign,0
0.0,0.0,0.0,1,4,Malicious,1,Malicious,1
6.32e-07,2.64e-08,1.84e-07,2,8,Benign,0,Benign,0
3.99e-05,0.0,0.0,1,4,Malicious,1,Malicious,1
6.34e-11,0.0,0.0,1,4,Malicious,1,Malicious,1
3.05e-06,0.0,0.0,1,8,Benign,0,Benign,0
5.07e-11,0.0,0.0,1,4,Malicious,1,Malicious,1
0.0,0.0,0.0,1,4,Malicious,1,Malicious,1
3.22e-09,0.0,0.0,1,4,Malicious,1,Malicious,1
6.34e-11,0.0,0.0,1,4,Malicious,1,Malicious,1
2.51e-08,2.75e-08,1.43e-07,2,8,Benign,0,Benign,0
2.21e-08,2.75e-08,1.43e-07,2,8,Benign,0,Benign,0
3.96e-05,0.0,0.0,1,4,Malicious,1,Malicious,1
3.94e-05,0.0,0.0,1,4,Malicious,1,Malicious,1
3.96e-05,0.0,0.0,1,4,Benign,0,Benign,1
3.98e-05,0.0,0.0,1,4,Benign,0,Benign,1
3.8e-05,0.0,0.0,1,4,Malicious,1,Malicious,1
3.8e-05,0.0,0.0,1,4,Malicious,1,Malicious,1
1.27e-11,0.0,0.0,1,4,Malicious,1,Malicious,1
6.39e-05,4.47e-08,3.06e-07,2,8,Benign,0,Benign,0
3.21e-09,0.0,0.0,1,4,Malicious,1,Malicious,1
3.98e-05,0.0,0.0,1,4,Benign,0,Benign,1
3.95e-05,0.0,0.0,1,4,Malicious,1,Malicious,1
4e-05,0.0,0.0,1,4,Benign,0,Benign,1
4e-05,0.0,0.0,1,4,Malicious,1,Malicious,1
3.26e-07,1.66e-08,1.34e-07,2,8,Benign,0,Benign,0
3.94e-05,0.0,0.0,1,4,Benign,0,Benign,1
6.34e-11,0.0,0.0,1,4,Malicious,1,Malicious,1
3.46e-08,2.75e-08,1.43e-07,2,8,Benign,0,Benign,0
1.27e-11,0.0,0.0,1,4,Malicious,1,Malicious,1
3.99e-05,0.0,0.0,1,4,Benign,0,Benign,1
4.42e-08,1.66e-08,1.34e-07,2,8,Benign,0,Benign,0
5.47e-06,0.0,0.0,1,1,Malicious,1,Malicious,0
5.07e-11,0.0,0.0,1,4,Malicious,1,Malicious,1
3.8e-05,0.0,0.0,1,4,Malicious,1,Malicious,1
0.0,0.0,0.0,1,4,Malicious,1,Malicious,1
3.94e-05,0.0,0.0,1,4,Malicious,1,Malicious,1
4.31e-07,2.58e-08,1.34e-07,2,8,Benign,0,Benign,0
3.93e-05,0.0,0.0,1,4,Benign,0,Benign,1
1.27e-11,0.0,0.0,1,4,Malicious,1,Malicious,1
1.27e-11,0.0,0.0,1,4,Malicious,1,Malicious,1
1.27e-11,0.0,0.0,1,4,Malicious,1,Malicious,1
6.34e-11,0.0,0.0,1,4,Malicious,1,Malicious,1
3.79e-05,0.0,0.0,1,4,Malicious,1,Malicious,1
3.91e-05,0.0,0.0,1,4,Malicious,1,Malicious,1
6e-08,2.75e-08,1.43e-07,2,8,Benign,0,Benign,0
6.34e-11,0.0,0.0,1,4,Malicious,1,Malicious,1
3.08e-09,0.0,0.0,1,4,Malicious,1,Malicious,1
3.95e-05,0.0,0.0,1,4,Benign,0,Benign,1
3.96e-05,0.0,0.0,1,4,Malicious,1,Malicious,1
6.35e-05,4.47e-08,0.0,2,4,Benign,0,Benign,0
3.93e-05,0.0,0.0,1,4,Malicious,1,Malicious,1
1.39e-05,3.84e-08,6.92e-07,1,7,Benign,0,Benign,1
3.95e-05,0.0,0.0,1,4,Benign,0,Benign,1
1.27e-11,0.0,0.0,1,4,Malicious,1,Malicious,1
5.07e-11,0.0,0.0,1,4,Malicious,1,Malicious,1
2.21e-08,2.75e-08,1.43e-07,2,8,Benign,0,Benign,0
3.81e-11,0.0,0.0,1,4,Malicious,1,Malicious,1
3.97e-05,0.0,0.0,1,4,Malicious,1,Malicious,1
0.0,0.0,0.0,1,4,Malicious,1,Malicious,1
4e-05,0.0,0.0,1,4,Benign,0,Benign,1
3.99e-05,0.0,0.0,1,4,Malicious,1,Malicious,1
1.27e-11,0.0,0.0,1,4,Malicious,1,Malicious,1
0.000768537,1.72e-06,0.0,2,4,Benign,0,Benign,0
5.07e-11,0.0,0.0,1,4,Malicious,1,Malicious,1
8.24e-08,2.75e-08,1.43e-07,2,8,Benign,0,Benign,0
3.98e-05,0.0,0.0,1,4,Malicious,1,Malicious,1
1.46e-05,0.0,0.0,1,1,Benign,0,Benign,1
1.9e-08,2.75e-08,1.43e-07,2,8,Benign,0,Benign,0
1.27e-11,0.0,0.0,1,4,Malicious,1,Malicious,1
3.81e-11,0.0,0.0,1,4,Malicious,1,Malicious,1
2.54e-11,0.0,0.0,1,4,Malicious,1,Malicious,1
1.27e-11,0.0,0.0,1,4,Malicious,1,Malicious,1
6.3e-09,0.0,0.0,1,4,Malicious,1,Malicious,1
1.27e-11,0.0,0.0,1,4,Malicious,1,Malicious,1
1.27e-11,0.0,0.0,1,4,Malicious,1,Malicious,1
3.95e-05,0.0,0.0,1,4,Benign,0,Benign,1
1.08e-05,4.24e-08,7.19e-07,1,7,Malicious,1,Malicious,1
1.4e-05,4.3e-08,7.22e-07,1,7,Malicious,1,Malicious,1
1.27e-11,0.0,0.0,1,4,Malicious,1,Malicious,1
1.27e-11,0.0,0.0,1,4,Malicious,1,Malicious,1
0.001740722,2.8e-07,2.01e-06,2,8,Benign,0,Benign,0
4e-05,0.0,0.0,1,4,Malicious,1,Malicious,1
3.48e-08,2.75e-08,1.43e-07,2,8,Benign,0,Benign,0
2.54e-11,5.5e-08,0.0,2,4,Benign,0,Benign,0
1.27e-11,0.0,0.0,1,4,Malicious,1,Malicious,1
3.8e-05,0.0,0.0,1,4,Malicious,1,Malicious,1
5.2e-05,4.3e-08,7.22e-07,1,7,Malicious,1,Malicious,1
6.69e-07,5.9e-08,8.59e-07,2,8,Benign,0,Benign,0
3.95e-05,0.0,0.0,1,4,Malicious,1,Malicious,1
3.8e-05,0.0,0.0,1,4,Malicious,1,Malicious,1
3.52e-07,1.72e-08,2.79e-07,2,8,Benign,0,Benign,0
3.22e-09,0.0,0.0,1,4,Malicious,1,Malicious,1
5.07e-11,0.0,0.0,1,4,Malicious,1,Malicious,1
1.27e-11,0.0,0.0,1,4,Malicious,1,Malicious,1
1.27e-11,0.0,0.0,1,4,Malicious,1,Malicious,1
5.07e-11,0.0,0.0,1,4,Malicious,1,Malicious,1
3.8e-05,0.0,0.0,1,4,Malicious,1,Malicious,1
6.97e-08,2.75e-08,1.43e-07,2,8,Benign,0,Benign,0
1.27e-11,0.0,0.0,1,4,Malicious,1,Malicious,1
3.95e-05,0.0,0.0,1,4,Malicious,1,Malicious,1
3.95e-05,0.0,0.0,1,4,Benign,0,Benign,1
1.27e-11,0.0,0.0,1,4,Malicious,1,Malicious,1
3.93e-05,0.0,0.0,1,4,Benign,0,Benign,1
2.15e-07,2.75e-08,1.43e-07,2,8,Benign,0,Benign,0
1.39e-05,3.84e-08,6.92e-07,1,7,Benign,0,Benign,1
5.07e-11,0.0,0.0,1,4,Malicious,1,Malicious,1
4e-05,0.0,0.0,1,4,Malicious,1,Malicious,1
3.8e-05,0.0,0.0,1,4,Malicious,1,Malicious,1
3.21e-09,0.0,0.0,1,4,Malicious,1,Malicious,1
1.27e-11,0.0,0.0,1,4,Malicious,1,Malicious,1
3.99e-05,0.0,0.0,1,4,Malicious,1,Malicious,1
1.27e-11,0.0,0.0,1,4,Malicious,1,Malicious,1
3.97e-05,0.0,0.0,1,4,Malicious,1,Malicious,1
6.34e-11,0.0,0.0,1,4,Malicious,1,Malicious,1
5.5e-05,3.38e-07,5.35e-06,1,8,Malicious,1,Malicious,1
0.000418357,1.38e-07,0.0,2,4,Benign,0,Benign,0
1.27e-11,0.0,0.0,1,4,Malicious,1,Malicious,1
1.27e-11,0.0,0.0,1,4,Malicious,1,Malicious,1
0.0,0.0,0.0,1,4,Malicious,1,Malicious,1
3.96e-05,0.0,0.0,1,4,Benign,0,Benign,1
0.000126602,1.65e-07,8.56e-07,2,8,Benign,0,Benign,0
0.000775432,1.72e-06,0.0,2,4,Benign,0,Benign,0
3.95e-05,0.0,0.0,1,4,Benign,0,Benign,1
3.8e-05,0.0,0.0,1,4,Malicious,1,Malicious,1
0.0,0.0,0.0,1,4,Malicious,1,Malicious,1
1.27e-11,0.0,0.0,1,4,Malicious,1,Malicious,1
3.92e-05,0.0,0.0,1,4,Malicious,1,Malicious,1
3.96e-05,0.0,0.0,1,4,Benign,0,Benign,1
1.27e-11,0.0,0.0,1,4,Malicious,1,Malicious,1
3.8e-05,0.0,0.0,1,4,Malicious,1,Malicious,1
1.27e-11,0.0,0.0,1,4,Malicious,1,Malicious,1
1.27e-11,0.0,0.0,1,4,Malicious,1,Malicious,1
1.27e-11,0.0,0.0,1,4,Malicious,1,Malicious,1
5.07e-11,0.0,0.0,1,4,Malicious,1,Malicious,1
6.38e-05,4.47e-08,3.06e-07,2,8,Benign,0,Benign,0
3.22e-09,0.0,0.0,1,4,Malicious,1,Malicious,1
6.34e-11,0.0,0.0,1,4,Malicious,1,Malicious,1
5.07e-11,0.0,0.0,1,4,Malicious,1,Malicious,1
1.27e-11,0.0,0.0,1,4,Malicious,1,Malicious,1
4e-05,0.0,0.0,1,4,Benign,0,Benign,1
2.21e-08,2.75e-08,1.43e-07,2,8,Benign,0,Benign,0
2.53e-08,2.75e-08,1.43e-07,2,8,Benign,0,Benign,0
5.07e-11,0.0,0.0,1,4,Malicious,1,Malicious,1
3.91e-05,0.0,0.0,1,4,Malicious,1,Malicious,1
3.95e-05,0.0,0.0,1,4,Malicious,1,Malicious,1
3.99e-05,0.0,0.0,1,4,Malicious,1,Malicious,1
4.01e-05,0.0,0.0,1,4,Malicious,1,Malicious,1
6.32e-09,2.58e-08,1.34e-07,2,8,Benign,0,Benign,0
6.34e-11,0.0,0.0,1,4,Malicious,1,Malicious,1
3.94e-05,0.0,0.0,1,4,Malicious,1,Malicious,1
3.8e-05,0.0,0.0,1,4,Malicious,1,Malicious,1
1.27e-11,0.0,0.0,1,4,Malicious,1,Malicious,1
5.07e-11,0.0,0.0,1,4,Malicious,1,Malicious,1
1.27e-11,0.0,0.0,1,4,Malicious,1,Malicious,1
3.8e-05,0.0,0.0,1,4,Malicious,1,Malicious,1
3.22e-09,0.0,0.0,1,4,Malicious,1,Malicious,1
6.38e-09,0.0,0.0,1,4,Malicious,1,Malicious,1
3.8e-05,0.0,0.0,1,4,Malicious,1,Malicious,1
1.87e-07,2.75e-08,1.43e-07,2,8,Benign,0,Benign,0
5.07e-11,0.0,0.0,1,4,Malicious,1,Malicious,1
3.8e-05,0.0,0.0,1,4,Malicious,1,Malicious,1
1.27e-11,0.0,0.0,1,4,Malicious,1,Malicious,1
3.94e-05,0.0,0.0,1,4,Malicious,1,Malicious,1
1.01e-10,0.0,0.0,1,4,Malicious,1,Malicious,1
3.96e-05,0.0,0.0,1,4,Malicious,1,Malicious,1
3.8e-05,0.0,0.0,1,4,Malicious,1,Malicious,1
0.0,0.0,0.0,1,4,Malicious,1,Malicious,1
1.27e-11,0.0,0.0,1,4,Malicious,1,Malicious,1
1.27e-11,0.0,0.0,1,4,Malicious,1,Malicious,1
5.07e-11,0.0,0.0,1,4,Malicious,1,Malicious,1
1.27e-11,0.0,0.0,1,4,Malicious,1,Malicious,1
5.07e-11,0.0,0.0,1,4,Malicious,1,Malicious,1
1.88e-08,2.75e-08,1.43e-07,2,8,Benign,0,Benign,0
1.27e-11,0.0,0.0,1,4,Malicious,1,Malicious,1
1.27e-11,0.0,0.0,1,4,Malicious,1,Malicious,1
3.8e-05,0.0,0.0,1,4,Malicious,1,Malicious,1
6.34e-11,0.0,0.0,1,4,Malicious,1,Malicious,1
1.05e-07,5.5e-08,2.85e-07,2,8,Benign,0,Benign,0
1.27e-11,0.0,0.0,1,4,Malicious,1,Malicious,1
3.21e-09,0.0,0.0,1,4,Malicious,1,Malicious,1
1.27e-11,0.0,0.0,1,4,Malicious,1,Malicious,1
1.27e-11,0.0,0.0,1,4,Malicious,1,Malicious,1
1.27e-11,0.0,0.0,1,4,Malicious,1,Malicious,1
1.27e-11,0.0,0.0,1,4,Malicious,1,Malicious,1
3.8e-05,0.0,0.0,1,4,Malicious,1,Malicious,1
1.27e-11,0.0,0.0,1,4,Malicious,1,Malicious,1
1.27e-11,0.0,0.0,1,4,Malicious,1,Malicious,1
3.98e-05,0.0,0.0,1,4,Benign,0,Benign,1
5.07e-11,0.0,0.0,1,4,Malicious,1,Malicious,1
4.94e-05,5.02e-07,0.0,2,4,Benign,0,Benign,0
1.27e-11,0.0,0.0,1,4,Malicious,1,Malicious,1
2.65e-05,3.78e-08,6.89e-07,1,7,Benign,0,Benign,1
9.49e-09,2.58e-08,1.34e-07,2,8,Benign,0,Benign,0
5.07e-11,0.0,0.0,1,4,Malicious,1,Malicious,1
3.97e-05,0.0,0.0,1,4,Benign,0,Benign,1
6.19e-09,2.58e-08,1.34e-07,2,8,Benign,0,Benign,0
1.27e-11,0.0,0.0,1,4,Malicious,1,Malicious,1
3.97e-05,0.0,0.0,1,4,Benign,0,Benign,1
3.94e-05,0.0,0.0,1,4,Malicious,1,Malicious,1
1.27e-11,0.0,0.0,1,4,Malicious,1,Malicious,1
2.63e-05,3.84e-08,6.92e-07,1,7,Benign,0,Benign,1
1.27e-11,0.0,0.0,1,4,Malicious,1,Malicious,1
3.8e-05,0.0,0.0,1,4,Malicious,1,Malicious,1
5.07e-11,0.0,0.0,1,4,Malicious,1,Malicious,1
1.27e-11,0.0,0.0,1,4,Malicious,1,Malicious,1
1.27e-11,0.0,0.0,1,4,Malicious,1,Malicious,1
1.26e-08,1.66e-08,1.34e-07,2,8,Benign,0,Benign,0
6.34e-11,0.0,0.0,1,4,Malicious,1,Malicious,1
1.27e-11,0.0,0.0,1,4,Malicious,1,Malicious,1
1.27e-11,0.0,0.0,1,4,Malicious,1,Malicious,1
3.8e-05,0.0,0.0,1,4,Malicious,1,Malicious,1
0.0,0.0,0.0,1,4,Malicious,1,Malicious,1
2.21e-08,2.75e-08,1.43e-07,2,8,Benign,0,Benign,0
1.27e-11,0.0,0.0,1,4,Malicious,1,Malicious,1
2.52e-08,2.75e-08,1.43e-07,2,8,Benign,0,Benign,0
6.3e-09,1.66e-08,1.34e-07,2,8,Benign,0,Benign,0
2.41e-09,0.0,0.0,1,4,Malicious,1,Malicious,1
1.27e-11,0.0,0.0,1,4,Malicious,1,Malicious,1
3.8e-05,0.0,0.0,1,4,Malicious,1,Malicious,1
1.27e-11,0.0,0.0,1,4,Malicious,1,Malicious,1
1.27e-11,0.0,0.0,1,4,Malicious,1,Malicious,1
3.99e-05,0.0,0.0,1,4,Malicious,1,Malicious,1
3.99e-05,0.0,0.0,1,4,Malicious,1,Malicious,1
1.33e-05,3.84e-08,6.92e-07,1,7,Benign,0,Benign,0
3.8e-05,0.0,0.0,1,4,Malicious,1,Malicious,1
3.97e-05,0.0,0.0,1,4,Malicious,1,Malicious,1
2.91e-07,2.75e-08,1.43e-07,2,8,Benign,0,Benign,0
0.0,0.0,0.0,1,4,Malicious,1,Malicious,1
1.27e-11,0.0,0.0,1,4,Malicious,1,Malicious,1
1.89e-08,2.75e-08,1.43e-07,2,8,Benign,0,Benign,0
3.8e-05,0.0,0.0,1,4,Malicious,1,Malicious,1
1.27e-11,0.0,0.0,1,4,Malicious,1,Malicious,1
1.27e-11,0.0,0.0,1,4,Malicious,1,Malicious,1
6.34e-05,4.47e-08,0.0,2,4,Benign,0,Benign,0
5.07e-11,0.0,0.0,1,4,Malicious,1,Malicious,1
1.27e-11,0.0,0.0,1,4,Malicious,1,Malicious,1
3.99e-05,0.0,0.0,1,4,Malicious,1,Malicious,1
2.19e-08,2.75e-08,1.43e-07,2,8,Benign,0,Benign,0
5.11e-06,0.0,0.0,1,1,Benign,0,Benign,0
4e-05,0.0,0.0,1,4,Benign,0,Benign,1
1.57e-08,3.67e-08,4.52e-07,2,8,Benign,0,Benign,0
1.27e-11,0.0,0.0,1,4,Malicious,1,Malicious,1
3.81e-11,0.0,0.0,1,4,Malicious,1,Malicious,1
4.49e-06,0.0,0.0,1,1,Benign,0,Benign,0
6.34e-11,0.0,0.0,1,4,Malicious,1,Malicious,1
1.23e-06,3.84e-08,2.02e-07,2,8,Benign,0,Benign,0
3.81e-11,0.0,0.0,1,4,Malicious,1,Malicious,1
3.94e-05,0.0,0.0,1,4,Malicious,1,Malicious,1
5.33e-05,3.84e-08,6.92e-07,1,7,Benign,0,Benign,1
6.3e-09,1.66e-08,1.34e-07,2,8,Benign,0,Benign,0
6.34e-11,0.0,0.0,1,4,Malicious,1,Malicious,1
6.65e-08,2.75e-08,1.43e-07,2,8,Benign,0,Benign,0
0.0,0.0,0.0,1,4,Malicious,1,Malicious,1
6.35e-05,4.47e-08,0.0,2,4,Benign,0,Benign,0
2.2e-08,2.75e-08,1.43e-07,2,8,Benign,0,Benign,0
3.95e-05,0.0,0.0,1,4,Malicious,1,Malicious,1
1.27e-11,0.0,0.0,1,4,Malicious,1,Malicious,1
5.07e-11,0.0,0.0,1,4,Malicious,1,Malicious,1
5.07e-11,0.0,0.0,1,4,Malicious,1,Malicious,1
9.4e-09,2.58e-08,1.34e-07,2,8,Benign,0,Benign,0
1.27e-11,0.0,0.0,1,4,Malicious,1,Malicious,1
7.92e-08,2.75e-08,1.43e-07,2,8,Benign,0,Benign,0
3.97e-05,0.0,0.0,1,4,Benign,0,Benign,1
3.97e-05,0.0,0.0,1,4,Benign,0,Benign,1
3.95e-05,0.0,0.0,1,4,Malicious,1,Malicious,1
3.98e-05,0.0,0.0,1,4,Malicious,1,Malicious,1
3.97e-05,0.0,0.0,1,4,Benign,0,Benign,1
0.0,0.0,0.0,1,4,Malicious,1,Malicious,1
5.07e-11,0.0,0.0,1,4,Malicious,1,Malicious,1
3.96e-05,0.0,0.0,1,4,Malicious,1,Malicious,1
1.27e-11,0.0,0.0,1,4,Malicious,1,Malicious,1
1.27e-11,0.0,0.0,1,4,Malicious,1,Malicious,1
3.48e-08,2.75e-08,1.43e-07,2,8,Benign,0,Benign,0
3.48e-08,2.75e-08,1.43e-07,2,8,Benign,0,Benign,0
1.9e-08,2.75e-08,1.43e-07,2,8,Benign,0,Benign,0
0.0,0.0,0.0,1,4,Malicious,1,Malicious,1
0.000444159,1.65e-07,8.56e-07,2,8,Benign,0,Benign,0
5.38e-08,2.75e-08,1.43e-07,2,8,Benign,0,Benign,0
2.63e-05,3.84e-08,6.92e-07,1,7,Benign,0,Benign,1
3.96e-05,0.0,0.0,1,4,Benign,0,Benign,1
0.0,0.0,0.0,1,4,Malicious,1,Malicious,1
1.27e-11,0.0,0.0,1,4,Malicious,1,Malicious,1
6.34e-11,0.0,0.0,1,4,Malicious,1,Malicious,1
3.95e-05,0.0,0.0,1,4,Benign,0,Benign,1
1.27e-11,0.0,0.0,1,4,Malicious,1,Malicious,1
5.07e-11,0.0,0.0,1,4,Malicious,1,Malicious,1
1.27e-11,0.0,0.0,1,4,Malicious,1,Malicious,1
1.37e-05,4.24e-08,7.19e-07,1,7,Malicious,1,Malicious,0
1.27e-11,0.0,0.0,1,4,Malicious,1,Malicious,1
0.0,0.0,0.0,1,4,Malicious,1,Malicious,1
4e-05,0.0,0.0,1,4,Malicious,1,Malicious,1
5.07e-11,0.0,0.0,1,4,Malicious,1,Malicious,1
1.38e-05,4.3e-08,7.22e-07,1,7,Malicious,1,Malicious,0
6.02e-08,2.75e-08,1.43e-07,2,8,Benign,0,Benign,0
0.003806745,1.67e-07,2.3e-06,1,8,Benign,0,Benign,0
3.8e-05,0.0,0.0,1,4,Malicious,1,Malicious,1
4e-05,0.0,0.0,1,4,Malicious,1,Malicious,1
1.56e-08,2.75e-08,1.43e-07,2,8,Benign,0,Benign,0
3.93e-05,0.0,0.0,1,4,Benign,0,Benign,1
3.91e-05,0.0,0.0,1,4,Benign,0,Benign,1
1.81e-07,2.75e-08,1.43e-07,2,8,Benign,0,Benign,0
3.95e-05,0.0,0.0,1,4,Malicious,1,Malicious,1
3.92e-05,0.0,0.0,1,4,Benign,0,Benign,1
6.28e-09,1.66e-08,1.34e-07,2,8,Benign,0,Benign,0
1.27e-11,0.0,0.0,1,4,Malicious,1,Malicious,1
3.8e-05,0.0,0.0,1,4,Malicious,1,Malicious,1
1.27e-11,0.0,0.0,1,4,Malicious,1,Malicious,1
4e-05,0.0,0.0,1,4,Benign,0,Benign,1
3.96e-05,0.0,0.0,1,4,Malicious,1,Malicious,1
3.81e-11,0.0,0.0,1,4,Malicious,1,Malicious,1
3.95e-05,0.0,0.0,1,4,Benign,0,Benign,1
4.7e-05,3.38e-07,5.35e-06,1,8,Malicious,1,Malicious,1
5.07e-11,0.0,0.0,1,4,Malicious,1,Malicious,1
3.81e-05,0.0,0.0,1,4,Malicious,1,Malicious,1
3.98e-05,0.0,0.0,1,4,Malicious,1,Malicious,1
3.79e-05,0.0,0.0,1,4,Malicious,1,Malicious,1
3.8e-05,0.0,0.0,1,4,Malicious,1,Malicious,1
3.23e-09,0.0,0.0,1,4,Malicious,1,Malicious,1
1.27e-11,0.0,0.0,1,4,Malicious,1,Malicious,1
1.27e-11,0.0,0.0,1,4,Malicious,1,Malicious,1
3.79e-05,0.0,0.0,1,4,Malicious,1,Malicious,1
3.93e-05,0.0,0.0,1,4,Malicious,1,Malicious,1
2.73e-05,4.3e-08,7.22e-07,1,7,Malicious,1,Malicious,1
3.8e-05,0.0,0.0,1,4,Malicious,1,Malicious,1
9.5e-09,2.58e-08,1.34e-07,2,8,Benign,0,Benign,0
3.97e-05,0.0,0.0,1,4,Malicious,1,Malicious,1
1.27e-11,0.0,0.0,1,4,Malicious,1,Malicious,1
1.27e-11,0.0,0.0,1,4,Malicious,1,Malicious,1
3.29e-09,0.0,0.0,1,4,Malicious,1,Malicious,1
1.27e-11,0.0,0.0,1,4,Malicious,1,Malicious,1
7.61e-11,0.0,0.0,1,4,Malicious,1,Malicious,1
1.27e-11,0.0,0.0,1,4,Malicious,1,Malicious,1
6.34e-11,0.0,0.0,1,4,Malicious,1,Malicious,1
3.97e-05,0.0,0.0,1,4,Malicious,1,Malicious,1
6.4e-05,4.47e-08,3.06e-07,2,8,Benign,0,Benign,0
1.27e-11,0.0,0.0,1,4,Malicious,1,Malicious,1
3.8e-05,0.0,0.0,1,4,Malicious,1,Malicious,1
3.8e-05,0.0,0.0,1,4,Benign,0,Benign,1
1.27e-11,0.0,0.0,1,4,Malicious,1,Malicious,1
1.27e-11,0.0,0.0,1,4,Malicious,1,Malicious,1
9.49e-09,1.66e-08,1.34e-07,2,8,Benign,0,Benign,0
3.8e-05,0.0,0.0,1,4,Malicious,1,Malicious,1
2.92e-09,0.0,0.0,1,4,Malicious,1,Malicious,1
1.33e-07,2.75e-08,1.43e-07,2,8,Benign,0,Benign,0
3.8e-05,0.0,0.0,1,4,Malicious,1,Malicious,1
3.87e-07,2.58e-08,1.34e-07,2,8,Benign,0,Benign,0
3.8e-05,0.0,0.0,1,4,Malicious,1,Malicious,1
1.27e-11,0.0,0.0,1,4,Malicious,1,Malicious,1
1.27e-11,0.0,0.0,1,4,Malicious,1,Malicious,1
0.0,0.0,0.0,1,4,Malicious,1,Malicious,1
2.19e-08,2.75e-08,1.43e-07,2,8,Benign,0,Benign,0
3.95e-05,0.0,0.0,1,4,Benign,0,Benign,1
3.98e-05,0.0,0.0,1,4,Benign,0,Benign,1
1.27e-11,0.0,0.0,1,4,Malicious,1,Malicious,1
9.26e-09,2.58e-08,1.34e-07,2,8,Benign,0,Benign,0
1.27e-11,0.0,0.0,1,4,Malicious,1,Malicious,1
6.34e-05,4.47e-08,0.0,2,4,Benign,0,Benign,0
1.27e-11,0.0,0.0,1,4,Malicious,1,Malicious,1
0.0,0.0,0.0,1,4,Malicious,1,Malicious,1
3.95e-05,0.0,0.0,1,4,Malicious,1,Malicious,1
1.27e-11,0.0,0.0,1,4,Malicious,1,Malicious,1
3.27e-09,0.0,0.0,1,4,Malicious,1,Malicious,1
3.92e-05,0.0,0.0,1,4,Malicious,1,Malicious,1
1.27e-11,0.0,0.0,1,4,Malicious,1,Malicious,1
1.27e-11,0.0,0.0,1,4,Malicious,1,Malicious,1
5.07e-11,0.0,0.0,1,4,Malicious,1,Malicious,1
2.66e-05,4.3e-08,7.22e-07,1,7,Malicious,1,Malicious,1
6.97e-08,5.5e-08,2.85e-07,2,8,Benign,0,Benign,0
1.27e-11,0.0,0.0,1,4,Malicious,1,Malicious,1
1.27e-11,0.0,0.0,1,4,Malicious,1,Malicious,1
3.8e-05,0.0,0.0,1,4,Malicious,1,Malicious,1
3.96e-05,0.0,0.0,1,4,Malicious,1,Malicious,1
1.27e-11,0.0,0.0,1,4,Malicious,1,Malicious,1
3.91e-05,0.0,0.0,1,4,Benign,0,Benign,1
6.35e-05,4.47e-08,0.0,2,4,Benign,0,Benign,0
6.35e-05,4.47e-08,0.0,2,4,Benign,0,Benign,0
3.8e-05,0.0,0.0,1,4,Malicious,1,Malicious,1
3.99e-05,0.0,0.0,1,4,Malicious,1,Malicious,1
0.0,0.0,0.0,1,4,Malicious,1,Malicious,1
1.27e-11,0.0,0.0,1,4,Malicious,1,Malicious,1
3.8e-05,0.0,0.0,1,4,Malicious,1,Malicious,1
1.5e-05,8.54e-08,0.000409621,1,8,Malicious,1,Malicious,1
0.0,0.0,0.0,1,4,Malicious,1,Malicious,1
3.8e-05,0.0,0.0,1,4,Malicious,1,Malicious,1
1.27e-11,0.0,0.0,1,4,Malicious,1,Malicious,1
0.0,0.0,0.0,1,4,Malicious,1,Malicious,1
3.95e-05,0.0,0.0,1,4,Benign,0,Benign,1
3.8e-05,0.0,0.0,1,4,Malicious,1,Malicious,1
1.27e-11,0.0,0.0,1,4,Malicious,1,Malicious,1
3.92e-05,0.0,0.0,1,4,Benign,0,Benign,1
3.8e-05,0.0,0.0,1,4,Malicious,1,Malicious,1
3.8e-05,0.0,0.0,1,4,Malicious,1,Malicious,1
3.95e-05,0.0,0.0,1,4,Benign,0,Benign,1
9.39e-09,1.66e-08,1.34e-07,2,8,Benign,0,Benign,0
3.97e-05,0.0,0.0,1,4,Benign,0,Benign,1
1.27e-11,0.0,0.0,1,4,Malicious,1,Malicious,1
1.27e-11,0.0,0.0,1,4,Malicious,1,Malicious,1
4.01e-05,0.0,0.0,1,4,Malicious,1,Malicious,1
3.97e-05,0.0,0.0,1,4,Malicious,1,Malicious,1
6.3e-09,2.58e-08,1.34e-07,2,8,Benign,0,Benign,0
1.86e-05,4.3e-08,7.22e-07,1,7,Malicious,1,Malicious,1
1.27e-11,0.0,0.0,1,4,Malicious,1,Malicious,1
2.54e-11,0.0,0.0,1,4,Malicious,1,Malicious,1
5.07e-11,0.0,0.0,1,4,Malicious,1,Malicious,1
6.33e-08,2.75e-08,1.43e-07,2,8,Benign,0,Benign,0
3.97e-05,0.0,0.0,1,4,Benign,0,Benign,1
2.2e-08,2.75e-08,1.43e-07,2,8,Benign,0,Benign,0
1.27e-11,0.0,0.0,1,4,Malicious,1,Malicious,1
0.0,0.0,0.0,1,4,Malicious,1,Malicious,1
0.0,0.0,0.0,1,4,Malicious,1,Malicious,1
3.8e-05,0.0,0.0,1,4,Malicious,1,Malicious,1
3.96e-05,0.0,0.0,1,4,Malicious,1,Malicious,1
3.95e-05,0.0,0.0,1,4,Malicious,1,Malicious,1
3.98e-05,0.0,0.0,1,4,Benign,0,Benign,1
3.8e-05,0.0,0.0,1,4,Malicious,1,Malicious,1
2.21e-08,2.75e-08,1.43e-07,2,8,Benign,0,Benign,0
1.37e-05,4.3e-08,7.22e-07,1,7,Malicious,1,Malicious,0
3.97e-05,0.0,0.0,1,4,Benign,0,Benign,1
3.99e-05,0.0,0.0,1,4,Malicious,1,Malicious,1
3.93e-05,0.0,0.0,1,4,Malicious,1,Malicious,1
6.33e-09,1.66e-08,1.34e-07,2,8,Benign,0,Benign,0
6.32e-09,1.66e-08,1.34e-07,2,8,Benign,0,Benign,0
5.07e-11,0.0,0.0,1,4,Malicious,1,Malicious,1
1.38e-05,3.84e-08,6.92e-07,1,7,Benign,0,Benign,0
1.27e-11,0.0,0.0,1,4,Malicious,1,Malicious,1
3.79e-05,0.0,0.0,1,4,Malicious,1,Malicious,1
3.81e-11,0.0,0.0,1,4,Malicious,1,Malicious,1
2.53e-08,2.75e-08,1.43e-07,2,8,Benign,0,Benign,0
3.92e-05,0.0,0.0,1,4,Malicious,1,Malicious,1
3.92e-05,0.0,0.0,1,4,Malicious,1,Malicious,1
2.43e-06,1.95e-08,8.83e-07,2,8,Benign,0,Benign,0
3.15e-08,2.75e-08,1.43e-07,2,8,Benign,0,Benign,0
4e-05,0.0,0.0,1,4,Malicious,1,Malicious,1
6.97e-08,2.75e-08,1.43e-07,2,8,Benign,0,Benign,0
5.58e-07,2.58e-08,1.34e-07,2,8,Benign,0,Benign,0
6.33e-09,1.66e-08,1.34e-07,2,8,Benign,0,Benign,0
9.49e-09,2.58e-08,1.34e-07,2,8,Benign,0,Benign,0
3.22e-09,0.0,0.0,1,4,Malicious,1,Malicious,1
2.42e-06,2.75e-08,1.43e-07,2,8,Benign,0,Benign,0
3.95e-05,0.0,0.0,1,4,Benign,0,Benign,1
1.01e-10,0.0,0.0,1,4,Malicious,1,Malicious,1
3.93e-05,0.0,0.0,1,4,Malicious,1,Malicious,1
3.8e-05,0.0,0.0,1,4,Malicious,1,Malicious,1
1.27e-11,0.0,0.0,1,4,Malicious,1,Malicious,1
2.54e-11,0.0,0.0,1,4,Malicious,1,Malicious,1
3.95e-05,0.0,0.0,1,4,Malicious,1,Malicious,1
1.27e-11,0.0,0.0,1,4,Malicious,1,Malicious,1
1.27e-11,0.0,0.0,1,4,Malicious,1,Malicious,1
5.07e-11,0.0,0.0,1,4,Malicious,1,Malicious,1
1.27e-11,0.0,0.0,1,4,Malicious,1,Malicious,1
5.07e-11,0.0,0.0,1,4,Malicious,1,Malicious,1
3.94e-05,0.0,0.0,1,4,Benign,0,Benign,1
6.35e-05,4.47e-08,0.0,2,4,Benign,0,Benign,0
5.07e-11,0.0,0.0,1,4,Malicious,1,Malicious,1
3.96e-05,0.0,0.0,1,4,Malicious,1,Malicious,1
3.08e-09,0.0,0.0,1,4,Malicious,1,Malicious,1
3.8e-05,0.0,0.0,1,4,Malicious,1,Malicious,1
3.94e-05,0.0,0.0,1,4,Malicious,1,Malicious,1
3.97e-05,0.0,0.0,1,4,Malicious,1,Malicious,1
3.8e-05,0.0,0.0,1,4,Malicious,1,Malicious,1
3.93e-05,0.0,0.0,1,4,Benign,0,Benign,1
5.07e-05,3.38e-07,5.35e-06,1,8,Malicious,1,Malicious,1
2.21e-08,2.75e-08,1.43e-07,2,8,Benign,0,Benign,0
3.23e-09,0.0,0.0,1,4,Malicious,1,Malicious,1
3.8e-05,0.0,0.0,1,4,Malicious,1,Malicious,1
3.81e-11,0.0,0.0,1,4,Malicious,1,Malicious,1
3.98e-05,0.0,0.0,1,4,Benign,0,Benign,1
3.97e-05,0.0,0.0,1,4,Malicious,1,Malicious,1
3.8e-05,0.0,0.0,1,4,Malicious,1,Malicious,1
1.24e-07,2.06e-08,2.02e-07,2,8,Benign,0,Benign,0
3.95e-05,0.0,0.0,1,4,Malicious,1,Malicious,1
3.79e-05,0.0,0.0,1,4,Malicious,1,Malicious,1
1.27e-11,0.0,0.0,1,4,Malicious,1,Malicious,1
6.34e-11,0.0,0.0,1,4,Malicious,1,Malicious,1
0.0,0.0,0.0,1,4,Malicious,1,Malicious,1
1.27e-11,0.0,0.0,1,4,Malicious,1,Malicious,1
5.07e-11,0.0,0.0,1,4,Malicious,1,Malicious,1
0.0,0.0,0.0,1,4,Malicious,1,Malicious,1
1.27e-11,0.0,0.0,1,4,Malicious,1,Malicious,1
3.97e-05,0.0,0.0,1,4,Malicious,1,Malicious,1
1.27e-11,0.0,0.0,1,4,Malicious,1,Malicious,1
1.27e-11,0.0,0.0,1,4,Malicious,1,Malicious,1
0.0,0.0,0.0,1,4,Malicious,1,Malicious,1
0.000445397,3.55e-08,7.99e-07,1,7,Malicious,1,Malicious,1
1.27e-11,0.0,0.0,1,4,Malicious,1,Malicious,1
2.54e-11,0.0,0.0,1,4,Malicious,1,Malicious,1
4.01e-05,0.0,0.0,1,4,Benign,0,Benign,1
3.99e-05,0.0,0.0,1,4,Benign,0,Benign,1
3.98e-05,0.0,0.0,1,4,Malicious,1,Malicious,1
3.81e-11,0.0,0.0,1,4,Malicious,1,Malicious,1
1.27e-11,0.0,0.0,1,4,Malicious,1,Malicious,1
1.38e-06,2.75e-08,1.43e-07,2,8,Benign,0,Benign,0
3.8e-05,0.0,0.0,1,4,Malicious,1,Malicious,1
5.07e-11,0.0,0.0,1,4,Malicious,1,Malicious,1
1.27e-11,0.0,0.0,1,4,Malicious,1,Malicious,1
3.97e-05,0.0,0.0,1,4,Benign,0,Benign,1
1.27e-11,0.0,0.0,1,4,Malicious,1,Malicious,1
3.8e-05,0.0,0.0,1,4,Malicious,1,Malicious,1
4.01e-05,0.0,0.0,1,4,Benign,0,Benign,1
3.8e-05,0.0,0.0,1,4,Malicious,1,Malicious,1
1.24e-09,7.54e-07,0.0,2,4,Benign,0,Benign,0
1.27e-11,0.0,0.0,1,4,Malicious,1,Malicious,1
9.92e-07,2.75e-08,1.43e-07,2,8,Benign,0,Benign,0
0.000758869,1.72e-06,0.0,2,4,Benign,0,Benign,0
5.07e-11,0.0,0.0,1,4,Malicious,1,Malicious,1
1.27e-11,0.0,0.0,1,4,Malicious,1,Malicious,1
3.8e-05,0.0,0.0,1,4,Malicious,1,Malicious,1
3.8e-05,0.0,0.0,1,4,Malicious,1,Malicious,1
3.91e-05,0.0,0.0,1,4,Malicious,1,Malicious,1
3.48e-08,2.75e-08,1.43e-07,2,8,Benign,0,Benign,0
1.27e-11,0.0,0.0,1,4,Malicious,1,Malicious,1
1.27e-11,0.0,0.0,1,4,Malicious,1,Malicious,1
1.01e-07,2.75e-08,1.43e-07,2,8,Benign,0,Benign,0
3.95e-05,0.0,0.0,1,4,Malicious,1,Malicious,1
0.000763801,1.72e-06,0.0,2,4,Benign,0,Benign,0
1.27e-11,0.0,0.0,1,4,Malicious,1,Malicious,1
6.34e-11,0.0,0.0,1,4,Malicious,1,Malicious,1
1.27e-11,0.0,0.0,1,4,Malicious,1,Malicious,1
5.07e-11,0.0,0.0,1,4,Malicious,1,Malicious,1
5.7e-08,5.5e-08,2.85e-07,2,8,Benign,0,Benign,0
3.97e-05,0.0,0.0,1,4,Benign,0,Benign,1
5.07e-11,0.0,0.0,1,4,Malicious,1,Malicious,1
3.99e-05,0.0,0.0,1,4,Malicious,1,Malicious,1
3.99e-05,0.0,0.0,1,4,Malicious,1,Malicious,1
9.47e-09,2.58e-08,1.34e-07,2,8,Benign,0,Benign,0
5.07e-11,0.0,0.0,1,4,Malicious,1,Malicious,1
9.5e-09,1.66e-08,1.34e-07,2,8,Benign,0,Benign,0
1.27e-11,0.0,0.0,1,4,Malicious,1,Malicious,1
3.94e-05,0.0,0.0,1,4,Benign,0,Benign,1
1.27e-11,0.0,0.0,1,4,Malicious,1,Malicious,1
3.8e-05,0.0,0.0,1,4,Malicious,1,Malicious,1
0.0,0.0,0.0,1,4,Malicious,1,Malicious,1
6.34e-11,0.0,0.0,1,4,Malicious,1,Malicious,1
1.27e-11,0.0,0.0,1,4,Malicious,1,Malicious,1
5.07e-11,0.0,0.0,1,4,Malicious,1,Malicious,1
5.07e-11,0.0,0.0,1,4,Malicious,1,Malicious,1
3.8e-05,0.0,0.0,1,4,Malicious,1,Malicious,1
1.27e-11,0.0,0.0,1,4,Malicious,1,Malicious,1
3.8e-05,0.0,0.0,1,4,Malicious,1,Malicious,1
3.23e-09,0.0,0.0,1,4,Malicious,1,Malicious,1
3.93e-05,0.0,0.0,1,4,Malicious,1,Malicious,1
3.96e-05,0.0,0.0,1,4,Benign,0,Benign,1
4e-05,0.0,0.0,1,4,Malicious,1,Malicious,1
1.27e-11,0.0,0.0,1,4,Malicious,1,Malicious,1
1.15e-05,4.3e-08,7.22e-07,1,7,Malicious,1,Malicious,1
6.39e-09,0.0,0.0,1,4,Malicious,1,Malicious,1
3.28e-07,3.21e-07,1.66e-06,0,0,Benign,0,Benign,0
2.73e-05,4.3e-08,7.22e-07,1,7,Malicious,1,Malicious,1
5.07e-11,0.0,0.0,1,4,Malicious,1,Malicious,1
6.41e-09,0.0,0.0,1,4,Malicious,1,Malicious,1
6.02e-08,2.75e-08,1.43e-07,2,8,Benign,0,Benign,0
3.8e-05,0.0,0.0,1,4,Malicious,1,Malicious,1
1.27e-11,0.0,0.0,1,4,Malicious,1,Malicious,1
5.07e-11,0.0,0.0,1,4,Malicious,1,Malicious,1
1.27e-11,0.0,0.0,1,4,Malicious,1,Malicious,1
3.97e-05,0.0,0.0,1,4,Malicious,1,Malicious,1
3.91e-05,0.0,0.0,1,4,Malicious,1,Malicious,1
5.07e-11,0.0,0.0,1,4,Malicious,1,Malicious,1
3.99e-05,0.0,0.0,1,4,Malicious,1,Malicious,1
0.00042776,3.55e-08,7.99e-07,1,7,Malicious,1,Malicious,1
3.74e-06,0.0,0.0,1,1,Benign,0,Benign,0
1.27e-11,0.0,0.0,1,4,Malicious,1,Malicious,1
5.07e-11,0.0,0.0,1,4,Malicious,1,Malicious,1
1.27e-11,0.0,0.0,1,4,Malicious,1,Malicious,1
5.7e-08,2.75e-08,1.43e-07,2,8,Benign,0,Benign,0
6.34e-11,0.0,0.0,1,4,Malicious,1,Malicious,1
3.8e-05,0.0,0.0,1,4,Malicious,1,Malicious,1
3.7e-06,0.0,0.0,1,1,Benign,0,Benign,0
1.27e-11,0.0,0.0,1,4,Malicious,1,Malicious,1
1.27e-11,0.0,0.0,1,4,Malicious,1,Malicious,1
5.07e-11,0.0,0.0,1,4,Malicious,1,Malicious,1
5.07e-11,0.0,0.0,1,4,Malicious,1,Malicious,1
1.27e-11,0.0,0.0,1,4,Malicious,1,Malicious,1
3.8e-05,0.0,0.0,1,4,Malicious,1,Malicious,1
1.27e-11,0.0,0.0,1,4,Malicious,1,Malicious,1
3.96e-05,0.0,0.0,1,4,Malicious,1,Malicious,1
3.8e-05,0.0,0.0,1,4,Malicious,1,Malicious,1
3.94e-05,0.0,0.0,1,4,Malicious,1,Malicious,1
4e-05,0.0,0.0,1,4,Malicious,1,Malicious,1
3.99e-05,0.0,0.0,1,4,Malicious,1,Malicious,1
6.3e-09,1.66e-08,1.34e-07,2,8,Benign,0,Benign,0
3.8e-05,0.0,0.0,1,4,Malicious,1,Malicious,1
3.95e-05,0.0,0.0,1,4,Malicious,1,Malicious,1
5.07e-11,0.0,0.0,1,4,Malicious,1,Malicious,1
1.27e-11,0.0,0.0,1,4,Malicious,1,Malicious,1
0.0,0.0,0.0,1,4,Malicious,1,Malicious,1
3.92e-05,0.0,0.0,1,4,Malicious,1,Malicious,1
3.94e-05,0.0,0.0,1,4,Benign,0,Benign,1
3.93e-05,0.0,0.0,1,4,Benign,0,Benign,1
3.17e-08,2.75e-08,1.43e-07,2,8,Benign,0,Benign,0
3.32e-06,0.0,0.0,1,1,Benign,0,Benign,0
4.57e-06,0.0,0.0,1,1,Benign,0,Benign,0
6.35e-05,4.47e-08,0.0,2,4,Benign,0,Benign,0
1.27e-11,0.0,0.0,1,4,Malicious,1,Malicious,1
1.27e-11,0.0,0.0,1,4,Malicious,1,Malicious,1
1.17e-07,2.75e-08,1.43e-07,2,8,Benign,0,Benign,0
2.21e-08,2.75e-08,1.43e-07,2,8,Benign,0,Benign,0
3.81e-11,0.0,0.0,1,4,Malicious,1,Malicious,1
0.0,0.0,0.0,1,4,Malicious,1,Malicious,1
3.3e-09,0.0,0.0,1,4,Malicious,1,Malicious,1
6.17e-05,3.38e-07,5.35e-06,1,8,Malicious,1,Malicious,1
5.07e-11,0.0,0.0,1,4,Malicious,1,Malicious,1
5.07e-11,0.0,0.0,1,4,Malicious,1,Malicious,1
4.05e-07,2.75e-08,1.43e-07,2,8,Benign,0,Benign,0
3.17e-05,4.36e-08,0.0,2,4,Benign,0,Benign,0
1.27e-11,0.0,0.0,1,4,Malicious,1,Malicious,1
1.27e-11,0.0,0.0,1,4,Malicious,1,Malicious,1
1.27e-11,0.0,0.0,1,4,Malicious,1,Malicious,1
5.68e-05,4.3e-08,7.22e-07,1,7,Malicious,1,Malicious,1
1.27e-11,0.0,0.0,1,4,Malicious,1,Malicious,1
3.99e-05,0.0,0.0,1,4,Benign,0,Benign,1
1.37e-05,4.3e-08,7.22e-07,1,7,Malicious,1,Malicious,0
9.49e-09,2.58e-08,1.34e-07,2,8,Benign,0,Benign,0
3.93e-05,0.0,0.0,1,4,Malicious,1,Malicious,1
5.07e-11,0.0,0.0,1,4,Malicious,1,Malicious,1
1.27e-11,0.0,0.0,1,4,Malicious,1,Malicious,1
4.57e-06,0.0,0.0,1,1,Benign,0,Benign,0
1.27e-11,0.0,0.0,1,4,Malicious,1,Malicious,1
0.0,0.0,0.0,1,4,Malicious,1,Malicious,1
3.8e-05,0.0,0.0,1,4,Malicious,1,Malicious,1
6.39e-05,4.47e-08,3.06e-07,2,8,Benign,0,Benign,0
5.07e-11,0.0,0.0,1,4,Malicious,1,Malicious,1
2.12e-07,2.75e-08,1.43e-07,2,8,Benign,0,Benign,0
1.27e-11,0.0,0.0,1,4,Malicious,1,Malicious,1
6.34e-08,2.75e-08,1.43e-07,2,8,Benign,0,Benign,0
3.98e-05,0.0,0.0,1,4,Malicious,1,Malicious,1
5.18e-05,4.3e-08,6.95e-07,1,7,Malicious,1,Malicious,1
1.27e-11,0.0,0.0,1,4,Malicious,1,Malicious,1
3.98e-05,0.0,0.0,1,4,Malicious,1,Malicious,1
1.27e-11,0.0,0.0,1,4,Malicious,1,Malicious,1
6.35e-05,5.16e-08,0.0,2,4,Benign,0,Benign,0
3.99e-05,0.0,0.0,1,4,Benign,0,Benign,1
0.0,0.0,0.0,1,4,Malicious,1,Malicious,1
5.07e-11,0.0,0.0,1,4,Malicious,1,Malicious,1
3.22e-09,0.0,0.0,1,4,Malicious,1,Malicious,1
5.07e-11,0.0,0.0,1,4,Malicious,1,Malicious,1
3.8e-05,0.0,0.0,1,4,Malicious,1,Malicious,1
1.27e-11,0.0,0.0,1,4,Malicious,1,Malicious,1
0.001719728,2.29e-07,0.0,0,0,Benign,0,Benign,0
1.27e-11,0.0,0.0,1,4,Malicious,1,Malicious,1
1.27e-11,0.0,0.0,1,4,Malicious,1,Malicious,1
1.11e-06,2.75e-08,1.43e-07,2,8,Benign,0,Benign,0
3.92e-05,0.0,0.0,1,4,Malicious,1,Malicious,1
9.49e-09,1.66e-08,1.34e-07,2,8,Benign,0,Benign,0
1.27e-11,0.0,0.0,1,4,Malicious,1,Malicious,1
9.49e-09,1.66e-08,1.34e-07,2,8,Benign,0,Benign,0
3.95e-05,0.0,0.0,1,4,Malicious,1,Malicious,1
1.27e-11,0.0,0.0,1,4,Malicious,1,Malicious,1
3.97e-05,0.0,0.0,1,4,Benign,0,Benign,1
9.47e-09,1.66e-08,1.34e-07,2,8,Benign,0,Benign,0
9.5e-09,2.58e-08,1.34e-07,2,8,Benign,0,Benign,0
1.01e-10,0.0,0.0,1,4,Malicious,1,Malicious,1
1.27e-11,0.0,0.0,1,4,Malicious,1,Malicious,1
6.34e-08,2.75e-08,1.43e-07,2,8,Benign,0,Benign,0
6.29e-09,1.66e-08,1.34e-07,2,8,Benign,0,Benign,0
1.27e-11,0.0,0.0,1,4,Malicious,1,Malicious,1
1.36e-07,2.75e-08,1.43e-07,2,8,Benign,0,Benign,0
1.27e-11,0.0,0.0,1,4,Malicious,1,Malicious,1
1.27e-11,0.0,0.0,1,4,Malicious,1,Malicious,1
6.32e-09,1.66e-08,1.34e-07,2,8,Benign,0,Benign,0
3.8e-05,0.0,0.0,1,4,Malicious,1,Malicious,1
5.07e-11,0.0,0.0,1,4,Malicious,1,Malicious,1
5.07e-11,0.0,0.0,1,4,Malicious,1,Malicious,1
3.91e-05,0.0,0.0,1,4,Malicious,1,Malicious,1
3.8e-05,0.0,0.0,1,4,Malicious,1,Malicious,1
1.27e-11,0.0,0.0,1,4,Malicious,1,Malicious,1
2.22e-08,2.75e-08,1.43e-07,2,8,Benign,0,Benign,0
6.43e-07,2.75e-08,1.43e-07,2,8,Benign,0,Benign,0
1.9e-08,2.75e-08,1.43e-07,2,8,Benign,0,Benign,0
3.94e-05,0.0,0.0,1,4,Malicious,1,Malicious,1
1.27e-11,0.0,0.0,1,4,Malicious,1,Malicious,1
3.79e-05,0.0,0.0,1,4,Malicious,1,Malicious,1
1.27e-11,0.0,0.0,1,4,Malicious,1,Malicious,1
2.21e-08,2.75e-08,1.43e-07,2,8,Benign,0,Benign,0
8.87e-08,2.75e-08,1.43e-07,2,8,Benign,0,Benign,0
1.27e-11,0.0,0.0,1,4,Malicious,1,Malicious,1
6.35e-05,4.47e-08,0.0,2,4,Benign,0,Benign,0
3.98e-05,0.0,0.0,1,4,Malicious,1,Malicious,1
0.0,0.0,0.0,1,4,Malicious,1,Malicious,1
4.12e-08,0.0,0.0,1,8,Benign,0,Benign,0
3.98e-05,0.0,0.0,1,4,Malicious,1,Malicious,1
0.0,0.0,0.0,1,4,Malicious,1,Malicious,1
2.21e-08,2.75e-08,1.43e-07,2,8,Benign,0,Benign,0
6.32e-09,1.66e-08,1.34e-07,2,8,Benign,0,Benign,0
6.38e-09,0.0,0.0,1,4,Malicious,1,Malicious,1
9.5e-09,2.24e-08,3.06e-07,2,8,Benign,0,Benign,0
0.00011302,6.34e-06,1.45e-05,1,7,Benign,0,Benign,0
3.94e-05,0.0,0.0,1,4,Malicious,1,Malicious,1
1.27e-11,0.0,0.0,1,4,Malicious,1,Malicious,1
3.79e-05,0.0,0.0,1,4,Malicious,1,Malicious,1
1.27e-11,0.0,0.0,1,4,Malicious,1,Malicious,1
3.92e-05,0.0,0.0,1,4,Malicious,1,Malicious,1
6.32e-09,2.12e-08,2.97e-07,2,8,Benign,0,Benign,0
1.27e-11,0.0,0.0,1,4,Malicious,1,Malicious,1
6.35e-05,4.47e-08,0.0,2,4,Benign,0,Benign,0
3.91e-05,0.0,0.0,1,4,Malicious,1,Malicious,1
1.27e-11,0.0,0.0,1,4,Malicious,1,Malicious,1
3.91e-05,0.0,0.0,1,4,Benign,0,Benign,1
3.8e-05,0.0,0.0,1,4,Malicious,1,Malicious,1
1.01e-07,2.58e-08,1.34e-07,2,8,Benign,0,Benign,0
1.27e-11,0.0,0.0,1,4,Malicious,1,Malicious,1
3.81e-11,0.0,0.0,1,4,Malicious,1,Malicious,1
3.98e-05,0.0,0.0,1,4,Malicious,1,Malicious,1
1.37e-07,2.75e-08,1.43e-07,2,8,Benign,0,Benign,0
5.07e-11,0.0,0.0,1,4,Malicious,1,Malicious,1
1.27e-11,0.0,0.0,1,4,Malicious,1,Malicious,1
3.8e-05,0.0,0.0,1,4,Malicious,1,Malicious,1
3.8e-05,0.0,0.0,1,4,Malicious,1,Malicious,1
0.0,0.0,0.0,1,4,Malicious,1,Malicious,1
3.93e-05,0.0,0.0,1,4,Malicious,1,Malicious,1
3.91e-05,0.0,0.0,1,4,Malicious,1,Malicious,1
5.07e-11,0.0,0.0,1,4,Malicious,1,Malicious,1
1.27e-11,0.0,0.0,1,4,Malicious,1,Malicious,1
5.07e-11,0.0,0.0,1,4,Malicious,1,Malicious,1
6.34e-11,0.0,0.0,1,4,Malicious,1,Malicious,1
3.8e-05,0.0,0.0,1,4,Malicious,1,Malicious,1
3.8e-05,0.0,0.0,1,4,Malicious,1,Malicious,1
5.78e-05,3.38e-07,5.35e-06,1,8,Malicious,1,Malicious,1
1.27e-11,0.0,0.0,1,4,Malicious,1,Malicious,1
3.8e-05,0.0,0.0,1,4,Malicious,1,Malicious,1
7.96e-07,2.75e-08,1.43e-07,2,8,Benign,0,Benign,0
1.27e-11,0.0,0.0,1,4,Malicious,1,Malicious,1
5.07e-11,0.0,0.0,1,4,Malicious,1,Malicious,1
0.0,0.0,0.0,1,4,Malicious,1,Malicious,1
3.8e-05,0.0,0.0,1,4,Malicious,1,Malicious,1
1.27e-11,0.0,0.0,1,4,Malicious,1,Malicious,1
5.07e-11,0.0,0.0,1,4,Malicious,1,Malicious,1
1.27e-11,0.0,0.0,1,4,Malicious,1,Malicious,1
1.27e-11,0.0,0.0,1,4,Malicious,1,Malicious,1
1.27e-11,0.0,0.0,1,4,Malicious,1,Malicious,1
1.27e-11,0.0,0.0,1,4,Malicious,1,Malicious,1
3.92e-05,0.0,0.0,1,4,Malicious,1,Malicious,1
1.27e-11,0.0,0.0,1,4,Malicious,1,Malicious,1
3.96e-05,0.0,0.0,1,4,Malicious,1,Malicious,1
6.65e-08,2.75e-08,1.43e-07,2,8,Benign,0,Benign,0
4e-05,0.0,0.0,1,4,Benign,0,Benign,1
1.27e-11,0.0,0.0,1,4,Malicious,1,Malicious,1
1.27e-11,0.0,0.0,1,4,Malicious,1,Malicious,1
3.97e-05,0.0,0.0,1,4,Malicious,1,Malicious,1
1.27e-11,0.0,0.0,1,4,Malicious,1,Malicious,1
6.35e-05,4.47e-08,0.0,2,4,Benign,0,Benign,0
6.34e-05,4.47e-08,0.0,2,4,Benign,0,Benign,0
1.27e-11,0.0,0.0,1,4,Malicious,1,Malicious,1
5.07e-11,0.0,0.0,1,4,Malicious,1,Malicious,1
1.27e-11,0.0,0.0,1,4,Malicious,1,Malicious,1
3.79e-05,0.0,0.0,1,4,Malicious,1,Malicious,1
3.79e-05,0.0,0.0,1,4,Malicious,1,Malicious,1
1.27e-11,0.0,0.0,1,4,Malicious,1,Malicious,1
3.8e-05,0.0,0.0,1,4,Malicious,1,Malicious,1
1.27e-11,0.0,0.0,1,4,Malicious,1,Malicious,1
3.99e-05,0.0,0.0,1,4,Malicious,1,Malicious,1
5.07e-11,0.0,0.0,1,4,Malicious,1,Malicious,1
2.53e-08,2.75e-08,1.43e-07,2,8,Benign,0,Benign,0
1.27e-11,0.0,0.0,1,4,Malicious,1,Malicious,1
1.27e-11,0.0,0.0,1,4,Malicious,1,Malicious,1
3.81e-11,0.0,0.0,1,4,Malicious,1,Malicious,1
5.21e-05,4.3e-08,7.22e-07,1,7,Malicious,1,Malicious,1
1.88e-08,2.75e-08,1.43e-07,2,8,Benign,0,Benign,0
3.97e-05,0.0,0.0,1,4,Malicious,1,Malicious,1
3.77e-06,9e-08,1.1e-06,1,8,Benign,0,Benign,0
1.36e-05,3.78e-08,6.89e-07,1,7,Benign,0,Benign,0
4e-05,0.0,0.0,1,4,Malicious,1,Malicious,1
1.27e-11,0.0,0.0,1,4,Malicious,1,Malicious,1
4e-05,0.0,0.0,1,4,Benign,0,Benign,1
6.34e-11,0.0,0.0,1,4,Malicious,1,Malicious,1
3.8e-05,0.0,0.0,1,4,Malicious,1,Malicious,1
3.13e-09,0.0,0.0,1,4,Malicious,1,Malicious,1
3.8e-05,0.0,0.0,1,4,Malicious,1,Malicious,1
0.0,0.0,0.0,1,4,Malicious,1,Malicious,1
1.55e-07,2.75e-08,1.43e-07,2,8,Benign,0,Benign,0
5.07e-11,0.0,0.0,1,4,Malicious,1,Malicious,1
7.28e-08,2.75e-08,1.43e-07,2,8,Benign,0,Benign,0
6.32e-09,1.66e-08,1.34e-07,2,8,Benign,0,Benign,0
3.99e-05,0.0,0.0,1,4,Malicious,1,Malicious,1
3.8e-05,0.0,0.0,1,4,Benign,0,Benign,1
3.79e-05,0.0,0.0,1,4,Malicious,1,Malicious,1
1.27e-11,0.0,0.0,1,4,Malicious,1,Malicious,1
3.8e-05,0.0,0.0,1,4,Malicious,1,Malicious,1
3.8e-05,0.0,0.0,1,4,Malicious,1,Malicious,1
3.96e-05,0.0,0.0,1,4,Malicious,1,Malicious,1
5.07e-11,0.0,0.0,1,4,Malicious,1,Malicious,1
6.34e-11,0.0,0.0,1,4,Malicious,1,Malicious,1
6.32e-09,2.35e-08,1.22e-07,2,8,Benign,0,Benign,0
5.07e-11,0.0,0.0,1,4,Malicious,1,Malicious,1
3.8e-05,0.0,0.0,1,4,Malicious,1,Malicious,1
0.0,0.0,0.0,1,4,Malicious,1,Malicious,1
9.82e-08,5.5e-08,2.85e-07,2,8,Benign,0,Benign,0
1.27e-11,0.0,0.0,1,4,Malicious,1,Malicious,1
2.81e-05,4.3e-08,7.22e-07,1,7,Malicious,1,Malicious,0
3.96e-05,0.0,0.0,1,4,Malicious,1,Malicious,1
6.43e-05,4.47e-08,3.06e-07,2,8,Benign,0,Benign,0
3.96e-05,0.0,0.0,1,4,Benign,0,Benign,1
1.27e-11,0.0,0.0,1,4,Malicious,1,Malicious,1
5.65e-06,0.0,0.0,1,1,Malicious,1,Malicious,0
3.8e-08,2.75e-08,1.43e-07,2,8,Benign,0,Benign,0
3.8e-05,0.0,0.0,1,4,Malicious,1,Malicious,1
5.07e-11,0.0,0.0,1,4,Malicious,1,Malicious,1
3.8e-08,2.75e-08,1.43e-07,2,8,Benign,0,Benign,0
6.35e-05,4.47e-08,0.0,2,4,Benign,0,Benign,0
5.07e-11,0.0,0.0,1,4,Malicious,1,Malicious,1
3.93e-05,0.0,0.0,1,4,Malicious,1,Malicious,1
1.27e-11,0.0,0.0,1,4,Malicious,1,Malicious,1
3.8e-05,0.0,0.0,1,4,Malicious,1,Malicious,1
0.0,0.0,0.0,1,4,Malicious,1,Malicious,1
0.0,0.0,0.0,1,4,Malicious,1,Malicious,1
1.9e-08,2.75e-08,1.43e-07,2,8,Benign,0,Benign,0
3.8e-05,0.0,0.0,1,4,Malicious,1,Malicious,1
3.94e-05,0.0,0.0,1,4,Benign,0,Benign,1
5.07e-11,0.0,0.0,1,4,Malicious,1,Malicious,1
3.97e-05,0.0,0.0,1,4,Malicious,1,Malicious,1
3.96e-05,0.0,0.0,1,4,Benign,0,Benign,1
6.33e-09,1.66e-08,1.34e-07,2,8,Benign,0,Benign,0
3.97e-05,0.0,0.0,1,4,Benign,0,Benign,1
1.27e-11,0.0,0.0,1,4,Malicious,1,Malicious,1
3.81e-11,0.0,0.0,1,4,Malicious,1,Malicious,1
3.99e-05,0.0,0.0,1,4,Benign,0,Benign,1
9.46e-09,1.66e-08,1.34e-07,2,8,Benign,0,Benign,0
4.01e-05,0.0,0.0,1,4,Benign,0,Benign,1
3.48e-08,2.75e-08,1.43e-07,2,8,Benign,0,Benign,0
1.27e-11,0.0,0.0,1,4,Malicious,1,Malicious,1
6.35e-05,4.47e-08,0.0,2,4,Benign,0,Benign,0
1.27e-11,0.0,0.0,1,4,Malicious,1,Malicious,1
3.99e-05,0.0,0.0,1,4,Malicious,1,Malicious,1
3.8e-05,0.0,0.0,1,4,Malicious,1,Malicious,1
5.07e-11,0.0,0.0,1,4,Malicious,1,Malicious,1
5.07e-11,0.0,0.0,1,4,Malicious,1,Malicious,1
1.38e-05,3.84e-08,6.92e-07,1,7,Benign,0,Benign,0
5.07e-11,0.0,0.0,1,4,Malicious,1,Malicious,1
5.07e-11,0.0,0.0,1,4,Malicious,1,Malicious,1
1.31e-06,2.75e-08,1.43e-07,2,8,Benign,0,Benign,0
0.0,0.0,0.0,1,4,Malicious,1,Malicious,1
3.08e-06,0.0,0.0,1,8,Benign,0,Benign,0
2.63e-05,3.84e-08,6.92e-07,1,7,Benign,0,Benign,1
1.27e-11,0.0,0.0,1,4,Malicious,1,Malicious,1
1.27e-11,0.0,0.0,1,4,Malicious,1,Malicious,1
0.0,0.0,0.0,1,4,Malicious,1,Malicious,1
1.38e-05,3.78e-08,6.89e-07,1,7,Benign,0,Benign,0
3.99e-05,0.0,0.0,1,4,Malicious,1,Malicious,1
2.21e-08,2.75e-08,1.43e-07,2,8,Benign,0,Benign,0
1.27e-11,0.0,0.0,1,4,Malicious,1,Malicious,1
1.27e-11,0.0,0.0,1,4,Malicious,1,Malicious,1
3.8e-05,0.0,0.0,1,4,Malicious,1,Malicious,1
1.27e-11,0.0,0.0,1,4,Malicious,1,Malicious,1
3.8e-05,0.0,0.0,1,4,Malicious,1,Malicious,1
3.97e-05,0.0,0.0,1,4,Malicious,1,Malicious,1
6.34e-05,4.47e-08,0.0,2,4,Benign,0,Benign,0
3.97e-05,0.0,0.0,1,4,Benign,0,Benign,1
2.25e-07,2.75e-08,1.43e-07,2,8,Benign,0,Benign,0
1.27e-11,0.0,0.0,1,4,Malicious,1,Malicious,1
3.96e-05,0.0,0.0,1,4,Benign,0,Benign,1
5.07e-11,0.0,0.0,1,4,Malicious,1,Malicious,1
5.07e-11,0.0,0.0,1,4,Malicious,1,Malicious,1
3.97e-05,0.0,0.0,1,4,Malicious,1,Malicious,1
3.95e-05,0.0,0.0,1,4,Malicious,1,Malicious,1
1.27e-11,0.0,0.0,1,4,Malicious,1,Malicious,1
5.07e-11,0.0,0.0,1,4,Malicious,1,Malicious,1
6.21e-07,2.75e-08,1.43e-07,2,8,Benign,0,Benign,0
7.04e-07,8.88e-08,5.19e-06,1,8,Benign,0,Benign,0
5.07e-11,0.0,0.0,1,4,Malicious,1,Malicious,1
1.39e-05,3.84e-08,6.92e-07,1,7,Benign,0,Benign,1
2.84e-08,2.75e-08,1.43e-07,2,8,Benign,0,Benign,0
0.0,0.0,0.0,1,4,Malicious,1,Malicious,1
3.48e-08,2.75e-08,1.43e-07,2,8,Benign,0,Benign,0
3.8e-05,0.0,0.0,1,4,Malicious,1,Malicious,1
3.8e-05,0.0,0.0,1,4,Malicious,1,Malicious,1
3.94e-05,0.0,0.0,1,4,Malicious,1,Malicious,1
3.96e-05,0.0,0.0,1,4,Malicious,1,Malicious,1
2.21e-08,2.75e-08,1.43e-07,2,8,Benign,0,Benign,0
1.14e-10,0.0,0.0,1,4,Malicious,1,Malicious,1
6.64e-08,2.75e-08,1.43e-07,2,8,Benign,0,Benign,0
1.42e-06,1.95e-08,8.83e-07,2,8,Benign,0,Benign,0
9.19e-08,2.75e-08,1.43e-07,2,8,Benign,0,Benign,0
3.97e-05,0.0,0.0,1,4,Benign,0,Benign,1
2.54e-11,5.5e-08,0.0,2,4,Benign,0,Benign,0
6.97e-08,2.75e-08,1.43e-07,2,8,Benign,0,Benign,0
1.27e-11,0.0,0.0,1,4,Malicious,1,Malicious,1
1.27e-11,0.0,0.0,1,4,Malicious,1,Malicious,1
3.95e-05,0.0,0.0,1,4,Malicious,1,Malicious,1
3.96e-05,0.0,0.0,1,4,Benign,0,Benign,1
3.12e-09,0.0,0.0,1,4,Malicious,1,Malicious,1
1.27e-11,0.0,0.0,1,4,Malicious,1,Malicious,1
1.27e-11,0.0,0.0,1,4,Malicious,1,Malicious,1
5.07e-11,0.0,0.0,1,4,Malicious,1,Malicious,1
1.27e-11,0.0,0.0,1,4,Malicious,1,Malicious,1
6.34e-11,0.0,0.0,1,4,Malicious,1,Malicious,1
0.0,0.0,0.0,1,4,Malicious,1,Malicious,1
1.27e-11,0.0,0.0,1,4,Malicious,1,Malicious,1
3.95e-05,0.0,0.0,1,4,Benign,0,Benign,1
3.94e-05,0.0,0.0,1,4,Malicious,1,Malicious,1
1.27e-11,0.0,0.0,1,4,Malicious,1,Malicious,1
2.66e-05,3.84e-08,6.92e-07,1,7,Benign,0,Benign,1
4e-05,0.0,0.0,1,4,Benign,0,Benign,1
1.27e-11,0.0,0.0,1,4,Malicious,1,Malicious,1
3.27e-09,0.0,0.0,1,4,Malicious,1,Malicious,1
1.03e-06,2.75e-08,1.43e-07,2,8,Benign,0,Benign,0
1.27e-11,0.0,0.0,1,4,Malicious,1,Malicious,1
1.27e-11,0.0,0.0,1,4,Malicious,1,Malicious,1
3.8e-05,0.0,0.0,1,4,Malicious,1,Malicious,1
0.000458926,3.55e-08,7.99e-07,1,7,Malicious,1,Malicious,1
1.27e-11,0.0,0.0,1,4,Malicious,1,Malicious,1
9.5e-09,1.66e-08,1.34e-07,2,8,Benign,0,Benign,0
3.8e-05,0.0,0.0,1,4,Malicious,1,Malicious,1
1.46e-06,1.06e-06,2.35e-06,1,8,Benign,0,Benign,0
0.0,0.0,0.0,1,4,Malicious,1,Malicious,1
3.99e-05,0.0,0.0,1,4,Malicious,1,Malicious,1
3.81e-11,0.0,0.0,1,4,Malicious,1,Malicious,1
4.43e-08,0.0,0.0,1,8,Benign,0,Benign,0
5.07e-11,0.0,0.0,1,4,Malicious,1,Malicious,1
0.0,0.0,0.0,1,4,Malicious,1,Malicious,1
2.2e-08,2.75e-08,1.43e-07,2,8,Benign,0,Benign,0
3.8e-05,0.0,0.0,1,4,Malicious,1,Malicious,1
1.27e-11,0.0,0.0,1,4,Malicious,1,Malicious,1
3.98e-05,0.0,0.0,1,4,Malicious,1,Malicious,1
3.97e-05,0.0,0.0,1,4,Malicious,1,Malicious,1
3.98e-05,0.0,0.0,1,4,Benign,0,Benign,1
3.8e-05,0.0,0.0,1,4,Malicious,1,Malicious,1
5.07e-11,0.0,0.0,1,4,Malicious,1,Malicious,1
4.01e-05,0.0,0.0,1,4,Malicious,1,Malicious,1
1.27e-11,0.0,0.0,1,4,Malicious,1,Malicious,1
1.27e-11,0.0,0.0,1,4,Malicious,1,Malicious,1
3.15e-09,0.0,0.0,1,4,Malicious,1,Malicious,1
5.07e-11,0.0,0.0,1,4,Malicious,1,Malicious,1
2.53e-08,2.75e-08,1.43e-07,2,8,Benign,0,Benign,0
1.27e-11,0.0,0.0,1,4,Malicious,1,Malicious,1
3.99e-05,0.0,0.0,1,4,Malicious,1,Malicious,1
1.27e-11,0.0,0.0,1,4,Malicious,1,Malicious,1
3.94e-05,0.0,0.0,1,4,Malicious,1,Malicious,1
3.22e-09,0.0,0.0,1,4,Malicious,1,Malicious,1
3.79e-05,0.0,0.0,1,4,Malicious,1,Malicious,1
3.93e-05,0.0,0.0,1,4,Malicious,1,Malicious,1
3.98e-05,0.0,0.0,1,4,Benign,0,Benign,1
5.07e-11,0.0,0.0,1,4,Malicious,1,Malicious,1
5.15e-05,3.84e-08,6.92e-07,1,7,Benign,0,Benign,1
3.8e-05,0.0,0.0,1,4,Malicious,1,Malicious,1
6e-08,2.75e-08,1.43e-07,2,8,Benign,0,Benign,0
6.12e-07,2.58e-08,1.34e-07,2,8,Benign,0,Benign,0
1.27e-11,0.0,0.0,1,4,Malicious,1,Malicious,1
6.34e-11,0.0,0.0,1,4,Malicious,1,Malicious,1
1.27e-11,0.0,0.0,1,4,Malicious,1,Malicious,1
3.99e-05,0.0,0.0,1,4,Malicious,1,Malicious,1
1.27e-11,0.0,0.0,1,4,Malicious,1,Malicious,1
3.22e-09,0.0,0.0,1,4,Malicious,1,Malicious,1
1.27e-11,0.0,0.0,1,4,Malicious,1,Malicious,1
1.27e-11,0.0,0.0,1,4,Malicious,1,Malicious,1
6.34e-11,0.0,0.0,1,4,Malicious,1,Malicious,1
0.0,0.0,0.0,1,4,Malicious,1,Malicious,1
6.34e-11,0.0,0.0,1,4,Malicious,1,Malicious,1
1.27e-11,0.0,0.0,1,4,Malicious,1,Malicious,1
1.27e-11,0.0,0.0,1,4,Malicious,1,Malicious,1
0.0,0.0,0.0,1,4,Malicious,1,Malicious,1
2.69e-05,3.84e-08,6.92e-07,1,7,Benign,0,Benign,1
3.97e-05,0.0,0.0,1,4,Benign,0,Benign,1
1.27e-11,0.0,0.0,1,4,Malicious,1,Malicious,1
5.07e-11,0.0,0.0,1,4,Malicious,1,Malicious,1
0.0,0.0,0.0,1,4,Malicious,1,Malicious,1
3.15e-09,0.0,0.0,1,4,Malicious,1,Malicious,1
6.35e-05,4.47e-08,0.0,2,4,Benign,0,Benign,0
3.8e-05,0.0,0.0,1,4,Malicious,1,Malicious,1
3.93e-05,0.0,0.0,1,4,Malicious,1,Malicious,1
6.35e-05,4.47e-08,0.0,2,4,Benign,0,Benign,0
1.19e-06,2.75e-08,1.43e-07,2,8,Benign,0,Benign,0
3.94e-05,0.0,0.0,1,4,Malicious,1,Malicious,1
3.99e-05,0.0,0.0,1,4,Benign,0,Benign,1
5.07e-11,0.0,0.0,1,4,Malicious,1,Malicious,1
3.98e-05,0.0,0.0,1,4,Benign,0,Benign,1
1.27e-11,0.0,0.0,1,4,Malicious,1,Malicious,1
1.37e-05,3.84e-08,6.92e-07,1,7,Benign,0,Benign,0
1.27e-11,0.0,0.0,1,4,Malicious,1,Malicious,1
3.97e-05,0.0,0.0,1,4,Malicious,1,Malicious,1
3.79e-05,0.0,0.0,1,4,Malicious,1,Malicious,1
1.27e-11,0.0,0.0,1,4,Malicious,1,Malicious,1
1.27e-11,0.0,0.0,1,4,Malicious,1,Malicious,1
3.97e-05,0.0,0.0,1,4,Malicious,1,Malicious,1
3.95e-05,0.0,0.0,1,4,Malicious,1,Malicious,1
8.65e-07,2.12e-08,5.32e-07,2,8,Benign,0,Benign,0
1.27e-11,0.0,0.0,1,4,Malicious,1,Malicious,1
3.8e-05,0.0,0.0,1,4,Malicious,1,Malicious,1
3.8e-05,0.0,0.0,1,4,Malicious,1,Malicious,1
5.07e-11,0.0,0.0,1,4,Malicious,1,Malicious,1
6.3e-09,2.12e-08,2.97e-07,2,8,Benign,0,Benign,0
3.8e-05,0.0,0.0,1,4,Benign,0,Benign,1
6.19e-09,2.58e-08,1.34e-07,2,8,Benign,0,Benign,0
4e-05,0.0,0.0,1,4,Benign,0,Benign,1
6.32e-09,1.66e-08,1.34e-07,2,8,Benign,0,Benign,0
0.0,0.0,0.0,1,4,Malicious,1,Malicious,1
6.34e-11,0.0,0.0,1,4,Malicious,1,Malicious,1
3.81e-05,0.0,0.0,1,4,Malicious,1,Malicious,1
0.0,0.0,0.0,1,4,Malicious,1,Malicious,1
1.27e-11,0.0,0.0,1,4,Malicious,1,Malicious,1
6.66e-08,5.5e-08,2.85e-07,2,8,Benign,0,Benign,0
4.74e-08,2.75e-08,1.43e-07,2,8,Benign,0,Benign,0
6.3e-09,1.66e-08,1.34e-07,2,8,Benign,0,Benign,0
1.27e-11,0.0,0.0,1,4,Malicious,1,Malicious,1
1.27e-11,0.0,0.0,1,4,Malicious,1,Malicious,1
9.47e-09,1.66e-08,1.34e-07,2,8,Benign,0,Benign,0
1.27e-11,0.0,0.0,1,4,Malicious,1,Malicious,1
1.27e-11,0.0,0.0,1,4,Malicious,1,Malicious,1
3.95e-05,0.0,0.0,1,4,Benign,0,Benign,1
0.000467067,3.55e-08,7.99e-07,1,7,Malicious,1,Malicious,1
3.97e-05,0.0,0.0,1,4,Malicious,1,Malicious,1
1.27e-11,0.0,0.0,1,4,Malicious,1,Malicious,1
3.81e-11,0.0,0.0,1,4,Malicious,1,Malicious,1
7.61e-11,0.0,0.0,1,4,Malicious,1,Malicious,1
0.000737761,1.72e-06,0.0,2,4,Benign,0,Benign,0
5.07e-11,0.0,0.0,1,4,Malicious,1,Malicious,1
6.09e-09,1.66e-08,1.34e-07,2,8,Benign,0,Benign,0
0.0,0.0,0.0,1,4,Malicious,1,Malicious,1
3.79e-05,0.0,0.0,1,4,Malicious,1,Malicious,1
1.27e-11,0.0,0.0,1,4,Malicious,1,Malicious,1
3.91e-05,0.0,0.0,1,4,Benign,0,Benign,1
1.27e-11,0.0,0.0,1,4,Malicious,1,Malicious,1
4.01e-05,0.0,0.0,1,4,Benign,0,Benign,1
4e-05,0.0,0.0,1,4,Benign,0,Benign,1
2.64e-05,4.3e-08,7.22e-07,1,7,Malicious,1,Malicious,1
3.79e-05,0.0,0.0,1,4,Malicious,1,Malicious,1
1.27e-11,0.0,0.0,1,4,Malicious,1,Malicious,1
5.07e-11,0.0,0.0,1,4,Malicious,1,Malicious,1
3.8e-05,0.0,0.0,1,4,Malicious,1,Malicious,1
1.27e-11,0.0,0.0,1,4,Malicious,1,Malicious,1
3.8e-05,0.0,0.0,1,4,Malicious,1,Malicious,1
2.19e-08,2.75e-08,1.43e-07,2,8,Benign,0,Benign,0
3.97e-05,0.0,0.0,1,4,Benign,0,Benign,1
3.94e-05,0.0,0.0,1,4,Benign,0,Benign,1
2.54e-11,0.0,0.0,1,4,Malicious,1,Malicious,1
1.27e-11,0.0,0.0,1,4,Malicious,1,Malicious,1
1.27e-11,0.0,0.0,1,4,Malicious,1,Malicious,1
3.8e-05,0.0,0.0,1,4,Malicious,1,Malicious,1
1.27e-11,0.0,0.0,1,4,Malicious,1,Malicious,1
3.97e-05,0.0,0.0,1,4,Malicious,1,Malicious,1
3.8e-05,0.0,0.0,1,4,Malicious,1,Malicious,1
5.7e-07,3.84e-08,2.08e-07,2,8,Benign,0,Benign,0
1.27e-11,0.0,0.0,1,4,Malicious,1,Malicious,1
2.21e-08,2.75e-08,1.43e-07,2,8,Benign,0,Benign,0
3.22e-09,0.0,0.0,1,4,Malicious,1,Malicious,1
5.07e-11,0.0,0.0,1,4,Malicious,1,Malicious,1
4e-05,0.0,0.0,1,4,Benign,0,Benign,1
6.34e-11,0.0,0.0,1,4,Malicious,1,Malicious,1
0.0,0.0,0.0,1,4,Malicious,1,Malicious,1
1.28e-06,1.62e-07,0.0,2,4,Benign,0,Benign,0
1.27e-11,0.0,0.0,1,4,Malicious,1,Malicious,1
0.0,0.0,0.0,1,4,Malicious,1,Malicious,1
3.93e-05,0.0,0.0,1,4,Malicious,1,Malicious,1
3.97e-05,0.0,0.0,1,4,Malicious,1,Malicious,1
5.07e-11,0.0,0.0,1,4,Malicious,1,Malicious,1
6.33e-09,2.58e-08,1.34e-07,2,8,Benign,0,Benign,0
1.27e-11,0.0,0.0,1,4,Malicious,1,Malicious,1
6.33e-08,2.75e-08,1.43e-07,2,8,Benign,0,Benign,0
5.07e-11,0.0,0.0,1,4,Malicious,1,Malicious,1
3.8e-05,0.0,0.0,1,4,Malicious,1,Malicious,1
3.91e-05,0.0,0.0,1,4,Malicious,1,Malicious,1
3.98e-05,0.0,0.0,1,4,Malicious,1,Malicious,1
5.07e-11,0.0,0.0,1,4,Malicious,1,Malicious,1
3.48e-08,2.75e-08,1.43e-07,2,8,Benign,0,Benign,0
1.27e-11,0.0,0.0,1,4,Malicious,1,Malicious,1
3.96e-05,0.0,0.0,1,4,Malicious,1,Malicious,1
3.99e-05,0.0,0.0,1,4,Malicious,1,Malicious,1
6.32e-09,1.66e-08,1.34e-07,2,8,Benign,0,Benign,0
3.94e-05,0.0,0.0,1,4,Benign,0,Benign,1
6.39e-09,0.0,0.0,1,4,Malicious,1,Malicious,1
5.07e-11,0.0,0.0,1,4,Malicious,1,Malicious,1
0.0,0.0,0.0,1,4,Malicious,1,Malicious,1
3.06e-09,0.0,0.0,1,4,Malicious,1,Malicious,1
1.72e-07,2.75e-08,1.43e-07,2,8,Benign,0,Benign,0
3.27e-09,0.0,0.0,1,4,Malicious,1,Malicious,1
3.92e-05,0.0,0.0,1,4,Benign,0,Benign,1
5.07e-11,0.0,0.0,1,4,Malicious,1,Malicious,1
1.27e-11,0.0,0.0,1,4,Malicious,1,Malicious,1
3.92e-05,0.0,0.0,1,4,Benign,0,Benign,1
1.27e-11,0.0,0.0,1,4,Malicious,1,Malicious,1
6.01e-08,2.75e-08,1.43e-07,2,8,Benign,0,Benign,0
1.38e-05,4.3e-08,7.22e-07,1,7,Malicious,1,Malicious,0
0.0,0.0,0.0,1,4,Malicious,1,Malicious,1
0.0,0.0,0.0,1,4,Malicious,1,Malicious,1
4.75e-08,2.75e-08,1.43e-07,2,8,Benign,0,Benign,0
1.38e-05,0.0,0.0,1,1,Malicious,1,Malicious,1
3.21e-09,0.0,0.0,1,4,Malicious,1,Malicious,1
0.0,0.0,0.0,1,4,Malicious,1,Malicious,1
1.27e-11,0.0,0.0,1,4,Malicious,1,Malicious,1
1.27e-11,0.0,0.0,1,4,Malicious,1,Malicious,1
1.9e-10,0.0,0.0,1,4,Malicious,1,Malicious,1
1.27e-11,0.0,0.0,1,4,Malicious,1,Malicious,1
3.93e-05,0.0,0.0,1,4,Malicious,1,Malicious,1
6.34e-11,0.0,0.0,1,4,Malicious,1,Malicious,1
3.8e-05,0.0,0.0,1,4,Malicious,1,Malicious,1
9.5e-09,2.58e-08,1.34e-07,2,8,Benign,0,Benign,0
3.99e-05,0.0,0.0,1,4,Malicious,1,Malicious,1
1.27e-11,0.0,0.0,1,4,Malicious,1,Malicious,1
1.27e-11,0.0,0.0,1,4,Malicious,1,Malicious,1
3.8e-05,0.0,0.0,1,4,Malicious,1,Malicious,1
3.8e-05,0.0,0.0,1,4,Malicious,1,Malicious,1
3.95e-05,0.0,0.0,1,4,Malicious,1,Malicious,1
5.07e-11,0.0,0.0,1,4,Malicious,1,Malicious,1
3.21e-09,0.0,0.0,1,4,Malicious,1,Malicious,1
6.65e-08,2.75e-08,1.43e-07,2,8,Benign,0,Benign,0
1.27e-11,0.0,0.0,1,4,Malicious,1,Malicious,1
1.27e-11,0.0,0.0,1,4,Malicious,1,Malicious,1
1.77e-07,2.75e-08,1.43e-07,2,8,Benign,0,Benign,0
1.42e-05,4.3e-08,7.22e-07,1,7,Malicious,1,Malicious,1
3.96e-05,0.0,0.0,1,4,Benign,0,Benign,1
6.29e-09,1.66e-08,1.34e-07,2,8,Benign,0,Benign,0
6.32e-09,1.66e-08,1.34e-07,2,8,Benign,0,Benign,0
6.33e-08,2.75e-08,1.43e-07,2,8,Benign,0,Benign,0
1.01e-10,0.0,0.0,1,4,Malicious,1,Malicious,1
1.27e-11,0.0,0.0,1,4,Malicious,1,Malicious,1
1.27e-11,0.0,0.0,1,4,Malicious,1,Malicious,1
3.97e-05,0.0,0.0,1,4,Benign,0,Benign,1
1.27e-11,0.0,0.0,1,4,Malicious,1,Malicious,1
3.8e-05,0.0,0.0,1,4,Malicious,1,Malicious,1
5.07e-11,0.0,0.0,1,4,Malicious,1,Malicious,1
0.0,0.0,0.0,1,4,Malicious,1,Malicious,1
5.07e-11,0.0,0.0,1,4,Malicious,1,Malicious,1
1.27e-11,0.0,0.0,1,4,Malicious,1,Malicious,1
2.51e-08,2.75e-08,1.43e-07,2,8,Benign,0,Benign,0
1.27e-11,0.0,0.0,1,4,Malicious,1,Malicious,1
1.27e-11,0.0,0.0,1,4,Malicious,1,Malicious,1
4e-05,0.0,0.0,1,4,Benign,0,Benign,1
3.93e-05,0.0,0.0,1,4,Benign,0,Benign,1
1.27e-11,0.0,0.0,1,4,Malicious,1,Malicious,1
6.4e-07,2.12e-08,5.32e-07,2,8,Benign,0,Benign,0
3.93e-05,0.0,0.0,1,4,Malicious,1,Malicious,1
3.95e-05,0.0,0.0,1,4,Benign,0,Benign,1
1.27e-11,0.0,0.0,1,4,Malicious,1,Malicious,1
6.34e-11,0.0,0.0,1,4,Malicious,1,Malicious,1
6.92e-05,3.38e-07,5.35e-06,1,8,Malicious,1,Malicious,1
1.27e-11,0.0,0.0,1,4,Malicious,1,Malicious,1
3.8e-05,0.0,0.0,1,4,Malicious,1,Malicious,1
3.8e-05,0.0,0.0,1,4,Malicious,1,Malicious,1
1.27e-11,0.0,0.0,1,4,Malicious,1,Malicious,1
3.91e-05,0.0,0.0,1,4,Malicious,1,Malicious,1
8.89e-05,4.61e-07,0.0,2,4,Benign,0,Benign,0
2.66e-07,1.66e-08,1.34e-07,2,8,Benign,0,Benign,0
5.07e-11,0.0,0.0,1,4,Malicious,1,Malicious,1
9.41e-09,2.58e-08,1.34e-07,2,8,Benign,0,Benign,0
1.27e-11,0.0,0.0,1,4,Malicious,1,Malicious,1
3.94e-05,0.0,0.0,1,4,Benign,0,Benign,1
3.8e-05,0.0,0.0,1,4,Malicious,1,Malicious,1
2.21e-08,2.75e-08,1.43e-07,2,8,Benign,0,Benign,0
1.27e-11,0.0,0.0,1,4,Malicious,1,Malicious,1
6.33e-09,2.58e-08,1.34e-07,2,8,Benign,0,Benign,0
6.34e-11,0.0,0.0,1,4,Malicious,1,Malicious,1
3.92e-05,0.0,0.0,1,4,Malicious,1,Malicious,1
3.8e-05,0.0,0.0,1,4,Malicious,1,Malicious,1
3.99e-05,0.0,0.0,1,4,Malicious,1,Malicious,1
1.27e-11,0.0,0.0,1,4,Malicious,1,Malicious,1
1.27e-11,0.0,0.0,1,4,Malicious,1,Malicious,1
3.99e-05,0.0,0.0,1,4,Malicious,1,Malicious,1
3.94e-05,0.0,0.0,1,4,Malicious,1,Malicious,1
1.27e-11,0.0,0.0,1,4,Malicious,1,Malicious,1
1.27e-11,0.0,0.0,1,4,Malicious,1,Malicious,1
1.27e-11,0.0,0.0,1,4,Malicious,1,Malicious,1
1.27e-11,0.0,0.0,1,4,Malicious,1,Malicious,1
1.27e-11,0.0,0.0,1,4,Malicious,1,Malicious,1
6.34e-11,0.0,0.0,1,4,Malicious,1,Malicious,1
0.000258894,3.01e-07,0.0,2,4,Benign,0,Benign,0
3.49e-07,1.66e-08,1.34e-07,2,8,Benign,0,Benign,0
6.34e-11,0.0,0.0,1,4,Malicious,1,Malicious,1
1.27e-11,0.0,0.0,1,4,Malicious,1,Malicious,1
1.27e-11,0.0,0.0,1,4,Malicious,1,Malicious,1
3.97e-05,0.0,0.0,1,4,Malicious,1,Malicious,1
3.93e-05,0.0,0.0,1,4,Benign,0,Benign,1
3.93e-05,0.0,0.0,1,4,Malicious,1,Malicious,1
6.69e-07,2.75e-08,1.43e-07,2,8,Benign,0,Benign,0
1.27e-11,0.0,0.0,1,4,Malicious,1,Malicious,1
3.94e-05,0.0,0.0,1,4,Malicious,1,Malicious,1
1.27e-11,0.0,0.0,1,4,Malicious,1,Malicious,1
5.07e-11,0.0,0.0,1,4,Malicious,1,Malicious,1
3.8e-05,0.0,0.0,1,4,Malicious,1,Malicious,1
1.27e-11,0.0,0.0,1,4,Malicious,1,Malicious,1
2.45e-09,0.0,0.0,1,4,Malicious,1,Malicious,1
5.07e-11,0.0,0.0,1,4,Malicious,1,Malicious,1
3.8e-05,0.0,0.0,1,4,Malicious,1,Malicious,1
1.27e-11,0.0,0.0,1,4,Malicious,1,Malicious,1
3.94e-05,0.0,0.0,1,4,Benign,0,Benign,1
6.3e-09,1.66e-08,1.34e-07,2,8,Benign,0,Benign,0
6.3e-09,2.58e-08,1.34e-07,2,8,Benign,0,Benign,0
3.99e-05,0.0,0.0,1,4,Malicious,1,Malicious,1
6.34e-11,0.0,0.0,1,4,Malicious,1,Malicious,1
1.27e-11,0.0,0.0,1,4,Malicious,1,Malicious,1
3.94e-05,0.0,0.0,1,4,Malicious,1,Malicious,1
1.27e-11,0.0,0.0,1,4,Malicious,1,Malicious,1
3.97e-05,0.0,0.0,1,4,Malicious,1,Malicious,1
0.0,0.0,0.0,1,4,Malicious,1,Malicious,1
1.27e-11,0.0,0.0,1,4,Malicious,1,Malicious,1
3.95e-05,0.0,0.0,1,4,Benign,0,Benign,1
3.98e-05,0.0,0.0,1,4,Malicious,1,Malicious,1
2.34e-07,2.75e-08,1.43e-07,2,8,Benign,0,Benign,0
2.53e-08,2.75e-08,1.43e-07,2,8,Benign,0,Benign,0
3.8e-05,0.0,0.0,1,4,Malicious,1,Malicious,1
3.92e-05,0.0,0.0,1,4,Malicious,1,Malicious,1
6.35e-05,4.47e-08,0.0,2,4,Benign,0,Benign,0
6.25e-09,2.58e-08,1.34e-07,2,8,Benign,0,Benign,0
1.37e-05,8.42e-08,0.000306853,1,8,Malicious,1,Malicious,0
3.96e-05,0.0,0.0,1,4,Malicious,1,Malicious,1
1.27e-11,0.0,0.0,1,4,Malicious,1,Malicious,1
6.33e-09,2.58e-08,1.34e-07,2,8,Benign,0,Benign,0
3.8e-05,0.0,0.0,1,4,Malicious,1,Malicious,1
1.27e-11,0.0,0.0,1,4,Malicious,1,Malicious,1
1.27e-11,0.0,0.0,1,4,Malicious,1,Malicious,1
1.27e-11,0.0,0.0,1,4,Malicious,1,Malicious,1
6.34e-11,0.0,0.0,1,4,Malicious,1,Malicious,1
1.27e-11,0.0,0.0,1,4,Malicious,1,Malicious,1
1.37e-05,4.3e-08,7.22e-07,1,7,Malicious,1,Malicious,0
1.27e-11,0.0,0.0,1,4,Malicious,1,Malicious,1
1.41e-05,4.3e-08,7.22e-07,1,7,Malicious,1,Malicious,1
1.27e-11,0.0,0.0,1,4,Malicious,1,Malicious,1
5.07e-11,0.0,0.0,1,4,Malicious,1,Malicious,1
3.22e-09,0.0,0.0,1,4,Malicious,1,Malicious,1
0.0,0.0,0.0,1,4,Malicious,1,Malicious,1
1.27e-11,0.0,0.0,1,4,Malicious,1,Malicious,1
5.07e-11,0.0,0.0,1,4,Malicious,1,Malicious,1
3.94e-05,0.0,0.0,1,4,Malicious,1,Malicious,1
1.27e-11,0.0,0.0,1,4,Malicious,1,Malicious,1
1.27e-11,0.0,0.0,1,4,Malicious,1,Malicious,1
2.19e-08,2.75e-08,1.43e-07,2,8,Benign,0,Benign,0
0.0,0.0,0.0,1,4,Malicious,1,Malicious,1
3.8e-05,0.0,0.0,1,4,Malicious,1,Malicious,1
3.94e-05,0.0,0.0,1,4,Malicious,1,Malicious,1
5.7e-08,1.66e-08,1.34e-07,2,8,Benign,0,Benign,0
6.34e-11,0.0,0.0,1,4,Malicious,1,Malicious,1
1.89e-08,2.75e-08,1.43e-07,2,8,Benign,0,Benign,0
6.34e-11,0.0,0.0,1,4,Malicious,1,Malicious,1
3.93e-05,0.0,0.0,1,4,Malicious,1,Malicious,1
5.18e-05,4.3e-08,7.22e-07,1,7,Malicious,1,Malicious,1
3.8e-05,0.0,0.0,1,4,Malicious,1,Malicious,1
1.27e-11,0.0,0.0,1,4,Malicious,1,Malicious,1
6.34e-11,0.0,0.0,1,4,Malicious,1,Malicious,1
1.27e-11,0.0,0.0,1,4,Malicious,1,Malicious,1
3.96e-05,0.0,0.0,1,4,Benign,0,Benign,1
3.97e-05,0.0,0.0,1,4,Malicious,1,Malicious,1
3.92e-05,0.0,0.0,1,4,Malicious,1,Malicious,1
1.27e-11,0.0,0.0,1,4,Malicious,1,Malicious,1
1.27e-11,0.0,0.0,1,4,Malicious,1,Malicious,1
6.34e-11,0.0,0.0,1,4,Malicious,1,Malicious,1
5.38e-08,5.5e-08,2.85e-07,2,8,Benign,0,Benign,0
3.46e-08,2.75e-08,1.43e-07,2,8,Benign,0,Benign,0
6.19e-09,0.0,0.0,1,4,Malicious,1,Malicious,1
5.07e-11,0.0,0.0,1,4,Malicious,1,Malicious,1
2.53e-08,2.75e-08,1.43e-07,2,8,Benign,0,Benign,0
1.27e-11,0.0,0.0,1,4,Malicious,1,Malicious,1
2.54e-11,5.5e-08,0.0,2,4,Benign,0,Benign,0
1.27e-11,0.0,0.0,1,4,Malicious,1,Malicious,1
5.07e-11,0.0,0.0,1,4,Malicious,1,Malicious,1
0.00076273,1.72e-06,0.0,2,4,Benign,0,Benign,0
1.27e-11,0.0,0.0,1,4,Malicious,1,Malicious,1
3.98e-05,0.0,0.0,1,4,Benign,0,Benign,1
3.96e-05,0.0,0.0,1,4,Malicious,1,Malicious,1
5.07e-11,0.0,0.0,1,4,Malicious,1,Malicious,1
3.99e-05,0.0,0.0,1,4,Benign,0,Benign,1
6.35e-05,4.47e-08,0.0,2,4,Benign,0,Benign,0
7.29e-08,2.75e-08,1.43e-07,2,8,Benign,0,Benign,0
3.98e-05,0.0,0.0,1,4,Malicious,1,Malicious,1
4e-05,0.0,0.0,1,4,Benign,0,Benign,1
1.52e-07,2.75e-08,1.43e-07,2,8,Benign,0,Benign,0
3.8e-05,0.0,0.0,1,4,Malicious,1,Malicious,1
1.27e-11,0.0,0.0,1,4,Malicious,1,Malicious,1
1.27e-11,0.0,0.0,1,4,Malicious,1,Malicious,1
3.95e-05,0.0,0.0,1,4,Benign,0,Benign,1
6.02e-08,2.75e-08,1.43e-07,2,8,Benign,0,Benign,0
1.27e-11,0.0,0.0,1,4,Malicious,1,Malicious,1
5.39e-05,3.38e-07,5.35e-06,1,8,Malicious,1,Malicious,1
0.000758795,1.72e-06,0.0,2,4,Benign,0,Benign,0
0.000769606,1.72e-06,0.0,2,4,Benign,0,Benign,0
1.27e-11,0.0,0.0,1,4,Malicious,1,Malicious,1
3.79e-05,0.0,0.0,1,4,Malicious,1,Malicious,1
1.27e-11,0.0,0.0,1,4,Malicious,1,Malicious,1
1.27e-11,0.0,0.0,1,4,Malicious,1,Malicious,1
6.33e-09,1.66e-08,1.34e-07,2,8,Benign,0,Benign,0
3.8e-05,0.0,0.0,1,4,Malicious,1,Malicious,1
1.27e-11,0.0,0.0,1,4,Malicious,1,Malicious,1
1.27e-11,0.0,0.0,1,4,Malicious,1,Malicious,1
1.27e-11,0.0,0.0,1,4,Malicious,1,Malicious,1
1.68e-07,2.75e-08,1.43e-07,2,8,Benign,0,Benign,0
3.95e-05,0.0,0.0,1,4,Malicious,1,Malicious,1
1.27e-11,0.0,0.0,1,4,Malicious,1,Malicious,1
6.34e-11,0.0,0.0,1,4,Malicious,1,Malicious,1
5.07e-11,0.0,0.0,1,4,Malicious,1,Malicious,1
1.27e-11,0.0,0.0,1,4,Malicious,1,Malicious,1
3.92e-05,0.0,0.0,1,4,Malicious,1,Malicious,1
3.96e-05,0.0,0.0,1,4,Benign,0,Benign,1
0.0,0.0,0.0,1,4,Malicious,1,Malicious,1
1.27e-11,0.0,0.0,1,4,Malicious,1,Malicious,1
3.98e-05,0.0,0.0,1,4,Malicious,1,Malicious,1
1.27e-11,0.0,0.0,1,4,Malicious,1,Malicious,1
0.0,0.0,0.0,1,4,Malicious,1,Malicious,1
2.35e-05,2.97e-07,1.96e-07,1,3,Malicious,1,Malicious,1
3.95e-05,0.0,0.0,1,4,Benign,0,Benign,1
1.27e-11,0.0,0.0,1,4,Malicious,1,Malicious,1
6.35e-05,4.47e-08,0.0,2,4,Benign,0,Benign,0
5.07e-11,0.0,0.0,1,4,Malicious,1,Malicious,1
3.82e-05,0.0,0.0,1,4,Malicious,1,Malicious,1
1.93e-06,2.75e-08,1.43e-07,2,8,Benign,0,Benign,0
1.27e-11,0.0,0.0,1,4,Malicious,1,Malicious,1
1.27e-11,0.0,0.0,1,4,Malicious,1,Malicious,1
1.27e-11,0.0,0.0,1,4,Malicious,1,Malicious,1
2.54e-11,0.0,0.0,1,4,Malicious,1,Malicious,1
3.94e-05,0.0,0.0,1,4,Malicious,1,Malicious,1
5.07e-11,0.0,0.0,1,4,Malicious,1,Malicious,1
6.35e-05,4.47e-08,3.06e-07,2,8,Benign,0,Benign,0
1.33e-07,2.58e-08,1.34e-07,2,8,Benign,0,Benign,0
3.8e-05,0.0,0.0,1,4,Malicious,1,Malicious,1
1.27e-11,0.0,0.0,1,4,Malicious,1,Malicious,1
1.27e-11,0.0,0.0,1,4,Malicious,1,Malicious,1
0.002292075,3.32e-07,0.0,0,0,Benign,0,Benign,0
3.8e-05,0.0,0.0,1,4,Malicious,1,Malicious,1
1.27e-11,0.0,0.0,1,4,Malicious,1,Malicious,1
3.81e-11,0.0,0.0,1,4,Malicious,1,Malicious,1
0.0,0.0,0.0,1,4,Malicious,1,Malicious,1
6.42e-09,0.0,0.0,1,4,Malicious,1,Malicious,1
1.27e-11,0.0,0.0,1,4,Malicious,1,Malicious,1
3.21e-09,0.0,0.0,1,4,Malicious,1,Malicious,1
3.8e-08,2.75e-08,1.43e-07,2,8,Benign,0,Benign,0
1.27e-11,0.0,0.0,1,4,Malicious,1,Malicious,1
5.26e-05,3.38e-07,5.35e-06,1,8,Malicious,1,Malicious,1
5.07e-11,0.0,0.0,1,4,Malicious,1,Malicious,1
2.14e-09,0.0,0.0,1,4,Malicious,1,Malicious,1
3.91e-05,0.0,0.0,1,4,Benign,0,Benign,1
5.07e-11,0.0,0.0,1,4,Malicious,1,Malicious,1
1.27e-11,0.0,0.0,1,4,Malicious,1,Malicious,1
3.93e-05,0.0,0.0,1,4,Malicious,1,Malicious,1
3.99e-05,0.0,0.0,1,4,Benign,0,Benign,1
0.00010556,3.44e-07,0.0,2,4,Benign,0,Benign,0
4.01e-05,0.0,0.0,1,4,Malicious,1,Malicious,1
1.27e-11,0.0,0.0,1,4,Malicious,1,Malicious,1
1.27e-11,0.0,0.0,1,4,Malicious,1,Malicious,1
3.21e-09,0.0,0.0,1,4,Malicious,1,Malicious,1
3.81e-05,0.0,0.0,1,4,Malicious,1,Malicious,1
2.18e-06,2.58e-08,1.34e-07,2,8,Benign,0,Benign,0
0.0,0.0,0.0,1,4,Malicious,1,Malicious,1
3.95e-05,0.0,0.0,1,4,Malicious,1,Malicious,1
2e-06,2.75e-08,1.43e-07,2,8,Benign,0,Benign,0
1.27e-11,0.0,0.0,1,4,Malicious,1,Malicious,1
3.95e-05,0.0,0.0,1,4,Malicious,1,Malicious,1
4.01e-05,0.0,0.0,1,4,Malicious,1,Malicious,1
1.27e-11,0.0,0.0,1,4,Malicious,1,Malicious,1
1.27e-11,0.0,0.0,1,4,Malicious,1,Malicious,1
3.8e-05,0.0,0.0,1,4,Malicious,1,Malicious,1
0.0,0.0,0.0,1,4,Malicious,1,Malicious,1
6.33e-09,2.58e-08,1.34e-07,2,8,Benign,0,Benign,0
3.95e-05,0.0,0.0,1,4,Malicious,1,Malicious,1
1.27e-11,0.0,0.0,1,4,Malicious,1,Malicious,1
6.97e-08,5.5e-08,2.85e-07,2,8,Benign,0,Benign,0
3.94e-05,0.0,0.0,1,4,Malicious,1,Malicious,1
3.8e-05,0.0,0.0,1,4,Malicious,1,Malicious,1
1.27e-11,0.0,0.0,1,4,Malicious,1,Malicious,1
1.27e-11,0.0,0.0,1,4,Malicious,1,Malicious,1
1.71e-07,2.69e-08,3.3e-07,2,8,Benign,0,Benign,0
3.99e-05,0.0,0.0,1,4,Malicious,1,Malicious,1
9.35e-07,2.75e-08,1.43e-07,2,8,Benign,0,Benign,0
3.97e-05,0.0,0.0,1,4,Malicious,1,Malicious,1
6.34e-11,0.0,0.0,1,4,Malicious,1,Malicious,1
7.29e-08,2.58e-08,1.34e-07,2,8,Benign,0,Benign,0
3.8e-05,0.0,0.0,1,4,Malicious,1,Malicious,1
3.96e-05,0.0,0.0,1,4,Malicious,1,Malicious,1
1.9e-08,2.58e-08,1.34e-07,2,8,Benign,0,Benign,0
1.27e-11,0.0,0.0,1,4,Malicious,1,Malicious,1
3.94e-05,0.0,0.0,1,4,Benign,0,Benign,1
5.07e-11,0.0,0.0,1,4,Malicious,1,Malicious,1
1.27e-11,0.0,0.0,1,4,Malicious,1,Malicious,1
1.27e-11,0.0,0.0,1,4,Malicious,1,Malicious,1
6.33e-09,2.58e-08,1.34e-07,2,8,Benign,0,Benign,0
2.54e-11,0.0,0.0,1,4,Malicious,1,Malicious,1
3.91e-05,0.0,0.0,1,4,Malicious,1,Malicious,1
3.94e-05,0.0,0.0,1,4,Benign,0,Benign,1
6.95e-08,2.75e-08,1.43e-07,2,8,Benign,0,Benign,0
3.23e-09,0.0,0.0,1,4,Malicious,1,Malicious,1
1.27e-11,0.0,0.0,1,4,Malicious,1,Malicious,1
0.0,0.0,0.0,1,4,Malicious,1,Malicious,1
0.0,0.0,0.0,1,4,Malicious,1,Malicious,1
6.34e-11,0.0,0.0,1,4,Malicious,1,Malicious,1
1.27e-11,0.0,0.0,1,4,Malicious,1,Malicious,1
1.27e-11,0.0,0.0,1,4,Malicious,1,Malicious,1
9.4e-09,2.58e-08,1.34e-07,2,8,Benign,0,Benign,0
3.98e-05,0.0,0.0,1,4,Malicious,1,Malicious,1
6.35e-05,4.47e-08,0.0,2,4,Benign,0,Benign,0
5.07e-11,0.0,0.0,1,4,Malicious,1,Malicious,1
5.07e-11,0.0,0.0,1,4,Malicious,1,Malicious,1
3.97e-05,0.0,0.0,1,4,Benign,0,Benign,1
0.00074411,1.72e-06,0.0,2,4,Benign,0,Benign,0
1.27e-11,0.0,0.0,1,4,Malicious,1,Malicious,1
5.07e-11,0.0,0.0,1,4,Malicious,1,Malicious,1
1.13e-05,4.3e-08,7.22e-07,1,7,Malicious,1,Malicious,1
1.37e-05,3.84e-08,6.92e-07,1,7,Benign,0,Benign,0
6.3e-09,0.0,0.0,1,4,Malicious,1,Malicious,1
4e-05,0.0,0.0,1,4,Benign,0,Benign,1
1.27e-11,0.0,0.0,1,4,Malicious,1,Malicious,1
2.32e-05,2.97e-07,1.96e-07,1,3,Malicious,1,Malicious,1
5.07e-11,0.0,0.0,1,4,Malicious,1,Malicious,1
3.98e-05,0.0,0.0,1,4,Benign,0,Benign,1
9.49e-09,1.66e-08,1.34e-07,2,8,Benign,0,Benign,0
6.3e-09,1.66e-08,1.34e-07,2,8,Benign,0,Benign,0
1.27e-11,0.0,0.0,1,4,Malicious,1,Malicious,1
4.01e-05,0.0,0.0,1,4,Malicious,1,Malicious,1
3.97e-05,0.0,0.0,1,4,Malicious,1,Malicious,1
1.38e-06,1.06e-06,2.35e-06,1,8,Benign,0,Benign,0
3.8e-05,0.0,0.0,1,4,Malicious,1,Malicious,1
2.53e-08,1.66e-08,1.34e-07,2,8,Benign,0,Benign,0
1.27e-11,0.0,0.0,1,4,Malicious,1,Malicious,1
0.0,0.0,0.0,1,4,Malicious,1,Malicious,1
2.22e-08,2.75e-08,1.43e-07,2,8,Benign,0,Benign,0
2.02e-05,8.54e-08,0.000419807,1,8,Malicious,1,Malicious,1
2.85e-07,2.46e-08,3.3e-07,2,8,Benign,0,Benign,0
1.35e-05,3.84e-08,6.92e-07,1,7,Benign,0,Benign,0
5.07e-11,0.0,0.0,1,4,Malicious,1,Malicious,1
5.07e-11,0.0,0.0,1,4,Malicious,1,Malicious,1
3.8e-05,0.0,0.0,1,4,Malicious,1,Malicious,1
3.79e-08,2.75e-08,1.43e-07,2,8,Benign,0,Benign,0
6.33e-08,2.75e-08,1.43e-07,2,8,Benign,0,Benign,0
3.91e-05,0.0,0.0,1,4,Malicious,1,Malicious,1
3.8e-05,0.0,0.0,1,4,Malicious,1,Malicious,1
9.5e-08,5.5e-08,2.85e-07,2,8,Benign,0,Benign,0
3.8e-05,0.0,0.0,1,4,Benign,0,Benign,1
1.41e-07,2.29e-08,1.66e-07,2,8,Benign,0,Benign,0
1.99e-07,2.75e-08,1.43e-07,2,8,Benign,0,Benign,0
1.27e-11,0.0,0.0,1,4,Malicious,1,Malicious,1
1.27e-11,0.0,0.0,1,4,Malicious,1,Malicious,1
1.27e-11,0.0,0.0,1,4,Malicious,1,Malicious,1
1.35e-07,2.29e-08,1.66e-07,2,8,Benign,0,Benign,0
4e-05,0.0,0.0,1,4,Benign,0,Benign,1
3.21e-09,0.0,0.0,1,4,Malicious,1,Malicious,1
6.34e-11,0.0,0.0,1,4,Malicious,1,Malicious,1
3.8e-05,0.0,0.0,1,4,Malicious,1,Malicious,1
3.97e-05,0.0,0.0,1,4,Benign,0,Benign,1
6.34e-11,0.0,0.0,1,4,Malicious,1,Malicious,1
3.91e-05,0.0,0.0,1,4,Malicious,1,Malicious,1
1.27e-11,0.0,0.0,1,4,Malicious,1,Malicious,1
1.38e-05,4.3e-08,7.22e-07,1,7,Malicious,1,Malicious,0
1.27e-11,0.0,0.0,1,4,Malicious,1,Malicious,1
6.43e-05,4.47e-08,3.06e-07,2,8,Benign,0,Benign,0
3.79e-05,0.0,0.0,1,4,Malicious,1,Malicious,1
3.99e-05,0.0,0.0,1,4,Benign,0,Benign,1
3.94e-05,0.0,0.0,1,4,Benign,0,Benign,1
9.49e-09,2.58e-08,1.34e-07,2,8,Benign,0,Benign,0
3.8e-05,0.0,0.0,1,4,Malicious,1,Malicious,1
3.8e-05,0.0,0.0,1,4,Malicious,1,Malicious,1
3.8e-05,0.0,0.0,1,4,Malicious,1,Malicious,1
3.82e-05,6.65e-08,0.0,0,0,Benign,0,Benign,0
6.65e-08,5.5e-08,2.85e-07,2,8,Benign,0,Benign,0
1.27e-11,0.0,0.0,1,4,Malicious,1,Malicious,1
2.54e-11,0.0,0.0,1,4,Malicious,1,Malicious,1
1.27e-11,0.0,0.0,1,4,Malicious,1,Malicious,1
3.8e-05,0.0,0.0,1,4,Malicious,1,Malicious,1
3.93e-05,0.0,0.0,1,4,Malicious,1,Malicious,1
4.01e-05,0.0,0.0,1,4,Malicious,1,Malicious,1
1.27e-11,0.0,0.0,1,4,Malicious,1,Malicious,1
1.27e-11,0.0,0.0,1,4,Malicious,1,Malicious,1
9.56e-09,0.0,0.0,1,4,Malicious,1,Malicious,1
1.27e-11,0.0,0.0,1,4,Malicious,1,Malicious,1
6.39e-09,0.0,0.0,1,4,Malicious,1,Malicious,1
3.79e-05,0.0,0.0,1,4,Malicious,1,Malicious,1
1.27e-11,0.0,0.0,1,4,Malicious,1,Malicious,1
3.17e-08,2.58e-08,1.34e-07,2,8,Benign,0,Benign,0
1.27e-11,0.0,0.0,1,4,Malicious,1,Malicious,1
5.07e-11,0.0,0.0,1,4,Malicious,1,Malicious,1
3.81e-11,0.0,0.0,1,4,Malicious,1,Malicious,1
3.8e-05,0.0,0.0,1,4,Malicious,1,Malicious,1
3.96e-05,0.0,0.0,1,4,Benign,0,Benign,1
5.07e-11,0.0,0.0,1,4,Malicious,1,Malicious,1
5.07e-11,0.0,0.0,1,4,Malicious,1,Malicious,1
1.27e-11,0.0,0.0,1,4,Malicious,1,Malicious,1
0.0,0.0,0.0,1,4,Malicious,1,Malicious,1
6.34e-11,0.0,0.0,1,4,Malicious,1,Malicious,1
1.27e-11,0.0,0.0,1,4,Malicious,1,Malicious,1
3.99e-05,0.0,0.0,1,4,Malicious,1,Malicious,1
1.27e-11,0.0,0.0,1,4,Malicious,1,Malicious,1
3.8e-05,0.0,0.0,1,4,Malicious,1,Malicious,1
6.29e-09,1.66e-08,1.34e-07,2,8,Benign,0,Benign,0
5.07e-11,0.0,0.0,1,4,Malicious,1,Malicious,1
3.74e-07,2.75e-08,1.43e-07,2,8,Benign,0,Benign,0
1.27e-11,0.0,0.0,1,4,Malicious,1,Malicious,1
1.27e-11,0.0,0.0,1,4,Malicious,1,Malicious,1
4.01e-05,0.0,0.0,1,4,Malicious,1,Malicious,1
1.27e-11,0.0,0.0,1,4,Malicious,1,Malicious,1
3.28e-06,2.75e-08,1.43e-07,2,8,Benign,0,Benign,0
3.97e-05,0.0,0.0,1,4,Benign,0,Benign,1
3.8e-05,0.0,0.0,1,4,Malicious,1,Malicious,1
6.3e-09,1.66e-08,1.34e-07,2,8,Benign,0,Benign,0
5.07e-11,0.0,0.0,1,4,Malicious,1,Malicious,1
1.29e-05,2.98e-08,3.68e-07,1,3,Benign,0,Benign,0
3.97e-05,0.0,0.0,1,4,Malicious,1,Malicious,1
3.98e-05,0.0,0.0,1,4,Benign,0,Benign,1
1.27e-11,0.0,0.0,1,4,Malicious,1,Malicious,1
1.27e-11,0.0,0.0,1,4,Malicious,1,Malicious,1
2.2e-08,2.75e-08,1.43e-07,2,8,Benign,0,Benign,0
1.27e-11,0.0,0.0,1,4,Malicious,1,Malicious,1
3.79e-05,0.0,0.0,1,4,Malicious,1,Malicious,1
1.27e-11,0.0,0.0,1,4,Malicious,1,Malicious,1
1.27e-11,0.0,0.0,1,4,Malicious,1,Malicious,1
1.27e-11,0.0,0.0,1,4,Malicious,1,Malicious,1
3.8e-05,0.0,0.0,1,4,Malicious,1,Malicious,1
3.96e-05,0.0,0.0,1,4,Benign,0,Benign,1
1.27e-11,0.0,0.0,1,4,Malicious,1,Malicious,1
3.48e-08,2.75e-08,1.43e-07,2,8,Benign,0,Benign,0
3.8e-05,0.0,0.0,1,4,Malicious,1,Malicious,1
1.27e-11,0.0,0.0,1,4,Malicious,1,Malicious,1
2.21e-08,2.75e-08,1.43e-07,2,8,Benign,0,Benign,0
4.88e-07,2.75e-08,1.43e-07,2,8,Benign,0,Benign,0
9.47e-09,2.58e-08,1.34e-07,2,8,Benign,0,Benign,0
1.27e-11,0.0,0.0,1,4,Malicious,1,Malicious,1
3.97e-05,0.0,0.0,1,4,Benign,0,Benign,1
1.27e-11,0.0,0.0,1,4,Malicious,1,Malicious,1
3.47e-08,2.75e-08,1.43e-07,2,8,Benign,0,Benign,0
4e-05,0.0,0.0,1,4,Benign,0,Benign,1
3.22e-09,0.0,0.0,1,4,Malicious,1,Malicious,1
1.27e-11,0.0,0.0,1,4,Malicious,1,Malicious,1
9.56e-09,0.0,0.0,1,4,Malicious,1,Malicious,1
5.07e-11,0.0,0.0,1,4,Malicious,1,Malicious,1
3.92e-05,0.0,0.0,1,4,Malicious,1,Malicious,1
1.27e-11,0.0,0.0,1,4,Malicious,1,Malicious,1
1.27e-11,0.0,0.0,1,4,Malicious,1,Malicious,1
1.27e-11,0.0,0.0,1,4,Malicious,1,Malicious,1
1.27e-11,0.0,0.0,1,4,Malicious,1,Malicious,1
3.99e-05,0.0,0.0,1,4,Malicious,1,Malicious,1
1.88e-08,2.75e-08,1.43e-07,2,8,Benign,0,Benign,0
3.99e-05,0.0,0.0,1,4,Malicious,1,Malicious,1
1.52e-10,0.0,0.0,1,4,Malicious,1,Malicious,1
3.8e-05,0.0,0.0,1,4,Benign,0,Benign,1
2.54e-07,2.75e-08,1.43e-07,2,8,Benign,0,Benign,0
3.8e-05,0.0,0.0,1,4,Malicious,1,Malicious,1
3.99e-05,0.0,0.0,1,4,Benign,0,Benign,1
3.98e-05,0.0,0.0,1,4,Benign,0,Benign,1
6.34e-11,0.0,0.0,1,4,Malicious,1,Malicious,1
3.8e-05,0.0,0.0,1,4,Malicious,1,Malicious,1
1.27e-11,0.0,0.0,1,4,Malicious,1,Malicious,1
0.000745837,1.72e-06,0.0,2,4,Benign,0,Benign,0
6.33e-09,2.24e-08,1.16e-07,2,8,Benign,0,Benign,0
2.37e-06,2.75e-08,1.43e-07,2,8,Benign,0,Benign,0
1.27e-11,0.0,0.0,1,4,Malicious,1,Malicious,1
6.35e-05,4.47e-08,0.0,2,4,Benign,0,Benign,0
3.97e-05,0.0,0.0,1,4,Benign,0,Benign,1
1.01e-10,0.0,0.0,1,4,Malicious,1,Malicious,1
5.07e-11,0.0,0.0,1,4,Malicious,1,Malicious,1
5.07e-11,0.0,0.0,1,4,Malicious,1,Malicious,1
0.0,0.0,0.0,1,4,Malicious,1,Malicious,1
2.54e-11,5.5e-08,0.0,2,4,Benign,0,Benign,0
1.27e-11,0.0,0.0,1,4,Malicious,1,Malicious,1
0.0,0.0,0.0,1,4,Malicious,1,Malicious,1
3.95e-05,0.0,0.0,1,4,Benign,0,Benign,1
1.27e-11,0.0,0.0,1,4,Malicious,1,Malicious,1
3.8e-05,0.0,0.0,1,4,Malicious,1,Malicious,1
0.003811423,8.37e-08,2.3e-06,1,8,Benign,0,Benign,0
3.14e-06,7.74e-08,7.07e-07,1,8,Benign,0,Benign,0
1.27e-11,0.0,0.0,1,4,Malicious,1,Malicious,1
0.0,0.0,0.0,1,4,Malicious,1,Malicious,1
3.8e-08,2.75e-08,1.43e-07,2,8,Benign,0,Benign,0
2.67e-05,4.3e-08,7.22e-07,1,7,Malicious,1,Malicious,1
3.94e-05,0.0,0.0,1,4,Malicious,1,Malicious,1
3.97e-05,0.0,0.0,1,4,Benign,0,Benign,1
1.27e-11,0.0,0.0,1,4,Malicious,1,Malicious,1
1.27e-11,0.0,0.0,1,4,Malicious,1,Malicious,1
1.27e-11,0.0,0.0,1,4,Malicious,1,Malicious,1
1.27e-11,0.0,0.0,1,4,Malicious,1,Malicious,1
6.34e-11,0.0,0.0,1,4,Malicious,1,Malicious,1
3.97e-05,0.0,0.0,1,4,Benign,0,Benign,1
3.95e-05,0.0,0.0,1,4,Benign,0,Benign,1
3.99e-05,0.0,0.0,1,4,Benign,0,Benign,1
3.98e-05,0.0,0.0,1,4,Malicious,1,Malicious,1
6.34e-11,0.0,0.0,1,4,Malicious,1,Malicious,1
6.34e-11,0.0,0.0,1,4,Malicious,1,Malicious,1
1.27e-11,0.0,0.0,1,4,Malicious,1,Malicious,1
1.27e-11,0.0,0.0,1,4,Malicious,1,Malicious,1
1.27e-11,0.0,0.0,1,4,Malicious,1,Malicious,1
1.46e-06,1.95e-08,9.24e-07,2,8,Benign,0,Benign,0
1.27e-11,0.0,0.0,1,4,Malicious,1,Malicious,1
6.34e-11,0.0,0.0,1,4,Malicious,1,Malicious,1
3.8e-05,0.0,0.0,1,4,Malicious,1,Malicious,1
3.92e-05,0.0,0.0,1,4,Malicious,1,Malicious,1
5.07e-11,0.0,0.0,1,4,Malicious,1,Malicious,1
1.88e-08,2.75e-08,1.43e-07,2,8,Benign,0,Benign,0
3.8e-05,0.0,0.0,1,4,Malicious,1,Malicious,1
3.97e-05,0.0,0.0,1,4,Malicious,1,Malicious,1
3.8e-05,0.0,0.0,1,4,Malicious,1,Malicious,1
1.87e-07,2.75e-08,1.43e-07,2,8,Benign,0,Benign,0
3.96e-05,0.0,0.0,1,4,Malicious,1,Malicious,1
3.93e-05,0.0,0.0,1,4,Malicious,1,Malicious,1
4e-05,0.0,0.0,1,4,Benign,0,Benign,1
3.95e-05,0.0,0.0,1,4,Malicious,1,Malicious,1
6.34e-11,0.0,0.0,1,4,Malicious,1,Malicious,1
6.35e-05,4.47e-08,0.0,2,4,Benign,0,Benign,0
3.13e-09,0.0,0.0,1,4,Malicious,1,Malicious,1
3.98e-05,0.0,0.0,1,4,Benign,0,Benign,1
5.07e-11,0.0,0.0,1,4,Malicious,1,Malicious,1
1.27e-11,0.0,0.0,1,4,Malicious,1,Malicious,1
5.07e-11,0.0,0.0,1,4,Malicious,1,Malicious,1
3.95e-05,0.0,0.0,1,4,Malicious,1,Malicious,1
3.97e-05,0.0,0.0,1,4,Benign,0,Benign,1
3.22e-09,0.0,0.0,1,4,Malicious,1,Malicious,1
3.8e-05,0.0,0.0,1,4,Malicious,1,Malicious,1
0.0,0.0,0.0,1,4,Malicious,1,Malicious,1
1.27e-11,0.0,0.0,1,4,Malicious,1,Malicious,1
1.27e-11,0.0,0.0,1,4,Malicious,1,Malicious,1
1.27e-11,0.0,0.0,1,4,Malicious,1,Malicious,1
1.27e-11,0.0,0.0,1,4,Malicious,1,Malicious,1
5.17e-05,3.84e-08,6.92e-07,1,7,Benign,0,Benign,1
3.94e-05,0.0,0.0,1,4,Benign,0,Benign,1
1.4e-10,0.0,0.0,1,4,Malicious,1,Malicious,1
2.21e-08,2.75e-08,1.43e-07,2,8,Benign,0,Benign,0
0.0,0.0,0.0,1,4,Malicious,1,Malicious,1
3.21e-09,0.0,0.0,1,4,Malicious,1,Malicious,1
1.27e-11,0.0,0.0,1,4,Malicious,1,Malicious,1
1.27e-11,0.0,0.0,1,4,Malicious,1,Malicious,1
1.27e-11,0.0,0.0,1,4,Malicious,1,Malicious,1
3.8e-05,0.0,0.0,1,4,Malicious,1,Malicious,1
1.01e-10,0.0,0.0,1,4,Malicious,1,Malicious,1
1.27e-11,0.0,0.0,1,4,Malicious,1,Malicious,1
5.07e-11,0.0,0.0,1,4,Malicious,1,Malicious,1
3.13e-09,0.0,0.0,1,4,Malicious,1,Malicious,1
3.97e-05,0.0,0.0,1,4,Benign,0,Benign,1
4e-05,0.0,0.0,1,4,Malicious,1,Malicious,1
3.8e-05,0.0,0.0,1,4,Malicious,1,Malicious,1
5.07e-11,0.0,0.0,1,4,Malicious,1,Malicious,1
6.34e-11,0.0,0.0,1,4,Malicious,1,Malicious,1
1.9e-05,8.71e-08,0.000386136,1,8,Malicious,1,Malicious,1
1.27e-11,0.0,0.0,1,4,Malicious,1,Malicious,1
3.8e-05,0.0,0.0,1,4,Malicious,1,Malicious,1
3.97e-05,0.0,0.0,1,4,Malicious,1,Malicious,1
6.97e-08,2.75e-08,1.43e-07,2,8,Benign,0,Benign,0
3.97e-05,0.0,0.0,1,4,Benign,0,Benign,1
1.27e-11,0.0,0.0,1,4,Malicious,1,Malicious,1
1.27e-11,0.0,0.0,1,4,Malicious,1,Malicious,1
3.92e-05,0.0,0.0,1,4,Malicious,1,Malicious,1
9.51e-08,5.5e-08,2.85e-07,2,8,Benign,0,Benign,0
1.27e-11,0.0,0.0,1,4,Malicious,1,Malicious,1
1.27e-11,0.0,0.0,1,4,Malicious,1,Malicious,1
5.07e-11,0.0,0.0,1,4,Malicious,1,Malicious,1
1.27e-11,0.0,0.0,1,4,Malicious,1,Malicious,1
0.000124394,3.38e-07,5.35e-06,1,8,Malicious,1,Malicious,1
3.8e-05,0.0,0.0,1,4,Malicious,1,Malicious,1
6.34e-11,0.0,0.0,1,4,Malicious,1,Malicious,1
0.0,0.0,0.0,1,4,Malicious,1,Malicious,1
4.01e-05,0.0,0.0,1,4,Malicious,1,Malicious,1
1.31e-05,3.84e-08,6.92e-07,1,7,Benign,0,Benign,0
1.27e-11,0.0,0.0,1,4,Malicious,1,Malicious,1
3.95e-05,0.0,0.0,1,4,Benign,0,Benign,1
3.8e-05,0.0,0.0,1,4,Malicious,1,Malicious,1
3.81e-11,0.0,0.0,1,4,Malicious,1,Malicious,1
3.99e-05,0.0,0.0,1,4,Malicious,1,Malicious,1
3.96e-05,0.0,0.0,1,4,Malicious,1,Malicious,1
3.79e-05,0.0,0.0,1,4,Malicious,1,Malicious,1
1.27e-11,0.0,0.0,1,4,Malicious,1,Malicious,1
5.07e-11,0.0,0.0,1,4,Malicious,1,Malicious,1
3.8e-05,0.0,0.0,1,4,Malicious,1,Malicious,1
3.91e-05,0.0,0.0,1,4,Malicious,1,Malicious,1
1.27e-11,0.0,0.0,1,4,Malicious,1,Malicious,1
3.99e-05,0.0,0.0,1,4,Benign,0,Benign,1
1.27e-11,0.0,0.0,1,4,Malicious,1,Malicious,1
1.27e-11,0.0,0.0,1,4,Malicious,1,Malicious,1
7.29e-08,2.75e-08,1.43e-07,2,8,Benign,0,Benign,0
1.27e-11,0.0,0.0,1,4,Malicious,1,Malicious,1
3.96e-05,0.0,0.0,1,4,Benign,0,Benign,1
1.27e-11,0.0,0.0,1,4,Malicious,1,Malicious,1
5.07e-11,0.0,0.0,1,4,Malicious,1,Malicious,1
3.98e-05,0.0,0.0,1,4,Malicious,1,Malicious,1
3.81e-11,0.0,0.0,1,4,Malicious,1,Malicious,1
5.07e-11,0.0,0.0,1,4,Malicious,1,Malicious,1
5.07e-11,0.0,0.0,1,4,Malicious,1,Malicious,1
3.15e-09,0.0,0.0,1,4,Malicious,1,Malicious,1
3.91e-05,0.0,0.0,1,4,Malicious,1,Malicious,1
6.32e-09,1.66e-08,1.34e-07,2,8,Benign,0,Benign,0
1.27e-11,0.0,0.0,1,4,Malicious,1,Malicious,1
3.8e-05,0.0,0.0,1,4,Malicious,1,Malicious,1
1.27e-11,0.0,0.0,1,4,Malicious,1,Malicious,1
1.27e-11,0.0,0.0,1,4,Malicious,1,Malicious,1
1.27e-11,0.0,0.0,1,4,Malicious,1,Malicious,1
1.57e-05,0.0,0.0,1,1,Malicious,1,Malicious,0
1.27e-11,0.0,0.0,1,4,Malicious,1,Malicious,1
5.07e-11,0.0,0.0,1,4,Malicious,1,Malicious,1
6.33e-09,2.58e-08,1.34e-07,2,8,Benign,0,Benign,0
1.27e-11,0.0,0.0,1,4,Malicious,1,Malicious,1
3.97e-05,0.0,0.0,1,4,Benign,0,Benign,1
6.22e-09,2.58e-08,1.34e-07,2,8,Benign,0,Benign,0
5.07e-11,0.0,0.0,1,4,Malicious,1,Malicious,1
3.8e-05,0.0,0.0,1,4,Malicious,1,Malicious,1
1.27e-11,0.0,0.0,1,4,Malicious,1,Malicious,1
3.98e-05,0.0,0.0,1,4,Benign,0,Benign,1
3.98e-05,0.0,0.0,1,4,Malicious,1,Malicious,1
2.21e-08,2.75e-08,1.43e-07,2,8,Benign,0,Benign,0
1.27e-11,0.0,0.0,1,4,Malicious,1,Malicious,1
3.97e-05,0.0,0.0,1,4,Malicious,1,Malicious,1
3.99e-05,0.0,0.0,1,4,Malicious,1,Malicious,1
3.8e-05,0.0,0.0,1,4,Malicious,1,Malicious,1
1.27e-11,0.0,0.0,1,4,Malicious,1,Malicious,1
6.34e-11,0.0,0.0,1,4,Malicious,1,Malicious,1
6.32e-09,2.58e-08,1.34e-07,2,8,Benign,0,Benign,0
3.97e-05,0.0,0.0,1,4,Malicious,1,Malicious,1
6e-08,2.75e-08,1.43e-07,2,8,Benign,0,Benign,0
3.96e-05,0.0,0.0,1,4,Benign,0,Benign,1
1.27e-11,0.0,0.0,1,4,Malicious,1,Malicious,1
3.94e-05,0.0,0.0,1,4,Benign,0,Benign,1
1.27e-11,0.0,0.0,1,4,Malicious,1,Malicious,1
3.22e-09,0.0,0.0,1,4,Malicious,1,Malicious,1
2.22e-08,2.75e-08,1.43e-07,2,8,Benign,0,Benign,0
4e-05,0.0,0.0,1,4,Benign,0,Benign,1
1.89e-08,2.75e-08,1.43e-07,2,8,Benign,0,Benign,0
1.27e-11,0.0,0.0,1,4,Malicious,1,Malicious,1
6.34e-11,0.0,0.0,1,4,Malicious,1,Malicious,1
0.013321084,0.106697604,0.0,2,4,Malicious,1,Malicious,1
3.95e-05,0.0,0.0,1,4,Benign,0,Benign,1
6.35e-05,4.47e-08,0.0,2,4,Benign,0,Benign,0
3.22e-09,0.0,0.0,1,4,Malicious,1,Malicious,1
6.35e-05,4.47e-08,0.0,2,4,Benign,0,Benign,0
3.95e-05,0.0,0.0,1,4,Benign,0,Benign,1
1.27e-11,0.0,0.0,1,4,Malicious,1,Malicious,1
3.97e-05,0.0,0.0,1,4,Malicious,1,Malicious,1
3.8e-05,0.0,0.0,1,4,Malicious,1,Malicious,1
3.91e-05,0.0,0.0,1,4,Malicious,1,Malicious,1
3.98e-05,0.0,0.0,1,4,Benign,0,Benign,1
5.07e-11,0.0,0.0,1,4,Malicious,1,Malicious,1
5.07e-11,0.0,0.0,1,4,Malicious,1,Malicious,1
2.52e-08,2.75e-08,1.43e-07,2,8,Benign,0,Benign,0
1.72e-07,2.75e-08,1.43e-07,2,8,Benign,0,Benign,0
1.37e-05,4.3e-08,7.22e-07,1,7,Malicious,1,Malicious,0
5.07e-11,0.0,0.0,1,4,Malicious,1,Malicious,1
5.07e-11,0.0,0.0,1,4,Malicious,1,Malicious,1
1.27e-11,0.0,0.0,1,4,Malicious,1,Malicious,1
3.8e-05,0.0,0.0,1,4,Malicious,1,Malicious,1
3.99e-05,0.0,0.0,1,4,Malicious,1,Malicious,1
1.27e-11,0.0,0.0,1,4,Malicious,1,Malicious,1
1.27e-11,0.0,0.0,1,4,Malicious,1,Malicious,1
3.93e-05,0.0,0.0,1,4,Malicious,1,Malicious,1
3.8e-05,0.0,0.0,1,4,Malicious,1,Malicious,1
3.96e-05,0.0,0.0,1,4,Malicious,1,Malicious,1
4.41e-06,0.0,0.0,1,1,Benign,0,Benign,0
9.5e-09,2.58e-08,1.34e-07,2,8,Benign,0,Benign,0
1.27e-11,0.0,0.0,1,4,Malicious,1,Malicious,1
1.27e-11,0.0,0.0,1,4,Malicious,1,Malicious,1
1.27e-11,0.0,0.0,1,4,Malicious,1,Malicious,1
3.91e-05,0.0,0.0,1,4,Malicious,1,Malicious,1
3.91e-05,0.0,0.0,1,4,Malicious,1,Malicious,1
3.95e-05,0.0,0.0,1,4,Malicious,1,Malicious,1
3.21e-09,0.0,0.0,1,4,Malicious,1,Malicious,1
1.27e-11,0.0,0.0,1,4,Malicious,1,Malicious,1
3.95e-05,0.0,0.0,1,4,Benign,0,Benign,1
5.07e-11,0.0,0.0,1,4,Malicious,1,Malicious,1
2.66e-09,0.0,0.0,1,4,Malicious,1,Malicious,1
1.27e-11,0.0,0.0,1,4,Malicious,1,Malicious,1
5.24e-05,4.3e-08,7.22e-07,1,7,Malicious,1,Malicious,1
3.91e-05,0.0,0.0,1,4,Benign,0,Benign,1
3.96e-05,0.0,0.0,1,4,Benign,0,Benign,1
1.27e-11,0.0,0.0,1,4,Malicious,1,Malicious,1
2.33e-09,0.0,0.0,1,4,Malicious,1,Malicious,1
6.35e-05,4.47e-08,0.0,2,4,Benign,0,Benign,0
1.27e-11,0.0,0.0,1,4,Malicious,1,Malicious,1
3.07e-06,0.0,0.0,1,8,Benign,0,Benign,0
2.85e-08,2.58e-08,1.34e-07,2,8,Benign,0,Benign,0
1.27e-11,0.0,0.0,1,4,Malicious,1,Malicious,1
3.15e-08,2.75e-08,1.43e-07,2,8,Benign,0,Benign,0
3.27e-09,0.0,0.0,1,4,Malicious,1,Malicious,1
3.98e-05,0.0,0.0,1,4,Benign,0,Benign,1
0.0,0.0,0.0,1,4,Malicious,1,Malicious,1
3.8e-05,0.0,0.0,1,4,Malicious,1,Malicious,1
3.99e-05,0.0,0.0,1,4,Malicious,1,Malicious,1
3.92e-05,0.0,0.0,1,4,Benign,0,Benign,1
3.81e-11,0.0,0.0,1,4,Malicious,1,Malicious,1
1.27e-11,0.0,0.0,1,4,Malicious,1,Malicious,1
1.72e-06,0.0,0.0,1,1,Benign,0,Benign,0
3.92e-05,0.0,0.0,1,4,Malicious,1,Malicious,1
3.8e-05,0.0,0.0,1,4,Malicious,1,Malicious,1
1.27e-11,0.0,0.0,1,4,Malicious,1,Malicious,1
0.0,0.0,0.0,1,4,Malicious,1,Malicious,1
1.27e-11,0.0,0.0,1,4,Malicious,1,Malicious,1
4e-05,0.0,0.0,1,4,Malicious,1,Malicious,1
4e-05,0.0,0.0,1,4,Malicious,1,Malicious,1
5.07e-11,0.0,0.0,1,4,Malicious,1,Malicious,1
3.54e-06,0.0,0.0,1,1,Benign,0,Benign,0
5.07e-11,0.0,0.0,1,4,Malicious,1,Malicious,1
3.99e-05,0.0,0.0,1,4,Malicious,1,Malicious,1
1.27e-11,0.0,0.0,1,4,Malicious,1,Malicious,1
1.27e-11,0.0,0.0,1,4,Malicious,1,Malicious,1
0.00088783,2.2e-07,1.14e-06,2,8,Benign,0,Benign,0
4e-05,0.0,0.0,1,4,Malicious,1,Malicious,1
2.54e-11,0.0,0.0,1,4,Malicious,1,Malicious,1
1.27e-11,0.0,0.0,1,4,Malicious,1,Malicious,1
1.27e-11,0.0,0.0,1,4,Malicious,1,Malicious,1
1.27e-11,0.0,0.0,1,4,Malicious,1,Malicious,1
9.47e-09,0.0,0.0,1,4,Malicious,1,Malicious,1
5.07e-11,0.0,0.0,1,4,Malicious,1,Malicious,1
3.8e-05,0.0,0.0,1,4,Malicious,1,Malicious,1
1.46e-06,2.75e-08,1.43e-07,2,8,Benign,0,Benign,0
1.27e-11,0.0,0.0,1,4,Malicious,1,Malicious,1
3.39e-07,2.75e-08,1.43e-07,2,8,Benign,0,Benign,0
5.07e-11,0.0,0.0,1,4,Malicious,1,Malicious,1
1.27e-11,0.0,0.0,1,4,Malicious,1,Malicious,1
3.22e-09,0.0,0.0,1,4,Malicious,1,Malicious,1
4e-05,0.0,0.0,1,4,Benign,0,Benign,1
9.34e-09,1.66e-08,1.34e-07,2,8,Benign,0,Benign,0
2.21e-08,2.75e-08,1.43e-07,2,8,Benign,0,Benign,0
6.32e-09,1.66e-08,1.34e-07,2,8,Benign,0,Benign,0
6.34e-11,0.0,0.0,1,4,Malicious,1,Malicious,1
2.84e-08,2.75e-08,1.43e-07,2,8,Benign,0,Benign,0
5.45e-09,1.03e-07,0.0,0,0,Benign,0,Benign,0
8.56e-08,2.58e-08,1.34e-07,2,8,Benign,0,Benign,0
6.34e-11,0.0,0.0,1,4,Malicious,1,Malicious,1
6.34e-11,0.0,0.0,1,4,Malicious,1,Malicious,1
1.27e-11,0.0,0.0,1,4,Malicious,1,Malicious,1
1.27e-11,0.0,0.0,1,4,Malicious,1,Malicious,1
1.27e-11,0.0,0.0,1,4,Malicious,1,Malicious,1
1.74e-07,2.75e-08,1.43e-07,2,8,Benign,0,Benign,0
9.5e-09,1.66e-08,1.34e-07,2,8,Benign,0,Benign,0
1.27e-11,0.0,0.0,1,4,Malicious,1,Malicious,1
6.29e-09,2.58e-08,1.34e-07,2,8,Benign,0,Benign,0
3.07e-09,0.0,0.0,1,4,Malicious,1,Malicious,1
3.81e-11,0.0,0.0,1,4,Malicious,1,Malicious,1
6.3e-09,1.66e-08,1.34e-07,2,8,Benign,0,Benign,0
1.27e-11,0.0,0.0,1,4,Malicious,1,Malicious,1
3.92e-05,0.0,0.0,1,4,Malicious,1,Malicious,1
3.81e-11,0.0,0.0,1,4,Malicious,1,Malicious,1
0.0,0.0,0.0,1,4,Malicious,1,Malicious,1
3.97e-05,0.0,0.0,1,4,Malicious,1,Malicious,1
6.34e-11,0.0,0.0,1,4,Malicious,1,Malicious,1
5.07e-11,0.0,0.0,1,4,Malicious,1,Malicious,1
1.27e-11,0.0,0.0,1,4,Malicious,1,Malicious,1
3.93e-05,0.0,0.0,1,4,Malicious,1,Malicious,1
3.97e-05,0.0,0.0,1,4,Malicious,1,Malicious,1
1.27e-11,0.0,0.0,1,4,Malicious,1,Malicious,1
0.0,0.0,0.0,1,4,Malicious,1,Malicious,1
3.94e-05,0.0,0.0,1,4,Malicious,1,Malicious,1
1.27e-11,0.0,0.0,1,4,Malicious,1,Malicious,1
6.34e-11,0.0,0.0,1,4,Malicious,1,Malicious,1
1.27e-11,0.0,0.0,1,4,Malicious,1,Malicious,1
3.91e-05,0.0,0.0,1,4,Malicious,1,Malicious,1
0.0,0.0,0.0,1,4,Malicious,1,Malicious,1
1.27e-11,0.0,0.0,1,4,Malicious,1,Malicious,1
1.27e-11,0.0,0.0,1,4,Malicious,1,Malicious,1
6.54e-05,3.38e-07,5.35e-06,1,8,Malicious,1,Malicious,1
1.27e-11,0.0,0.0,1,4,Malicious,1,Malicious,1
1.27e-11,0.0,0.0,1,4,Malicious,1,Malicious,1
1.27e-11,0.0,0.0,1,4,Malicious,1,Malicious,1
3.98e-05,0.0,0.0,1,4,Benign,0,Benign,1
5.36e-05,4.3e-08,7.22e-07,1,7,Malicious,1,Malicious,1
5.07e-11,0.0,0.0,1,4,Malicious,1,Malicious,1
2.85e-09,0.0,0.0,1,4,Malicious,1,Malicious,1
3.98e-05,0.0,0.0,1,4,Benign,0,Benign,1
6.34e-11,0.0,0.0,1,4,Malicious,1,Malicious,1
6.34e-11,0.0,0.0,1,4,Malicious,1,Malicious,1
1.27e-11,0.0,0.0,1,4,Malicious,1,Malicious,1
1.27e-11,0.0,0.0,1,4,Malicious,1,Malicious,1
1.14e-07,2.24e-08,1.16e-07,2,8,Benign,0,Benign,0
1.27e-11,0.0,0.0,1,4,Malicious,1,Malicious,1
4e-05,0.0,0.0,1,4,Benign,0,Benign,1
3.8e-05,0.0,0.0,1,4,Malicious,1,Malicious,1
6.34e-11,0.0,0.0,1,4,Malicious,1,Malicious,1
2.54e-11,5.5e-08,0.0,2,4,Benign,0,Benign,0
3.99e-05,0.0,0.0,1,4,Malicious,1,Malicious,1
3.92e-05,0.0,0.0,1,4,Malicious,1,Malicious,1
3.96e-05,0.0,0.0,1,4,Malicious,1,Malicious,1
1.27e-11,0.0,0.0,1,4,Malicious,1,Malicious,1
5.07e-11,0.0,0.0,1,4,Malicious,1,Malicious,1
6.42e-09,1.66e-08,1.34e-07,2,8,Benign,0,Benign,0
3.97e-05,0.0,0.0,1,4,Benign,0,Benign,1
3.8e-05,0.0,0.0,1,4,Malicious,1,Malicious,1
3.97e-05,0.0,0.0,1,4,Malicious,1,Malicious,1
3.8e-05,0.0,0.0,1,4,Malicious,1,Malicious,1
3.93e-05,0.0,0.0,1,4,Malicious,1,Malicious,1
3.93e-05,0.0,0.0,1,4,Benign,0,Benign,1
1.27e-11,0.0,0.0,1,4,Malicious,1,Malicious,1
1.05e-07,2.75e-08,1.43e-07,2,8,Benign,0,Benign,0
5.07e-11,0.0,0.0,1,4,Malicious,1,Malicious,1
5.07e-11,0.0,0.0,1,4,Malicious,1,Malicious,1
3.8e-05,0.0,0.0,1,4,Malicious,1,Malicious,1
1.27e-11,0.0,0.0,1,4,Malicious,1,Malicious,1
1.27e-11,0.0,0.0,1,4,Malicious,1,Malicious,1
3.94e-05,0.0,0.0,1,4,Malicious,1,Malicious,1
8.88e-11,0.0,0.0,1,4,Malicious,1,Malicious,1
3.97e-05,0.0,0.0,1,4,Malicious,1,Malicious,1
1.88e-07,2.46e-08,3.3e-07,2,8,Benign,0,Benign,0
1.27e-11,0.0,0.0,1,4,Malicious,1,Malicious,1
6.34e-11,0.0,0.0,1,4,Malicious,1,Malicious,1
2.54e-11,0.0,0.0,1,4,Malicious,1,Malicious,1
1.27e-11,0.0,0.0,1,4,Malicious,1,Malicious,1
3.94e-05,0.0,0.0,1,4,Malicious,1,Malicious,1
5.07e-11,0.0,0.0,1,4,Malicious,1,Malicious,1
4.01e-05,0.0,0.0,1,4,Malicious,1,Malicious,1
3.98e-05,0.0,0.0,1,4,Benign,0,Benign,1
6.35e-05,4.47e-08,0.0,2,4,Benign,0,Benign,0
3.97e-05,0.0,0.0,1,4,Malicious,1,Malicious,1
6.3e-09,1.66e-08,1.34e-07,2,8,Benign,0,Benign,0
0.0,0.0,0.0,1,4,Malicious,1,Malicious,1
3.8e-05,0.0,0.0,1,4,Malicious,1,Malicious,1
6.35e-05,4.47e-08,0.0,2,4,Benign,0,Benign,0
0.0,0.0,0.0,1,4,Malicious,1,Malicious,1
5.89e-05,3.38e-07,5.35e-06,1,8,Malicious,1,Malicious,1
6.65e-08,2.75e-08,1.43e-07,2,8,Benign,0,Benign,0
1.34e-05,4.3e-08,7.22e-07,1,7,Malicious,1,Malicious,0
5.07e-11,0.0,0.0,1,4,Malicious,1,Malicious,1
6.34e-08,2.75e-08,1.43e-07,2,8,Benign,0,Benign,0
1.27e-11,0.0,0.0,1,4,Malicious,1,Malicious,1
1.39e-05,3.84e-08,6.92e-07,1,7,Benign,0,Benign,1
3.39e-07,2.75e-08,1.43e-07,2,8,Benign,0,Benign,0
2.54e-11,0.0,0.0,1,4,Malicious,1,Malicious,1
1.37e-05,3.84e-08,6.92e-07,1,7,Benign,0,Benign,0
1.27e-11,0.0,0.0,1,4,Malicious,1,Malicious,1
1.27e-11,0.0,0.0,1,4,Malicious,1,Malicious,1
9.47e-09,1.66e-08,1.34e-07,2,8,Benign,0,Benign,0
3.8e-05,0.0,0.0,1,4,Malicious,1,Malicious,1
0.0,0.0,0.0,1,4,Malicious,1,Malicious,1
1.27e-11,0.0,0.0,1,4,Malicious,1,Malicious,1
0.0,0.0,0.0,1,4,Malicious,1,Malicious,1
1.27e-11,0.0,0.0,1,4,Malicious,1,Malicious,1
3.98e-05,0.0,0.0,1,4,Malicious,1,Malicious,1
3.95e-05,0.0,0.0,1,4,Malicious,1,Malicious,1
1.27e-11,0.0,0.0,1,4,Malicious,1,Malicious,1
5.07e-11,0.0,0.0,1,4,Malicious,1,Malicious,1
3.8e-05,0.0,0.0,1,4,Malicious,1,Malicious,1
0.0,0.0,0.0,1,4,Malicious,1,Malicious,1
1.27e-11,0.0,0.0,1,4,Malicious,1,Malicious,1
3.8e-05,0.0,0.0,1,4,Malicious,1,Malicious,1
6.34e-11,0.0,0.0,1,4,Malicious,1,Malicious,1
3.8e-05,0.0,0.0,1,4,Malicious,1,Malicious,1
3.8e-05,0.0,0.0,1,4,Malicious,1,Malicious,1
1.27e-11,0.0,0.0,1,4,Malicious,1,Malicious,1
4.12e-07,2.24e-08,3.06e-07,2,8,Benign,0,Benign,0
1.29e-05,2.98e-08,3.68e-07,1,3,Benign,0,Benign,0
1.33e-05,3.84e-08,6.92e-07,1,7,Benign,0,Benign,0
3.99e-05,0.0,0.0,1,4,Benign,0,Benign,1
3.98e-05,0.0,0.0,1,4,Benign,0,Benign,1
3.07e-09,0.0,0.0,1,4,Malicious,1,Malicious,1
4.01e-05,0.0,0.0,1,4,Malicious,1,Malicious,1
6.34e-11,0.0,0.0,1,4,Malicious,1,Malicious,1
3.95e-05,0.0,0.0,1,4,Malicious,1,Malicious,1
3.94e-05,0.0,0.0,1,4,Malicious,1,Malicious,1
0.0,0.0,0.0,1,4,Malicious,1,Malicious,1
5.07e-11,0.0,0.0,1,4,Malicious,1,Malicious,1
1.27e-11,0.0,0.0,1,4,Malicious,1,Malicious,1
2.52e-08,2.75e-08,1.43e-07,2,8,Benign,0,Benign,0
1.46e-07,0.0,0.0,1,8,Benign,0,Benign,0
1.27e-11,0.0,0.0,1,4,Malicious,1,Malicious,1
0.0,6.88e-08,0.0,0,0,Benign,0,Benign,0
1.27e-11,0.0,0.0,1,4,Malicious,1,Malicious,1
9.49e-09,2.58e-08,1.34e-07,2,8,Benign,0,Benign,0
0.0,0.0,0.0,1,4,Malicious,1,Malicious,1
3.48e-08,2.75e-08,1.43e-07,2,8,Benign,0,Benign,0
3.8e-05,0.0,0.0,1,4,Malicious,1,Malicious,1
1.27e-11,0.0,0.0,1,4,Malicious,1,Malicious,1
1.27e-11,0.0,0.0,1,4,Malicious,1,Malicious,1
1.27e-11,0.0,0.0,1,4,Malicious,1,Malicious,1
0.0,0.0,0.0,1,4,Malicious,1,Malicious,1
1.27e-11,0.0,0.0,1,4,Malicious,1,Malicious,1
3.81e-11,0.0,0.0,1,4,Malicious,1,Malicious,1
1.27e-11,0.0,0.0,1,4,Malicious,1,Malicious,1
1.27e-11,0.0,0.0,1,4,Malicious,1,Malicious,1
3.8e-05,0.0,0.0,1,4,Malicious,1,Malicious,1
1.27e-11,0.0,0.0,1,4,Malicious,1,Malicious,1
3.8e-05,0.0,0.0,1,4,Malicious,1,Malicious,1
2.87e-09,0.0,0.0,1,4,Malicious,1,Malicious,1
1.27e-11,0.0,0.0,1,4,Malicious,1,Malicious,1
6.34e-11,0.0,0.0,1,4,Malicious,1,Malicious,1
3.79e-05,0.0,0.0,1,4,Malicious,1,Malicious,1
1.27e-11,0.0,0.0,1,4,Malicious,1,Malicious,1
1.27e-11,0.0,0.0,1,4,Malicious,1,Malicious,1
5.07e-11,0.0,0.0,1,4,Malicious,1,Malicious,1
1.27e-11,0.0,0.0,1,4,Malicious,1,Malicious,1
3.8e-05,0.0,0.0,1,4,Malicious,1,Malicious,1
1.36e-06,1.95e-08,8.83e-07,2,8,Benign,0,Benign,0
2.69e-05,3.84e-08,6.92e-07,1,7,Benign,0,Benign,1
0.000418272,3.55e-08,7.99e-07,1,7,Malicious,1,Malicious,1
5.07e-11,0.0,0.0,1,4,Malicious,1,Malicious,1
3.99e-05,0.0,0.0,1,4,Malicious,1,Malicious,1
0.0,0.0,0.0,1,4,Malicious,1,Malicious,1
1.27e-11,0.0,0.0,1,4,Malicious,1,Malicious,1
3.8e-05,0.0,0.0,1,4,Malicious,1,Malicious,1
1.27e-11,0.0,0.0,1,4,Malicious,1,Malicious,1
1.01e-10,0.0,0.0,1,4,Malicious,1,Malicious,1
6.35e-05,4.47e-08,0.0,2,4,Benign,0,Benign,0
1.64e-05,0.0,0.0,1,1,Benign,0,Benign,0
6.35e-05,4.47e-08,0.0,2,4,Benign,0,Benign,0
1.27e-11,0.0,0.0,1,4,Malicious,1,Malicious,1
3.98e-05,0.0,0.0,1,4,Malicious,1,Malicious,1
3.93e-07,2.75e-08,1.43e-07,2,8,Benign,0,Benign,0
1.27e-11,0.0,0.0,1,4,Malicious,1,Malicious,1
2.22e-08,2.75e-08,1.43e-07,2,8,Benign,0,Benign,0
5.69e-08,2.75e-08,1.43e-07,2,8,Benign,0,Benign,0
5.07e-11,0.0,0.0,1,4,Malicious,1,Malicious,1
5.07e-11,5.5e-08,0.0,2,4,Benign,0,Benign,0
3.94e-05,0.0,0.0,1,4,Malicious,1,Malicious,1
2.2e-08,2.75e-08,1.43e-07,2,8,Benign,0,Benign,0
2.53e-08,2.75e-08,1.43e-07,2,8,Benign,0,Benign,0
1.55e-07,2.75e-08,1.43e-07,2,8,Benign,0,Benign,0
1.27e-11,0.0,0.0,1,4,Malicious,1,Malicious,1
1.27e-11,0.0,0.0,1,4,Malicious,1,Malicious,1
3.8e-05,0.0,0.0,1,4,Malicious,1,Malicious,1
1.37e-05,3.84e-08,6.92e-07,1,7,Benign,0,Benign,0
1.27e-11,0.0,0.0,1,4,Malicious,1,Malicious,1
5.1e-05,5.02e-07,0.0,2,4,Benign,0,Benign,0
1.27e-11,0.0,0.0,1,4,Malicious,1,Malicious,1
4e-05,0.0,0.0,1,4,Benign,0,Benign,1
3.94e-05,0.0,0.0,1,4,Malicious,1,Malicious,1
3.96e-05,0.0,0.0,1,4,Malicious,1,Malicious,1
5.07e-11,0.0,0.0,1,4,Malicious,1,Malicious,1
3.8e-05,0.0,0.0,1,4,Malicious,1,Malicious,1
1.27e-11,0.0,0.0,1,4,Malicious,1,Malicious,1
6.34e-11,0.0,0.0,1,4,Malicious,1,Malicious,1
3.98e-05,0.0,0.0,1,4,Benign,0,Benign,1
0.0,0.0,0.0,1,4,Malicious,1,Malicious,1
5.07e-11,0.0,0.0,1,4,Malicious,1,Malicious,1
3.48e-08,2.75e-08,1.43e-07,2,8,Benign,0,Benign,0
1.27e-11,0.0,0.0,1,4,Malicious,1,Malicious,1
1.27e-11,0.0,0.0,1,4,Malicious,1,Malicious,1
3.22e-09,0.0,0.0,1,4,Malicious,1,Malicious,1
1.27e-11,0.0,0.0,1,4,Malicious,1,Malicious,1
6.35e-05,4.47e-08,0.0,2,4,Benign,0,Benign,0
6.33e-09,2.24e-08,1.16e-07,2,8,Benign,0,Benign,0
1.24e-06,2.15e-07,6.67e-06,1,8,Benign,0,Benign,0
1.27e-11,0.0,0.0,1,4,Malicious,1,Malicious,1
3.98e-05,0.0,0.0,1,4,Malicious,1,Malicious,1
6.35e-05,4.47e-08,0.0,2,4,Benign,0,Benign,0
4e-05,0.0,0.0,1,4,Malicious,1,Malicious,1
1.27e-11,0.0,0.0,1,4,Malicious,1,Malicious,1
1.27e-11,0.0,0.0,1,4,Malicious,1,Malicious,1
3.91e-05,0.0,0.0,1,4,Benign,0,Benign,1
2.21e-08,2.75e-08,1.43e-07,2,8,Benign,0,Benign,0
3.98e-05,0.0,0.0,1,4,Benign,0,Benign,1
3.22e-09,0.0,0.0,1,4,Malicious,1,Malicious,1
4e-05,0.0,0.0,1,4,Benign,0,Benign,1
3.94e-05,0.0,0.0,1,4,Benign,0,Benign,1
5.07e-11,0.0,0.0,1,4,Malicious,1,Malicious,1
1.39e-05,3.84e-08,6.92e-07,1,7,Benign,0,Benign,1
2.21e-08,2.75e-08,1.43e-07,2,8,Benign,0,Benign,0
3.92e-05,0.0,0.0,1,4,Malicious,1,Malicious,1
5.7e-08,2.75e-08,1.43e-07,2,8,Benign,0,Benign,0
0.0,0.0,0.0,1,4,Malicious,1,Malicious,1
1.27e-11,0.0,0.0,1,4,Malicious,1,Malicious,1
5.07e-11,0.0,0.0,1,4,Malicious,1,Malicious,1
1.27e-11,0.0,0.0,1,4,Malicious,1,Malicious,1
1.27e-11,0.0,0.0,1,4,Malicious,1,Malicious,1
1.27e-11,0.0,0.0,1,4,Malicious,1,Malicious,1
3.98e-05,0.0,0.0,1,4,Malicious,1,Malicious,1
4.97e-07,2.75e-08,1.43e-07,2,8,Benign,0,Benign,0
5.07e-11,0.0,0.0,1,4,Malicious,1,Malicious,1
1.27e-11,0.0,0.0,1,4,Malicious,1,Malicious,1
5.07e-11,0.0,0.0,1,4,Malicious,1,Malicious,1
6.34e-11,0.0,0.0,1,4,Malicious,1,Malicious,1
3.96e-05,0.0,0.0,1,4,Malicious,1,Malicious,1
1.27e-11,0.0,0.0,1,4,Malicious,1,Malicious,1
1.27e-11,0.0,0.0,1,4,Malicious,1,Malicious,1
1.27e-11,0.0,0.0,1,4,Malicious,1,Malicious,1
3.48e-08,2.75e-08,1.43e-07,2,8,Benign,0,Benign,0
1.27e-11,0.0,0.0,1,4,Malicious,1,Malicious,1
6.35e-05,4.47e-08,0.0,2,4,Benign,0,Benign,0
1.27e-11,0.0,0.0,1,4,Malicious,1,Malicious,1
1.27e-11,0.0,0.0,1,4,Malicious,1,Malicious,1
1.27e-11,0.0,0.0,1,4,Malicious,1,Malicious,1
1.27e-11,0.0,0.0,1,4,Malicious,1,Malicious,1
3.93e-05,0.0,0.0,1,4,Benign,0,Benign,1
3.8e-05,0.0,0.0,1,4,Malicious,1,Malicious,1
0.000493552,3.55e-08,7.99e-07,1,7,Malicious,1,Malicious,1
1.27e-11,0.0,0.0,1,4,Malicious,1,Malicious,1
1.27e-11,0.0,0.0,1,4,Malicious,1,Malicious,1
1.27e-11,0.0,0.0,1,4,Malicious,1,Malicious,1
1.27e-11,0.0,0.0,1,4,Malicious,1,Malicious,1
4.49e-07,0.0,0.0,1,8,Benign,0,Benign,0
3.95e-05,0.0,0.0,1,4,Malicious,1,Malicious,1
2.21e-08,2.75e-08,1.43e-07,2,8,Benign,0,Benign,0
3.8e-05,0.0,0.0,1,4,Malicious,1,Malicious,1
3.94e-05,0.0,0.0,1,4,Malicious,1,Malicious,1
3.97e-05,0.0,0.0,1,4,Malicious,1,Malicious,1
0.0,0.0,0.0,1,4,Malicious,1,Malicious,1
5.07e-11,0.0,0.0,1,4,Malicious,1,Malicious,1
9.49e-09,2.58e-08,1.34e-07,2,8,Benign,0,Benign,0
1.27e-11,0.0,0.0,1,4,Malicious,1,Malicious,1
3.99e-05,0.0,0.0,1,4,Malicious,1,Malicious,1
3.97e-05,0.0,0.0,1,4,Malicious,1,Malicious,1
4.01e-05,0.0,0.0,1,4,Benign,0,Benign,1
1.27e-11,0.0,0.0,1,4,Malicious,1,Malicious,1
3.48e-08,2.75e-08,1.43e-07,2,8,Benign,0,Benign,0
3.95e-05,0.0,0.0,1,4,Benign,0,Benign,1
3.8e-05,0.0,0.0,1,4,Malicious,1,Malicious,1
3.8e-05,0.0,0.0,1,4,Malicious,1,Malicious,1
1.27e-11,0.0,0.0,1,4,Malicious,1,Malicious,1
4e-05,0.0,0.0,1,4,Benign,0,Benign,1
1.27e-11,0.0,0.0,1,4,Malicious,1,Malicious,1
3.8e-05,0.0,0.0,1,4,Malicious,1,Malicious,1
0.0,0.0,0.0,1,4,Malicious,1,Malicious,1
6.09e-07,2.75e-08,1.43e-07,2,8,Benign,0,Benign,0
3.99e-05,0.0,0.0,1,4,Benign,0,Benign,1
3.99e-05,0.0,0.0,1,4,Malicious,1,Malicious,1
3.8e-05,0.0,0.0,1,4,Malicious,1,Malicious,1
3.8e-05,0.0,0.0,1,4,Malicious,1,Malicious,1
1.27e-11,0.0,0.0,1,4,Malicious,1,Malicious,1
5.07e-11,0.0,0.0,1,4,Malicious,1,Malicious,1
3.79e-08,2.75e-08,1.43e-07,2,8,Benign,0,Benign,0
3.98e-05,0.0,0.0,1,4,Malicious,1,Malicious,1
6.35e-05,4.47e-08,0.0,2,4,Benign,0,Benign,0
3.91e-05,0.0,0.0,1,4,Malicious,1,Malicious,1
1.29e-05,2.98e-08,3.68e-07,1,3,Benign,0,Benign,0
1.27e-11,0.0,0.0,1,4,Malicious,1,Malicious,1
0.0,0.0,0.0,1,4,Malicious,1,Malicious,1
3.22e-09,0.0,0.0,1,4,Malicious,1,Malicious,1
1.27e-11,0.0,0.0,1,4,Malicious,1,Malicious,1
3.96e-05,0.0,0.0,1,4,Malicious,1,Malicious,1
0.0,0.0,0.0,1,4,Malicious,1,Malicious,1
3.94e-05,0.0,0.0,1,4,Benign,0,Benign,1
6.35e-05,4.47e-08,0.0,2,4,Benign,0,Benign,0
1.27e-11,0.0,0.0,1,4,Malicious,1,Malicious,1
3.99e-05,0.0,0.0,1,4,Malicious,1,Malicious,1
4.02e-07,2.75e-08,1.43e-07,2,8,Benign,0,Benign,0
3.93e-05,0.0,0.0,1,4,Malicious,1,Malicious,1
5.07e-11,0.0,0.0,1,4,Malicious,1,Malicious,1
3.58e-07,2.75e-08,1.43e-07,2,8,Benign,0,Benign,0
6.28e-09,2.58e-08,1.34e-07,2,8,Benign,0,Benign,0
3.98e-05,0.0,0.0,1,4,Malicious,1,Malicious,1
6.3e-09,1.66e-08,1.34e-07,2,8,Benign,0,Benign,0
1.27e-11,0.0,0.0,1,4,Malicious,1,Malicious,1
3.79e-05,0.0,0.0,1,4,Malicious,1,Malicious,1
5.07e-11,0.0,0.0,1,4,Malicious,1,Malicious,1
1.27e-11,0.0,0.0,1,4,Malicious,1,Malicious,1
1.27e-11,0.0,0.0,1,4,Malicious,1,Malicious,1
1.27e-11,0.0,0.0,1,4,Malicious,1,Malicious,1
2.42e-09,0.0,0.0,1,4,Malicious,1,Malicious,1
3.96e-05,0.0,0.0,1,4,Benign,0,Benign,1
1.27e-11,0.0,0.0,1,4,Malicious,1,Malicious,1
1.27e-11,0.0,0.0,1,4,Malicious,1,Malicious,1
3.22e-09,0.0,0.0,1,4,Malicious,1,Malicious,1
3.8e-05,0.0,0.0,1,4,Malicious,1,Malicious,1
3.91e-05,0.0,0.0,1,4,Malicious,1,Malicious,1
0.0,0.0,0.0,1,4,Malicious,1,Malicious,1
1.9e-06,2.75e-08,1.43e-07,2,8,Benign,0,Benign,0
1.27e-11,0.0,0.0,1,4,Malicious,1,Malicious,1
3.96e-05,0.0,0.0,1,4,Benign,0,Benign,1
1.27e-11,0.0,0.0,1,4,Malicious,1,Malicious,1
0.0,0.0,0.0,1,4,Malicious,1,Malicious,1
5.07e-11,0.0,0.0,1,4,Malicious,1,Malicious,1
3.8e-05,0.0,0.0,1,4,Malicious,1,Malicious,1
2.58e-07,2.75e-08,1.43e-07,2,8,Benign,0,Benign,0
7.89e-07,2.75e-08,1.43e-07,2,8,Benign,0,Benign,0
6.34e-11,0.0,0.0,1,4,Malicious,1,Malicious,1
4.42e-08,2.75e-08,1.43e-07,2,8,Benign,0,Benign,0
6.96e-08,2.75e-08,1.43e-07,2,8,Benign,0,Benign,0
2.21e-08,2.75e-08,1.43e-07,2,8,Benign,0,Benign,0
3.8e-05,0.0,0.0,1,4,Malicious,1,Malicious,1
6.33e-08,2.75e-08,1.43e-07,2,8,Benign,0,Benign,0
6.34e-11,0.0,0.0,1,4,Malicious,1,Malicious,1
3.96e-05,0.0,0.0,1,4,Malicious,1,Malicious,1
3.91e-05,0.0,0.0,1,4,Malicious,1,Malicious,1
6.34e-11,0.0,0.0,1,4,Malicious,1,Malicious,1
3.96e-05,0.0,0.0,1,4,Malicious,1,Malicious,1
1.27e-11,0.0,0.0,1,4,Malicious,1,Malicious,1
3.81e-11,0.0,0.0,1,4,Malicious,1,Malicious,1
1.27e-11,0.0,0.0,1,4,Malicious,1,Malicious,1
5.44e-05,3.38e-07,5.35e-06,1,8,Malicious,1,Malicious,1
5.07e-11,0.0,0.0,1,4,Malicious,1,Malicious,1
3.99e-05,0.0,0.0,1,4,Malicious,1,Malicious,1
5.7e-08,2.75e-08,1.43e-07,2,8,Benign,0,Benign,0
1.27e-11,0.0,0.0,1,4,Malicious,1,Malicious,1
2.21e-08,2.75e-08,1.43e-07,2,8,Benign,0,Benign,0
3.8e-05,0.0,0.0,1,4,Malicious,1,Malicious,1
1.27e-11,0.0,0.0,1,4,Malicious,1,Malicious,1
6.39e-09,0.0,0.0,1,4,Malicious,1,Malicious,1
3.95e-05,0.0,0.0,1,4,Benign,0,Benign,1
1.27e-11,0.0,0.0,1,4,Malicious,1,Malicious,1
4.01e-05,0.0,0.0,1,4,Malicious,1,Malicious,1
3.93e-05,0.0,0.0,1,4,Benign,0,Benign,1
1.01e-10,0.0,0.0,1,4,Malicious,1,Malicious,1
6.34e-11,0.0,0.0,1,4,Malicious,1,Malicious,1
3.8e-05,0.0,0.0,1,4,Malicious,1,Malicious,1
3.81e-11,0.0,0.0,1,4,Malicious,1,Malicious,1
1.27e-11,0.0,0.0,1,4,Malicious,1,Malicious,1
1.27e-11,0.0,0.0,1,4,Malicious,1,Malicious,1
1.27e-11,0.0,0.0,1,4,Malicious,1,Malicious,1
1.27e-11,0.0,0.0,1,4,Malicious,1,Malicious,1
3.98e-05,0.0,0.0,1,4,Malicious,1,Malicious,1
6.38e-09,0.0,0.0,1,4,Malicious,1,Malicious,1
5.07e-11,0.0,0.0,1,4,Malicious,1,Malicious,1
5.07e-11,0.0,0.0,1,4,Malicious,1,Malicious,1
3.95e-05,0.0,0.0,1,4,Benign,0,Benign,1
3.91e-05,0.0,0.0,1,4,Benign,0,Benign,1
6.3e-09,1.66e-08,1.34e-07,2,8,Benign,0,Benign,0
3.8e-05,0.0,0.0,1,4,Malicious,1,Malicious,1
4.01e-05,0.0,0.0,1,4,Benign,0,Benign,1
1.27e-11,0.0,0.0,1,4,Malicious,1,Malicious,1
0.0,0.0,0.0,1,4,Malicious,1,Malicious,1
3.95e-05,0.0,0.0,1,4,Malicious,1,Malicious,1
3.8e-05,0.0,0.0,1,4,Malicious,1,Malicious,1
1.27e-11,0.0,0.0,1,4,Malicious,1,Malicious,1
4e-05,0.0,0.0,1,4,Malicious,1,Malicious,1
0.0,0.0,0.0,1,4,Malicious,1,Malicious,1
9.45e-09,2.58e-08,1.34e-07,2,8,Benign,0,Benign,0
1.27e-11,0.0,0.0,1,4,Malicious,1,Malicious,1
3.99e-05,0.0,0.0,1,4,Malicious,1,Malicious,1
3.22e-09,0.0,0.0,1,4,Malicious,1,Malicious,1
3.22e-09,0.0,0.0,1,4,Malicious,1,Malicious,1
6.14e-09,2.58e-08,1.34e-07,2,8,Benign,0,Benign,0
5.02e-05,5.02e-07,0.0,2,4,Benign,0,Benign,0
1.27e-11,0.0,0.0,1,4,Malicious,1,Malicious,1
3.22e-09,0.0,0.0,1,4,Malicious,1,Malicious,1
1.27e-11,0.0,0.0,1,4,Malicious,1,Malicious,1
1.27e-11,0.0,0.0,1,4,Malicious,1,Malicious,1
3.97e-05,0.0,0.0,1,4,Malicious,1,Malicious,1
1.27e-11,0.0,0.0,1,4,Malicious,1,Malicious,1
6.29e-09,1.66e-08,1.34e-07,2,8,Benign,0,Benign,0
2.62e-05,3.84e-08,6.92e-07,1,7,Benign,0,Benign,1
6.33e-09,2.58e-08,1.34e-07,2,8,Benign,0,Benign,0
3.98e-05,0.0,0.0,1,4,Benign,0,Benign,1
6.34e-11,0.0,0.0,1,4,Malicious,1,Malicious,1
3.97e-05,0.0,0.0,1,4,Benign,0,Benign,1
3.81e-11,0.0,0.0,1,4,Malicious,1,Malicious,1
2.21e-08,2.75e-08,1.43e-07,2,8,Benign,0,Benign,0
3.99e-05,0.0,0.0,1,4,Malicious,1,Malicious,1
1.27e-11,0.0,0.0,1,4,Malicious,1,Malicious,1
6.34e-11,0.0,0.0,1,4,Malicious,1,Malicious,1
1.92e-07,3.21e-07,1.66e-06,0,0,Benign,0,Benign,0
3.8e-05,0.0,0.0,1,4,Malicious,1,Malicious,1
1.27e-11,0.0,0.0,1,4,Malicious,1,Malicious,1
1.01e-10,0.0,0.0,1,4,Malicious,1,Malicious,1
5.38e-08,2.75e-08,1.43e-07,2,8,Benign,0,Benign,0
3.81e-11,0.0,0.0,1,4,Malicious,1,Malicious,1
3.96e-05,0.0,0.0,1,4,Malicious,1,Malicious,1
1.27e-11,0.0,0.0,1,4,Malicious,1,Malicious,1
5.07e-11,0.0,0.0,1,4,Malicious,1,Malicious,1
3.93e-05,0.0,0.0,1,4,Malicious,1,Malicious,1
3.95e-05,0.0,0.0,1,4,Benign,0,Benign,1
6.3e-09,2.58e-08,1.34e-07,2,8,Benign,0,Benign,0
1.35e-05,3.78e-08,6.89e-07,1,7,Benign,0,Benign,0
3.92e-05,0.0,0.0,1,4,Malicious,1,Malicious,1
1.5e-06,2.75e-08,1.43e-07,2,8,Benign,0,Benign,0
1.27e-07,1.66e-08,1.34e-07,2,8,Benign,0,Benign,0
3.91e-05,0.0,0.0,1,4,Benign,0,Benign,1
3.8e-05,0.0,0.0,1,4,Malicious,1,Malicious,1
3.8e-05,0.0,0.0,1,4,Malicious,1,Malicious,1
2.53e-08,2.75e-08,1.43e-07,2,8,Benign,0,Benign,0
1.27e-11,0.0,0.0,1,4,Malicious,1,Malicious,1
1.27e-11,0.0,0.0,1,4,Malicious,1,Malicious,1
1.27e-11,0.0,0.0,1,4,Malicious,1,Malicious,1
3.99e-05,0.0,0.0,1,4,Malicious,1,Malicious,1
2.21e-08,2.75e-08,1.43e-07,2,8,Benign,0,Benign,0
3.26e-06,0.0,0.0,1,1,Benign,0,Benign,0
5.01e-07,2.75e-08,1.43e-07,2,8,Benign,0,Benign,0
3.96e-05,0.0,0.0,1,4,Malicious,1,Malicious,1
0.000240894,1.22e-07,0.0,2,4,Benign,0,Benign,0
2.07e-06,0.0,0.0,1,1,Benign,0,Benign,0
1.27e-11,0.0,0.0,1,4,Malicious,1,Malicious,1
6.34e-11,0.0,0.0,1,4,Malicious,1,Malicious,1
1.27e-11,0.0,0.0,1,4,Malicious,1,Malicious,1
5.07e-11,0.0,0.0,1,4,Malicious,1,Malicious,1
2.2e-08,2.75e-08,1.43e-07,2,8,Benign,0,Benign,0
0.0,0.0,0.0,1,4,Malicious,1,Malicious,1
3.93e-05,0.0,0.0,1,4,Malicious,1,Malicious,1
3.81e-11,0.0,0.0,1,4,Malicious,1,Malicious,1
1.27e-11,0.0,0.0,1,4,Malicious,1,Malicious,1
3.96e-05,0.0,0.0,1,4,Benign,0,Benign,1
2.53e-08,2.75e-08,1.43e-07,2,8,Benign,0,Benign,0
1.27e-11,0.0,0.0,1,4,Malicious,1,Malicious,1
5.07e-11,0.0,0.0,1,4,Malicious,1,Malicious,1
1.96e-07,1.66e-08,1.34e-07,2,8,Benign,0,Benign,0
3.46e-08,2.75e-08,1.43e-07,2,8,Benign,0,Benign,0
1.27e-11,0.0,0.0,1,4,Malicious,1,Malicious,1
3.95e-05,0.0,0.0,1,4,Benign,0,Benign,1
1.27e-11,0.0,0.0,1,4,Malicious,1,Malicious,1
5.07e-11,0.0,0.0,1,4,Malicious,1,Malicious,1
1.27e-11,0.0,0.0,1,4,Malicious,1,Malicious,1
6.34e-11,0.0,0.0,1,4,Malicious,1,Malicious,1
0.000447485,3.55e-08,7.99e-07,1,7,Malicious,1,Malicious,1
4.01e-05,0.0,0.0,1,4,Malicious,1,Malicious,1
1.27e-11,0.0,0.0,1,4,Malicious,1,Malicious,1
3.97e-05,0.0,0.0,1,4,Malicious,1,Malicious,1
0.001231518,1.97e-07,8.59e-07,2,8,Benign,0,Benign,0
1.27e-11,0.0,0.0,1,4,Malicious,1,Malicious,1
1.27e-11,0.0,0.0,1,4,Malicious,1,Malicious,1
3.94e-05,0.0,0.0,1,4,Malicious,1,Malicious,1
7.64e-07,2.75e-08,1.43e-07,2,8,Benign,0,Benign,0
3.97e-05,0.0,0.0,1,4,Malicious,1,Malicious,1
3.95e-05,0.0,0.0,1,4,Malicious,1,Malicious,1
1.27e-11,0.0,0.0,1,4,Malicious,1,Malicious,1
6.36e-05,3.47e-07,5.35e-06,1,8,Malicious,1,Malicious,1
1.27e-11,0.0,0.0,1,4,Malicious,1,Malicious,1
3.95e-05,0.0,0.0,1,4,Malicious,1,Malicious,1
3.8e-05,0.0,0.0,1,4,Malicious,1,Malicious,1
6.38e-05,7.34e-08,6.42e-07,2,8,Benign,0,Benign,0
3.99e-05,0.0,0.0,1,4,Malicious,1,Malicious,1
1.88e-08,2.75e-08,1.43e-07,2,8,Benign,0,Benign,0
3.22e-09,0.0,0.0,1,4,Malicious,1,Malicious,1
1.27e-11,0.0,0.0,1,4,Malicious,1,Malicious,1
1.27e-11,0.0,0.0,1,4,Malicious,1,Malicious,1
3.99e-05,0.0,0.0,1,4,Malicious,1,Malicious,1
3.98e-05,0.0,0.0,1,4,Malicious,1,Malicious,1
1.27e-11,0.0,0.0,1,4,Malicious,1,Malicious,1
6.63e-08,2.75e-08,1.43e-07,2,8,Benign,0,Benign,0
3.99e-05,0.0,0.0,1,4,Malicious,1,Malicious,1
1.27e-11,0.0,0.0,1,4,Malicious,1,Malicious,1
3.99e-05,0.0,0.0,1,4,Malicious,1,Malicious,1
1.27e-11,0.0,0.0,1,4,Malicious,1,Malicious,1
5.07e-11,0.0,0.0,1,4,Malicious,1,Malicious,1
0.0,0.0,0.0,1,4,Malicious,1,Malicious,1
6.34e-11,0.0,0.0,1,4,Malicious,1,Malicious,1
0.0,0.0,0.0,1,4,Malicious,1,Malicious,1
3.8e-05,0.0,0.0,1,4,Malicious,1,Malicious,1
3.21e-09,0.0,0.0,1,4,Malicious,1,Malicious,1
1.27e-11,0.0,0.0,1,4,Malicious,1,Malicious,1
1.27e-11,0.0,0.0,1,4,Malicious,1,Malicious,1
1.27e-11,0.0,0.0,1,4,Malicious,1,Malicious,1
3.98e-05,0.0,0.0,1,4,Malicious,1,Malicious,1
3.97e-05,0.0,0.0,1,4,Malicious,1,Malicious,1
2.21e-08,2.75e-08,1.43e-07,2,8,Benign,0,Benign,0
2.22e-08,2.75e-08,1.43e-07,2,8,Benign,0,Benign,0
3.99e-05,0.0,0.0,1,4,Malicious,1,Malicious,1
1.27e-11,0.0,0.0,1,4,Malicious,1,Malicious,1
5.07e-11,0.0,0.0,1,4,Malicious,1,Malicious,1
3.79e-05,0.0,0.0,1,4,Malicious,1,Malicious,1
1.27e-11,0.0,0.0,1,4,Malicious,1,Malicious,1
2.21e-08,2.75e-08,1.43e-07,2,8,Benign,0,Benign,0
6.38e-09,0.0,0.0,1,4,Malicious,1,Malicious,1
0.0,0.0,0.0,1,4,Malicious,1,Malicious,1
5.07e-11,0.0,0.0,1,4,Malicious,1,Malicious,1
1.27e-11,0.0,0.0,1,4,Malicious,1,Malicious,1
3.8e-05,0.0,0.0,1,4,Malicious,1,Malicious,1
7.61e-11,0.0,0.0,1,4,Malicious,1,Malicious,1
2.64e-05,3.84e-08,6.92e-07,1,7,Benign,0,Benign,1
7.27e-08,1.66e-08,1.34e-07,2,8,Benign,0,Benign,0
6.34e-05,4.47e-08,0.0,2,4,Benign,0,Benign,0
9.4e-09,2.58e-08,1.34e-07,2,8,Benign,0,Benign,0
3.8e-05,0.0,0.0,1,4,Malicious,1,Malicious,1
5.07e-11,0.0,0.0,1,4,Malicious,1,Malicious,1
1.27e-11,0.0,0.0,1,4,Malicious,1,Malicious,1
4e-05,0.0,0.0,1,4,Malicious,1,Malicious,1
1.27e-11,0.0,0.0,1,4,Malicious,1,Malicious,1
3.48e-08,2.75e-08,1.43e-07,2,8,Benign,0,Benign,0
6.32e-09,2.58e-08,1.34e-07,2,8,Benign,0,Benign,0
1.27e-11,0.0,0.0,1,4,Malicious,1,Malicious,1
3.92e-05,0.0,0.0,1,4,Benign,0,Benign,1
1.27e-11,0.0,0.0,1,4,Malicious,1,Malicious,1
3.99e-05,0.0,0.0,1,4,Malicious,1,Malicious,1
1.57e-07,2.46e-08,3.3e-07,2,8,Benign,0,Benign,0
3.94e-05,0.0,0.0,1,4,Malicious,1,Malicious,1
5.07e-11,0.0,0.0,1,4,Malicious,1,Malicious,1
2.64e-05,3.84e-08,6.92e-07,1,7,Benign,0,Benign,1
6.32e-09,1.66e-08,1.34e-07,2,8,Benign,0,Benign,0
5.34e-05,3.84e-08,6.92e-07,1,7,Benign,0,Benign,1
3.21e-09,0.0,0.0,1,4,Malicious,1,Malicious,1
1.27e-11,0.0,0.0,1,4,Malicious,1,Malicious,1
3.48e-08,2.75e-08,1.43e-07,2,8,Benign,0,Benign,0
3.99e-05,0.0,0.0,1,4,Malicious,1,Malicious,1
3.81e-11,0.0,0.0,1,4,Malicious,1,Malicious,1
4e-05,0.0,0.0,1,4,Malicious,1,Malicious,1
6.42e-09,0.0,0.0,1,4,Malicious,1,Malicious,1
3.98e-05,0.0,0.0,1,4,Malicious,1,Malicious,1
1.27e-11,0.0,0.0,1,4,Malicious,1,Malicious,1
1.27e-11,0.0,0.0,1,4,Malicious,1,Malicious,1
1.27e-11,0.0,0.0,1,4,Malicious,1,Malicious,1
3.8e-05,0.0,0.0,1,4,Malicious,1,Malicious,1
1.27e-11,0.0,0.0,1,4,Malicious,1,Malicious,1
2.85e-05,8.54e-08,0.00035494,1,8,Malicious,1,Malicious,1
3.92e-05,0.0,0.0,1,4,Malicious,1,Malicious,1
3.8e-05,0.0,0.0,1,4,Malicious,1,Malicious,1
6.35e-05,4.47e-08,0.0,2,4,Benign,0,Benign,0
0.000457509,3.55e-08,7.99e-07,1,7,Malicious,1,Malicious,1
2.76e-05,3.84e-08,6.92e-07,1,7,Benign,0,Benign,1
1.27e-11,0.0,0.0,1,4,Malicious,1,Malicious,1
1.48e-05,4.3e-08,7.22e-07,1,7,Malicious,1,Malicious,1
1.27e-11,0.0,0.0,1,4,Malicious,1,Malicious,1
3.26e-09,0.0,0.0,1,4,Malicious,1,Malicious,1
1.27e-11,0.0,0.0,1,4,Malicious,1,Malicious,1
4.97e-06,0.0,0.0,1,1,Benign,0,Benign,0
1.27e-11,0.0,0.0,1,4,Malicious,1,Malicious,1
3.95e-05,0.0,0.0,1,4,Benign,0,Benign,1
6.34e-11,0.0,0.0,1,4,Malicious,1,Malicious,1
5.46e-05,4.3e-08,7.22e-07,1,7,Malicious,1,Malicious,1
3.99e-05,0.0,0.0,1,4,Benign,0,Benign,1
3.96e-05,0.0,0.0,1,4,Benign,0,Benign,1
1.27e-11,0.0,0.0,1,4,Malicious,1,Malicious,1
6.34e-11,0.0,0.0,1,4,Malicious,1,Malicious,1
2.54e-11,5.5e-08,0.0,2,4,Benign,0,Benign,0
1.27e-11,0.0,0.0,1,4,Malicious,1,Malicious,1
8.88e-11,0.0,0.0,1,4,Malicious,1,Malicious,1
3.96e-05,0.0,0.0,1,4,Malicious,1,Malicious,1
1.27e-11,0.0,0.0,1,4,Malicious,1,Malicious,1
3.11e-07,2.75e-08,1.43e-07,2,8,Benign,0,Benign,0
3.95e-05,0.0,0.0,1,4,Malicious,1,Malicious,1
3.95e-05,0.0,0.0,1,4,Malicious,1,Malicious,1
1.42e-05,3.84e-08,6.92e-07,1,7,Benign,0,Benign,1
3.48e-08,2.75e-08,1.43e-07,2,8,Benign,0,Benign,0
1.39e-05,3.84e-08,6.92e-07,1,7,Benign,0,Benign,1
3.8e-05,0.0,0.0,1,4,Malicious,1,Malicious,1
1.27e-11,0.0,0.0,1,4,Malicious,1,Malicious,1
0.0,0.0,0.0,1,4,Malicious,1,Malicious,1
1.27e-11,0.0,0.0,1,4,Malicious,1,Malicious,1
3.8e-05,0.0,0.0,1,4,Malicious,1,Malicious,1
1.27e-11,0.0,0.0,1,4,Malicious,1,Malicious,1
3.99e-05,0.0,0.0,1,4,Benign,0,Benign,1
5.07e-11,0.0,0.0,1,4,Malicious,1,Malicious,1
1.27e-11,0.0,0.0,1,4,Malicious,1,Malicious,1
0.0,0.0,0.0,1,4,Malicious,1,Malicious,1
0.0,0.0,0.0,1,4,Malicious,1,Malicious,1
3.8e-05,0.0,0.0,1,4,Malicious,1,Malicious,1
1.3e-05,2.98e-08,3.68e-07,1,3,Benign,0,Benign,0
3.8e-05,0.0,0.0,1,4,Malicious,1,Malicious,1
1.27e-11,0.0,0.0,1,4,Malicious,1,Malicious,1
3.8e-05,0.0,0.0,1,4,Malicious,1,Malicious,1
6.34e-11,0.0,0.0,1,4,Malicious,1,Malicious,1
6.35e-05,4.47e-08,0.0,2,4,Benign,0,Benign,0
5.07e-08,2.12e-08,1.31e-06,2,8,Benign,0,Benign,0
6.25e-09,2.58e-08,1.34e-07,2,8,Benign,0,Benign,0
1.27e-11,0.0,0.0,1,4,Malicious,1,Malicious,1
3.79e-05,0.0,0.0,1,4,Malicious,1,Malicious,1
4e-05,0.0,0.0,1,4,Benign,0,Benign,1
3.99e-05,0.0,0.0,1,4,Benign,0,Benign,1
1.27e-11,0.0,0.0,1,4,Malicious,1,Malicious,1
2.85e-08,2.75e-08,1.43e-07,2,8,Benign,0,Benign,0
2.21e-08,2.75e-08,1.43e-07,2,8,Benign,0,Benign,0
0.0,0.0,0.0,1,4,Malicious,1,Malicious,1
6.37e-09,0.0,0.0,1,4,Malicious,1,Malicious,1
4e-05,0.0,0.0,1,4,Benign,0,Benign,1
5.07e-11,0.0,0.0,1,4,Malicious,1,Malicious,1
6.34e-11,0.0,0.0,1,4,Malicious,1,Malicious,1
3.13e-09,0.0,0.0,1,4,Malicious,1,Malicious,1
4.01e-05,0.0,0.0,1,4,Malicious,1,Malicious,1
3.92e-05,0.0,0.0,1,4,Malicious,1,Malicious,1
3.99e-05,0.0,0.0,1,4,Malicious,1,Malicious,1
5.07e-11,0.0,0.0,1,4,Malicious,1,Malicious,1
9.49e-09,2.58e-08,1.34e-07,2,8,Benign,0,Benign,0
3.93e-05,0.0,0.0,1,4,Benign,0,Benign,1
2.8e-09,0.0,0.0,1,4,Malicious,1,Malicious,1
1.37e-05,3.84e-08,6.92e-07,1,7,Benign,0,Benign,0
1.27e-11,0.0,0.0,1,4,Malicious,1,Malicious,1
2.22e-08,0.0,0.0,1,4,Malicious,1,Malicious,1
3.95e-05,0.0,0.0,1,4,Malicious,1,Malicious,1
6.97e-08,2.75e-08,1.43e-07,2,8,Benign,0,Benign,0
3.93e-05,0.0,0.0,1,4,Malicious,1,Malicious,1
1.27e-11,0.0,0.0,1,4,Malicious,1,Malicious,1
3.79e-05,0.0,0.0,1,4,Malicious,1,Malicious,1
0.000113257,6.27e-07,1.74e-05,1,7,Benign,0,Benign,0
4e-05,0.0,0.0,1,4,Malicious,1,Malicious,1
1.27e-11,0.0,0.0,1,4,Malicious,1,Malicious,1
6.1e-09,0.0,0.0,1,4,Malicious,1,Malicious,1
3.95e-05,0.0,0.0,1,4,Malicious,1,Malicious,1
1.27e-11,0.0,0.0,1,4,Malicious,1,Malicious,1
6.23e-09,2.58e-08,1.34e-07,2,8,Benign,0,Benign,0
3.8e-05,6.65e-08,0.0,0,0,Benign,0,Benign,0
3.36e-07,2.75e-08,1.43e-07,2,8,Benign,0,Benign,0
3.91e-05,0.0,0.0,1,4,Malicious,1,Malicious,1
1.27e-11,0.0,0.0,1,4,Malicious,1,Malicious,1
3.8e-05,0.0,0.0,1,4,Malicious,1,Malicious,1
9.5e-09,2.24e-08,1.16e-07,2,8,Benign,0,Benign,0
6.34e-11,0.0,0.0,1,4,Malicious,1,Malicious,1
6.35e-05,4.47e-08,0.0,2,4,Benign,0,Benign,0
3.94e-05,0.0,0.0,1,4,Benign,0,Benign,1
1.27e-11,0.0,0.0,1,4,Malicious,1,Malicious,1
2.52e-08,2.75e-08,1.43e-07,2,8,Benign,0,Benign,0
2.65e-05,3.38e-07,7.62e-06,1,8,Malicious,1,Malicious,1
7.29e-08,1.66e-08,1.34e-07,2,8,Benign,0,Benign,0
3.8e-05,0.0,0.0,1,4,Malicious,1,Malicious,1
5.07e-11,0.0,0.0,1,4,Malicious,1,Malicious,1
9.4e-09,0.0,0.0,1,4,Malicious,1,Malicious,1
3.8e-05,0.0,0.0,1,4,Malicious,1,Malicious,1
1.89e-08,5.16e-08,2.67e-07,2,8,Benign,0,Benign,0
6.34e-11,0.0,0.0,1,4,Malicious,1,Malicious,1
3.8e-05,0.0,0.0,1,4,Malicious,1,Malicious,1
5.37e-08,2.75e-08,1.43e-07,2,8,Benign,0,Benign,0
2.09e-07,2.75e-08,1.43e-07,2,8,Benign,0,Benign,0
1.27e-11,0.0,0.0,1,4,Malicious,1,Malicious,1
1.27e-11,0.0,0.0,1,4,Malicious,1,Malicious,1
1.27e-11,0.0,0.0,1,4,Malicious,1,Malicious,1
1.27e-11,0.0,0.0,1,4,Malicious,1,Malicious,1
1.05e-07,2.58e-08,1.34e-07,2,8,Benign,0,Benign,0
3.91e-05,0.0,0.0,1,4,Malicious,1,Malicious,1
3.79e-05,0.0,0.0,1,4,Malicious,1,Malicious,1
6.25e-07,2.29e-08,1.66e-07,2,8,Benign,0,Benign,0
9.5e-09,2.58e-08,1.34e-07,2,8,Benign,0,Benign,0
1.27e-11,0.0,0.0,1,4,Malicious,1,Malicious,1
1.27e-11,0.0,0.0,1,4,Malicious,1,Malicious,1
3.92e-05,0.0,0.0,1,4,Benign,0,Benign,1
1.27e-11,0.0,0.0,1,4,Malicious,1,Malicious,1
3.95e-05,0.0,0.0,1,4,Benign,0,Benign,1
1.89e-08,2.75e-08,1.43e-07,2,8,Benign,0,Benign,0
1.27e-11,0.0,0.0,1,4,Malicious,1,Malicious,1
1.27e-11,0.0,0.0,1,4,Malicious,1,Malicious,1
3.94e-05,0.0,0.0,1,4,Malicious,1,Malicious,1
3.94e-05,0.0,0.0,1,4,Malicious,1,Malicious,1
6.65e-08,2.75e-08,1.43e-07,2,8,Benign,0,Benign,0
1.27e-11,0.0,0.0,1,4,Malicious,1,Malicious,1
1.27e-11,0.0,0.0,1,4,Malicious,1,Malicious,1
3.98e-05,0.0,0.0,1,4,Malicious,1,Malicious,1
3.46e-08,2.75e-08,1.43e-07,2,8,Benign,0,Benign,0
3.96e-05,0.0,0.0,1,4,Benign,0,Benign,1
1.27e-11,0.0,0.0,1,4,Malicious,1,Malicious,1
5.07e-11,0.0,0.0,1,4,Malicious,1,Malicious,1
3.98e-05,0.0,0.0,1,4,Malicious,1,Malicious,1
6.34e-11,0.0,0.0,1,4,Malicious,1,Malicious,1
5.45e-07,2.75e-08,1.43e-07,2,8,Benign,0,Benign,0
6.24e-09,2.58e-08,1.34e-07,2,8,Benign,0,Benign,0
3.8e-05,0.0,0.0,1,4,Malicious,1,Malicious,1
3.94e-05,0.0,0.0,1,4,Benign,0,Benign,1
1.37e-05,3.78e-08,6.89e-07,1,7,Benign,0,Benign,0
1.37e-05,3.84e-08,6.92e-07,1,7,Benign,0,Benign,0
3.95e-05,0.0,0.0,1,4,Malicious,1,Malicious,1
0.0,0.0,0.0,1,4,Malicious,1,Malicious,1
0.0,0.0,0.0,1,4,Malicious,1,Malicious,1
1.01e-10,0.0,0.0,1,4,Malicious,1,Malicious,1
6.34e-11,0.0,0.0,1,4,Malicious,1,Malicious,1
3.96e-05,0.0,0.0,1,4,Malicious,1,Malicious,1
1.27e-11,0.0,0.0,1,4,Malicious,1,Malicious,1
3.94e-05,0.0,0.0,1,4,Malicious,1,Malicious,1
1.27e-11,0.0,0.0,1,4,Malicious,1,Malicious,1
3.97e-05,0.0,0.0,1,4,Malicious,1,Malicious,1
1.27e-11,0.0,0.0,1,4,Malicious,1,Malicious,1
1.27e-11,0.0,0.0,1,4,Malicious,1,Malicious,1
1.27e-11,0.0,0.0,1,4,Malicious,1,Malicious,1
5.24e-05,4.3e-08,7.22e-07,1,7,Malicious,1,Malicious,1
1.4e-05,3.84e-08,6.92e-07,1,7,Benign,0,Benign,1
3.31e-06,7.74e-08,7.07e-07,1,8,Benign,0,Benign,0
3.96e-05,0.0,0.0,1,4,Benign,0,Benign,1
1.27e-11,0.0,0.0,1,4,Malicious,1,Malicious,1
0.0,0.0,0.0,1,4,Malicious,1,Malicious,1
2.09e-06,0.0,0.0,1,1,Benign,0,Benign,0
4.53e-07,2.75e-08,1.43e-07,2,8,Benign,0,Benign,0
3.94e-05,0.0,0.0,1,4,Malicious,1,Malicious,1
4.97e-07,2.75e-08,1.43e-07,2,8,Benign,0,Benign,0
3.8e-05,0.0,0.0,1,4,Malicious,1,Malicious,1
1.9e-08,2.75e-08,1.43e-07,2,8,Benign,0,Benign,0
6.3e-09,1.66e-08,1.34e-07,2,8,Benign,0,Benign,0
3.93e-05,0.0,0.0,1,4,Malicious,1,Malicious,1
0.0,0.0,0.0,1,4,Malicious,1,Malicious,1
1.27e-11,0.0,0.0,1,4,Malicious,1,Malicious,1
6.3e-09,1.66e-08,1.34e-07,2,8,Benign,0,Benign,0
3.8e-05,0.0,0.0,1,4,Malicious,1,Malicious,1
2.64e-05,4.3e-08,7.22e-07,1,7,Malicious,1,Malicious,1
5.07e-11,0.0,0.0,1,4,Malicious,1,Malicious,1
3.8e-05,0.0,0.0,1,4,Malicious,1,Malicious,1
5.07e-11,0.0,0.0,1,4,Malicious,1,Malicious,1
6.35e-05,4.47e-08,0.0,2,4,Benign,0,Benign,0
6.34e-11,0.0,0.0,1,4,Malicious,1,Malicious,1
3.24e-06,0.0,0.0,1,1,Malicious,1,Malicious,0
5.07e-11,0.0,0.0,1,4,Malicious,1,Malicious,1
3.94e-05,0.0,0.0,1,4,Malicious,1,Malicious,1
3.93e-05,0.0,0.0,1,4,Malicious,1,Malicious,1
1.27e-11,0.0,0.0,1,4,Malicious,1,Malicious,1
1.27e-11,0.0,0.0,1,4,Malicious,1,Malicious,1
1.36e-05,3.84e-08,6.92e-07,1,7,Benign,0,Benign,0
3.8e-05,0.0,0.0,1,4,Malicious,1,Malicious,1
0.0,0.0,0.0,1,4,Malicious,1,Malicious,1
5.07e-11,0.0,0.0,1,4,Malicious,1,Malicious,1
3.25e-09,0.0,0.0,1,4,Malicious,1,Malicious,1
1.27e-11,0.0,0.0,1,4,Malicious,1,Malicious,1
6.3e-09,1.66e-08,1.34e-07,2,8,Benign,0,Benign,0
0.0,0.0,0.0,1,4,Malicious,1,Malicious,1
1.27e-11,0.0,0.0,1,4,Malicious,1,Malicious,1
1.84e-05,0.0,0.0,1,1,Benign,0,Benign,0
1.27e-11,0.0,0.0,1,4,Malicious,1,Malicious,1
3.93e-05,0.0,0.0,1,4,Malicious,1,Malicious,1
3.94e-05,0.0,0.0,1,4,Malicious,1,Malicious,1
3.18e-05,4.93e-08,2.56e-07,2,8,Benign,0,Benign,0
1.27e-11,0.0,0.0,1,4,Malicious,1,Malicious,1
3.79e-05,0.0,0.0,1,4,Malicious,1,Malicious,1
1.27e-11,0.0,0.0,1,4,Malicious,1,Malicious,1
3.79e-05,0.0,0.0,1,4,Malicious,1,Malicious,1
1.27e-11,0.0,0.0,1,4,Malicious,1,Malicious,1
1.27e-11,0.0,0.0,1,4,Malicious,1,Malicious,1
3.8e-05,0.0,0.0,1,4,Malicious,1,Malicious,1
1.27e-11,0.0,0.0,1,4,Malicious,1,Malicious,1
6.64e-08,2.75e-08,1.43e-07,2,8,Benign,0,Benign,0
3.99e-05,0.0,0.0,1,4,Malicious,1,Malicious,1
9.55e-09,0.0,0.0,1,4,Malicious,1,Malicious,1
1.27e-11,0.0,0.0,1,4,Malicious,1,Malicious,1
3.95e-05,0.0,0.0,1,4,Benign,0,Benign,1
1.27e-11,0.0,0.0,1,4,Malicious,1,Malicious,1
6.32e-09,0.0,0.0,1,4,Malicious,1,Malicious,1
2.56e-09,0.0,0.0,1,4,Malicious,1,Malicious,1
3.92e-05,0.0,0.0,1,4,Malicious,1,Malicious,1
1.27e-11,0.0,0.0,1,4,Malicious,1,Malicious,1
1.27e-11,0.0,0.0,1,4,Malicious,1,Malicious,1
3.81e-11,0.0,0.0,1,4,Malicious,1,Malicious,1
5.07e-11,0.0,0.0,1,4,Malicious,1,Malicious,1
4e-05,0.0,0.0,1,4,Benign,0,Benign,1
3.8e-05,0.0,0.0,1,4,Malicious,1,Malicious,1
3.97e-05,0.0,0.0,1,4,Malicious,1,Malicious,1
1.27e-11,0.0,0.0,1,4,Malicious,1,Malicious,1
5.07e-11,0.0,0.0,1,4,Malicious,1,Malicious,1
6.34e-11,0.0,0.0,1,4,Malicious,1,Malicious,1
5.55e-05,4.99e-08,0.000414696,1,8,Malicious,1,Malicious,1
5.07e-11,0.0,0.0,1,4,Malicious,1,Malicious,1
6.35e-05,4.47e-08,0.0,2,4,Benign,0,Benign,0
2.41e-09,0.0,0.0,1,4,Malicious,1,Malicious,1
3.98e-05,0.0,0.0,1,4,Benign,0,Benign,1
2.21e-08,2.75e-08,1.43e-07,2,8,Benign,0,Benign,0
6.32e-09,2.58e-08,1.34e-07,2,8,Benign,0,Benign,0
1.01e-10,0.0,0.0,1,4,Malicious,1,Malicious,1
3.96e-05,0.0,0.0,1,4,Benign,0,Benign,1
3.94e-05,0.0,0.0,1,4,Malicious,1,Malicious,1
3.95e-05,0.0,0.0,1,4,Malicious,1,Malicious,1
1.27e-11,0.0,0.0,1,4,Malicious,1,Malicious,1
0.000511129,1.82e-07,9.27e-07,2,8,Benign,0,Benign,0
1.27e-11,0.0,0.0,1,4,Malicious,1,Malicious,1
3.99e-05,0.0,0.0,1,4,Benign,0,Benign,1
5.07e-11,0.0,0.0,1,4,Malicious,1,Malicious,1
3.8e-05,0.0,0.0,1,4,Malicious,1,Malicious,1
1.27e-11,0.0,0.0,1,4,Malicious,1,Malicious,1
3.97e-05,0.0,0.0,1,4,Benign,0,Benign,1
3.47e-08,2.75e-08,1.43e-07,2,8,Benign,0,Benign,0
6.37e-09,0.0,0.0,1,4,Malicious,1,Malicious,1
1.27e-11,0.0,0.0,1,4,Malicious,1,Malicious,1
1.27e-11,0.0,0.0,1,4,Malicious,1,Malicious,1
1.27e-11,0.0,0.0,1,4,Malicious,1,Malicious,1
3.97e-05,0.0,0.0,1,4,Malicious,1,Malicious,1
1.27e-11,0.0,0.0,1,4,Malicious,1,Malicious,1
3.97e-05,0.0,0.0,1,4,Malicious,1,Malicious,1
8.89e-05,4.61e-07,0.0,2,4,Benign,0,Benign,0
1.27e-11,0.0,0.0,1,4,Malicious,1,Malicious,1
1.27e-11,0.0,0.0,1,4,Malicious,1,Malicious,1
3.97e-05,0.0,0.0,1,4,Malicious,1,Malicious,1
2.21e-08,2.75e-08,1.43e-07,2,8,Benign,0,Benign,0
5.18e-05,4.3e-08,7.22e-07,1,7,Malicious,1,Malicious,1
2.54e-11,0.0,0.0,1,4,Malicious,1,Malicious,1
6.34e-11,0.0,0.0,1,4,Malicious,1,Malicious,1
1.01e-10,0.0,0.0,1,4,Malicious,1,Malicious,1
3.71e-06,0.0,0.0,1,1,Benign,0,Benign,0
3.95e-05,0.0,0.0,1,4,Malicious,1,Malicious,1
1.27e-11,0.0,0.0,1,4,Malicious,1,Malicious,1
4.01e-05,0.0,0.0,1,4,Benign,0,Benign,1
1.27e-11,0.0,0.0,1,4,Malicious,1,Malicious,1
3.93e-05,0.0,0.0,1,4,Benign,0,Benign,1
1.27e-11,0.0,0.0,1,4,Malicious,1,Malicious,1
9.5e-09,2.58e-08,1.34e-07,2,8,Benign,0,Benign,0
1.27e-11,0.0,0.0,1,4,Malicious,1,Malicious,1
3.98e-05,0.0,0.0,1,4,Benign,0,Benign,1
1.27e-11,0.0,0.0,1,4,Malicious,1,Malicious,1
1.13e-06,1.06e-06,4.57e-06,1,8,Benign,0,Benign,0
6.34e-11,0.0,0.0,1,4,Malicious,1,Malicious,1
1.27e-11,0.0,0.0,1,4,Malicious,1,Malicious,1
5.07e-11,0.0,0.0,1,4,Malicious,1,Malicious,1
3.91e-05,0.0,0.0,1,4,Benign,0,Benign,1
0.0,0.0,0.0,1,4,Malicious,1,Malicious,1
1.27e-11,0.0,0.0,1,4,Malicious,1,Malicious,1
5.07e-11,0.0,0.0,1,4,Malicious,1,Malicious,1
1.27e-11,0.0,0.0,1,4,Malicious,1,Malicious,1
1.27e-11,0.0,0.0,1,4,Malicious,1,Malicious,1
1.27e-11,0.0,0.0,1,4,Malicious,1,Malicious,1
2.41e-06,2.75e-08,1.43e-07,2,8,Benign,0,Benign,0
1.33e-07,2.29e-08,3.09e-07,2,8,Benign,0,Benign,0
2.21e-08,2.75e-08,1.43e-07,2,8,Benign,0,Benign,0
4e-05,0.0,0.0,1,4,Benign,0,Benign,1
3.94e-05,0.0,0.0,1,4,Malicious,1,Malicious,1
9.5e-09,2.58e-08,1.34e-07,2,8,Benign,0,Benign,0
3.94e-05,0.0,0.0,1,4,Malicious,1,Malicious,1
1.27e-11,0.0,0.0,1,4,Malicious,1,Malicious,1
1.27e-11,0.0,0.0,1,4,Malicious,1,Malicious,1
3.95e-05,0.0,0.0,1,4,Malicious,1,Malicious,1
3.79e-05,0.0,0.0,1,4,Malicious,1,Malicious,1
3.97e-05,0.0,0.0,1,4,Benign,0,Benign,1
0.0,0.0,0.0,1,4,Malicious,1,Malicious,1
2.41e-07,2.58e-08,1.34e-07,2,8,Benign,0,Benign,0
2.2e-08,2.75e-08,1.43e-07,2,8,Benign,0,Benign,0
5.07e-11,0.0,0.0,1,4,Malicious,1,Malicious,1
4.14e-06,0.0,0.0,1,1,Benign,0,Benign,0
3.8e-05,0.0,0.0,1,4,Malicious,1,Malicious,1
5.07e-11,0.0,0.0,1,4,Malicious,1,Malicious,1
6.33e-09,2.58e-08,1.34e-07,2,8,Benign,0,Benign,0
2.21e-08,2.75e-08,1.43e-07,2,8,Benign,0,Benign,0
5.19e-05,4.3e-08,7.22e-07,1,7,Malicious,1,Malicious,1
3.22e-09,0.0,0.0,1,4,Malicious,1,Malicious,1
1.27e-11,0.0,0.0,1,4,Malicious,1,Malicious,1
0.0,0.0,0.0,1,4,Malicious,1,Malicious,1
3.47e-08,2.75e-08,1.43e-07,2,8,Benign,0,Benign,0
3.94e-05,0.0,0.0,1,4,Benign,0,Benign,1
2.21e-08,2.75e-08,1.43e-07,2,8,Benign,0,Benign,0
3.8e-05,0.0,0.0,1,4,Malicious,1,Malicious,1
1.27e-11,0.0,0.0,1,4,Malicious,1,Malicious,1
0.0,0.0,0.0,1,4,Malicious,1,Malicious,1
6.34e-11,0.0,0.0,1,4,Malicious,1,Malicious,1
0.000405951,1.82e-07,0.0,2,4,Benign,0,Benign,0
1.24e-08,3.9e-08,2.5e-07,2,8,Benign,0,Benign,0
3.79e-05,0.0,0.0,1,4,Malicious,1,Malicious,1
1.27e-11,0.0,0.0,1,4,Malicious,1,Malicious,1
1.27e-11,0.0,0.0,1,4,Malicious,1,Malicious,1
6.39e-09,0.0,0.0,1,4,Malicious,1,Malicious,1
1.02e-06,2.75e-08,1.43e-07,2,8,Benign,0,Benign,0
1.4e-05,4.3e-08,7.22e-07,1,7,Malicious,1,Malicious,1
4e-05,0.0,0.0,1,4,Benign,0,Benign,1
6.34e-11,0.0,0.0,1,4,Malicious,1,Malicious,1
